
smart_home.elf:     file format elf32-avr

Sections:
Idx Name          Size      VMA       LMA       File off  Algn
  0 .text         000026b0  00000000  00000000  00000074  2**1
                  CONTENTS, ALLOC, LOAD, READONLY, CODE
  1 .data         0000015c  00800060  000026b0  00002724  2**0
                  CONTENTS, ALLOC, LOAD, DATA
  2 .stab         000024b4  00000000  00000000  00002880  2**2
                  CONTENTS, READONLY, DEBUGGING
  3 .stabstr      00000e1f  00000000  00000000  00004d34  2**0
                  CONTENTS, READONLY, DEBUGGING
  4 .debug_aranges 000001a0  00000000  00000000  00005b53  2**0
                  CONTENTS, READONLY, DEBUGGING
  5 .debug_pubnames 000001f2  00000000  00000000  00005cf3  2**0
                  CONTENTS, READONLY, DEBUGGING
  6 .debug_info   0000240b  00000000  00000000  00005ee5  2**0
                  CONTENTS, READONLY, DEBUGGING
  7 .debug_abbrev 00001386  00000000  00000000  000082f0  2**0
                  CONTENTS, READONLY, DEBUGGING
  8 .debug_line   000011d6  00000000  00000000  00009676  2**0
                  CONTENTS, READONLY, DEBUGGING
  9 .debug_frame  000001c0  00000000  00000000  0000a84c  2**2
                  CONTENTS, READONLY, DEBUGGING
 10 .debug_str    000002f6  00000000  00000000  0000aa0c  2**0
                  CONTENTS, READONLY, DEBUGGING
 11 .debug_loc    0000096e  00000000  00000000  0000ad02  2**0
                  CONTENTS, READONLY, DEBUGGING
 12 .debug_ranges 00000050  00000000  00000000  0000b670  2**0
                  CONTENTS, READONLY, DEBUGGING

Disassembly of section .text:

00000000 <__vectors>:
       0:	0c 94 2a 00 	jmp	0x54	; 0x54 <__ctors_end>
       4:	0c 94 3f 00 	jmp	0x7e	; 0x7e <__bad_interrupt>
       8:	0c 94 3f 00 	jmp	0x7e	; 0x7e <__bad_interrupt>
       c:	0c 94 3f 00 	jmp	0x7e	; 0x7e <__bad_interrupt>
      10:	0c 94 3f 00 	jmp	0x7e	; 0x7e <__bad_interrupt>
      14:	0c 94 3f 00 	jmp	0x7e	; 0x7e <__bad_interrupt>
      18:	0c 94 3f 00 	jmp	0x7e	; 0x7e <__bad_interrupt>
      1c:	0c 94 3f 00 	jmp	0x7e	; 0x7e <__bad_interrupt>
      20:	0c 94 3f 00 	jmp	0x7e	; 0x7e <__bad_interrupt>
      24:	0c 94 3f 00 	jmp	0x7e	; 0x7e <__bad_interrupt>
      28:	0c 94 3f 00 	jmp	0x7e	; 0x7e <__bad_interrupt>
      2c:	0c 94 3f 00 	jmp	0x7e	; 0x7e <__bad_interrupt>
      30:	0c 94 3f 00 	jmp	0x7e	; 0x7e <__bad_interrupt>
      34:	0c 94 3f 00 	jmp	0x7e	; 0x7e <__bad_interrupt>
      38:	0c 94 3f 00 	jmp	0x7e	; 0x7e <__bad_interrupt>
      3c:	0c 94 3f 00 	jmp	0x7e	; 0x7e <__bad_interrupt>
      40:	0c 94 3f 00 	jmp	0x7e	; 0x7e <__bad_interrupt>
      44:	0c 94 3f 00 	jmp	0x7e	; 0x7e <__bad_interrupt>
      48:	0c 94 3f 00 	jmp	0x7e	; 0x7e <__bad_interrupt>
      4c:	0c 94 3f 00 	jmp	0x7e	; 0x7e <__bad_interrupt>
      50:	0c 94 3f 00 	jmp	0x7e	; 0x7e <__bad_interrupt>

00000054 <__ctors_end>:
      54:	11 24       	eor	r1, r1
      56:	1f be       	out	0x3f, r1	; 63
      58:	cf e5       	ldi	r28, 0x5F	; 95
      5a:	d8 e0       	ldi	r29, 0x08	; 8
      5c:	de bf       	out	0x3e, r29	; 62
      5e:	cd bf       	out	0x3d, r28	; 61

00000060 <__do_copy_data>:
      60:	11 e0       	ldi	r17, 0x01	; 1
      62:	a0 e6       	ldi	r26, 0x60	; 96
      64:	b0 e0       	ldi	r27, 0x00	; 0
      66:	e0 eb       	ldi	r30, 0xB0	; 176
      68:	f6 e2       	ldi	r31, 0x26	; 38
      6a:	02 c0       	rjmp	.+4      	; 0x70 <.do_copy_data_start>

0000006c <.do_copy_data_loop>:
      6c:	05 90       	lpm	r0, Z+
      6e:	0d 92       	st	X+, r0

00000070 <.do_copy_data_start>:
      70:	ac 3b       	cpi	r26, 0xBC	; 188
      72:	b1 07       	cpc	r27, r17
      74:	d9 f7       	brne	.-10     	; 0x6c <.do_copy_data_loop>
      76:	0e 94 03 0d 	call	0x1a06	; 0x1a06 <main>
      7a:	0c 94 56 13 	jmp	0x26ac	; 0x26ac <_exit>

0000007e <__bad_interrupt>:
      7e:	0c 94 00 00 	jmp	0	; 0x0 <__vectors>

00000082 <__fixunssfsi>:
      82:	ef 92       	push	r14
      84:	ff 92       	push	r15
      86:	0f 93       	push	r16
      88:	1f 93       	push	r17
      8a:	7b 01       	movw	r14, r22
      8c:	8c 01       	movw	r16, r24
      8e:	20 e0       	ldi	r18, 0x00	; 0
      90:	30 e0       	ldi	r19, 0x00	; 0
      92:	40 e0       	ldi	r20, 0x00	; 0
      94:	5f e4       	ldi	r21, 0x4F	; 79
      96:	0e 94 ed 03 	call	0x7da	; 0x7da <__gesf2>
      9a:	88 23       	and	r24, r24
      9c:	8c f0       	brlt	.+34     	; 0xc0 <__fixunssfsi+0x3e>
      9e:	c8 01       	movw	r24, r16
      a0:	b7 01       	movw	r22, r14
      a2:	20 e0       	ldi	r18, 0x00	; 0
      a4:	30 e0       	ldi	r19, 0x00	; 0
      a6:	40 e0       	ldi	r20, 0x00	; 0
      a8:	5f e4       	ldi	r21, 0x4F	; 79
      aa:	0e 94 b9 01 	call	0x372	; 0x372 <__subsf3>
      ae:	0e 94 4d 04 	call	0x89a	; 0x89a <__fixsfsi>
      b2:	9b 01       	movw	r18, r22
      b4:	ac 01       	movw	r20, r24
      b6:	20 50       	subi	r18, 0x00	; 0
      b8:	30 40       	sbci	r19, 0x00	; 0
      ba:	40 40       	sbci	r20, 0x00	; 0
      bc:	50 48       	sbci	r21, 0x80	; 128
      be:	06 c0       	rjmp	.+12     	; 0xcc <__fixunssfsi+0x4a>
      c0:	c8 01       	movw	r24, r16
      c2:	b7 01       	movw	r22, r14
      c4:	0e 94 4d 04 	call	0x89a	; 0x89a <__fixsfsi>
      c8:	9b 01       	movw	r18, r22
      ca:	ac 01       	movw	r20, r24
      cc:	b9 01       	movw	r22, r18
      ce:	ca 01       	movw	r24, r20
      d0:	1f 91       	pop	r17
      d2:	0f 91       	pop	r16
      d4:	ff 90       	pop	r15
      d6:	ef 90       	pop	r14
      d8:	08 95       	ret

000000da <_fpadd_parts>:
      da:	a0 e0       	ldi	r26, 0x00	; 0
      dc:	b0 e0       	ldi	r27, 0x00	; 0
      de:	e3 e7       	ldi	r30, 0x73	; 115
      e0:	f0 e0       	ldi	r31, 0x00	; 0
      e2:	0c 94 ee 12 	jmp	0x25dc	; 0x25dc <__prologue_saves__>
      e6:	dc 01       	movw	r26, r24
      e8:	2b 01       	movw	r4, r22
      ea:	fa 01       	movw	r30, r20
      ec:	9c 91       	ld	r25, X
      ee:	92 30       	cpi	r25, 0x02	; 2
      f0:	08 f4       	brcc	.+2      	; 0xf4 <_fpadd_parts+0x1a>
      f2:	39 c1       	rjmp	.+626    	; 0x366 <_fpadd_parts+0x28c>
      f4:	eb 01       	movw	r28, r22
      f6:	88 81       	ld	r24, Y
      f8:	82 30       	cpi	r24, 0x02	; 2
      fa:	08 f4       	brcc	.+2      	; 0xfe <_fpadd_parts+0x24>
      fc:	33 c1       	rjmp	.+614    	; 0x364 <_fpadd_parts+0x28a>
      fe:	94 30       	cpi	r25, 0x04	; 4
     100:	69 f4       	brne	.+26     	; 0x11c <_fpadd_parts+0x42>
     102:	84 30       	cpi	r24, 0x04	; 4
     104:	09 f0       	breq	.+2      	; 0x108 <_fpadd_parts+0x2e>
     106:	2f c1       	rjmp	.+606    	; 0x366 <_fpadd_parts+0x28c>
     108:	11 96       	adiw	r26, 0x01	; 1
     10a:	9c 91       	ld	r25, X
     10c:	11 97       	sbiw	r26, 0x01	; 1
     10e:	89 81       	ldd	r24, Y+1	; 0x01
     110:	98 17       	cp	r25, r24
     112:	09 f4       	brne	.+2      	; 0x116 <_fpadd_parts+0x3c>
     114:	28 c1       	rjmp	.+592    	; 0x366 <_fpadd_parts+0x28c>
     116:	a3 eb       	ldi	r26, 0xB3	; 179
     118:	b0 e0       	ldi	r27, 0x00	; 0
     11a:	25 c1       	rjmp	.+586    	; 0x366 <_fpadd_parts+0x28c>
     11c:	84 30       	cpi	r24, 0x04	; 4
     11e:	09 f4       	brne	.+2      	; 0x122 <_fpadd_parts+0x48>
     120:	21 c1       	rjmp	.+578    	; 0x364 <_fpadd_parts+0x28a>
     122:	82 30       	cpi	r24, 0x02	; 2
     124:	a9 f4       	brne	.+42     	; 0x150 <_fpadd_parts+0x76>
     126:	92 30       	cpi	r25, 0x02	; 2
     128:	09 f0       	breq	.+2      	; 0x12c <_fpadd_parts+0x52>
     12a:	1d c1       	rjmp	.+570    	; 0x366 <_fpadd_parts+0x28c>
     12c:	9a 01       	movw	r18, r20
     12e:	ad 01       	movw	r20, r26
     130:	88 e0       	ldi	r24, 0x08	; 8
     132:	ea 01       	movw	r28, r20
     134:	09 90       	ld	r0, Y+
     136:	ae 01       	movw	r20, r28
     138:	e9 01       	movw	r28, r18
     13a:	09 92       	st	Y+, r0
     13c:	9e 01       	movw	r18, r28
     13e:	81 50       	subi	r24, 0x01	; 1
     140:	c1 f7       	brne	.-16     	; 0x132 <_fpadd_parts+0x58>
     142:	e2 01       	movw	r28, r4
     144:	89 81       	ldd	r24, Y+1	; 0x01
     146:	11 96       	adiw	r26, 0x01	; 1
     148:	9c 91       	ld	r25, X
     14a:	89 23       	and	r24, r25
     14c:	81 83       	std	Z+1, r24	; 0x01
     14e:	08 c1       	rjmp	.+528    	; 0x360 <_fpadd_parts+0x286>
     150:	92 30       	cpi	r25, 0x02	; 2
     152:	09 f4       	brne	.+2      	; 0x156 <_fpadd_parts+0x7c>
     154:	07 c1       	rjmp	.+526    	; 0x364 <_fpadd_parts+0x28a>
     156:	12 96       	adiw	r26, 0x02	; 2
     158:	2d 90       	ld	r2, X+
     15a:	3c 90       	ld	r3, X
     15c:	13 97       	sbiw	r26, 0x03	; 3
     15e:	eb 01       	movw	r28, r22
     160:	8a 81       	ldd	r24, Y+2	; 0x02
     162:	9b 81       	ldd	r25, Y+3	; 0x03
     164:	14 96       	adiw	r26, 0x04	; 4
     166:	ad 90       	ld	r10, X+
     168:	bd 90       	ld	r11, X+
     16a:	cd 90       	ld	r12, X+
     16c:	dc 90       	ld	r13, X
     16e:	17 97       	sbiw	r26, 0x07	; 7
     170:	ec 80       	ldd	r14, Y+4	; 0x04
     172:	fd 80       	ldd	r15, Y+5	; 0x05
     174:	0e 81       	ldd	r16, Y+6	; 0x06
     176:	1f 81       	ldd	r17, Y+7	; 0x07
     178:	91 01       	movw	r18, r2
     17a:	28 1b       	sub	r18, r24
     17c:	39 0b       	sbc	r19, r25
     17e:	b9 01       	movw	r22, r18
     180:	37 ff       	sbrs	r19, 7
     182:	04 c0       	rjmp	.+8      	; 0x18c <_fpadd_parts+0xb2>
     184:	66 27       	eor	r22, r22
     186:	77 27       	eor	r23, r23
     188:	62 1b       	sub	r22, r18
     18a:	73 0b       	sbc	r23, r19
     18c:	60 32       	cpi	r22, 0x20	; 32
     18e:	71 05       	cpc	r23, r1
     190:	0c f0       	brlt	.+2      	; 0x194 <_fpadd_parts+0xba>
     192:	61 c0       	rjmp	.+194    	; 0x256 <_fpadd_parts+0x17c>
     194:	12 16       	cp	r1, r18
     196:	13 06       	cpc	r1, r19
     198:	6c f5       	brge	.+90     	; 0x1f4 <_fpadd_parts+0x11a>
     19a:	37 01       	movw	r6, r14
     19c:	48 01       	movw	r8, r16
     19e:	06 2e       	mov	r0, r22
     1a0:	04 c0       	rjmp	.+8      	; 0x1aa <_fpadd_parts+0xd0>
     1a2:	96 94       	lsr	r9
     1a4:	87 94       	ror	r8
     1a6:	77 94       	ror	r7
     1a8:	67 94       	ror	r6
     1aa:	0a 94       	dec	r0
     1ac:	d2 f7       	brpl	.-12     	; 0x1a2 <_fpadd_parts+0xc8>
     1ae:	21 e0       	ldi	r18, 0x01	; 1
     1b0:	30 e0       	ldi	r19, 0x00	; 0
     1b2:	40 e0       	ldi	r20, 0x00	; 0
     1b4:	50 e0       	ldi	r21, 0x00	; 0
     1b6:	04 c0       	rjmp	.+8      	; 0x1c0 <_fpadd_parts+0xe6>
     1b8:	22 0f       	add	r18, r18
     1ba:	33 1f       	adc	r19, r19
     1bc:	44 1f       	adc	r20, r20
     1be:	55 1f       	adc	r21, r21
     1c0:	6a 95       	dec	r22
     1c2:	d2 f7       	brpl	.-12     	; 0x1b8 <_fpadd_parts+0xde>
     1c4:	21 50       	subi	r18, 0x01	; 1
     1c6:	30 40       	sbci	r19, 0x00	; 0
     1c8:	40 40       	sbci	r20, 0x00	; 0
     1ca:	50 40       	sbci	r21, 0x00	; 0
     1cc:	2e 21       	and	r18, r14
     1ce:	3f 21       	and	r19, r15
     1d0:	40 23       	and	r20, r16
     1d2:	51 23       	and	r21, r17
     1d4:	21 15       	cp	r18, r1
     1d6:	31 05       	cpc	r19, r1
     1d8:	41 05       	cpc	r20, r1
     1da:	51 05       	cpc	r21, r1
     1dc:	21 f0       	breq	.+8      	; 0x1e6 <_fpadd_parts+0x10c>
     1de:	21 e0       	ldi	r18, 0x01	; 1
     1e0:	30 e0       	ldi	r19, 0x00	; 0
     1e2:	40 e0       	ldi	r20, 0x00	; 0
     1e4:	50 e0       	ldi	r21, 0x00	; 0
     1e6:	79 01       	movw	r14, r18
     1e8:	8a 01       	movw	r16, r20
     1ea:	e6 28       	or	r14, r6
     1ec:	f7 28       	or	r15, r7
     1ee:	08 29       	or	r16, r8
     1f0:	19 29       	or	r17, r9
     1f2:	3c c0       	rjmp	.+120    	; 0x26c <_fpadd_parts+0x192>
     1f4:	23 2b       	or	r18, r19
     1f6:	d1 f1       	breq	.+116    	; 0x26c <_fpadd_parts+0x192>
     1f8:	26 0e       	add	r2, r22
     1fa:	37 1e       	adc	r3, r23
     1fc:	35 01       	movw	r6, r10
     1fe:	46 01       	movw	r8, r12
     200:	06 2e       	mov	r0, r22
     202:	04 c0       	rjmp	.+8      	; 0x20c <_fpadd_parts+0x132>
     204:	96 94       	lsr	r9
     206:	87 94       	ror	r8
     208:	77 94       	ror	r7
     20a:	67 94       	ror	r6
     20c:	0a 94       	dec	r0
     20e:	d2 f7       	brpl	.-12     	; 0x204 <_fpadd_parts+0x12a>
     210:	21 e0       	ldi	r18, 0x01	; 1
     212:	30 e0       	ldi	r19, 0x00	; 0
     214:	40 e0       	ldi	r20, 0x00	; 0
     216:	50 e0       	ldi	r21, 0x00	; 0
     218:	04 c0       	rjmp	.+8      	; 0x222 <_fpadd_parts+0x148>
     21a:	22 0f       	add	r18, r18
     21c:	33 1f       	adc	r19, r19
     21e:	44 1f       	adc	r20, r20
     220:	55 1f       	adc	r21, r21
     222:	6a 95       	dec	r22
     224:	d2 f7       	brpl	.-12     	; 0x21a <_fpadd_parts+0x140>
     226:	21 50       	subi	r18, 0x01	; 1
     228:	30 40       	sbci	r19, 0x00	; 0
     22a:	40 40       	sbci	r20, 0x00	; 0
     22c:	50 40       	sbci	r21, 0x00	; 0
     22e:	2a 21       	and	r18, r10
     230:	3b 21       	and	r19, r11
     232:	4c 21       	and	r20, r12
     234:	5d 21       	and	r21, r13
     236:	21 15       	cp	r18, r1
     238:	31 05       	cpc	r19, r1
     23a:	41 05       	cpc	r20, r1
     23c:	51 05       	cpc	r21, r1
     23e:	21 f0       	breq	.+8      	; 0x248 <_fpadd_parts+0x16e>
     240:	21 e0       	ldi	r18, 0x01	; 1
     242:	30 e0       	ldi	r19, 0x00	; 0
     244:	40 e0       	ldi	r20, 0x00	; 0
     246:	50 e0       	ldi	r21, 0x00	; 0
     248:	59 01       	movw	r10, r18
     24a:	6a 01       	movw	r12, r20
     24c:	a6 28       	or	r10, r6
     24e:	b7 28       	or	r11, r7
     250:	c8 28       	or	r12, r8
     252:	d9 28       	or	r13, r9
     254:	0b c0       	rjmp	.+22     	; 0x26c <_fpadd_parts+0x192>
     256:	82 15       	cp	r24, r2
     258:	93 05       	cpc	r25, r3
     25a:	2c f0       	brlt	.+10     	; 0x266 <_fpadd_parts+0x18c>
     25c:	1c 01       	movw	r2, r24
     25e:	aa 24       	eor	r10, r10
     260:	bb 24       	eor	r11, r11
     262:	65 01       	movw	r12, r10
     264:	03 c0       	rjmp	.+6      	; 0x26c <_fpadd_parts+0x192>
     266:	ee 24       	eor	r14, r14
     268:	ff 24       	eor	r15, r15
     26a:	87 01       	movw	r16, r14
     26c:	11 96       	adiw	r26, 0x01	; 1
     26e:	9c 91       	ld	r25, X
     270:	d2 01       	movw	r26, r4
     272:	11 96       	adiw	r26, 0x01	; 1
     274:	8c 91       	ld	r24, X
     276:	98 17       	cp	r25, r24
     278:	09 f4       	brne	.+2      	; 0x27c <_fpadd_parts+0x1a2>
     27a:	45 c0       	rjmp	.+138    	; 0x306 <_fpadd_parts+0x22c>
     27c:	99 23       	and	r25, r25
     27e:	39 f0       	breq	.+14     	; 0x28e <_fpadd_parts+0x1b4>
     280:	a8 01       	movw	r20, r16
     282:	97 01       	movw	r18, r14
     284:	2a 19       	sub	r18, r10
     286:	3b 09       	sbc	r19, r11
     288:	4c 09       	sbc	r20, r12
     28a:	5d 09       	sbc	r21, r13
     28c:	06 c0       	rjmp	.+12     	; 0x29a <_fpadd_parts+0x1c0>
     28e:	a6 01       	movw	r20, r12
     290:	95 01       	movw	r18, r10
     292:	2e 19       	sub	r18, r14
     294:	3f 09       	sbc	r19, r15
     296:	40 0b       	sbc	r20, r16
     298:	51 0b       	sbc	r21, r17
     29a:	57 fd       	sbrc	r21, 7
     29c:	08 c0       	rjmp	.+16     	; 0x2ae <_fpadd_parts+0x1d4>
     29e:	11 82       	std	Z+1, r1	; 0x01
     2a0:	33 82       	std	Z+3, r3	; 0x03
     2a2:	22 82       	std	Z+2, r2	; 0x02
     2a4:	24 83       	std	Z+4, r18	; 0x04
     2a6:	35 83       	std	Z+5, r19	; 0x05
     2a8:	46 83       	std	Z+6, r20	; 0x06
     2aa:	57 83       	std	Z+7, r21	; 0x07
     2ac:	1d c0       	rjmp	.+58     	; 0x2e8 <_fpadd_parts+0x20e>
     2ae:	81 e0       	ldi	r24, 0x01	; 1
     2b0:	81 83       	std	Z+1, r24	; 0x01
     2b2:	33 82       	std	Z+3, r3	; 0x03
     2b4:	22 82       	std	Z+2, r2	; 0x02
     2b6:	88 27       	eor	r24, r24
     2b8:	99 27       	eor	r25, r25
     2ba:	dc 01       	movw	r26, r24
     2bc:	82 1b       	sub	r24, r18
     2be:	93 0b       	sbc	r25, r19
     2c0:	a4 0b       	sbc	r26, r20
     2c2:	b5 0b       	sbc	r27, r21
     2c4:	84 83       	std	Z+4, r24	; 0x04
     2c6:	95 83       	std	Z+5, r25	; 0x05
     2c8:	a6 83       	std	Z+6, r26	; 0x06
     2ca:	b7 83       	std	Z+7, r27	; 0x07
     2cc:	0d c0       	rjmp	.+26     	; 0x2e8 <_fpadd_parts+0x20e>
     2ce:	22 0f       	add	r18, r18
     2d0:	33 1f       	adc	r19, r19
     2d2:	44 1f       	adc	r20, r20
     2d4:	55 1f       	adc	r21, r21
     2d6:	24 83       	std	Z+4, r18	; 0x04
     2d8:	35 83       	std	Z+5, r19	; 0x05
     2da:	46 83       	std	Z+6, r20	; 0x06
     2dc:	57 83       	std	Z+7, r21	; 0x07
     2de:	82 81       	ldd	r24, Z+2	; 0x02
     2e0:	93 81       	ldd	r25, Z+3	; 0x03
     2e2:	01 97       	sbiw	r24, 0x01	; 1
     2e4:	93 83       	std	Z+3, r25	; 0x03
     2e6:	82 83       	std	Z+2, r24	; 0x02
     2e8:	24 81       	ldd	r18, Z+4	; 0x04
     2ea:	35 81       	ldd	r19, Z+5	; 0x05
     2ec:	46 81       	ldd	r20, Z+6	; 0x06
     2ee:	57 81       	ldd	r21, Z+7	; 0x07
     2f0:	da 01       	movw	r26, r20
     2f2:	c9 01       	movw	r24, r18
     2f4:	01 97       	sbiw	r24, 0x01	; 1
     2f6:	a1 09       	sbc	r26, r1
     2f8:	b1 09       	sbc	r27, r1
     2fa:	8f 5f       	subi	r24, 0xFF	; 255
     2fc:	9f 4f       	sbci	r25, 0xFF	; 255
     2fe:	af 4f       	sbci	r26, 0xFF	; 255
     300:	bf 43       	sbci	r27, 0x3F	; 63
     302:	28 f3       	brcs	.-54     	; 0x2ce <_fpadd_parts+0x1f4>
     304:	0b c0       	rjmp	.+22     	; 0x31c <_fpadd_parts+0x242>
     306:	91 83       	std	Z+1, r25	; 0x01
     308:	33 82       	std	Z+3, r3	; 0x03
     30a:	22 82       	std	Z+2, r2	; 0x02
     30c:	ea 0c       	add	r14, r10
     30e:	fb 1c       	adc	r15, r11
     310:	0c 1d       	adc	r16, r12
     312:	1d 1d       	adc	r17, r13
     314:	e4 82       	std	Z+4, r14	; 0x04
     316:	f5 82       	std	Z+5, r15	; 0x05
     318:	06 83       	std	Z+6, r16	; 0x06
     31a:	17 83       	std	Z+7, r17	; 0x07
     31c:	83 e0       	ldi	r24, 0x03	; 3
     31e:	80 83       	st	Z, r24
     320:	24 81       	ldd	r18, Z+4	; 0x04
     322:	35 81       	ldd	r19, Z+5	; 0x05
     324:	46 81       	ldd	r20, Z+6	; 0x06
     326:	57 81       	ldd	r21, Z+7	; 0x07
     328:	57 ff       	sbrs	r21, 7
     32a:	1a c0       	rjmp	.+52     	; 0x360 <_fpadd_parts+0x286>
     32c:	c9 01       	movw	r24, r18
     32e:	aa 27       	eor	r26, r26
     330:	97 fd       	sbrc	r25, 7
     332:	a0 95       	com	r26
     334:	ba 2f       	mov	r27, r26
     336:	81 70       	andi	r24, 0x01	; 1
     338:	90 70       	andi	r25, 0x00	; 0
     33a:	a0 70       	andi	r26, 0x00	; 0
     33c:	b0 70       	andi	r27, 0x00	; 0
     33e:	56 95       	lsr	r21
     340:	47 95       	ror	r20
     342:	37 95       	ror	r19
     344:	27 95       	ror	r18
     346:	82 2b       	or	r24, r18
     348:	93 2b       	or	r25, r19
     34a:	a4 2b       	or	r26, r20
     34c:	b5 2b       	or	r27, r21
     34e:	84 83       	std	Z+4, r24	; 0x04
     350:	95 83       	std	Z+5, r25	; 0x05
     352:	a6 83       	std	Z+6, r26	; 0x06
     354:	b7 83       	std	Z+7, r27	; 0x07
     356:	82 81       	ldd	r24, Z+2	; 0x02
     358:	93 81       	ldd	r25, Z+3	; 0x03
     35a:	01 96       	adiw	r24, 0x01	; 1
     35c:	93 83       	std	Z+3, r25	; 0x03
     35e:	82 83       	std	Z+2, r24	; 0x02
     360:	df 01       	movw	r26, r30
     362:	01 c0       	rjmp	.+2      	; 0x366 <_fpadd_parts+0x28c>
     364:	d2 01       	movw	r26, r4
     366:	cd 01       	movw	r24, r26
     368:	cd b7       	in	r28, 0x3d	; 61
     36a:	de b7       	in	r29, 0x3e	; 62
     36c:	e2 e1       	ldi	r30, 0x12	; 18
     36e:	0c 94 0a 13 	jmp	0x2614	; 0x2614 <__epilogue_restores__>

00000372 <__subsf3>:
     372:	a0 e2       	ldi	r26, 0x20	; 32
     374:	b0 e0       	ldi	r27, 0x00	; 0
     376:	ef eb       	ldi	r30, 0xBF	; 191
     378:	f1 e0       	ldi	r31, 0x01	; 1
     37a:	0c 94 fa 12 	jmp	0x25f4	; 0x25f4 <__prologue_saves__+0x18>
     37e:	69 83       	std	Y+1, r22	; 0x01
     380:	7a 83       	std	Y+2, r23	; 0x02
     382:	8b 83       	std	Y+3, r24	; 0x03
     384:	9c 83       	std	Y+4, r25	; 0x04
     386:	2d 83       	std	Y+5, r18	; 0x05
     388:	3e 83       	std	Y+6, r19	; 0x06
     38a:	4f 83       	std	Y+7, r20	; 0x07
     38c:	58 87       	std	Y+8, r21	; 0x08
     38e:	e9 e0       	ldi	r30, 0x09	; 9
     390:	ee 2e       	mov	r14, r30
     392:	f1 2c       	mov	r15, r1
     394:	ec 0e       	add	r14, r28
     396:	fd 1e       	adc	r15, r29
     398:	ce 01       	movw	r24, r28
     39a:	01 96       	adiw	r24, 0x01	; 1
     39c:	b7 01       	movw	r22, r14
     39e:	0e 94 3e 06 	call	0xc7c	; 0xc7c <__unpack_f>
     3a2:	8e 01       	movw	r16, r28
     3a4:	0f 5e       	subi	r16, 0xEF	; 239
     3a6:	1f 4f       	sbci	r17, 0xFF	; 255
     3a8:	ce 01       	movw	r24, r28
     3aa:	05 96       	adiw	r24, 0x05	; 5
     3ac:	b8 01       	movw	r22, r16
     3ae:	0e 94 3e 06 	call	0xc7c	; 0xc7c <__unpack_f>
     3b2:	8a 89       	ldd	r24, Y+18	; 0x12
     3b4:	91 e0       	ldi	r25, 0x01	; 1
     3b6:	89 27       	eor	r24, r25
     3b8:	8a 8b       	std	Y+18, r24	; 0x12
     3ba:	c7 01       	movw	r24, r14
     3bc:	b8 01       	movw	r22, r16
     3be:	ae 01       	movw	r20, r28
     3c0:	47 5e       	subi	r20, 0xE7	; 231
     3c2:	5f 4f       	sbci	r21, 0xFF	; 255
     3c4:	0e 94 6d 00 	call	0xda	; 0xda <_fpadd_parts>
     3c8:	0e 94 69 05 	call	0xad2	; 0xad2 <__pack_f>
     3cc:	a0 96       	adiw	r28, 0x20	; 32
     3ce:	e6 e0       	ldi	r30, 0x06	; 6
     3d0:	0c 94 16 13 	jmp	0x262c	; 0x262c <__epilogue_restores__+0x18>

000003d4 <__addsf3>:
     3d4:	a0 e2       	ldi	r26, 0x20	; 32
     3d6:	b0 e0       	ldi	r27, 0x00	; 0
     3d8:	e0 ef       	ldi	r30, 0xF0	; 240
     3da:	f1 e0       	ldi	r31, 0x01	; 1
     3dc:	0c 94 fa 12 	jmp	0x25f4	; 0x25f4 <__prologue_saves__+0x18>
     3e0:	69 83       	std	Y+1, r22	; 0x01
     3e2:	7a 83       	std	Y+2, r23	; 0x02
     3e4:	8b 83       	std	Y+3, r24	; 0x03
     3e6:	9c 83       	std	Y+4, r25	; 0x04
     3e8:	2d 83       	std	Y+5, r18	; 0x05
     3ea:	3e 83       	std	Y+6, r19	; 0x06
     3ec:	4f 83       	std	Y+7, r20	; 0x07
     3ee:	58 87       	std	Y+8, r21	; 0x08
     3f0:	f9 e0       	ldi	r31, 0x09	; 9
     3f2:	ef 2e       	mov	r14, r31
     3f4:	f1 2c       	mov	r15, r1
     3f6:	ec 0e       	add	r14, r28
     3f8:	fd 1e       	adc	r15, r29
     3fa:	ce 01       	movw	r24, r28
     3fc:	01 96       	adiw	r24, 0x01	; 1
     3fe:	b7 01       	movw	r22, r14
     400:	0e 94 3e 06 	call	0xc7c	; 0xc7c <__unpack_f>
     404:	8e 01       	movw	r16, r28
     406:	0f 5e       	subi	r16, 0xEF	; 239
     408:	1f 4f       	sbci	r17, 0xFF	; 255
     40a:	ce 01       	movw	r24, r28
     40c:	05 96       	adiw	r24, 0x05	; 5
     40e:	b8 01       	movw	r22, r16
     410:	0e 94 3e 06 	call	0xc7c	; 0xc7c <__unpack_f>
     414:	c7 01       	movw	r24, r14
     416:	b8 01       	movw	r22, r16
     418:	ae 01       	movw	r20, r28
     41a:	47 5e       	subi	r20, 0xE7	; 231
     41c:	5f 4f       	sbci	r21, 0xFF	; 255
     41e:	0e 94 6d 00 	call	0xda	; 0xda <_fpadd_parts>
     422:	0e 94 69 05 	call	0xad2	; 0xad2 <__pack_f>
     426:	a0 96       	adiw	r28, 0x20	; 32
     428:	e6 e0       	ldi	r30, 0x06	; 6
     42a:	0c 94 16 13 	jmp	0x262c	; 0x262c <__epilogue_restores__+0x18>

0000042e <__mulsf3>:
     42e:	a0 e2       	ldi	r26, 0x20	; 32
     430:	b0 e0       	ldi	r27, 0x00	; 0
     432:	ed e1       	ldi	r30, 0x1D	; 29
     434:	f2 e0       	ldi	r31, 0x02	; 2
     436:	0c 94 ee 12 	jmp	0x25dc	; 0x25dc <__prologue_saves__>
     43a:	69 83       	std	Y+1, r22	; 0x01
     43c:	7a 83       	std	Y+2, r23	; 0x02
     43e:	8b 83       	std	Y+3, r24	; 0x03
     440:	9c 83       	std	Y+4, r25	; 0x04
     442:	2d 83       	std	Y+5, r18	; 0x05
     444:	3e 83       	std	Y+6, r19	; 0x06
     446:	4f 83       	std	Y+7, r20	; 0x07
     448:	58 87       	std	Y+8, r21	; 0x08
     44a:	ce 01       	movw	r24, r28
     44c:	01 96       	adiw	r24, 0x01	; 1
     44e:	be 01       	movw	r22, r28
     450:	67 5f       	subi	r22, 0xF7	; 247
     452:	7f 4f       	sbci	r23, 0xFF	; 255
     454:	0e 94 3e 06 	call	0xc7c	; 0xc7c <__unpack_f>
     458:	ce 01       	movw	r24, r28
     45a:	05 96       	adiw	r24, 0x05	; 5
     45c:	be 01       	movw	r22, r28
     45e:	6f 5e       	subi	r22, 0xEF	; 239
     460:	7f 4f       	sbci	r23, 0xFF	; 255
     462:	0e 94 3e 06 	call	0xc7c	; 0xc7c <__unpack_f>
     466:	99 85       	ldd	r25, Y+9	; 0x09
     468:	92 30       	cpi	r25, 0x02	; 2
     46a:	88 f0       	brcs	.+34     	; 0x48e <__mulsf3+0x60>
     46c:	89 89       	ldd	r24, Y+17	; 0x11
     46e:	82 30       	cpi	r24, 0x02	; 2
     470:	c8 f0       	brcs	.+50     	; 0x4a4 <__mulsf3+0x76>
     472:	94 30       	cpi	r25, 0x04	; 4
     474:	19 f4       	brne	.+6      	; 0x47c <__mulsf3+0x4e>
     476:	82 30       	cpi	r24, 0x02	; 2
     478:	51 f4       	brne	.+20     	; 0x48e <__mulsf3+0x60>
     47a:	04 c0       	rjmp	.+8      	; 0x484 <__mulsf3+0x56>
     47c:	84 30       	cpi	r24, 0x04	; 4
     47e:	29 f4       	brne	.+10     	; 0x48a <__mulsf3+0x5c>
     480:	92 30       	cpi	r25, 0x02	; 2
     482:	81 f4       	brne	.+32     	; 0x4a4 <__mulsf3+0x76>
     484:	83 eb       	ldi	r24, 0xB3	; 179
     486:	90 e0       	ldi	r25, 0x00	; 0
     488:	c6 c0       	rjmp	.+396    	; 0x616 <__mulsf3+0x1e8>
     48a:	92 30       	cpi	r25, 0x02	; 2
     48c:	49 f4       	brne	.+18     	; 0x4a0 <__mulsf3+0x72>
     48e:	20 e0       	ldi	r18, 0x00	; 0
     490:	9a 85       	ldd	r25, Y+10	; 0x0a
     492:	8a 89       	ldd	r24, Y+18	; 0x12
     494:	98 13       	cpse	r25, r24
     496:	21 e0       	ldi	r18, 0x01	; 1
     498:	2a 87       	std	Y+10, r18	; 0x0a
     49a:	ce 01       	movw	r24, r28
     49c:	09 96       	adiw	r24, 0x09	; 9
     49e:	bb c0       	rjmp	.+374    	; 0x616 <__mulsf3+0x1e8>
     4a0:	82 30       	cpi	r24, 0x02	; 2
     4a2:	49 f4       	brne	.+18     	; 0x4b6 <__mulsf3+0x88>
     4a4:	20 e0       	ldi	r18, 0x00	; 0
     4a6:	9a 85       	ldd	r25, Y+10	; 0x0a
     4a8:	8a 89       	ldd	r24, Y+18	; 0x12
     4aa:	98 13       	cpse	r25, r24
     4ac:	21 e0       	ldi	r18, 0x01	; 1
     4ae:	2a 8b       	std	Y+18, r18	; 0x12
     4b0:	ce 01       	movw	r24, r28
     4b2:	41 96       	adiw	r24, 0x11	; 17
     4b4:	b0 c0       	rjmp	.+352    	; 0x616 <__mulsf3+0x1e8>
     4b6:	2d 84       	ldd	r2, Y+13	; 0x0d
     4b8:	3e 84       	ldd	r3, Y+14	; 0x0e
     4ba:	4f 84       	ldd	r4, Y+15	; 0x0f
     4bc:	58 88       	ldd	r5, Y+16	; 0x10
     4be:	6d 88       	ldd	r6, Y+21	; 0x15
     4c0:	7e 88       	ldd	r7, Y+22	; 0x16
     4c2:	8f 88       	ldd	r8, Y+23	; 0x17
     4c4:	98 8c       	ldd	r9, Y+24	; 0x18
     4c6:	ee 24       	eor	r14, r14
     4c8:	ff 24       	eor	r15, r15
     4ca:	87 01       	movw	r16, r14
     4cc:	aa 24       	eor	r10, r10
     4ce:	bb 24       	eor	r11, r11
     4d0:	65 01       	movw	r12, r10
     4d2:	40 e0       	ldi	r20, 0x00	; 0
     4d4:	50 e0       	ldi	r21, 0x00	; 0
     4d6:	60 e0       	ldi	r22, 0x00	; 0
     4d8:	70 e0       	ldi	r23, 0x00	; 0
     4da:	e0 e0       	ldi	r30, 0x00	; 0
     4dc:	f0 e0       	ldi	r31, 0x00	; 0
     4de:	c1 01       	movw	r24, r2
     4e0:	81 70       	andi	r24, 0x01	; 1
     4e2:	90 70       	andi	r25, 0x00	; 0
     4e4:	89 2b       	or	r24, r25
     4e6:	e9 f0       	breq	.+58     	; 0x522 <__mulsf3+0xf4>
     4e8:	e6 0c       	add	r14, r6
     4ea:	f7 1c       	adc	r15, r7
     4ec:	08 1d       	adc	r16, r8
     4ee:	19 1d       	adc	r17, r9
     4f0:	9a 01       	movw	r18, r20
     4f2:	ab 01       	movw	r20, r22
     4f4:	2a 0d       	add	r18, r10
     4f6:	3b 1d       	adc	r19, r11
     4f8:	4c 1d       	adc	r20, r12
     4fa:	5d 1d       	adc	r21, r13
     4fc:	80 e0       	ldi	r24, 0x00	; 0
     4fe:	90 e0       	ldi	r25, 0x00	; 0
     500:	a0 e0       	ldi	r26, 0x00	; 0
     502:	b0 e0       	ldi	r27, 0x00	; 0
     504:	e6 14       	cp	r14, r6
     506:	f7 04       	cpc	r15, r7
     508:	08 05       	cpc	r16, r8
     50a:	19 05       	cpc	r17, r9
     50c:	20 f4       	brcc	.+8      	; 0x516 <__mulsf3+0xe8>
     50e:	81 e0       	ldi	r24, 0x01	; 1
     510:	90 e0       	ldi	r25, 0x00	; 0
     512:	a0 e0       	ldi	r26, 0x00	; 0
     514:	b0 e0       	ldi	r27, 0x00	; 0
     516:	ba 01       	movw	r22, r20
     518:	a9 01       	movw	r20, r18
     51a:	48 0f       	add	r20, r24
     51c:	59 1f       	adc	r21, r25
     51e:	6a 1f       	adc	r22, r26
     520:	7b 1f       	adc	r23, r27
     522:	aa 0c       	add	r10, r10
     524:	bb 1c       	adc	r11, r11
     526:	cc 1c       	adc	r12, r12
     528:	dd 1c       	adc	r13, r13
     52a:	97 fe       	sbrs	r9, 7
     52c:	08 c0       	rjmp	.+16     	; 0x53e <__mulsf3+0x110>
     52e:	81 e0       	ldi	r24, 0x01	; 1
     530:	90 e0       	ldi	r25, 0x00	; 0
     532:	a0 e0       	ldi	r26, 0x00	; 0
     534:	b0 e0       	ldi	r27, 0x00	; 0
     536:	a8 2a       	or	r10, r24
     538:	b9 2a       	or	r11, r25
     53a:	ca 2a       	or	r12, r26
     53c:	db 2a       	or	r13, r27
     53e:	31 96       	adiw	r30, 0x01	; 1
     540:	e0 32       	cpi	r30, 0x20	; 32
     542:	f1 05       	cpc	r31, r1
     544:	49 f0       	breq	.+18     	; 0x558 <__mulsf3+0x12a>
     546:	66 0c       	add	r6, r6
     548:	77 1c       	adc	r7, r7
     54a:	88 1c       	adc	r8, r8
     54c:	99 1c       	adc	r9, r9
     54e:	56 94       	lsr	r5
     550:	47 94       	ror	r4
     552:	37 94       	ror	r3
     554:	27 94       	ror	r2
     556:	c3 cf       	rjmp	.-122    	; 0x4de <__mulsf3+0xb0>
     558:	fa 85       	ldd	r31, Y+10	; 0x0a
     55a:	ea 89       	ldd	r30, Y+18	; 0x12
     55c:	2b 89       	ldd	r18, Y+19	; 0x13
     55e:	3c 89       	ldd	r19, Y+20	; 0x14
     560:	8b 85       	ldd	r24, Y+11	; 0x0b
     562:	9c 85       	ldd	r25, Y+12	; 0x0c
     564:	28 0f       	add	r18, r24
     566:	39 1f       	adc	r19, r25
     568:	2e 5f       	subi	r18, 0xFE	; 254
     56a:	3f 4f       	sbci	r19, 0xFF	; 255
     56c:	17 c0       	rjmp	.+46     	; 0x59c <__mulsf3+0x16e>
     56e:	ca 01       	movw	r24, r20
     570:	81 70       	andi	r24, 0x01	; 1
     572:	90 70       	andi	r25, 0x00	; 0
     574:	89 2b       	or	r24, r25
     576:	61 f0       	breq	.+24     	; 0x590 <__mulsf3+0x162>
     578:	16 95       	lsr	r17
     57a:	07 95       	ror	r16
     57c:	f7 94       	ror	r15
     57e:	e7 94       	ror	r14
     580:	80 e0       	ldi	r24, 0x00	; 0
     582:	90 e0       	ldi	r25, 0x00	; 0
     584:	a0 e0       	ldi	r26, 0x00	; 0
     586:	b0 e8       	ldi	r27, 0x80	; 128
     588:	e8 2a       	or	r14, r24
     58a:	f9 2a       	or	r15, r25
     58c:	0a 2b       	or	r16, r26
     58e:	1b 2b       	or	r17, r27
     590:	76 95       	lsr	r23
     592:	67 95       	ror	r22
     594:	57 95       	ror	r21
     596:	47 95       	ror	r20
     598:	2f 5f       	subi	r18, 0xFF	; 255
     59a:	3f 4f       	sbci	r19, 0xFF	; 255
     59c:	77 fd       	sbrc	r23, 7
     59e:	e7 cf       	rjmp	.-50     	; 0x56e <__mulsf3+0x140>
     5a0:	0c c0       	rjmp	.+24     	; 0x5ba <__mulsf3+0x18c>
     5a2:	44 0f       	add	r20, r20
     5a4:	55 1f       	adc	r21, r21
     5a6:	66 1f       	adc	r22, r22
     5a8:	77 1f       	adc	r23, r23
     5aa:	17 fd       	sbrc	r17, 7
     5ac:	41 60       	ori	r20, 0x01	; 1
     5ae:	ee 0c       	add	r14, r14
     5b0:	ff 1c       	adc	r15, r15
     5b2:	00 1f       	adc	r16, r16
     5b4:	11 1f       	adc	r17, r17
     5b6:	21 50       	subi	r18, 0x01	; 1
     5b8:	30 40       	sbci	r19, 0x00	; 0
     5ba:	40 30       	cpi	r20, 0x00	; 0
     5bc:	90 e0       	ldi	r25, 0x00	; 0
     5be:	59 07       	cpc	r21, r25
     5c0:	90 e0       	ldi	r25, 0x00	; 0
     5c2:	69 07       	cpc	r22, r25
     5c4:	90 e4       	ldi	r25, 0x40	; 64
     5c6:	79 07       	cpc	r23, r25
     5c8:	60 f3       	brcs	.-40     	; 0x5a2 <__mulsf3+0x174>
     5ca:	2b 8f       	std	Y+27, r18	; 0x1b
     5cc:	3c 8f       	std	Y+28, r19	; 0x1c
     5ce:	db 01       	movw	r26, r22
     5d0:	ca 01       	movw	r24, r20
     5d2:	8f 77       	andi	r24, 0x7F	; 127
     5d4:	90 70       	andi	r25, 0x00	; 0
     5d6:	a0 70       	andi	r26, 0x00	; 0
     5d8:	b0 70       	andi	r27, 0x00	; 0
     5da:	80 34       	cpi	r24, 0x40	; 64
     5dc:	91 05       	cpc	r25, r1
     5de:	a1 05       	cpc	r26, r1
     5e0:	b1 05       	cpc	r27, r1
     5e2:	61 f4       	brne	.+24     	; 0x5fc <__mulsf3+0x1ce>
     5e4:	47 fd       	sbrc	r20, 7
     5e6:	0a c0       	rjmp	.+20     	; 0x5fc <__mulsf3+0x1ce>
     5e8:	e1 14       	cp	r14, r1
     5ea:	f1 04       	cpc	r15, r1
     5ec:	01 05       	cpc	r16, r1
     5ee:	11 05       	cpc	r17, r1
     5f0:	29 f0       	breq	.+10     	; 0x5fc <__mulsf3+0x1ce>
     5f2:	40 5c       	subi	r20, 0xC0	; 192
     5f4:	5f 4f       	sbci	r21, 0xFF	; 255
     5f6:	6f 4f       	sbci	r22, 0xFF	; 255
     5f8:	7f 4f       	sbci	r23, 0xFF	; 255
     5fa:	40 78       	andi	r20, 0x80	; 128
     5fc:	1a 8e       	std	Y+26, r1	; 0x1a
     5fe:	fe 17       	cp	r31, r30
     600:	11 f0       	breq	.+4      	; 0x606 <__mulsf3+0x1d8>
     602:	81 e0       	ldi	r24, 0x01	; 1
     604:	8a 8f       	std	Y+26, r24	; 0x1a
     606:	4d 8f       	std	Y+29, r20	; 0x1d
     608:	5e 8f       	std	Y+30, r21	; 0x1e
     60a:	6f 8f       	std	Y+31, r22	; 0x1f
     60c:	78 a3       	std	Y+32, r23	; 0x20
     60e:	83 e0       	ldi	r24, 0x03	; 3
     610:	89 8f       	std	Y+25, r24	; 0x19
     612:	ce 01       	movw	r24, r28
     614:	49 96       	adiw	r24, 0x19	; 25
     616:	0e 94 69 05 	call	0xad2	; 0xad2 <__pack_f>
     61a:	a0 96       	adiw	r28, 0x20	; 32
     61c:	e2 e1       	ldi	r30, 0x12	; 18
     61e:	0c 94 0a 13 	jmp	0x2614	; 0x2614 <__epilogue_restores__>

00000622 <__divsf3>:
     622:	a8 e1       	ldi	r26, 0x18	; 24
     624:	b0 e0       	ldi	r27, 0x00	; 0
     626:	e7 e1       	ldi	r30, 0x17	; 23
     628:	f3 e0       	ldi	r31, 0x03	; 3
     62a:	0c 94 f6 12 	jmp	0x25ec	; 0x25ec <__prologue_saves__+0x10>
     62e:	69 83       	std	Y+1, r22	; 0x01
     630:	7a 83       	std	Y+2, r23	; 0x02
     632:	8b 83       	std	Y+3, r24	; 0x03
     634:	9c 83       	std	Y+4, r25	; 0x04
     636:	2d 83       	std	Y+5, r18	; 0x05
     638:	3e 83       	std	Y+6, r19	; 0x06
     63a:	4f 83       	std	Y+7, r20	; 0x07
     63c:	58 87       	std	Y+8, r21	; 0x08
     63e:	b9 e0       	ldi	r27, 0x09	; 9
     640:	eb 2e       	mov	r14, r27
     642:	f1 2c       	mov	r15, r1
     644:	ec 0e       	add	r14, r28
     646:	fd 1e       	adc	r15, r29
     648:	ce 01       	movw	r24, r28
     64a:	01 96       	adiw	r24, 0x01	; 1
     64c:	b7 01       	movw	r22, r14
     64e:	0e 94 3e 06 	call	0xc7c	; 0xc7c <__unpack_f>
     652:	8e 01       	movw	r16, r28
     654:	0f 5e       	subi	r16, 0xEF	; 239
     656:	1f 4f       	sbci	r17, 0xFF	; 255
     658:	ce 01       	movw	r24, r28
     65a:	05 96       	adiw	r24, 0x05	; 5
     65c:	b8 01       	movw	r22, r16
     65e:	0e 94 3e 06 	call	0xc7c	; 0xc7c <__unpack_f>
     662:	29 85       	ldd	r18, Y+9	; 0x09
     664:	22 30       	cpi	r18, 0x02	; 2
     666:	08 f4       	brcc	.+2      	; 0x66a <__divsf3+0x48>
     668:	7e c0       	rjmp	.+252    	; 0x766 <__divsf3+0x144>
     66a:	39 89       	ldd	r19, Y+17	; 0x11
     66c:	32 30       	cpi	r19, 0x02	; 2
     66e:	10 f4       	brcc	.+4      	; 0x674 <__divsf3+0x52>
     670:	b8 01       	movw	r22, r16
     672:	7c c0       	rjmp	.+248    	; 0x76c <__divsf3+0x14a>
     674:	8a 85       	ldd	r24, Y+10	; 0x0a
     676:	9a 89       	ldd	r25, Y+18	; 0x12
     678:	89 27       	eor	r24, r25
     67a:	8a 87       	std	Y+10, r24	; 0x0a
     67c:	24 30       	cpi	r18, 0x04	; 4
     67e:	11 f0       	breq	.+4      	; 0x684 <__divsf3+0x62>
     680:	22 30       	cpi	r18, 0x02	; 2
     682:	31 f4       	brne	.+12     	; 0x690 <__divsf3+0x6e>
     684:	23 17       	cp	r18, r19
     686:	09 f0       	breq	.+2      	; 0x68a <__divsf3+0x68>
     688:	6e c0       	rjmp	.+220    	; 0x766 <__divsf3+0x144>
     68a:	63 eb       	ldi	r22, 0xB3	; 179
     68c:	70 e0       	ldi	r23, 0x00	; 0
     68e:	6e c0       	rjmp	.+220    	; 0x76c <__divsf3+0x14a>
     690:	34 30       	cpi	r19, 0x04	; 4
     692:	39 f4       	brne	.+14     	; 0x6a2 <__divsf3+0x80>
     694:	1d 86       	std	Y+13, r1	; 0x0d
     696:	1e 86       	std	Y+14, r1	; 0x0e
     698:	1f 86       	std	Y+15, r1	; 0x0f
     69a:	18 8a       	std	Y+16, r1	; 0x10
     69c:	1c 86       	std	Y+12, r1	; 0x0c
     69e:	1b 86       	std	Y+11, r1	; 0x0b
     6a0:	04 c0       	rjmp	.+8      	; 0x6aa <__divsf3+0x88>
     6a2:	32 30       	cpi	r19, 0x02	; 2
     6a4:	21 f4       	brne	.+8      	; 0x6ae <__divsf3+0x8c>
     6a6:	84 e0       	ldi	r24, 0x04	; 4
     6a8:	89 87       	std	Y+9, r24	; 0x09
     6aa:	b7 01       	movw	r22, r14
     6ac:	5f c0       	rjmp	.+190    	; 0x76c <__divsf3+0x14a>
     6ae:	2b 85       	ldd	r18, Y+11	; 0x0b
     6b0:	3c 85       	ldd	r19, Y+12	; 0x0c
     6b2:	8b 89       	ldd	r24, Y+19	; 0x13
     6b4:	9c 89       	ldd	r25, Y+20	; 0x14
     6b6:	28 1b       	sub	r18, r24
     6b8:	39 0b       	sbc	r19, r25
     6ba:	3c 87       	std	Y+12, r19	; 0x0c
     6bc:	2b 87       	std	Y+11, r18	; 0x0b
     6be:	ed 84       	ldd	r14, Y+13	; 0x0d
     6c0:	fe 84       	ldd	r15, Y+14	; 0x0e
     6c2:	0f 85       	ldd	r16, Y+15	; 0x0f
     6c4:	18 89       	ldd	r17, Y+16	; 0x10
     6c6:	ad 88       	ldd	r10, Y+21	; 0x15
     6c8:	be 88       	ldd	r11, Y+22	; 0x16
     6ca:	cf 88       	ldd	r12, Y+23	; 0x17
     6cc:	d8 8c       	ldd	r13, Y+24	; 0x18
     6ce:	ea 14       	cp	r14, r10
     6d0:	fb 04       	cpc	r15, r11
     6d2:	0c 05       	cpc	r16, r12
     6d4:	1d 05       	cpc	r17, r13
     6d6:	40 f4       	brcc	.+16     	; 0x6e8 <__divsf3+0xc6>
     6d8:	ee 0c       	add	r14, r14
     6da:	ff 1c       	adc	r15, r15
     6dc:	00 1f       	adc	r16, r16
     6de:	11 1f       	adc	r17, r17
     6e0:	21 50       	subi	r18, 0x01	; 1
     6e2:	30 40       	sbci	r19, 0x00	; 0
     6e4:	3c 87       	std	Y+12, r19	; 0x0c
     6e6:	2b 87       	std	Y+11, r18	; 0x0b
     6e8:	20 e0       	ldi	r18, 0x00	; 0
     6ea:	30 e0       	ldi	r19, 0x00	; 0
     6ec:	40 e0       	ldi	r20, 0x00	; 0
     6ee:	50 e0       	ldi	r21, 0x00	; 0
     6f0:	80 e0       	ldi	r24, 0x00	; 0
     6f2:	90 e0       	ldi	r25, 0x00	; 0
     6f4:	a0 e0       	ldi	r26, 0x00	; 0
     6f6:	b0 e4       	ldi	r27, 0x40	; 64
     6f8:	60 e0       	ldi	r22, 0x00	; 0
     6fa:	70 e0       	ldi	r23, 0x00	; 0
     6fc:	ea 14       	cp	r14, r10
     6fe:	fb 04       	cpc	r15, r11
     700:	0c 05       	cpc	r16, r12
     702:	1d 05       	cpc	r17, r13
     704:	40 f0       	brcs	.+16     	; 0x716 <__divsf3+0xf4>
     706:	28 2b       	or	r18, r24
     708:	39 2b       	or	r19, r25
     70a:	4a 2b       	or	r20, r26
     70c:	5b 2b       	or	r21, r27
     70e:	ea 18       	sub	r14, r10
     710:	fb 08       	sbc	r15, r11
     712:	0c 09       	sbc	r16, r12
     714:	1d 09       	sbc	r17, r13
     716:	b6 95       	lsr	r27
     718:	a7 95       	ror	r26
     71a:	97 95       	ror	r25
     71c:	87 95       	ror	r24
     71e:	ee 0c       	add	r14, r14
     720:	ff 1c       	adc	r15, r15
     722:	00 1f       	adc	r16, r16
     724:	11 1f       	adc	r17, r17
     726:	6f 5f       	subi	r22, 0xFF	; 255
     728:	7f 4f       	sbci	r23, 0xFF	; 255
     72a:	6f 31       	cpi	r22, 0x1F	; 31
     72c:	71 05       	cpc	r23, r1
     72e:	31 f7       	brne	.-52     	; 0x6fc <__divsf3+0xda>
     730:	da 01       	movw	r26, r20
     732:	c9 01       	movw	r24, r18
     734:	8f 77       	andi	r24, 0x7F	; 127
     736:	90 70       	andi	r25, 0x00	; 0
     738:	a0 70       	andi	r26, 0x00	; 0
     73a:	b0 70       	andi	r27, 0x00	; 0
     73c:	80 34       	cpi	r24, 0x40	; 64
     73e:	91 05       	cpc	r25, r1
     740:	a1 05       	cpc	r26, r1
     742:	b1 05       	cpc	r27, r1
     744:	61 f4       	brne	.+24     	; 0x75e <__divsf3+0x13c>
     746:	27 fd       	sbrc	r18, 7
     748:	0a c0       	rjmp	.+20     	; 0x75e <__divsf3+0x13c>
     74a:	e1 14       	cp	r14, r1
     74c:	f1 04       	cpc	r15, r1
     74e:	01 05       	cpc	r16, r1
     750:	11 05       	cpc	r17, r1
     752:	29 f0       	breq	.+10     	; 0x75e <__divsf3+0x13c>
     754:	20 5c       	subi	r18, 0xC0	; 192
     756:	3f 4f       	sbci	r19, 0xFF	; 255
     758:	4f 4f       	sbci	r20, 0xFF	; 255
     75a:	5f 4f       	sbci	r21, 0xFF	; 255
     75c:	20 78       	andi	r18, 0x80	; 128
     75e:	2d 87       	std	Y+13, r18	; 0x0d
     760:	3e 87       	std	Y+14, r19	; 0x0e
     762:	4f 87       	std	Y+15, r20	; 0x0f
     764:	58 8b       	std	Y+16, r21	; 0x10
     766:	be 01       	movw	r22, r28
     768:	67 5f       	subi	r22, 0xF7	; 247
     76a:	7f 4f       	sbci	r23, 0xFF	; 255
     76c:	cb 01       	movw	r24, r22
     76e:	0e 94 69 05 	call	0xad2	; 0xad2 <__pack_f>
     772:	68 96       	adiw	r28, 0x18	; 24
     774:	ea e0       	ldi	r30, 0x0A	; 10
     776:	0c 94 12 13 	jmp	0x2624	; 0x2624 <__epilogue_restores__+0x10>

0000077a <__gtsf2>:
     77a:	a8 e1       	ldi	r26, 0x18	; 24
     77c:	b0 e0       	ldi	r27, 0x00	; 0
     77e:	e3 ec       	ldi	r30, 0xC3	; 195
     780:	f3 e0       	ldi	r31, 0x03	; 3
     782:	0c 94 fa 12 	jmp	0x25f4	; 0x25f4 <__prologue_saves__+0x18>
     786:	69 83       	std	Y+1, r22	; 0x01
     788:	7a 83       	std	Y+2, r23	; 0x02
     78a:	8b 83       	std	Y+3, r24	; 0x03
     78c:	9c 83       	std	Y+4, r25	; 0x04
     78e:	2d 83       	std	Y+5, r18	; 0x05
     790:	3e 83       	std	Y+6, r19	; 0x06
     792:	4f 83       	std	Y+7, r20	; 0x07
     794:	58 87       	std	Y+8, r21	; 0x08
     796:	89 e0       	ldi	r24, 0x09	; 9
     798:	e8 2e       	mov	r14, r24
     79a:	f1 2c       	mov	r15, r1
     79c:	ec 0e       	add	r14, r28
     79e:	fd 1e       	adc	r15, r29
     7a0:	ce 01       	movw	r24, r28
     7a2:	01 96       	adiw	r24, 0x01	; 1
     7a4:	b7 01       	movw	r22, r14
     7a6:	0e 94 3e 06 	call	0xc7c	; 0xc7c <__unpack_f>
     7aa:	8e 01       	movw	r16, r28
     7ac:	0f 5e       	subi	r16, 0xEF	; 239
     7ae:	1f 4f       	sbci	r17, 0xFF	; 255
     7b0:	ce 01       	movw	r24, r28
     7b2:	05 96       	adiw	r24, 0x05	; 5
     7b4:	b8 01       	movw	r22, r16
     7b6:	0e 94 3e 06 	call	0xc7c	; 0xc7c <__unpack_f>
     7ba:	89 85       	ldd	r24, Y+9	; 0x09
     7bc:	82 30       	cpi	r24, 0x02	; 2
     7be:	40 f0       	brcs	.+16     	; 0x7d0 <__gtsf2+0x56>
     7c0:	89 89       	ldd	r24, Y+17	; 0x11
     7c2:	82 30       	cpi	r24, 0x02	; 2
     7c4:	28 f0       	brcs	.+10     	; 0x7d0 <__gtsf2+0x56>
     7c6:	c7 01       	movw	r24, r14
     7c8:	b8 01       	movw	r22, r16
     7ca:	0e 94 b6 06 	call	0xd6c	; 0xd6c <__fpcmp_parts_f>
     7ce:	01 c0       	rjmp	.+2      	; 0x7d2 <__gtsf2+0x58>
     7d0:	8f ef       	ldi	r24, 0xFF	; 255
     7d2:	68 96       	adiw	r28, 0x18	; 24
     7d4:	e6 e0       	ldi	r30, 0x06	; 6
     7d6:	0c 94 16 13 	jmp	0x262c	; 0x262c <__epilogue_restores__+0x18>

000007da <__gesf2>:
     7da:	a8 e1       	ldi	r26, 0x18	; 24
     7dc:	b0 e0       	ldi	r27, 0x00	; 0
     7de:	e3 ef       	ldi	r30, 0xF3	; 243
     7e0:	f3 e0       	ldi	r31, 0x03	; 3
     7e2:	0c 94 fa 12 	jmp	0x25f4	; 0x25f4 <__prologue_saves__+0x18>
     7e6:	69 83       	std	Y+1, r22	; 0x01
     7e8:	7a 83       	std	Y+2, r23	; 0x02
     7ea:	8b 83       	std	Y+3, r24	; 0x03
     7ec:	9c 83       	std	Y+4, r25	; 0x04
     7ee:	2d 83       	std	Y+5, r18	; 0x05
     7f0:	3e 83       	std	Y+6, r19	; 0x06
     7f2:	4f 83       	std	Y+7, r20	; 0x07
     7f4:	58 87       	std	Y+8, r21	; 0x08
     7f6:	89 e0       	ldi	r24, 0x09	; 9
     7f8:	e8 2e       	mov	r14, r24
     7fa:	f1 2c       	mov	r15, r1
     7fc:	ec 0e       	add	r14, r28
     7fe:	fd 1e       	adc	r15, r29
     800:	ce 01       	movw	r24, r28
     802:	01 96       	adiw	r24, 0x01	; 1
     804:	b7 01       	movw	r22, r14
     806:	0e 94 3e 06 	call	0xc7c	; 0xc7c <__unpack_f>
     80a:	8e 01       	movw	r16, r28
     80c:	0f 5e       	subi	r16, 0xEF	; 239
     80e:	1f 4f       	sbci	r17, 0xFF	; 255
     810:	ce 01       	movw	r24, r28
     812:	05 96       	adiw	r24, 0x05	; 5
     814:	b8 01       	movw	r22, r16
     816:	0e 94 3e 06 	call	0xc7c	; 0xc7c <__unpack_f>
     81a:	89 85       	ldd	r24, Y+9	; 0x09
     81c:	82 30       	cpi	r24, 0x02	; 2
     81e:	40 f0       	brcs	.+16     	; 0x830 <__gesf2+0x56>
     820:	89 89       	ldd	r24, Y+17	; 0x11
     822:	82 30       	cpi	r24, 0x02	; 2
     824:	28 f0       	brcs	.+10     	; 0x830 <__gesf2+0x56>
     826:	c7 01       	movw	r24, r14
     828:	b8 01       	movw	r22, r16
     82a:	0e 94 b6 06 	call	0xd6c	; 0xd6c <__fpcmp_parts_f>
     82e:	01 c0       	rjmp	.+2      	; 0x832 <__gesf2+0x58>
     830:	8f ef       	ldi	r24, 0xFF	; 255
     832:	68 96       	adiw	r28, 0x18	; 24
     834:	e6 e0       	ldi	r30, 0x06	; 6
     836:	0c 94 16 13 	jmp	0x262c	; 0x262c <__epilogue_restores__+0x18>

0000083a <__ltsf2>:
     83a:	a8 e1       	ldi	r26, 0x18	; 24
     83c:	b0 e0       	ldi	r27, 0x00	; 0
     83e:	e3 e2       	ldi	r30, 0x23	; 35
     840:	f4 e0       	ldi	r31, 0x04	; 4
     842:	0c 94 fa 12 	jmp	0x25f4	; 0x25f4 <__prologue_saves__+0x18>
     846:	69 83       	std	Y+1, r22	; 0x01
     848:	7a 83       	std	Y+2, r23	; 0x02
     84a:	8b 83       	std	Y+3, r24	; 0x03
     84c:	9c 83       	std	Y+4, r25	; 0x04
     84e:	2d 83       	std	Y+5, r18	; 0x05
     850:	3e 83       	std	Y+6, r19	; 0x06
     852:	4f 83       	std	Y+7, r20	; 0x07
     854:	58 87       	std	Y+8, r21	; 0x08
     856:	89 e0       	ldi	r24, 0x09	; 9
     858:	e8 2e       	mov	r14, r24
     85a:	f1 2c       	mov	r15, r1
     85c:	ec 0e       	add	r14, r28
     85e:	fd 1e       	adc	r15, r29
     860:	ce 01       	movw	r24, r28
     862:	01 96       	adiw	r24, 0x01	; 1
     864:	b7 01       	movw	r22, r14
     866:	0e 94 3e 06 	call	0xc7c	; 0xc7c <__unpack_f>
     86a:	8e 01       	movw	r16, r28
     86c:	0f 5e       	subi	r16, 0xEF	; 239
     86e:	1f 4f       	sbci	r17, 0xFF	; 255
     870:	ce 01       	movw	r24, r28
     872:	05 96       	adiw	r24, 0x05	; 5
     874:	b8 01       	movw	r22, r16
     876:	0e 94 3e 06 	call	0xc7c	; 0xc7c <__unpack_f>
     87a:	89 85       	ldd	r24, Y+9	; 0x09
     87c:	82 30       	cpi	r24, 0x02	; 2
     87e:	40 f0       	brcs	.+16     	; 0x890 <__stack+0x31>
     880:	89 89       	ldd	r24, Y+17	; 0x11
     882:	82 30       	cpi	r24, 0x02	; 2
     884:	28 f0       	brcs	.+10     	; 0x890 <__stack+0x31>
     886:	c7 01       	movw	r24, r14
     888:	b8 01       	movw	r22, r16
     88a:	0e 94 b6 06 	call	0xd6c	; 0xd6c <__fpcmp_parts_f>
     88e:	01 c0       	rjmp	.+2      	; 0x892 <__stack+0x33>
     890:	81 e0       	ldi	r24, 0x01	; 1
     892:	68 96       	adiw	r28, 0x18	; 24
     894:	e6 e0       	ldi	r30, 0x06	; 6
     896:	0c 94 16 13 	jmp	0x262c	; 0x262c <__epilogue_restores__+0x18>

0000089a <__fixsfsi>:
     89a:	ac e0       	ldi	r26, 0x0C	; 12
     89c:	b0 e0       	ldi	r27, 0x00	; 0
     89e:	e3 e5       	ldi	r30, 0x53	; 83
     8a0:	f4 e0       	ldi	r31, 0x04	; 4
     8a2:	0c 94 fe 12 	jmp	0x25fc	; 0x25fc <__prologue_saves__+0x20>
     8a6:	69 83       	std	Y+1, r22	; 0x01
     8a8:	7a 83       	std	Y+2, r23	; 0x02
     8aa:	8b 83       	std	Y+3, r24	; 0x03
     8ac:	9c 83       	std	Y+4, r25	; 0x04
     8ae:	ce 01       	movw	r24, r28
     8b0:	01 96       	adiw	r24, 0x01	; 1
     8b2:	be 01       	movw	r22, r28
     8b4:	6b 5f       	subi	r22, 0xFB	; 251
     8b6:	7f 4f       	sbci	r23, 0xFF	; 255
     8b8:	0e 94 3e 06 	call	0xc7c	; 0xc7c <__unpack_f>
     8bc:	8d 81       	ldd	r24, Y+5	; 0x05
     8be:	82 30       	cpi	r24, 0x02	; 2
     8c0:	61 f1       	breq	.+88     	; 0x91a <__fixsfsi+0x80>
     8c2:	82 30       	cpi	r24, 0x02	; 2
     8c4:	50 f1       	brcs	.+84     	; 0x91a <__fixsfsi+0x80>
     8c6:	84 30       	cpi	r24, 0x04	; 4
     8c8:	21 f4       	brne	.+8      	; 0x8d2 <__fixsfsi+0x38>
     8ca:	8e 81       	ldd	r24, Y+6	; 0x06
     8cc:	88 23       	and	r24, r24
     8ce:	51 f1       	breq	.+84     	; 0x924 <__fixsfsi+0x8a>
     8d0:	2e c0       	rjmp	.+92     	; 0x92e <__fixsfsi+0x94>
     8d2:	2f 81       	ldd	r18, Y+7	; 0x07
     8d4:	38 85       	ldd	r19, Y+8	; 0x08
     8d6:	37 fd       	sbrc	r19, 7
     8d8:	20 c0       	rjmp	.+64     	; 0x91a <__fixsfsi+0x80>
     8da:	6e 81       	ldd	r22, Y+6	; 0x06
     8dc:	2f 31       	cpi	r18, 0x1F	; 31
     8de:	31 05       	cpc	r19, r1
     8e0:	1c f0       	brlt	.+6      	; 0x8e8 <__fixsfsi+0x4e>
     8e2:	66 23       	and	r22, r22
     8e4:	f9 f0       	breq	.+62     	; 0x924 <__fixsfsi+0x8a>
     8e6:	23 c0       	rjmp	.+70     	; 0x92e <__fixsfsi+0x94>
     8e8:	8e e1       	ldi	r24, 0x1E	; 30
     8ea:	90 e0       	ldi	r25, 0x00	; 0
     8ec:	82 1b       	sub	r24, r18
     8ee:	93 0b       	sbc	r25, r19
     8f0:	29 85       	ldd	r18, Y+9	; 0x09
     8f2:	3a 85       	ldd	r19, Y+10	; 0x0a
     8f4:	4b 85       	ldd	r20, Y+11	; 0x0b
     8f6:	5c 85       	ldd	r21, Y+12	; 0x0c
     8f8:	04 c0       	rjmp	.+8      	; 0x902 <__fixsfsi+0x68>
     8fa:	56 95       	lsr	r21
     8fc:	47 95       	ror	r20
     8fe:	37 95       	ror	r19
     900:	27 95       	ror	r18
     902:	8a 95       	dec	r24
     904:	d2 f7       	brpl	.-12     	; 0x8fa <__fixsfsi+0x60>
     906:	66 23       	and	r22, r22
     908:	b1 f0       	breq	.+44     	; 0x936 <__fixsfsi+0x9c>
     90a:	50 95       	com	r21
     90c:	40 95       	com	r20
     90e:	30 95       	com	r19
     910:	21 95       	neg	r18
     912:	3f 4f       	sbci	r19, 0xFF	; 255
     914:	4f 4f       	sbci	r20, 0xFF	; 255
     916:	5f 4f       	sbci	r21, 0xFF	; 255
     918:	0e c0       	rjmp	.+28     	; 0x936 <__fixsfsi+0x9c>
     91a:	20 e0       	ldi	r18, 0x00	; 0
     91c:	30 e0       	ldi	r19, 0x00	; 0
     91e:	40 e0       	ldi	r20, 0x00	; 0
     920:	50 e0       	ldi	r21, 0x00	; 0
     922:	09 c0       	rjmp	.+18     	; 0x936 <__fixsfsi+0x9c>
     924:	2f ef       	ldi	r18, 0xFF	; 255
     926:	3f ef       	ldi	r19, 0xFF	; 255
     928:	4f ef       	ldi	r20, 0xFF	; 255
     92a:	5f e7       	ldi	r21, 0x7F	; 127
     92c:	04 c0       	rjmp	.+8      	; 0x936 <__fixsfsi+0x9c>
     92e:	20 e0       	ldi	r18, 0x00	; 0
     930:	30 e0       	ldi	r19, 0x00	; 0
     932:	40 e0       	ldi	r20, 0x00	; 0
     934:	50 e8       	ldi	r21, 0x80	; 128
     936:	b9 01       	movw	r22, r18
     938:	ca 01       	movw	r24, r20
     93a:	2c 96       	adiw	r28, 0x0c	; 12
     93c:	e2 e0       	ldi	r30, 0x02	; 2
     93e:	0c 94 1a 13 	jmp	0x2634	; 0x2634 <__epilogue_restores__+0x20>

00000942 <__floatunsisf>:
     942:	a8 e0       	ldi	r26, 0x08	; 8
     944:	b0 e0       	ldi	r27, 0x00	; 0
     946:	e7 ea       	ldi	r30, 0xA7	; 167
     948:	f4 e0       	ldi	r31, 0x04	; 4
     94a:	0c 94 f6 12 	jmp	0x25ec	; 0x25ec <__prologue_saves__+0x10>
     94e:	7b 01       	movw	r14, r22
     950:	8c 01       	movw	r16, r24
     952:	61 15       	cp	r22, r1
     954:	71 05       	cpc	r23, r1
     956:	81 05       	cpc	r24, r1
     958:	91 05       	cpc	r25, r1
     95a:	19 f4       	brne	.+6      	; 0x962 <__floatunsisf+0x20>
     95c:	82 e0       	ldi	r24, 0x02	; 2
     95e:	89 83       	std	Y+1, r24	; 0x01
     960:	60 c0       	rjmp	.+192    	; 0xa22 <__floatunsisf+0xe0>
     962:	83 e0       	ldi	r24, 0x03	; 3
     964:	89 83       	std	Y+1, r24	; 0x01
     966:	8e e1       	ldi	r24, 0x1E	; 30
     968:	c8 2e       	mov	r12, r24
     96a:	d1 2c       	mov	r13, r1
     96c:	dc 82       	std	Y+4, r13	; 0x04
     96e:	cb 82       	std	Y+3, r12	; 0x03
     970:	ed 82       	std	Y+5, r14	; 0x05
     972:	fe 82       	std	Y+6, r15	; 0x06
     974:	0f 83       	std	Y+7, r16	; 0x07
     976:	18 87       	std	Y+8, r17	; 0x08
     978:	c8 01       	movw	r24, r16
     97a:	b7 01       	movw	r22, r14
     97c:	0e 94 1a 05 	call	0xa34	; 0xa34 <__clzsi2>
     980:	fc 01       	movw	r30, r24
     982:	31 97       	sbiw	r30, 0x01	; 1
     984:	f7 ff       	sbrs	r31, 7
     986:	3b c0       	rjmp	.+118    	; 0x9fe <__floatunsisf+0xbc>
     988:	22 27       	eor	r18, r18
     98a:	33 27       	eor	r19, r19
     98c:	2e 1b       	sub	r18, r30
     98e:	3f 0b       	sbc	r19, r31
     990:	57 01       	movw	r10, r14
     992:	68 01       	movw	r12, r16
     994:	02 2e       	mov	r0, r18
     996:	04 c0       	rjmp	.+8      	; 0x9a0 <__floatunsisf+0x5e>
     998:	d6 94       	lsr	r13
     99a:	c7 94       	ror	r12
     99c:	b7 94       	ror	r11
     99e:	a7 94       	ror	r10
     9a0:	0a 94       	dec	r0
     9a2:	d2 f7       	brpl	.-12     	; 0x998 <__floatunsisf+0x56>
     9a4:	40 e0       	ldi	r20, 0x00	; 0
     9a6:	50 e0       	ldi	r21, 0x00	; 0
     9a8:	60 e0       	ldi	r22, 0x00	; 0
     9aa:	70 e0       	ldi	r23, 0x00	; 0
     9ac:	81 e0       	ldi	r24, 0x01	; 1
     9ae:	90 e0       	ldi	r25, 0x00	; 0
     9b0:	a0 e0       	ldi	r26, 0x00	; 0
     9b2:	b0 e0       	ldi	r27, 0x00	; 0
     9b4:	04 c0       	rjmp	.+8      	; 0x9be <__floatunsisf+0x7c>
     9b6:	88 0f       	add	r24, r24
     9b8:	99 1f       	adc	r25, r25
     9ba:	aa 1f       	adc	r26, r26
     9bc:	bb 1f       	adc	r27, r27
     9be:	2a 95       	dec	r18
     9c0:	d2 f7       	brpl	.-12     	; 0x9b6 <__floatunsisf+0x74>
     9c2:	01 97       	sbiw	r24, 0x01	; 1
     9c4:	a1 09       	sbc	r26, r1
     9c6:	b1 09       	sbc	r27, r1
     9c8:	8e 21       	and	r24, r14
     9ca:	9f 21       	and	r25, r15
     9cc:	a0 23       	and	r26, r16
     9ce:	b1 23       	and	r27, r17
     9d0:	00 97       	sbiw	r24, 0x00	; 0
     9d2:	a1 05       	cpc	r26, r1
     9d4:	b1 05       	cpc	r27, r1
     9d6:	21 f0       	breq	.+8      	; 0x9e0 <__floatunsisf+0x9e>
     9d8:	41 e0       	ldi	r20, 0x01	; 1
     9da:	50 e0       	ldi	r21, 0x00	; 0
     9dc:	60 e0       	ldi	r22, 0x00	; 0
     9de:	70 e0       	ldi	r23, 0x00	; 0
     9e0:	4a 29       	or	r20, r10
     9e2:	5b 29       	or	r21, r11
     9e4:	6c 29       	or	r22, r12
     9e6:	7d 29       	or	r23, r13
     9e8:	4d 83       	std	Y+5, r20	; 0x05
     9ea:	5e 83       	std	Y+6, r21	; 0x06
     9ec:	6f 83       	std	Y+7, r22	; 0x07
     9ee:	78 87       	std	Y+8, r23	; 0x08
     9f0:	8e e1       	ldi	r24, 0x1E	; 30
     9f2:	90 e0       	ldi	r25, 0x00	; 0
     9f4:	8e 1b       	sub	r24, r30
     9f6:	9f 0b       	sbc	r25, r31
     9f8:	9c 83       	std	Y+4, r25	; 0x04
     9fa:	8b 83       	std	Y+3, r24	; 0x03
     9fc:	12 c0       	rjmp	.+36     	; 0xa22 <__floatunsisf+0xe0>
     9fe:	30 97       	sbiw	r30, 0x00	; 0
     a00:	81 f0       	breq	.+32     	; 0xa22 <__floatunsisf+0xe0>
     a02:	0e 2e       	mov	r0, r30
     a04:	04 c0       	rjmp	.+8      	; 0xa0e <__floatunsisf+0xcc>
     a06:	ee 0c       	add	r14, r14
     a08:	ff 1c       	adc	r15, r15
     a0a:	00 1f       	adc	r16, r16
     a0c:	11 1f       	adc	r17, r17
     a0e:	0a 94       	dec	r0
     a10:	d2 f7       	brpl	.-12     	; 0xa06 <__floatunsisf+0xc4>
     a12:	ed 82       	std	Y+5, r14	; 0x05
     a14:	fe 82       	std	Y+6, r15	; 0x06
     a16:	0f 83       	std	Y+7, r16	; 0x07
     a18:	18 87       	std	Y+8, r17	; 0x08
     a1a:	ce 1a       	sub	r12, r30
     a1c:	df 0a       	sbc	r13, r31
     a1e:	dc 82       	std	Y+4, r13	; 0x04
     a20:	cb 82       	std	Y+3, r12	; 0x03
     a22:	1a 82       	std	Y+2, r1	; 0x02
     a24:	ce 01       	movw	r24, r28
     a26:	01 96       	adiw	r24, 0x01	; 1
     a28:	0e 94 69 05 	call	0xad2	; 0xad2 <__pack_f>
     a2c:	28 96       	adiw	r28, 0x08	; 8
     a2e:	ea e0       	ldi	r30, 0x0A	; 10
     a30:	0c 94 12 13 	jmp	0x2624	; 0x2624 <__epilogue_restores__+0x10>

00000a34 <__clzsi2>:
     a34:	ef 92       	push	r14
     a36:	ff 92       	push	r15
     a38:	0f 93       	push	r16
     a3a:	1f 93       	push	r17
     a3c:	7b 01       	movw	r14, r22
     a3e:	8c 01       	movw	r16, r24
     a40:	80 e0       	ldi	r24, 0x00	; 0
     a42:	e8 16       	cp	r14, r24
     a44:	80 e0       	ldi	r24, 0x00	; 0
     a46:	f8 06       	cpc	r15, r24
     a48:	81 e0       	ldi	r24, 0x01	; 1
     a4a:	08 07       	cpc	r16, r24
     a4c:	80 e0       	ldi	r24, 0x00	; 0
     a4e:	18 07       	cpc	r17, r24
     a50:	88 f4       	brcc	.+34     	; 0xa74 <__clzsi2+0x40>
     a52:	8f ef       	ldi	r24, 0xFF	; 255
     a54:	e8 16       	cp	r14, r24
     a56:	f1 04       	cpc	r15, r1
     a58:	01 05       	cpc	r16, r1
     a5a:	11 05       	cpc	r17, r1
     a5c:	31 f0       	breq	.+12     	; 0xa6a <__clzsi2+0x36>
     a5e:	28 f0       	brcs	.+10     	; 0xa6a <__clzsi2+0x36>
     a60:	88 e0       	ldi	r24, 0x08	; 8
     a62:	90 e0       	ldi	r25, 0x00	; 0
     a64:	a0 e0       	ldi	r26, 0x00	; 0
     a66:	b0 e0       	ldi	r27, 0x00	; 0
     a68:	17 c0       	rjmp	.+46     	; 0xa98 <__clzsi2+0x64>
     a6a:	80 e0       	ldi	r24, 0x00	; 0
     a6c:	90 e0       	ldi	r25, 0x00	; 0
     a6e:	a0 e0       	ldi	r26, 0x00	; 0
     a70:	b0 e0       	ldi	r27, 0x00	; 0
     a72:	12 c0       	rjmp	.+36     	; 0xa98 <__clzsi2+0x64>
     a74:	80 e0       	ldi	r24, 0x00	; 0
     a76:	e8 16       	cp	r14, r24
     a78:	80 e0       	ldi	r24, 0x00	; 0
     a7a:	f8 06       	cpc	r15, r24
     a7c:	80 e0       	ldi	r24, 0x00	; 0
     a7e:	08 07       	cpc	r16, r24
     a80:	81 e0       	ldi	r24, 0x01	; 1
     a82:	18 07       	cpc	r17, r24
     a84:	28 f0       	brcs	.+10     	; 0xa90 <__clzsi2+0x5c>
     a86:	88 e1       	ldi	r24, 0x18	; 24
     a88:	90 e0       	ldi	r25, 0x00	; 0
     a8a:	a0 e0       	ldi	r26, 0x00	; 0
     a8c:	b0 e0       	ldi	r27, 0x00	; 0
     a8e:	04 c0       	rjmp	.+8      	; 0xa98 <__clzsi2+0x64>
     a90:	80 e1       	ldi	r24, 0x10	; 16
     a92:	90 e0       	ldi	r25, 0x00	; 0
     a94:	a0 e0       	ldi	r26, 0x00	; 0
     a96:	b0 e0       	ldi	r27, 0x00	; 0
     a98:	20 e2       	ldi	r18, 0x20	; 32
     a9a:	30 e0       	ldi	r19, 0x00	; 0
     a9c:	40 e0       	ldi	r20, 0x00	; 0
     a9e:	50 e0       	ldi	r21, 0x00	; 0
     aa0:	28 1b       	sub	r18, r24
     aa2:	39 0b       	sbc	r19, r25
     aa4:	4a 0b       	sbc	r20, r26
     aa6:	5b 0b       	sbc	r21, r27
     aa8:	04 c0       	rjmp	.+8      	; 0xab2 <__clzsi2+0x7e>
     aaa:	16 95       	lsr	r17
     aac:	07 95       	ror	r16
     aae:	f7 94       	ror	r15
     ab0:	e7 94       	ror	r14
     ab2:	8a 95       	dec	r24
     ab4:	d2 f7       	brpl	.-12     	; 0xaaa <__clzsi2+0x76>
     ab6:	f7 01       	movw	r30, r14
     ab8:	e5 54       	subi	r30, 0x45	; 69
     aba:	ff 4f       	sbci	r31, 0xFF	; 255
     abc:	80 81       	ld	r24, Z
     abe:	28 1b       	sub	r18, r24
     ac0:	31 09       	sbc	r19, r1
     ac2:	41 09       	sbc	r20, r1
     ac4:	51 09       	sbc	r21, r1
     ac6:	c9 01       	movw	r24, r18
     ac8:	1f 91       	pop	r17
     aca:	0f 91       	pop	r16
     acc:	ff 90       	pop	r15
     ace:	ef 90       	pop	r14
     ad0:	08 95       	ret

00000ad2 <__pack_f>:
     ad2:	df 92       	push	r13
     ad4:	ef 92       	push	r14
     ad6:	ff 92       	push	r15
     ad8:	0f 93       	push	r16
     ada:	1f 93       	push	r17
     adc:	fc 01       	movw	r30, r24
     ade:	e4 80       	ldd	r14, Z+4	; 0x04
     ae0:	f5 80       	ldd	r15, Z+5	; 0x05
     ae2:	06 81       	ldd	r16, Z+6	; 0x06
     ae4:	17 81       	ldd	r17, Z+7	; 0x07
     ae6:	d1 80       	ldd	r13, Z+1	; 0x01
     ae8:	80 81       	ld	r24, Z
     aea:	82 30       	cpi	r24, 0x02	; 2
     aec:	48 f4       	brcc	.+18     	; 0xb00 <__pack_f+0x2e>
     aee:	80 e0       	ldi	r24, 0x00	; 0
     af0:	90 e0       	ldi	r25, 0x00	; 0
     af2:	a0 e1       	ldi	r26, 0x10	; 16
     af4:	b0 e0       	ldi	r27, 0x00	; 0
     af6:	e8 2a       	or	r14, r24
     af8:	f9 2a       	or	r15, r25
     afa:	0a 2b       	or	r16, r26
     afc:	1b 2b       	or	r17, r27
     afe:	a5 c0       	rjmp	.+330    	; 0xc4a <__pack_f+0x178>
     b00:	84 30       	cpi	r24, 0x04	; 4
     b02:	09 f4       	brne	.+2      	; 0xb06 <__pack_f+0x34>
     b04:	9f c0       	rjmp	.+318    	; 0xc44 <__pack_f+0x172>
     b06:	82 30       	cpi	r24, 0x02	; 2
     b08:	21 f4       	brne	.+8      	; 0xb12 <__pack_f+0x40>
     b0a:	ee 24       	eor	r14, r14
     b0c:	ff 24       	eor	r15, r15
     b0e:	87 01       	movw	r16, r14
     b10:	05 c0       	rjmp	.+10     	; 0xb1c <__pack_f+0x4a>
     b12:	e1 14       	cp	r14, r1
     b14:	f1 04       	cpc	r15, r1
     b16:	01 05       	cpc	r16, r1
     b18:	11 05       	cpc	r17, r1
     b1a:	19 f4       	brne	.+6      	; 0xb22 <__pack_f+0x50>
     b1c:	e0 e0       	ldi	r30, 0x00	; 0
     b1e:	f0 e0       	ldi	r31, 0x00	; 0
     b20:	96 c0       	rjmp	.+300    	; 0xc4e <__pack_f+0x17c>
     b22:	62 81       	ldd	r22, Z+2	; 0x02
     b24:	73 81       	ldd	r23, Z+3	; 0x03
     b26:	9f ef       	ldi	r25, 0xFF	; 255
     b28:	62 38       	cpi	r22, 0x82	; 130
     b2a:	79 07       	cpc	r23, r25
     b2c:	0c f0       	brlt	.+2      	; 0xb30 <__pack_f+0x5e>
     b2e:	5b c0       	rjmp	.+182    	; 0xbe6 <__pack_f+0x114>
     b30:	22 e8       	ldi	r18, 0x82	; 130
     b32:	3f ef       	ldi	r19, 0xFF	; 255
     b34:	26 1b       	sub	r18, r22
     b36:	37 0b       	sbc	r19, r23
     b38:	2a 31       	cpi	r18, 0x1A	; 26
     b3a:	31 05       	cpc	r19, r1
     b3c:	2c f0       	brlt	.+10     	; 0xb48 <__pack_f+0x76>
     b3e:	20 e0       	ldi	r18, 0x00	; 0
     b40:	30 e0       	ldi	r19, 0x00	; 0
     b42:	40 e0       	ldi	r20, 0x00	; 0
     b44:	50 e0       	ldi	r21, 0x00	; 0
     b46:	2a c0       	rjmp	.+84     	; 0xb9c <__pack_f+0xca>
     b48:	b8 01       	movw	r22, r16
     b4a:	a7 01       	movw	r20, r14
     b4c:	02 2e       	mov	r0, r18
     b4e:	04 c0       	rjmp	.+8      	; 0xb58 <__pack_f+0x86>
     b50:	76 95       	lsr	r23
     b52:	67 95       	ror	r22
     b54:	57 95       	ror	r21
     b56:	47 95       	ror	r20
     b58:	0a 94       	dec	r0
     b5a:	d2 f7       	brpl	.-12     	; 0xb50 <__pack_f+0x7e>
     b5c:	81 e0       	ldi	r24, 0x01	; 1
     b5e:	90 e0       	ldi	r25, 0x00	; 0
     b60:	a0 e0       	ldi	r26, 0x00	; 0
     b62:	b0 e0       	ldi	r27, 0x00	; 0
     b64:	04 c0       	rjmp	.+8      	; 0xb6e <__pack_f+0x9c>
     b66:	88 0f       	add	r24, r24
     b68:	99 1f       	adc	r25, r25
     b6a:	aa 1f       	adc	r26, r26
     b6c:	bb 1f       	adc	r27, r27
     b6e:	2a 95       	dec	r18
     b70:	d2 f7       	brpl	.-12     	; 0xb66 <__pack_f+0x94>
     b72:	01 97       	sbiw	r24, 0x01	; 1
     b74:	a1 09       	sbc	r26, r1
     b76:	b1 09       	sbc	r27, r1
     b78:	8e 21       	and	r24, r14
     b7a:	9f 21       	and	r25, r15
     b7c:	a0 23       	and	r26, r16
     b7e:	b1 23       	and	r27, r17
     b80:	00 97       	sbiw	r24, 0x00	; 0
     b82:	a1 05       	cpc	r26, r1
     b84:	b1 05       	cpc	r27, r1
     b86:	21 f0       	breq	.+8      	; 0xb90 <__pack_f+0xbe>
     b88:	81 e0       	ldi	r24, 0x01	; 1
     b8a:	90 e0       	ldi	r25, 0x00	; 0
     b8c:	a0 e0       	ldi	r26, 0x00	; 0
     b8e:	b0 e0       	ldi	r27, 0x00	; 0
     b90:	9a 01       	movw	r18, r20
     b92:	ab 01       	movw	r20, r22
     b94:	28 2b       	or	r18, r24
     b96:	39 2b       	or	r19, r25
     b98:	4a 2b       	or	r20, r26
     b9a:	5b 2b       	or	r21, r27
     b9c:	da 01       	movw	r26, r20
     b9e:	c9 01       	movw	r24, r18
     ba0:	8f 77       	andi	r24, 0x7F	; 127
     ba2:	90 70       	andi	r25, 0x00	; 0
     ba4:	a0 70       	andi	r26, 0x00	; 0
     ba6:	b0 70       	andi	r27, 0x00	; 0
     ba8:	80 34       	cpi	r24, 0x40	; 64
     baa:	91 05       	cpc	r25, r1
     bac:	a1 05       	cpc	r26, r1
     bae:	b1 05       	cpc	r27, r1
     bb0:	39 f4       	brne	.+14     	; 0xbc0 <__pack_f+0xee>
     bb2:	27 ff       	sbrs	r18, 7
     bb4:	09 c0       	rjmp	.+18     	; 0xbc8 <__pack_f+0xf6>
     bb6:	20 5c       	subi	r18, 0xC0	; 192
     bb8:	3f 4f       	sbci	r19, 0xFF	; 255
     bba:	4f 4f       	sbci	r20, 0xFF	; 255
     bbc:	5f 4f       	sbci	r21, 0xFF	; 255
     bbe:	04 c0       	rjmp	.+8      	; 0xbc8 <__pack_f+0xf6>
     bc0:	21 5c       	subi	r18, 0xC1	; 193
     bc2:	3f 4f       	sbci	r19, 0xFF	; 255
     bc4:	4f 4f       	sbci	r20, 0xFF	; 255
     bc6:	5f 4f       	sbci	r21, 0xFF	; 255
     bc8:	e0 e0       	ldi	r30, 0x00	; 0
     bca:	f0 e0       	ldi	r31, 0x00	; 0
     bcc:	20 30       	cpi	r18, 0x00	; 0
     bce:	a0 e0       	ldi	r26, 0x00	; 0
     bd0:	3a 07       	cpc	r19, r26
     bd2:	a0 e0       	ldi	r26, 0x00	; 0
     bd4:	4a 07       	cpc	r20, r26
     bd6:	a0 e4       	ldi	r26, 0x40	; 64
     bd8:	5a 07       	cpc	r21, r26
     bda:	10 f0       	brcs	.+4      	; 0xbe0 <__pack_f+0x10e>
     bdc:	e1 e0       	ldi	r30, 0x01	; 1
     bde:	f0 e0       	ldi	r31, 0x00	; 0
     be0:	79 01       	movw	r14, r18
     be2:	8a 01       	movw	r16, r20
     be4:	27 c0       	rjmp	.+78     	; 0xc34 <__pack_f+0x162>
     be6:	60 38       	cpi	r22, 0x80	; 128
     be8:	71 05       	cpc	r23, r1
     bea:	64 f5       	brge	.+88     	; 0xc44 <__pack_f+0x172>
     bec:	fb 01       	movw	r30, r22
     bee:	e1 58       	subi	r30, 0x81	; 129
     bf0:	ff 4f       	sbci	r31, 0xFF	; 255
     bf2:	d8 01       	movw	r26, r16
     bf4:	c7 01       	movw	r24, r14
     bf6:	8f 77       	andi	r24, 0x7F	; 127
     bf8:	90 70       	andi	r25, 0x00	; 0
     bfa:	a0 70       	andi	r26, 0x00	; 0
     bfc:	b0 70       	andi	r27, 0x00	; 0
     bfe:	80 34       	cpi	r24, 0x40	; 64
     c00:	91 05       	cpc	r25, r1
     c02:	a1 05       	cpc	r26, r1
     c04:	b1 05       	cpc	r27, r1
     c06:	39 f4       	brne	.+14     	; 0xc16 <__pack_f+0x144>
     c08:	e7 fe       	sbrs	r14, 7
     c0a:	0d c0       	rjmp	.+26     	; 0xc26 <__pack_f+0x154>
     c0c:	80 e4       	ldi	r24, 0x40	; 64
     c0e:	90 e0       	ldi	r25, 0x00	; 0
     c10:	a0 e0       	ldi	r26, 0x00	; 0
     c12:	b0 e0       	ldi	r27, 0x00	; 0
     c14:	04 c0       	rjmp	.+8      	; 0xc1e <__pack_f+0x14c>
     c16:	8f e3       	ldi	r24, 0x3F	; 63
     c18:	90 e0       	ldi	r25, 0x00	; 0
     c1a:	a0 e0       	ldi	r26, 0x00	; 0
     c1c:	b0 e0       	ldi	r27, 0x00	; 0
     c1e:	e8 0e       	add	r14, r24
     c20:	f9 1e       	adc	r15, r25
     c22:	0a 1f       	adc	r16, r26
     c24:	1b 1f       	adc	r17, r27
     c26:	17 ff       	sbrs	r17, 7
     c28:	05 c0       	rjmp	.+10     	; 0xc34 <__pack_f+0x162>
     c2a:	16 95       	lsr	r17
     c2c:	07 95       	ror	r16
     c2e:	f7 94       	ror	r15
     c30:	e7 94       	ror	r14
     c32:	31 96       	adiw	r30, 0x01	; 1
     c34:	87 e0       	ldi	r24, 0x07	; 7
     c36:	16 95       	lsr	r17
     c38:	07 95       	ror	r16
     c3a:	f7 94       	ror	r15
     c3c:	e7 94       	ror	r14
     c3e:	8a 95       	dec	r24
     c40:	d1 f7       	brne	.-12     	; 0xc36 <__pack_f+0x164>
     c42:	05 c0       	rjmp	.+10     	; 0xc4e <__pack_f+0x17c>
     c44:	ee 24       	eor	r14, r14
     c46:	ff 24       	eor	r15, r15
     c48:	87 01       	movw	r16, r14
     c4a:	ef ef       	ldi	r30, 0xFF	; 255
     c4c:	f0 e0       	ldi	r31, 0x00	; 0
     c4e:	6e 2f       	mov	r22, r30
     c50:	67 95       	ror	r22
     c52:	66 27       	eor	r22, r22
     c54:	67 95       	ror	r22
     c56:	90 2f       	mov	r25, r16
     c58:	9f 77       	andi	r25, 0x7F	; 127
     c5a:	d7 94       	ror	r13
     c5c:	dd 24       	eor	r13, r13
     c5e:	d7 94       	ror	r13
     c60:	8e 2f       	mov	r24, r30
     c62:	86 95       	lsr	r24
     c64:	49 2f       	mov	r20, r25
     c66:	46 2b       	or	r20, r22
     c68:	58 2f       	mov	r21, r24
     c6a:	5d 29       	or	r21, r13
     c6c:	b7 01       	movw	r22, r14
     c6e:	ca 01       	movw	r24, r20
     c70:	1f 91       	pop	r17
     c72:	0f 91       	pop	r16
     c74:	ff 90       	pop	r15
     c76:	ef 90       	pop	r14
     c78:	df 90       	pop	r13
     c7a:	08 95       	ret

00000c7c <__unpack_f>:
     c7c:	fc 01       	movw	r30, r24
     c7e:	db 01       	movw	r26, r22
     c80:	40 81       	ld	r20, Z
     c82:	51 81       	ldd	r21, Z+1	; 0x01
     c84:	22 81       	ldd	r18, Z+2	; 0x02
     c86:	62 2f       	mov	r22, r18
     c88:	6f 77       	andi	r22, 0x7F	; 127
     c8a:	70 e0       	ldi	r23, 0x00	; 0
     c8c:	22 1f       	adc	r18, r18
     c8e:	22 27       	eor	r18, r18
     c90:	22 1f       	adc	r18, r18
     c92:	93 81       	ldd	r25, Z+3	; 0x03
     c94:	89 2f       	mov	r24, r25
     c96:	88 0f       	add	r24, r24
     c98:	82 2b       	or	r24, r18
     c9a:	28 2f       	mov	r18, r24
     c9c:	30 e0       	ldi	r19, 0x00	; 0
     c9e:	99 1f       	adc	r25, r25
     ca0:	99 27       	eor	r25, r25
     ca2:	99 1f       	adc	r25, r25
     ca4:	11 96       	adiw	r26, 0x01	; 1
     ca6:	9c 93       	st	X, r25
     ca8:	11 97       	sbiw	r26, 0x01	; 1
     caa:	21 15       	cp	r18, r1
     cac:	31 05       	cpc	r19, r1
     cae:	a9 f5       	brne	.+106    	; 0xd1a <__unpack_f+0x9e>
     cb0:	41 15       	cp	r20, r1
     cb2:	51 05       	cpc	r21, r1
     cb4:	61 05       	cpc	r22, r1
     cb6:	71 05       	cpc	r23, r1
     cb8:	11 f4       	brne	.+4      	; 0xcbe <__unpack_f+0x42>
     cba:	82 e0       	ldi	r24, 0x02	; 2
     cbc:	37 c0       	rjmp	.+110    	; 0xd2c <__unpack_f+0xb0>
     cbe:	82 e8       	ldi	r24, 0x82	; 130
     cc0:	9f ef       	ldi	r25, 0xFF	; 255
     cc2:	13 96       	adiw	r26, 0x03	; 3
     cc4:	9c 93       	st	X, r25
     cc6:	8e 93       	st	-X, r24
     cc8:	12 97       	sbiw	r26, 0x02	; 2
     cca:	9a 01       	movw	r18, r20
     ccc:	ab 01       	movw	r20, r22
     cce:	67 e0       	ldi	r22, 0x07	; 7
     cd0:	22 0f       	add	r18, r18
     cd2:	33 1f       	adc	r19, r19
     cd4:	44 1f       	adc	r20, r20
     cd6:	55 1f       	adc	r21, r21
     cd8:	6a 95       	dec	r22
     cda:	d1 f7       	brne	.-12     	; 0xcd0 <__unpack_f+0x54>
     cdc:	83 e0       	ldi	r24, 0x03	; 3
     cde:	8c 93       	st	X, r24
     ce0:	0d c0       	rjmp	.+26     	; 0xcfc <__unpack_f+0x80>
     ce2:	22 0f       	add	r18, r18
     ce4:	33 1f       	adc	r19, r19
     ce6:	44 1f       	adc	r20, r20
     ce8:	55 1f       	adc	r21, r21
     cea:	12 96       	adiw	r26, 0x02	; 2
     cec:	8d 91       	ld	r24, X+
     cee:	9c 91       	ld	r25, X
     cf0:	13 97       	sbiw	r26, 0x03	; 3
     cf2:	01 97       	sbiw	r24, 0x01	; 1
     cf4:	13 96       	adiw	r26, 0x03	; 3
     cf6:	9c 93       	st	X, r25
     cf8:	8e 93       	st	-X, r24
     cfa:	12 97       	sbiw	r26, 0x02	; 2
     cfc:	20 30       	cpi	r18, 0x00	; 0
     cfe:	80 e0       	ldi	r24, 0x00	; 0
     d00:	38 07       	cpc	r19, r24
     d02:	80 e0       	ldi	r24, 0x00	; 0
     d04:	48 07       	cpc	r20, r24
     d06:	80 e4       	ldi	r24, 0x40	; 64
     d08:	58 07       	cpc	r21, r24
     d0a:	58 f3       	brcs	.-42     	; 0xce2 <__unpack_f+0x66>
     d0c:	14 96       	adiw	r26, 0x04	; 4
     d0e:	2d 93       	st	X+, r18
     d10:	3d 93       	st	X+, r19
     d12:	4d 93       	st	X+, r20
     d14:	5c 93       	st	X, r21
     d16:	17 97       	sbiw	r26, 0x07	; 7
     d18:	08 95       	ret
     d1a:	2f 3f       	cpi	r18, 0xFF	; 255
     d1c:	31 05       	cpc	r19, r1
     d1e:	79 f4       	brne	.+30     	; 0xd3e <__unpack_f+0xc2>
     d20:	41 15       	cp	r20, r1
     d22:	51 05       	cpc	r21, r1
     d24:	61 05       	cpc	r22, r1
     d26:	71 05       	cpc	r23, r1
     d28:	19 f4       	brne	.+6      	; 0xd30 <__unpack_f+0xb4>
     d2a:	84 e0       	ldi	r24, 0x04	; 4
     d2c:	8c 93       	st	X, r24
     d2e:	08 95       	ret
     d30:	64 ff       	sbrs	r22, 4
     d32:	03 c0       	rjmp	.+6      	; 0xd3a <__unpack_f+0xbe>
     d34:	81 e0       	ldi	r24, 0x01	; 1
     d36:	8c 93       	st	X, r24
     d38:	12 c0       	rjmp	.+36     	; 0xd5e <__unpack_f+0xe2>
     d3a:	1c 92       	st	X, r1
     d3c:	10 c0       	rjmp	.+32     	; 0xd5e <__unpack_f+0xe2>
     d3e:	2f 57       	subi	r18, 0x7F	; 127
     d40:	30 40       	sbci	r19, 0x00	; 0
     d42:	13 96       	adiw	r26, 0x03	; 3
     d44:	3c 93       	st	X, r19
     d46:	2e 93       	st	-X, r18
     d48:	12 97       	sbiw	r26, 0x02	; 2
     d4a:	83 e0       	ldi	r24, 0x03	; 3
     d4c:	8c 93       	st	X, r24
     d4e:	87 e0       	ldi	r24, 0x07	; 7
     d50:	44 0f       	add	r20, r20
     d52:	55 1f       	adc	r21, r21
     d54:	66 1f       	adc	r22, r22
     d56:	77 1f       	adc	r23, r23
     d58:	8a 95       	dec	r24
     d5a:	d1 f7       	brne	.-12     	; 0xd50 <__unpack_f+0xd4>
     d5c:	70 64       	ori	r23, 0x40	; 64
     d5e:	14 96       	adiw	r26, 0x04	; 4
     d60:	4d 93       	st	X+, r20
     d62:	5d 93       	st	X+, r21
     d64:	6d 93       	st	X+, r22
     d66:	7c 93       	st	X, r23
     d68:	17 97       	sbiw	r26, 0x07	; 7
     d6a:	08 95       	ret

00000d6c <__fpcmp_parts_f>:
     d6c:	1f 93       	push	r17
     d6e:	dc 01       	movw	r26, r24
     d70:	fb 01       	movw	r30, r22
     d72:	9c 91       	ld	r25, X
     d74:	92 30       	cpi	r25, 0x02	; 2
     d76:	08 f4       	brcc	.+2      	; 0xd7a <__fpcmp_parts_f+0xe>
     d78:	47 c0       	rjmp	.+142    	; 0xe08 <__fpcmp_parts_f+0x9c>
     d7a:	80 81       	ld	r24, Z
     d7c:	82 30       	cpi	r24, 0x02	; 2
     d7e:	08 f4       	brcc	.+2      	; 0xd82 <__fpcmp_parts_f+0x16>
     d80:	43 c0       	rjmp	.+134    	; 0xe08 <__fpcmp_parts_f+0x9c>
     d82:	94 30       	cpi	r25, 0x04	; 4
     d84:	51 f4       	brne	.+20     	; 0xd9a <__fpcmp_parts_f+0x2e>
     d86:	11 96       	adiw	r26, 0x01	; 1
     d88:	1c 91       	ld	r17, X
     d8a:	84 30       	cpi	r24, 0x04	; 4
     d8c:	99 f5       	brne	.+102    	; 0xdf4 <__fpcmp_parts_f+0x88>
     d8e:	81 81       	ldd	r24, Z+1	; 0x01
     d90:	68 2f       	mov	r22, r24
     d92:	70 e0       	ldi	r23, 0x00	; 0
     d94:	61 1b       	sub	r22, r17
     d96:	71 09       	sbc	r23, r1
     d98:	3f c0       	rjmp	.+126    	; 0xe18 <__fpcmp_parts_f+0xac>
     d9a:	84 30       	cpi	r24, 0x04	; 4
     d9c:	21 f0       	breq	.+8      	; 0xda6 <__fpcmp_parts_f+0x3a>
     d9e:	92 30       	cpi	r25, 0x02	; 2
     da0:	31 f4       	brne	.+12     	; 0xdae <__fpcmp_parts_f+0x42>
     da2:	82 30       	cpi	r24, 0x02	; 2
     da4:	b9 f1       	breq	.+110    	; 0xe14 <__fpcmp_parts_f+0xa8>
     da6:	81 81       	ldd	r24, Z+1	; 0x01
     da8:	88 23       	and	r24, r24
     daa:	89 f1       	breq	.+98     	; 0xe0e <__fpcmp_parts_f+0xa2>
     dac:	2d c0       	rjmp	.+90     	; 0xe08 <__fpcmp_parts_f+0x9c>
     dae:	11 96       	adiw	r26, 0x01	; 1
     db0:	1c 91       	ld	r17, X
     db2:	11 97       	sbiw	r26, 0x01	; 1
     db4:	82 30       	cpi	r24, 0x02	; 2
     db6:	f1 f0       	breq	.+60     	; 0xdf4 <__fpcmp_parts_f+0x88>
     db8:	81 81       	ldd	r24, Z+1	; 0x01
     dba:	18 17       	cp	r17, r24
     dbc:	d9 f4       	brne	.+54     	; 0xdf4 <__fpcmp_parts_f+0x88>
     dbe:	12 96       	adiw	r26, 0x02	; 2
     dc0:	2d 91       	ld	r18, X+
     dc2:	3c 91       	ld	r19, X
     dc4:	13 97       	sbiw	r26, 0x03	; 3
     dc6:	82 81       	ldd	r24, Z+2	; 0x02
     dc8:	93 81       	ldd	r25, Z+3	; 0x03
     dca:	82 17       	cp	r24, r18
     dcc:	93 07       	cpc	r25, r19
     dce:	94 f0       	brlt	.+36     	; 0xdf4 <__fpcmp_parts_f+0x88>
     dd0:	28 17       	cp	r18, r24
     dd2:	39 07       	cpc	r19, r25
     dd4:	bc f0       	brlt	.+46     	; 0xe04 <__fpcmp_parts_f+0x98>
     dd6:	14 96       	adiw	r26, 0x04	; 4
     dd8:	8d 91       	ld	r24, X+
     dda:	9d 91       	ld	r25, X+
     ddc:	0d 90       	ld	r0, X+
     dde:	bc 91       	ld	r27, X
     de0:	a0 2d       	mov	r26, r0
     de2:	24 81       	ldd	r18, Z+4	; 0x04
     de4:	35 81       	ldd	r19, Z+5	; 0x05
     de6:	46 81       	ldd	r20, Z+6	; 0x06
     de8:	57 81       	ldd	r21, Z+7	; 0x07
     dea:	28 17       	cp	r18, r24
     dec:	39 07       	cpc	r19, r25
     dee:	4a 07       	cpc	r20, r26
     df0:	5b 07       	cpc	r21, r27
     df2:	18 f4       	brcc	.+6      	; 0xdfa <__fpcmp_parts_f+0x8e>
     df4:	11 23       	and	r17, r17
     df6:	41 f0       	breq	.+16     	; 0xe08 <__fpcmp_parts_f+0x9c>
     df8:	0a c0       	rjmp	.+20     	; 0xe0e <__fpcmp_parts_f+0xa2>
     dfa:	82 17       	cp	r24, r18
     dfc:	93 07       	cpc	r25, r19
     dfe:	a4 07       	cpc	r26, r20
     e00:	b5 07       	cpc	r27, r21
     e02:	40 f4       	brcc	.+16     	; 0xe14 <__fpcmp_parts_f+0xa8>
     e04:	11 23       	and	r17, r17
     e06:	19 f0       	breq	.+6      	; 0xe0e <__fpcmp_parts_f+0xa2>
     e08:	61 e0       	ldi	r22, 0x01	; 1
     e0a:	70 e0       	ldi	r23, 0x00	; 0
     e0c:	05 c0       	rjmp	.+10     	; 0xe18 <__fpcmp_parts_f+0xac>
     e0e:	6f ef       	ldi	r22, 0xFF	; 255
     e10:	7f ef       	ldi	r23, 0xFF	; 255
     e12:	02 c0       	rjmp	.+4      	; 0xe18 <__fpcmp_parts_f+0xac>
     e14:	60 e0       	ldi	r22, 0x00	; 0
     e16:	70 e0       	ldi	r23, 0x00	; 0
     e18:	cb 01       	movw	r24, r22
     e1a:	1f 91       	pop	r17
     e1c:	08 95       	ret

00000e1e <ADC_init>:
 */
#include "ADC.h"
#include <avr/io.h>
#include "common_macros.h"

void ADC_init(void){
     e1e:	df 93       	push	r29
     e20:	cf 93       	push	r28
     e22:	cd b7       	in	r28, 0x3d	; 61
     e24:	de b7       	in	r29, 0x3e	; 62
	/*choose 2.56V as a vref
	 * */
	ADMUX=(1<<REFS0)|(1<<REFS1);
     e26:	e7 e2       	ldi	r30, 0x27	; 39
     e28:	f0 e0       	ldi	r31, 0x00	; 0
     e2a:	80 ec       	ldi	r24, 0xC0	; 192
     e2c:	80 83       	st	Z, r24
	/*enable the adc and choose the prescaler
	 * */
	ADCSRA=(1<<ADEN)|(1<<ADPS0)|(1<<ADPS1)|(1<<ADPS2);
     e2e:	e6 e2       	ldi	r30, 0x26	; 38
     e30:	f0 e0       	ldi	r31, 0x00	; 0
     e32:	87 e8       	ldi	r24, 0x87	; 135
     e34:	80 83       	st	Z, r24

}
     e36:	cf 91       	pop	r28
     e38:	df 91       	pop	r29
     e3a:	08 95       	ret

00000e3c <ADC_readChannel>:
uint16 ADC_readChannel(uint8 ch_num){
     e3c:	df 93       	push	r29
     e3e:	cf 93       	push	r28
     e40:	0f 92       	push	r0
     e42:	cd b7       	in	r28, 0x3d	; 61
     e44:	de b7       	in	r29, 0x3e	; 62
     e46:	89 83       	std	Y+1, r24	; 0x01
	ADMUX=(ADMUX&0xE0)|(ch_num&0x1F);
     e48:	a7 e2       	ldi	r26, 0x27	; 39
     e4a:	b0 e0       	ldi	r27, 0x00	; 0
     e4c:	e7 e2       	ldi	r30, 0x27	; 39
     e4e:	f0 e0       	ldi	r31, 0x00	; 0
     e50:	80 81       	ld	r24, Z
     e52:	98 2f       	mov	r25, r24
     e54:	90 7e       	andi	r25, 0xE0	; 224
     e56:	89 81       	ldd	r24, Y+1	; 0x01
     e58:	8f 71       	andi	r24, 0x1F	; 31
     e5a:	89 2b       	or	r24, r25
     e5c:	8c 93       	st	X, r24
	SET_BIT(ADCSRA,ADSC);
     e5e:	a6 e2       	ldi	r26, 0x26	; 38
     e60:	b0 e0       	ldi	r27, 0x00	; 0
     e62:	e6 e2       	ldi	r30, 0x26	; 38
     e64:	f0 e0       	ldi	r31, 0x00	; 0
     e66:	80 81       	ld	r24, Z
     e68:	80 64       	ori	r24, 0x40	; 64
     e6a:	8c 93       	st	X, r24
	while(BIT_IS_CLEAR(ADCSRA,ADIF)){}
     e6c:	e6 e2       	ldi	r30, 0x26	; 38
     e6e:	f0 e0       	ldi	r31, 0x00	; 0
     e70:	80 81       	ld	r24, Z
     e72:	88 2f       	mov	r24, r24
     e74:	90 e0       	ldi	r25, 0x00	; 0
     e76:	80 71       	andi	r24, 0x10	; 16
     e78:	90 70       	andi	r25, 0x00	; 0
     e7a:	00 97       	sbiw	r24, 0x00	; 0
     e7c:	b9 f3       	breq	.-18     	; 0xe6c <ADC_readChannel+0x30>
	SET_BIT(ADCSRA,ADIF);
     e7e:	a6 e2       	ldi	r26, 0x26	; 38
     e80:	b0 e0       	ldi	r27, 0x00	; 0
     e82:	e6 e2       	ldi	r30, 0x26	; 38
     e84:	f0 e0       	ldi	r31, 0x00	; 0
     e86:	80 81       	ld	r24, Z
     e88:	80 61       	ori	r24, 0x10	; 16
     e8a:	8c 93       	st	X, r24
	return ADC;
     e8c:	e4 e2       	ldi	r30, 0x24	; 36
     e8e:	f0 e0       	ldi	r31, 0x00	; 0
     e90:	80 81       	ld	r24, Z
     e92:	91 81       	ldd	r25, Z+1	; 0x01


}
     e94:	0f 90       	pop	r0
     e96:	cf 91       	pop	r28
     e98:	df 91       	pop	r29
     e9a:	08 95       	ret

00000e9c <LCD_sendCommand>:

/*
 * Description :
 * Display the required character on the screen
 */
void LCD_sendCommand(uint8 command) {
     e9c:	df 93       	push	r29
     e9e:	cf 93       	push	r28
     ea0:	cd b7       	in	r28, 0x3d	; 61
     ea2:	de b7       	in	r29, 0x3e	; 62
     ea4:	e9 97       	sbiw	r28, 0x39	; 57
     ea6:	0f b6       	in	r0, 0x3f	; 63
     ea8:	f8 94       	cli
     eaa:	de bf       	out	0x3e, r29	; 62
     eac:	0f be       	out	0x3f, r0	; 63
     eae:	cd bf       	out	0x3d, r28	; 61
     eb0:	89 af       	std	Y+57, r24	; 0x39
	GPIO_writePin(LCD_RS_PORT_ID, LCD_RS_PIN_ID, LOGIC_LOW);
     eb2:	83 e0       	ldi	r24, 0x03	; 3
     eb4:	60 e0       	ldi	r22, 0x00	; 0
     eb6:	40 e0       	ldi	r20, 0x00	; 0
     eb8:	0e 94 76 0f 	call	0x1eec	; 0x1eec <GPIO_writePin>
     ebc:	80 e0       	ldi	r24, 0x00	; 0
     ebe:	90 e0       	ldi	r25, 0x00	; 0
     ec0:	a0 e8       	ldi	r26, 0x80	; 128
     ec2:	bf e3       	ldi	r27, 0x3F	; 63
     ec4:	8d ab       	std	Y+53, r24	; 0x35
     ec6:	9e ab       	std	Y+54, r25	; 0x36
     ec8:	af ab       	std	Y+55, r26	; 0x37
     eca:	b8 af       	std	Y+56, r27	; 0x38
 */
void
_delay_ms(double __ms)
{
	uint16_t __ticks;
	double __tmp = ((F_CPU) / 4e3) * __ms;
     ecc:	6d a9       	ldd	r22, Y+53	; 0x35
     ece:	7e a9       	ldd	r23, Y+54	; 0x36
     ed0:	8f a9       	ldd	r24, Y+55	; 0x37
     ed2:	98 ad       	ldd	r25, Y+56	; 0x38
     ed4:	20 e0       	ldi	r18, 0x00	; 0
     ed6:	30 e0       	ldi	r19, 0x00	; 0
     ed8:	4a e7       	ldi	r20, 0x7A	; 122
     eda:	55 e4       	ldi	r21, 0x45	; 69
     edc:	0e 94 17 02 	call	0x42e	; 0x42e <__mulsf3>
     ee0:	dc 01       	movw	r26, r24
     ee2:	cb 01       	movw	r24, r22
     ee4:	89 ab       	std	Y+49, r24	; 0x31
     ee6:	9a ab       	std	Y+50, r25	; 0x32
     ee8:	ab ab       	std	Y+51, r26	; 0x33
     eea:	bc ab       	std	Y+52, r27	; 0x34
	if (__tmp < 1.0)
     eec:	69 a9       	ldd	r22, Y+49	; 0x31
     eee:	7a a9       	ldd	r23, Y+50	; 0x32
     ef0:	8b a9       	ldd	r24, Y+51	; 0x33
     ef2:	9c a9       	ldd	r25, Y+52	; 0x34
     ef4:	20 e0       	ldi	r18, 0x00	; 0
     ef6:	30 e0       	ldi	r19, 0x00	; 0
     ef8:	40 e8       	ldi	r20, 0x80	; 128
     efa:	5f e3       	ldi	r21, 0x3F	; 63
     efc:	0e 94 1d 04 	call	0x83a	; 0x83a <__ltsf2>
     f00:	88 23       	and	r24, r24
     f02:	2c f4       	brge	.+10     	; 0xf0e <LCD_sendCommand+0x72>
		__ticks = 1;
     f04:	81 e0       	ldi	r24, 0x01	; 1
     f06:	90 e0       	ldi	r25, 0x00	; 0
     f08:	98 ab       	std	Y+48, r25	; 0x30
     f0a:	8f a7       	std	Y+47, r24	; 0x2f
     f0c:	3f c0       	rjmp	.+126    	; 0xf8c <LCD_sendCommand+0xf0>
	else if (__tmp > 65535)
     f0e:	69 a9       	ldd	r22, Y+49	; 0x31
     f10:	7a a9       	ldd	r23, Y+50	; 0x32
     f12:	8b a9       	ldd	r24, Y+51	; 0x33
     f14:	9c a9       	ldd	r25, Y+52	; 0x34
     f16:	20 e0       	ldi	r18, 0x00	; 0
     f18:	3f ef       	ldi	r19, 0xFF	; 255
     f1a:	4f e7       	ldi	r20, 0x7F	; 127
     f1c:	57 e4       	ldi	r21, 0x47	; 71
     f1e:	0e 94 bd 03 	call	0x77a	; 0x77a <__gtsf2>
     f22:	18 16       	cp	r1, r24
     f24:	4c f5       	brge	.+82     	; 0xf78 <LCD_sendCommand+0xdc>
	{
		//	__ticks = requested delay in 1/10 ms
		__ticks = (uint16_t) (__ms * 10.0);
     f26:	6d a9       	ldd	r22, Y+53	; 0x35
     f28:	7e a9       	ldd	r23, Y+54	; 0x36
     f2a:	8f a9       	ldd	r24, Y+55	; 0x37
     f2c:	98 ad       	ldd	r25, Y+56	; 0x38
     f2e:	20 e0       	ldi	r18, 0x00	; 0
     f30:	30 e0       	ldi	r19, 0x00	; 0
     f32:	40 e2       	ldi	r20, 0x20	; 32
     f34:	51 e4       	ldi	r21, 0x41	; 65
     f36:	0e 94 17 02 	call	0x42e	; 0x42e <__mulsf3>
     f3a:	dc 01       	movw	r26, r24
     f3c:	cb 01       	movw	r24, r22
     f3e:	bc 01       	movw	r22, r24
     f40:	cd 01       	movw	r24, r26
     f42:	0e 94 41 00 	call	0x82	; 0x82 <__fixunssfsi>
     f46:	dc 01       	movw	r26, r24
     f48:	cb 01       	movw	r24, r22
     f4a:	98 ab       	std	Y+48, r25	; 0x30
     f4c:	8f a7       	std	Y+47, r24	; 0x2f
     f4e:	0f c0       	rjmp	.+30     	; 0xf6e <LCD_sendCommand+0xd2>
     f50:	80 e9       	ldi	r24, 0x90	; 144
     f52:	91 e0       	ldi	r25, 0x01	; 1
     f54:	9e a7       	std	Y+46, r25	; 0x2e
     f56:	8d a7       	std	Y+45, r24	; 0x2d
    milliseconds can be achieved.
 */
void
_delay_loop_2(uint16_t __count)
{
	__asm__ volatile (
     f58:	8d a5       	ldd	r24, Y+45	; 0x2d
     f5a:	9e a5       	ldd	r25, Y+46	; 0x2e
     f5c:	01 97       	sbiw	r24, 0x01	; 1
     f5e:	f1 f7       	brne	.-4      	; 0xf5c <LCD_sendCommand+0xc0>
     f60:	9e a7       	std	Y+46, r25	; 0x2e
     f62:	8d a7       	std	Y+45, r24	; 0x2d
		while(__ticks)
		{
			// wait 1/10 ms
			_delay_loop_2(((F_CPU) / 4e3) / 10);
			__ticks --;
     f64:	8f a5       	ldd	r24, Y+47	; 0x2f
     f66:	98 a9       	ldd	r25, Y+48	; 0x30
     f68:	01 97       	sbiw	r24, 0x01	; 1
     f6a:	98 ab       	std	Y+48, r25	; 0x30
     f6c:	8f a7       	std	Y+47, r24	; 0x2f
		__ticks = 1;
	else if (__tmp > 65535)
	{
		//	__ticks = requested delay in 1/10 ms
		__ticks = (uint16_t) (__ms * 10.0);
		while(__ticks)
     f6e:	8f a5       	ldd	r24, Y+47	; 0x2f
     f70:	98 a9       	ldd	r25, Y+48	; 0x30
     f72:	00 97       	sbiw	r24, 0x00	; 0
     f74:	69 f7       	brne	.-38     	; 0xf50 <LCD_sendCommand+0xb4>
     f76:	14 c0       	rjmp	.+40     	; 0xfa0 <LCD_sendCommand+0x104>
			__ticks --;
		}
		return;
	}
	else
		__ticks = (uint16_t)__tmp;
     f78:	69 a9       	ldd	r22, Y+49	; 0x31
     f7a:	7a a9       	ldd	r23, Y+50	; 0x32
     f7c:	8b a9       	ldd	r24, Y+51	; 0x33
     f7e:	9c a9       	ldd	r25, Y+52	; 0x34
     f80:	0e 94 41 00 	call	0x82	; 0x82 <__fixunssfsi>
     f84:	dc 01       	movw	r26, r24
     f86:	cb 01       	movw	r24, r22
     f88:	98 ab       	std	Y+48, r25	; 0x30
     f8a:	8f a7       	std	Y+47, r24	; 0x2f
     f8c:	8f a5       	ldd	r24, Y+47	; 0x2f
     f8e:	98 a9       	ldd	r25, Y+48	; 0x30
     f90:	9c a7       	std	Y+44, r25	; 0x2c
     f92:	8b a7       	std	Y+43, r24	; 0x2b
     f94:	8b a5       	ldd	r24, Y+43	; 0x2b
     f96:	9c a5       	ldd	r25, Y+44	; 0x2c
     f98:	01 97       	sbiw	r24, 0x01	; 1
     f9a:	f1 f7       	brne	.-4      	; 0xf98 <LCD_sendCommand+0xfc>
     f9c:	9c a7       	std	Y+44, r25	; 0x2c
     f9e:	8b a7       	std	Y+43, r24	; 0x2b
	_delay_ms(1);
	GPIO_writePin(LCD_E_PORT_ID, LCD_E_PIN_ID, LOGIC_HIGH);
     fa0:	83 e0       	ldi	r24, 0x03	; 3
     fa2:	61 e0       	ldi	r22, 0x01	; 1
     fa4:	41 e0       	ldi	r20, 0x01	; 1
     fa6:	0e 94 76 0f 	call	0x1eec	; 0x1eec <GPIO_writePin>
     faa:	80 e0       	ldi	r24, 0x00	; 0
     fac:	90 e0       	ldi	r25, 0x00	; 0
     fae:	a0 e8       	ldi	r26, 0x80	; 128
     fb0:	bf e3       	ldi	r27, 0x3F	; 63
     fb2:	8f a3       	std	Y+39, r24	; 0x27
     fb4:	98 a7       	std	Y+40, r25	; 0x28
     fb6:	a9 a7       	std	Y+41, r26	; 0x29
     fb8:	ba a7       	std	Y+42, r27	; 0x2a
 */
void
_delay_ms(double __ms)
{
	uint16_t __ticks;
	double __tmp = ((F_CPU) / 4e3) * __ms;
     fba:	6f a1       	ldd	r22, Y+39	; 0x27
     fbc:	78 a5       	ldd	r23, Y+40	; 0x28
     fbe:	89 a5       	ldd	r24, Y+41	; 0x29
     fc0:	9a a5       	ldd	r25, Y+42	; 0x2a
     fc2:	20 e0       	ldi	r18, 0x00	; 0
     fc4:	30 e0       	ldi	r19, 0x00	; 0
     fc6:	4a e7       	ldi	r20, 0x7A	; 122
     fc8:	55 e4       	ldi	r21, 0x45	; 69
     fca:	0e 94 17 02 	call	0x42e	; 0x42e <__mulsf3>
     fce:	dc 01       	movw	r26, r24
     fd0:	cb 01       	movw	r24, r22
     fd2:	8b a3       	std	Y+35, r24	; 0x23
     fd4:	9c a3       	std	Y+36, r25	; 0x24
     fd6:	ad a3       	std	Y+37, r26	; 0x25
     fd8:	be a3       	std	Y+38, r27	; 0x26
	if (__tmp < 1.0)
     fda:	6b a1       	ldd	r22, Y+35	; 0x23
     fdc:	7c a1       	ldd	r23, Y+36	; 0x24
     fde:	8d a1       	ldd	r24, Y+37	; 0x25
     fe0:	9e a1       	ldd	r25, Y+38	; 0x26
     fe2:	20 e0       	ldi	r18, 0x00	; 0
     fe4:	30 e0       	ldi	r19, 0x00	; 0
     fe6:	40 e8       	ldi	r20, 0x80	; 128
     fe8:	5f e3       	ldi	r21, 0x3F	; 63
     fea:	0e 94 1d 04 	call	0x83a	; 0x83a <__ltsf2>
     fee:	88 23       	and	r24, r24
     ff0:	2c f4       	brge	.+10     	; 0xffc <LCD_sendCommand+0x160>
		__ticks = 1;
     ff2:	81 e0       	ldi	r24, 0x01	; 1
     ff4:	90 e0       	ldi	r25, 0x00	; 0
     ff6:	9a a3       	std	Y+34, r25	; 0x22
     ff8:	89 a3       	std	Y+33, r24	; 0x21
     ffa:	3f c0       	rjmp	.+126    	; 0x107a <LCD_sendCommand+0x1de>
	else if (__tmp > 65535)
     ffc:	6b a1       	ldd	r22, Y+35	; 0x23
     ffe:	7c a1       	ldd	r23, Y+36	; 0x24
    1000:	8d a1       	ldd	r24, Y+37	; 0x25
    1002:	9e a1       	ldd	r25, Y+38	; 0x26
    1004:	20 e0       	ldi	r18, 0x00	; 0
    1006:	3f ef       	ldi	r19, 0xFF	; 255
    1008:	4f e7       	ldi	r20, 0x7F	; 127
    100a:	57 e4       	ldi	r21, 0x47	; 71
    100c:	0e 94 bd 03 	call	0x77a	; 0x77a <__gtsf2>
    1010:	18 16       	cp	r1, r24
    1012:	4c f5       	brge	.+82     	; 0x1066 <LCD_sendCommand+0x1ca>
	{
		//	__ticks = requested delay in 1/10 ms
		__ticks = (uint16_t) (__ms * 10.0);
    1014:	6f a1       	ldd	r22, Y+39	; 0x27
    1016:	78 a5       	ldd	r23, Y+40	; 0x28
    1018:	89 a5       	ldd	r24, Y+41	; 0x29
    101a:	9a a5       	ldd	r25, Y+42	; 0x2a
    101c:	20 e0       	ldi	r18, 0x00	; 0
    101e:	30 e0       	ldi	r19, 0x00	; 0
    1020:	40 e2       	ldi	r20, 0x20	; 32
    1022:	51 e4       	ldi	r21, 0x41	; 65
    1024:	0e 94 17 02 	call	0x42e	; 0x42e <__mulsf3>
    1028:	dc 01       	movw	r26, r24
    102a:	cb 01       	movw	r24, r22
    102c:	bc 01       	movw	r22, r24
    102e:	cd 01       	movw	r24, r26
    1030:	0e 94 41 00 	call	0x82	; 0x82 <__fixunssfsi>
    1034:	dc 01       	movw	r26, r24
    1036:	cb 01       	movw	r24, r22
    1038:	9a a3       	std	Y+34, r25	; 0x22
    103a:	89 a3       	std	Y+33, r24	; 0x21
    103c:	0f c0       	rjmp	.+30     	; 0x105c <LCD_sendCommand+0x1c0>
    103e:	80 e9       	ldi	r24, 0x90	; 144
    1040:	91 e0       	ldi	r25, 0x01	; 1
    1042:	98 a3       	std	Y+32, r25	; 0x20
    1044:	8f 8f       	std	Y+31, r24	; 0x1f
    1046:	8f 8d       	ldd	r24, Y+31	; 0x1f
    1048:	98 a1       	ldd	r25, Y+32	; 0x20
    104a:	01 97       	sbiw	r24, 0x01	; 1
    104c:	f1 f7       	brne	.-4      	; 0x104a <LCD_sendCommand+0x1ae>
    104e:	98 a3       	std	Y+32, r25	; 0x20
    1050:	8f 8f       	std	Y+31, r24	; 0x1f
		while(__ticks)
		{
			// wait 1/10 ms
			_delay_loop_2(((F_CPU) / 4e3) / 10);
			__ticks --;
    1052:	89 a1       	ldd	r24, Y+33	; 0x21
    1054:	9a a1       	ldd	r25, Y+34	; 0x22
    1056:	01 97       	sbiw	r24, 0x01	; 1
    1058:	9a a3       	std	Y+34, r25	; 0x22
    105a:	89 a3       	std	Y+33, r24	; 0x21
		__ticks = 1;
	else if (__tmp > 65535)
	{
		//	__ticks = requested delay in 1/10 ms
		__ticks = (uint16_t) (__ms * 10.0);
		while(__ticks)
    105c:	89 a1       	ldd	r24, Y+33	; 0x21
    105e:	9a a1       	ldd	r25, Y+34	; 0x22
    1060:	00 97       	sbiw	r24, 0x00	; 0
    1062:	69 f7       	brne	.-38     	; 0x103e <LCD_sendCommand+0x1a2>
    1064:	14 c0       	rjmp	.+40     	; 0x108e <LCD_sendCommand+0x1f2>
			__ticks --;
		}
		return;
	}
	else
		__ticks = (uint16_t)__tmp;
    1066:	6b a1       	ldd	r22, Y+35	; 0x23
    1068:	7c a1       	ldd	r23, Y+36	; 0x24
    106a:	8d a1       	ldd	r24, Y+37	; 0x25
    106c:	9e a1       	ldd	r25, Y+38	; 0x26
    106e:	0e 94 41 00 	call	0x82	; 0x82 <__fixunssfsi>
    1072:	dc 01       	movw	r26, r24
    1074:	cb 01       	movw	r24, r22
    1076:	9a a3       	std	Y+34, r25	; 0x22
    1078:	89 a3       	std	Y+33, r24	; 0x21
    107a:	89 a1       	ldd	r24, Y+33	; 0x21
    107c:	9a a1       	ldd	r25, Y+34	; 0x22
    107e:	9e 8f       	std	Y+30, r25	; 0x1e
    1080:	8d 8f       	std	Y+29, r24	; 0x1d
    1082:	8d 8d       	ldd	r24, Y+29	; 0x1d
    1084:	9e 8d       	ldd	r25, Y+30	; 0x1e
    1086:	01 97       	sbiw	r24, 0x01	; 1
    1088:	f1 f7       	brne	.-4      	; 0x1086 <LCD_sendCommand+0x1ea>
    108a:	9e 8f       	std	Y+30, r25	; 0x1e
    108c:	8d 8f       	std	Y+29, r24	; 0x1d
	_delay_ms(1);
#if(LCD_MODE==8)
	GPIO_writePort(LCD_DATA_PORT_ID, command);
    108e:	82 e0       	ldi	r24, 0x02	; 2
    1090:	69 ad       	ldd	r22, Y+57	; 0x39
    1092:	0e 94 5a 11 	call	0x22b4	; 0x22b4 <GPIO_writePort>
    1096:	80 e0       	ldi	r24, 0x00	; 0
    1098:	90 e0       	ldi	r25, 0x00	; 0
    109a:	a0 e8       	ldi	r26, 0x80	; 128
    109c:	bf e3       	ldi	r27, 0x3F	; 63
    109e:	89 8f       	std	Y+25, r24	; 0x19
    10a0:	9a 8f       	std	Y+26, r25	; 0x1a
    10a2:	ab 8f       	std	Y+27, r26	; 0x1b
    10a4:	bc 8f       	std	Y+28, r27	; 0x1c
 */
void
_delay_ms(double __ms)
{
	uint16_t __ticks;
	double __tmp = ((F_CPU) / 4e3) * __ms;
    10a6:	69 8d       	ldd	r22, Y+25	; 0x19
    10a8:	7a 8d       	ldd	r23, Y+26	; 0x1a
    10aa:	8b 8d       	ldd	r24, Y+27	; 0x1b
    10ac:	9c 8d       	ldd	r25, Y+28	; 0x1c
    10ae:	20 e0       	ldi	r18, 0x00	; 0
    10b0:	30 e0       	ldi	r19, 0x00	; 0
    10b2:	4a e7       	ldi	r20, 0x7A	; 122
    10b4:	55 e4       	ldi	r21, 0x45	; 69
    10b6:	0e 94 17 02 	call	0x42e	; 0x42e <__mulsf3>
    10ba:	dc 01       	movw	r26, r24
    10bc:	cb 01       	movw	r24, r22
    10be:	8d 8b       	std	Y+21, r24	; 0x15
    10c0:	9e 8b       	std	Y+22, r25	; 0x16
    10c2:	af 8b       	std	Y+23, r26	; 0x17
    10c4:	b8 8f       	std	Y+24, r27	; 0x18
	if (__tmp < 1.0)
    10c6:	6d 89       	ldd	r22, Y+21	; 0x15
    10c8:	7e 89       	ldd	r23, Y+22	; 0x16
    10ca:	8f 89       	ldd	r24, Y+23	; 0x17
    10cc:	98 8d       	ldd	r25, Y+24	; 0x18
    10ce:	20 e0       	ldi	r18, 0x00	; 0
    10d0:	30 e0       	ldi	r19, 0x00	; 0
    10d2:	40 e8       	ldi	r20, 0x80	; 128
    10d4:	5f e3       	ldi	r21, 0x3F	; 63
    10d6:	0e 94 1d 04 	call	0x83a	; 0x83a <__ltsf2>
    10da:	88 23       	and	r24, r24
    10dc:	2c f4       	brge	.+10     	; 0x10e8 <LCD_sendCommand+0x24c>
		__ticks = 1;
    10de:	81 e0       	ldi	r24, 0x01	; 1
    10e0:	90 e0       	ldi	r25, 0x00	; 0
    10e2:	9c 8b       	std	Y+20, r25	; 0x14
    10e4:	8b 8b       	std	Y+19, r24	; 0x13
    10e6:	3f c0       	rjmp	.+126    	; 0x1166 <LCD_sendCommand+0x2ca>
	else if (__tmp > 65535)
    10e8:	6d 89       	ldd	r22, Y+21	; 0x15
    10ea:	7e 89       	ldd	r23, Y+22	; 0x16
    10ec:	8f 89       	ldd	r24, Y+23	; 0x17
    10ee:	98 8d       	ldd	r25, Y+24	; 0x18
    10f0:	20 e0       	ldi	r18, 0x00	; 0
    10f2:	3f ef       	ldi	r19, 0xFF	; 255
    10f4:	4f e7       	ldi	r20, 0x7F	; 127
    10f6:	57 e4       	ldi	r21, 0x47	; 71
    10f8:	0e 94 bd 03 	call	0x77a	; 0x77a <__gtsf2>
    10fc:	18 16       	cp	r1, r24
    10fe:	4c f5       	brge	.+82     	; 0x1152 <LCD_sendCommand+0x2b6>
	{
		//	__ticks = requested delay in 1/10 ms
		__ticks = (uint16_t) (__ms * 10.0);
    1100:	69 8d       	ldd	r22, Y+25	; 0x19
    1102:	7a 8d       	ldd	r23, Y+26	; 0x1a
    1104:	8b 8d       	ldd	r24, Y+27	; 0x1b
    1106:	9c 8d       	ldd	r25, Y+28	; 0x1c
    1108:	20 e0       	ldi	r18, 0x00	; 0
    110a:	30 e0       	ldi	r19, 0x00	; 0
    110c:	40 e2       	ldi	r20, 0x20	; 32
    110e:	51 e4       	ldi	r21, 0x41	; 65
    1110:	0e 94 17 02 	call	0x42e	; 0x42e <__mulsf3>
    1114:	dc 01       	movw	r26, r24
    1116:	cb 01       	movw	r24, r22
    1118:	bc 01       	movw	r22, r24
    111a:	cd 01       	movw	r24, r26
    111c:	0e 94 41 00 	call	0x82	; 0x82 <__fixunssfsi>
    1120:	dc 01       	movw	r26, r24
    1122:	cb 01       	movw	r24, r22
    1124:	9c 8b       	std	Y+20, r25	; 0x14
    1126:	8b 8b       	std	Y+19, r24	; 0x13
    1128:	0f c0       	rjmp	.+30     	; 0x1148 <LCD_sendCommand+0x2ac>
    112a:	80 e9       	ldi	r24, 0x90	; 144
    112c:	91 e0       	ldi	r25, 0x01	; 1
    112e:	9a 8b       	std	Y+18, r25	; 0x12
    1130:	89 8b       	std	Y+17, r24	; 0x11
    1132:	89 89       	ldd	r24, Y+17	; 0x11
    1134:	9a 89       	ldd	r25, Y+18	; 0x12
    1136:	01 97       	sbiw	r24, 0x01	; 1
    1138:	f1 f7       	brne	.-4      	; 0x1136 <LCD_sendCommand+0x29a>
    113a:	9a 8b       	std	Y+18, r25	; 0x12
    113c:	89 8b       	std	Y+17, r24	; 0x11
		while(__ticks)
		{
			// wait 1/10 ms
			_delay_loop_2(((F_CPU) / 4e3) / 10);
			__ticks --;
    113e:	8b 89       	ldd	r24, Y+19	; 0x13
    1140:	9c 89       	ldd	r25, Y+20	; 0x14
    1142:	01 97       	sbiw	r24, 0x01	; 1
    1144:	9c 8b       	std	Y+20, r25	; 0x14
    1146:	8b 8b       	std	Y+19, r24	; 0x13
		__ticks = 1;
	else if (__tmp > 65535)
	{
		//	__ticks = requested delay in 1/10 ms
		__ticks = (uint16_t) (__ms * 10.0);
		while(__ticks)
    1148:	8b 89       	ldd	r24, Y+19	; 0x13
    114a:	9c 89       	ldd	r25, Y+20	; 0x14
    114c:	00 97       	sbiw	r24, 0x00	; 0
    114e:	69 f7       	brne	.-38     	; 0x112a <LCD_sendCommand+0x28e>
    1150:	14 c0       	rjmp	.+40     	; 0x117a <LCD_sendCommand+0x2de>
			__ticks --;
		}
		return;
	}
	else
		__ticks = (uint16_t)__tmp;
    1152:	6d 89       	ldd	r22, Y+21	; 0x15
    1154:	7e 89       	ldd	r23, Y+22	; 0x16
    1156:	8f 89       	ldd	r24, Y+23	; 0x17
    1158:	98 8d       	ldd	r25, Y+24	; 0x18
    115a:	0e 94 41 00 	call	0x82	; 0x82 <__fixunssfsi>
    115e:	dc 01       	movw	r26, r24
    1160:	cb 01       	movw	r24, r22
    1162:	9c 8b       	std	Y+20, r25	; 0x14
    1164:	8b 8b       	std	Y+19, r24	; 0x13
    1166:	8b 89       	ldd	r24, Y+19	; 0x13
    1168:	9c 89       	ldd	r25, Y+20	; 0x14
    116a:	98 8b       	std	Y+16, r25	; 0x10
    116c:	8f 87       	std	Y+15, r24	; 0x0f
    116e:	8f 85       	ldd	r24, Y+15	; 0x0f
    1170:	98 89       	ldd	r25, Y+16	; 0x10
    1172:	01 97       	sbiw	r24, 0x01	; 1
    1174:	f1 f7       	brne	.-4      	; 0x1172 <LCD_sendCommand+0x2d6>
    1176:	98 8b       	std	Y+16, r25	; 0x10
    1178:	8f 87       	std	Y+15, r24	; 0x0f
	_delay_ms(1);
	GPIO_writePin(LCD_E_PORT_ID, LCD_E_PIN_ID, LOGIC_LOW);
    117a:	83 e0       	ldi	r24, 0x03	; 3
    117c:	61 e0       	ldi	r22, 0x01	; 1
    117e:	40 e0       	ldi	r20, 0x00	; 0
    1180:	0e 94 76 0f 	call	0x1eec	; 0x1eec <GPIO_writePin>
    1184:	80 e0       	ldi	r24, 0x00	; 0
    1186:	90 e0       	ldi	r25, 0x00	; 0
    1188:	a0 e8       	ldi	r26, 0x80	; 128
    118a:	bf e3       	ldi	r27, 0x3F	; 63
    118c:	8b 87       	std	Y+11, r24	; 0x0b
    118e:	9c 87       	std	Y+12, r25	; 0x0c
    1190:	ad 87       	std	Y+13, r26	; 0x0d
    1192:	be 87       	std	Y+14, r27	; 0x0e
 */
void
_delay_ms(double __ms)
{
	uint16_t __ticks;
	double __tmp = ((F_CPU) / 4e3) * __ms;
    1194:	6b 85       	ldd	r22, Y+11	; 0x0b
    1196:	7c 85       	ldd	r23, Y+12	; 0x0c
    1198:	8d 85       	ldd	r24, Y+13	; 0x0d
    119a:	9e 85       	ldd	r25, Y+14	; 0x0e
    119c:	20 e0       	ldi	r18, 0x00	; 0
    119e:	30 e0       	ldi	r19, 0x00	; 0
    11a0:	4a e7       	ldi	r20, 0x7A	; 122
    11a2:	55 e4       	ldi	r21, 0x45	; 69
    11a4:	0e 94 17 02 	call	0x42e	; 0x42e <__mulsf3>
    11a8:	dc 01       	movw	r26, r24
    11aa:	cb 01       	movw	r24, r22
    11ac:	8f 83       	std	Y+7, r24	; 0x07
    11ae:	98 87       	std	Y+8, r25	; 0x08
    11b0:	a9 87       	std	Y+9, r26	; 0x09
    11b2:	ba 87       	std	Y+10, r27	; 0x0a
	if (__tmp < 1.0)
    11b4:	6f 81       	ldd	r22, Y+7	; 0x07
    11b6:	78 85       	ldd	r23, Y+8	; 0x08
    11b8:	89 85       	ldd	r24, Y+9	; 0x09
    11ba:	9a 85       	ldd	r25, Y+10	; 0x0a
    11bc:	20 e0       	ldi	r18, 0x00	; 0
    11be:	30 e0       	ldi	r19, 0x00	; 0
    11c0:	40 e8       	ldi	r20, 0x80	; 128
    11c2:	5f e3       	ldi	r21, 0x3F	; 63
    11c4:	0e 94 1d 04 	call	0x83a	; 0x83a <__ltsf2>
    11c8:	88 23       	and	r24, r24
    11ca:	2c f4       	brge	.+10     	; 0x11d6 <LCD_sendCommand+0x33a>
		__ticks = 1;
    11cc:	81 e0       	ldi	r24, 0x01	; 1
    11ce:	90 e0       	ldi	r25, 0x00	; 0
    11d0:	9e 83       	std	Y+6, r25	; 0x06
    11d2:	8d 83       	std	Y+5, r24	; 0x05
    11d4:	3f c0       	rjmp	.+126    	; 0x1254 <LCD_sendCommand+0x3b8>
	else if (__tmp > 65535)
    11d6:	6f 81       	ldd	r22, Y+7	; 0x07
    11d8:	78 85       	ldd	r23, Y+8	; 0x08
    11da:	89 85       	ldd	r24, Y+9	; 0x09
    11dc:	9a 85       	ldd	r25, Y+10	; 0x0a
    11de:	20 e0       	ldi	r18, 0x00	; 0
    11e0:	3f ef       	ldi	r19, 0xFF	; 255
    11e2:	4f e7       	ldi	r20, 0x7F	; 127
    11e4:	57 e4       	ldi	r21, 0x47	; 71
    11e6:	0e 94 bd 03 	call	0x77a	; 0x77a <__gtsf2>
    11ea:	18 16       	cp	r1, r24
    11ec:	4c f5       	brge	.+82     	; 0x1240 <LCD_sendCommand+0x3a4>
	{
		//	__ticks = requested delay in 1/10 ms
		__ticks = (uint16_t) (__ms * 10.0);
    11ee:	6b 85       	ldd	r22, Y+11	; 0x0b
    11f0:	7c 85       	ldd	r23, Y+12	; 0x0c
    11f2:	8d 85       	ldd	r24, Y+13	; 0x0d
    11f4:	9e 85       	ldd	r25, Y+14	; 0x0e
    11f6:	20 e0       	ldi	r18, 0x00	; 0
    11f8:	30 e0       	ldi	r19, 0x00	; 0
    11fa:	40 e2       	ldi	r20, 0x20	; 32
    11fc:	51 e4       	ldi	r21, 0x41	; 65
    11fe:	0e 94 17 02 	call	0x42e	; 0x42e <__mulsf3>
    1202:	dc 01       	movw	r26, r24
    1204:	cb 01       	movw	r24, r22
    1206:	bc 01       	movw	r22, r24
    1208:	cd 01       	movw	r24, r26
    120a:	0e 94 41 00 	call	0x82	; 0x82 <__fixunssfsi>
    120e:	dc 01       	movw	r26, r24
    1210:	cb 01       	movw	r24, r22
    1212:	9e 83       	std	Y+6, r25	; 0x06
    1214:	8d 83       	std	Y+5, r24	; 0x05
    1216:	0f c0       	rjmp	.+30     	; 0x1236 <LCD_sendCommand+0x39a>
    1218:	80 e9       	ldi	r24, 0x90	; 144
    121a:	91 e0       	ldi	r25, 0x01	; 1
    121c:	9c 83       	std	Y+4, r25	; 0x04
    121e:	8b 83       	std	Y+3, r24	; 0x03
    1220:	8b 81       	ldd	r24, Y+3	; 0x03
    1222:	9c 81       	ldd	r25, Y+4	; 0x04
    1224:	01 97       	sbiw	r24, 0x01	; 1
    1226:	f1 f7       	brne	.-4      	; 0x1224 <LCD_sendCommand+0x388>
    1228:	9c 83       	std	Y+4, r25	; 0x04
    122a:	8b 83       	std	Y+3, r24	; 0x03
		while(__ticks)
		{
			// wait 1/10 ms
			_delay_loop_2(((F_CPU) / 4e3) / 10);
			__ticks --;
    122c:	8d 81       	ldd	r24, Y+5	; 0x05
    122e:	9e 81       	ldd	r25, Y+6	; 0x06
    1230:	01 97       	sbiw	r24, 0x01	; 1
    1232:	9e 83       	std	Y+6, r25	; 0x06
    1234:	8d 83       	std	Y+5, r24	; 0x05
		__ticks = 1;
	else if (__tmp > 65535)
	{
		//	__ticks = requested delay in 1/10 ms
		__ticks = (uint16_t) (__ms * 10.0);
		while(__ticks)
    1236:	8d 81       	ldd	r24, Y+5	; 0x05
    1238:	9e 81       	ldd	r25, Y+6	; 0x06
    123a:	00 97       	sbiw	r24, 0x00	; 0
    123c:	69 f7       	brne	.-38     	; 0x1218 <LCD_sendCommand+0x37c>
    123e:	14 c0       	rjmp	.+40     	; 0x1268 <LCD_sendCommand+0x3cc>
			__ticks --;
		}
		return;
	}
	else
		__ticks = (uint16_t)__tmp;
    1240:	6f 81       	ldd	r22, Y+7	; 0x07
    1242:	78 85       	ldd	r23, Y+8	; 0x08
    1244:	89 85       	ldd	r24, Y+9	; 0x09
    1246:	9a 85       	ldd	r25, Y+10	; 0x0a
    1248:	0e 94 41 00 	call	0x82	; 0x82 <__fixunssfsi>
    124c:	dc 01       	movw	r26, r24
    124e:	cb 01       	movw	r24, r22
    1250:	9e 83       	std	Y+6, r25	; 0x06
    1252:	8d 83       	std	Y+5, r24	; 0x05
    1254:	8d 81       	ldd	r24, Y+5	; 0x05
    1256:	9e 81       	ldd	r25, Y+6	; 0x06
    1258:	9a 83       	std	Y+2, r25	; 0x02
    125a:	89 83       	std	Y+1, r24	; 0x01
    125c:	89 81       	ldd	r24, Y+1	; 0x01
    125e:	9a 81       	ldd	r25, Y+2	; 0x02
    1260:	01 97       	sbiw	r24, 0x01	; 1
    1262:	f1 f7       	brne	.-4      	; 0x1260 <LCD_sendCommand+0x3c4>
    1264:	9a 83       	std	Y+2, r25	; 0x02
    1266:	89 83       	std	Y+1, r24	; 0x01
	_delay_ms(1);
	GPIO_writePin(LCD_E_PORT_ID, LCD_E_PIN_ID, LOGIC_LOW);
	_delay_ms(1);
#endif

}
    1268:	e9 96       	adiw	r28, 0x39	; 57
    126a:	0f b6       	in	r0, 0x3f	; 63
    126c:	f8 94       	cli
    126e:	de bf       	out	0x3e, r29	; 62
    1270:	0f be       	out	0x3f, r0	; 63
    1272:	cd bf       	out	0x3d, r28	; 61
    1274:	cf 91       	pop	r28
    1276:	df 91       	pop	r29
    1278:	08 95       	ret

0000127a <LCD_init>:
 *Initialize the LCD:
 * 1. Setup the LCD pins directions by use the GPIO driver.
 * 2. Setup the LCD Data Mode 4-bits or 8-bits.
 *
 * */
void LCD_init(void) {
    127a:	df 93       	push	r29
    127c:	cf 93       	push	r28
    127e:	cd b7       	in	r28, 0x3d	; 61
    1280:	de b7       	in	r29, 0x3e	; 62
    1282:	2e 97       	sbiw	r28, 0x0e	; 14
    1284:	0f b6       	in	r0, 0x3f	; 63
    1286:	f8 94       	cli
    1288:	de bf       	out	0x3e, r29	; 62
    128a:	0f be       	out	0x3f, r0	; 63
    128c:	cd bf       	out	0x3d, r28	; 61
	GPIO_setupPinDirection(LCD_RS_PORT_ID, LCD_RS_PIN_ID, PIN_OUTPUT);
    128e:	83 e0       	ldi	r24, 0x03	; 3
    1290:	60 e0       	ldi	r22, 0x00	; 0
    1292:	41 e0       	ldi	r20, 0x01	; 1
    1294:	0e 94 8b 0e 	call	0x1d16	; 0x1d16 <GPIO_setupPinDirection>
	GPIO_setupPinDirection(LCD_E_PORT_ID, LCD_E_PIN_ID, PIN_OUTPUT);
    1298:	83 e0       	ldi	r24, 0x03	; 3
    129a:	61 e0       	ldi	r22, 0x01	; 1
    129c:	41 e0       	ldi	r20, 0x01	; 1
    129e:	0e 94 8b 0e 	call	0x1d16	; 0x1d16 <GPIO_setupPinDirection>
    12a2:	80 e0       	ldi	r24, 0x00	; 0
    12a4:	90 e0       	ldi	r25, 0x00	; 0
    12a6:	a0 ea       	ldi	r26, 0xA0	; 160
    12a8:	b1 e4       	ldi	r27, 0x41	; 65
    12aa:	8b 87       	std	Y+11, r24	; 0x0b
    12ac:	9c 87       	std	Y+12, r25	; 0x0c
    12ae:	ad 87       	std	Y+13, r26	; 0x0d
    12b0:	be 87       	std	Y+14, r27	; 0x0e
 */
void
_delay_ms(double __ms)
{
	uint16_t __ticks;
	double __tmp = ((F_CPU) / 4e3) * __ms;
    12b2:	6b 85       	ldd	r22, Y+11	; 0x0b
    12b4:	7c 85       	ldd	r23, Y+12	; 0x0c
    12b6:	8d 85       	ldd	r24, Y+13	; 0x0d
    12b8:	9e 85       	ldd	r25, Y+14	; 0x0e
    12ba:	20 e0       	ldi	r18, 0x00	; 0
    12bc:	30 e0       	ldi	r19, 0x00	; 0
    12be:	4a e7       	ldi	r20, 0x7A	; 122
    12c0:	55 e4       	ldi	r21, 0x45	; 69
    12c2:	0e 94 17 02 	call	0x42e	; 0x42e <__mulsf3>
    12c6:	dc 01       	movw	r26, r24
    12c8:	cb 01       	movw	r24, r22
    12ca:	8f 83       	std	Y+7, r24	; 0x07
    12cc:	98 87       	std	Y+8, r25	; 0x08
    12ce:	a9 87       	std	Y+9, r26	; 0x09
    12d0:	ba 87       	std	Y+10, r27	; 0x0a
	if (__tmp < 1.0)
    12d2:	6f 81       	ldd	r22, Y+7	; 0x07
    12d4:	78 85       	ldd	r23, Y+8	; 0x08
    12d6:	89 85       	ldd	r24, Y+9	; 0x09
    12d8:	9a 85       	ldd	r25, Y+10	; 0x0a
    12da:	20 e0       	ldi	r18, 0x00	; 0
    12dc:	30 e0       	ldi	r19, 0x00	; 0
    12de:	40 e8       	ldi	r20, 0x80	; 128
    12e0:	5f e3       	ldi	r21, 0x3F	; 63
    12e2:	0e 94 1d 04 	call	0x83a	; 0x83a <__ltsf2>
    12e6:	88 23       	and	r24, r24
    12e8:	2c f4       	brge	.+10     	; 0x12f4 <LCD_init+0x7a>
		__ticks = 1;
    12ea:	81 e0       	ldi	r24, 0x01	; 1
    12ec:	90 e0       	ldi	r25, 0x00	; 0
    12ee:	9e 83       	std	Y+6, r25	; 0x06
    12f0:	8d 83       	std	Y+5, r24	; 0x05
    12f2:	3f c0       	rjmp	.+126    	; 0x1372 <LCD_init+0xf8>
	else if (__tmp > 65535)
    12f4:	6f 81       	ldd	r22, Y+7	; 0x07
    12f6:	78 85       	ldd	r23, Y+8	; 0x08
    12f8:	89 85       	ldd	r24, Y+9	; 0x09
    12fa:	9a 85       	ldd	r25, Y+10	; 0x0a
    12fc:	20 e0       	ldi	r18, 0x00	; 0
    12fe:	3f ef       	ldi	r19, 0xFF	; 255
    1300:	4f e7       	ldi	r20, 0x7F	; 127
    1302:	57 e4       	ldi	r21, 0x47	; 71
    1304:	0e 94 bd 03 	call	0x77a	; 0x77a <__gtsf2>
    1308:	18 16       	cp	r1, r24
    130a:	4c f5       	brge	.+82     	; 0x135e <LCD_init+0xe4>
	{
		//	__ticks = requested delay in 1/10 ms
		__ticks = (uint16_t) (__ms * 10.0);
    130c:	6b 85       	ldd	r22, Y+11	; 0x0b
    130e:	7c 85       	ldd	r23, Y+12	; 0x0c
    1310:	8d 85       	ldd	r24, Y+13	; 0x0d
    1312:	9e 85       	ldd	r25, Y+14	; 0x0e
    1314:	20 e0       	ldi	r18, 0x00	; 0
    1316:	30 e0       	ldi	r19, 0x00	; 0
    1318:	40 e2       	ldi	r20, 0x20	; 32
    131a:	51 e4       	ldi	r21, 0x41	; 65
    131c:	0e 94 17 02 	call	0x42e	; 0x42e <__mulsf3>
    1320:	dc 01       	movw	r26, r24
    1322:	cb 01       	movw	r24, r22
    1324:	bc 01       	movw	r22, r24
    1326:	cd 01       	movw	r24, r26
    1328:	0e 94 41 00 	call	0x82	; 0x82 <__fixunssfsi>
    132c:	dc 01       	movw	r26, r24
    132e:	cb 01       	movw	r24, r22
    1330:	9e 83       	std	Y+6, r25	; 0x06
    1332:	8d 83       	std	Y+5, r24	; 0x05
    1334:	0f c0       	rjmp	.+30     	; 0x1354 <LCD_init+0xda>
    1336:	80 e9       	ldi	r24, 0x90	; 144
    1338:	91 e0       	ldi	r25, 0x01	; 1
    133a:	9c 83       	std	Y+4, r25	; 0x04
    133c:	8b 83       	std	Y+3, r24	; 0x03
    133e:	8b 81       	ldd	r24, Y+3	; 0x03
    1340:	9c 81       	ldd	r25, Y+4	; 0x04
    1342:	01 97       	sbiw	r24, 0x01	; 1
    1344:	f1 f7       	brne	.-4      	; 0x1342 <LCD_init+0xc8>
    1346:	9c 83       	std	Y+4, r25	; 0x04
    1348:	8b 83       	std	Y+3, r24	; 0x03
		while(__ticks)
		{
			// wait 1/10 ms
			_delay_loop_2(((F_CPU) / 4e3) / 10);
			__ticks --;
    134a:	8d 81       	ldd	r24, Y+5	; 0x05
    134c:	9e 81       	ldd	r25, Y+6	; 0x06
    134e:	01 97       	sbiw	r24, 0x01	; 1
    1350:	9e 83       	std	Y+6, r25	; 0x06
    1352:	8d 83       	std	Y+5, r24	; 0x05
		__ticks = 1;
	else if (__tmp > 65535)
	{
		//	__ticks = requested delay in 1/10 ms
		__ticks = (uint16_t) (__ms * 10.0);
		while(__ticks)
    1354:	8d 81       	ldd	r24, Y+5	; 0x05
    1356:	9e 81       	ldd	r25, Y+6	; 0x06
    1358:	00 97       	sbiw	r24, 0x00	; 0
    135a:	69 f7       	brne	.-38     	; 0x1336 <LCD_init+0xbc>
    135c:	14 c0       	rjmp	.+40     	; 0x1386 <LCD_init+0x10c>
			__ticks --;
		}
		return;
	}
	else
		__ticks = (uint16_t)__tmp;
    135e:	6f 81       	ldd	r22, Y+7	; 0x07
    1360:	78 85       	ldd	r23, Y+8	; 0x08
    1362:	89 85       	ldd	r24, Y+9	; 0x09
    1364:	9a 85       	ldd	r25, Y+10	; 0x0a
    1366:	0e 94 41 00 	call	0x82	; 0x82 <__fixunssfsi>
    136a:	dc 01       	movw	r26, r24
    136c:	cb 01       	movw	r24, r22
    136e:	9e 83       	std	Y+6, r25	; 0x06
    1370:	8d 83       	std	Y+5, r24	; 0x05
    1372:	8d 81       	ldd	r24, Y+5	; 0x05
    1374:	9e 81       	ldd	r25, Y+6	; 0x06
    1376:	9a 83       	std	Y+2, r25	; 0x02
    1378:	89 83       	std	Y+1, r24	; 0x01
    137a:	89 81       	ldd	r24, Y+1	; 0x01
    137c:	9a 81       	ldd	r25, Y+2	; 0x02
    137e:	01 97       	sbiw	r24, 0x01	; 1
    1380:	f1 f7       	brne	.-4      	; 0x137e <LCD_init+0x104>
    1382:	9a 83       	std	Y+2, r25	; 0x02
    1384:	89 83       	std	Y+1, r24	; 0x01
	_delay_ms(20);
	#if(LCD_MODE==8)
	GPIO_setupPortDirection(LCD_DATA_PORT_ID, PORT_OUTPUT);
    1386:	82 e0       	ldi	r24, 0x02	; 2
    1388:	6f ef       	ldi	r22, 0xFF	; 255
    138a:	0e 94 16 11 	call	0x222c	; 0x222c <GPIO_setupPortDirection>
	LCD_sendCommand(LCD_TWO_LINES_EIGHT_BITS_MODE);
    138e:	88 e3       	ldi	r24, 0x38	; 56
    1390:	0e 94 4e 07 	call	0xe9c	; 0xe9c <LCD_sendCommand>
	GPIO_setupPinDirection(LCD_DATA_PORT_ID,LCD_D7_PIN_ID,PIN_OUTPUT);
	LCD_sendCommand(LCD_TWO_LINES_FOUR_BITS_MODE_INIT1);
	LCD_sendCommand(LCD_TWO_LINES_FOUR_BITS_MODE_INIT2);
	LCD_sendCommand(LCD_TWO_LINES_FOUR_BITS_MODE);
#endif
	LCD_sendCommand(LCD_CURSOR_OFF);
    1394:	8c e0       	ldi	r24, 0x0C	; 12
    1396:	0e 94 4e 07 	call	0xe9c	; 0xe9c <LCD_sendCommand>
	LCD_sendCommand(LCD_CLEAR_COMMAND);
    139a:	81 e0       	ldi	r24, 0x01	; 1
    139c:	0e 94 4e 07 	call	0xe9c	; 0xe9c <LCD_sendCommand>

}
    13a0:	2e 96       	adiw	r28, 0x0e	; 14
    13a2:	0f b6       	in	r0, 0x3f	; 63
    13a4:	f8 94       	cli
    13a6:	de bf       	out	0x3e, r29	; 62
    13a8:	0f be       	out	0x3f, r0	; 63
    13aa:	cd bf       	out	0x3d, r28	; 61
    13ac:	cf 91       	pop	r28
    13ae:	df 91       	pop	r29
    13b0:	08 95       	ret

000013b2 <LCD_sendChar>:
/*
 * Description :
 * Display the required character on the screen
 */
void LCD_sendChar(uint8 data) {
    13b2:	df 93       	push	r29
    13b4:	cf 93       	push	r28
    13b6:	cd b7       	in	r28, 0x3d	; 61
    13b8:	de b7       	in	r29, 0x3e	; 62
    13ba:	e9 97       	sbiw	r28, 0x39	; 57
    13bc:	0f b6       	in	r0, 0x3f	; 63
    13be:	f8 94       	cli
    13c0:	de bf       	out	0x3e, r29	; 62
    13c2:	0f be       	out	0x3f, r0	; 63
    13c4:	cd bf       	out	0x3d, r28	; 61
    13c6:	89 af       	std	Y+57, r24	; 0x39
	GPIO_writePin(LCD_RS_PORT_ID, LCD_RS_PIN_ID, LOGIC_HIGH);
    13c8:	83 e0       	ldi	r24, 0x03	; 3
    13ca:	60 e0       	ldi	r22, 0x00	; 0
    13cc:	41 e0       	ldi	r20, 0x01	; 1
    13ce:	0e 94 76 0f 	call	0x1eec	; 0x1eec <GPIO_writePin>
    13d2:	80 e0       	ldi	r24, 0x00	; 0
    13d4:	90 e0       	ldi	r25, 0x00	; 0
    13d6:	a0 e8       	ldi	r26, 0x80	; 128
    13d8:	bf e3       	ldi	r27, 0x3F	; 63
    13da:	8d ab       	std	Y+53, r24	; 0x35
    13dc:	9e ab       	std	Y+54, r25	; 0x36
    13de:	af ab       	std	Y+55, r26	; 0x37
    13e0:	b8 af       	std	Y+56, r27	; 0x38
 */
void
_delay_ms(double __ms)
{
	uint16_t __ticks;
	double __tmp = ((F_CPU) / 4e3) * __ms;
    13e2:	6d a9       	ldd	r22, Y+53	; 0x35
    13e4:	7e a9       	ldd	r23, Y+54	; 0x36
    13e6:	8f a9       	ldd	r24, Y+55	; 0x37
    13e8:	98 ad       	ldd	r25, Y+56	; 0x38
    13ea:	20 e0       	ldi	r18, 0x00	; 0
    13ec:	30 e0       	ldi	r19, 0x00	; 0
    13ee:	4a e7       	ldi	r20, 0x7A	; 122
    13f0:	55 e4       	ldi	r21, 0x45	; 69
    13f2:	0e 94 17 02 	call	0x42e	; 0x42e <__mulsf3>
    13f6:	dc 01       	movw	r26, r24
    13f8:	cb 01       	movw	r24, r22
    13fa:	89 ab       	std	Y+49, r24	; 0x31
    13fc:	9a ab       	std	Y+50, r25	; 0x32
    13fe:	ab ab       	std	Y+51, r26	; 0x33
    1400:	bc ab       	std	Y+52, r27	; 0x34
	if (__tmp < 1.0)
    1402:	69 a9       	ldd	r22, Y+49	; 0x31
    1404:	7a a9       	ldd	r23, Y+50	; 0x32
    1406:	8b a9       	ldd	r24, Y+51	; 0x33
    1408:	9c a9       	ldd	r25, Y+52	; 0x34
    140a:	20 e0       	ldi	r18, 0x00	; 0
    140c:	30 e0       	ldi	r19, 0x00	; 0
    140e:	40 e8       	ldi	r20, 0x80	; 128
    1410:	5f e3       	ldi	r21, 0x3F	; 63
    1412:	0e 94 1d 04 	call	0x83a	; 0x83a <__ltsf2>
    1416:	88 23       	and	r24, r24
    1418:	2c f4       	brge	.+10     	; 0x1424 <LCD_sendChar+0x72>
		__ticks = 1;
    141a:	81 e0       	ldi	r24, 0x01	; 1
    141c:	90 e0       	ldi	r25, 0x00	; 0
    141e:	98 ab       	std	Y+48, r25	; 0x30
    1420:	8f a7       	std	Y+47, r24	; 0x2f
    1422:	3f c0       	rjmp	.+126    	; 0x14a2 <LCD_sendChar+0xf0>
	else if (__tmp > 65535)
    1424:	69 a9       	ldd	r22, Y+49	; 0x31
    1426:	7a a9       	ldd	r23, Y+50	; 0x32
    1428:	8b a9       	ldd	r24, Y+51	; 0x33
    142a:	9c a9       	ldd	r25, Y+52	; 0x34
    142c:	20 e0       	ldi	r18, 0x00	; 0
    142e:	3f ef       	ldi	r19, 0xFF	; 255
    1430:	4f e7       	ldi	r20, 0x7F	; 127
    1432:	57 e4       	ldi	r21, 0x47	; 71
    1434:	0e 94 bd 03 	call	0x77a	; 0x77a <__gtsf2>
    1438:	18 16       	cp	r1, r24
    143a:	4c f5       	brge	.+82     	; 0x148e <LCD_sendChar+0xdc>
	{
		//	__ticks = requested delay in 1/10 ms
		__ticks = (uint16_t) (__ms * 10.0);
    143c:	6d a9       	ldd	r22, Y+53	; 0x35
    143e:	7e a9       	ldd	r23, Y+54	; 0x36
    1440:	8f a9       	ldd	r24, Y+55	; 0x37
    1442:	98 ad       	ldd	r25, Y+56	; 0x38
    1444:	20 e0       	ldi	r18, 0x00	; 0
    1446:	30 e0       	ldi	r19, 0x00	; 0
    1448:	40 e2       	ldi	r20, 0x20	; 32
    144a:	51 e4       	ldi	r21, 0x41	; 65
    144c:	0e 94 17 02 	call	0x42e	; 0x42e <__mulsf3>
    1450:	dc 01       	movw	r26, r24
    1452:	cb 01       	movw	r24, r22
    1454:	bc 01       	movw	r22, r24
    1456:	cd 01       	movw	r24, r26
    1458:	0e 94 41 00 	call	0x82	; 0x82 <__fixunssfsi>
    145c:	dc 01       	movw	r26, r24
    145e:	cb 01       	movw	r24, r22
    1460:	98 ab       	std	Y+48, r25	; 0x30
    1462:	8f a7       	std	Y+47, r24	; 0x2f
    1464:	0f c0       	rjmp	.+30     	; 0x1484 <LCD_sendChar+0xd2>
    1466:	80 e9       	ldi	r24, 0x90	; 144
    1468:	91 e0       	ldi	r25, 0x01	; 1
    146a:	9e a7       	std	Y+46, r25	; 0x2e
    146c:	8d a7       	std	Y+45, r24	; 0x2d
    146e:	8d a5       	ldd	r24, Y+45	; 0x2d
    1470:	9e a5       	ldd	r25, Y+46	; 0x2e
    1472:	01 97       	sbiw	r24, 0x01	; 1
    1474:	f1 f7       	brne	.-4      	; 0x1472 <LCD_sendChar+0xc0>
    1476:	9e a7       	std	Y+46, r25	; 0x2e
    1478:	8d a7       	std	Y+45, r24	; 0x2d
		while(__ticks)
		{
			// wait 1/10 ms
			_delay_loop_2(((F_CPU) / 4e3) / 10);
			__ticks --;
    147a:	8f a5       	ldd	r24, Y+47	; 0x2f
    147c:	98 a9       	ldd	r25, Y+48	; 0x30
    147e:	01 97       	sbiw	r24, 0x01	; 1
    1480:	98 ab       	std	Y+48, r25	; 0x30
    1482:	8f a7       	std	Y+47, r24	; 0x2f
		__ticks = 1;
	else if (__tmp > 65535)
	{
		//	__ticks = requested delay in 1/10 ms
		__ticks = (uint16_t) (__ms * 10.0);
		while(__ticks)
    1484:	8f a5       	ldd	r24, Y+47	; 0x2f
    1486:	98 a9       	ldd	r25, Y+48	; 0x30
    1488:	00 97       	sbiw	r24, 0x00	; 0
    148a:	69 f7       	brne	.-38     	; 0x1466 <LCD_sendChar+0xb4>
    148c:	14 c0       	rjmp	.+40     	; 0x14b6 <LCD_sendChar+0x104>
			__ticks --;
		}
		return;
	}
	else
		__ticks = (uint16_t)__tmp;
    148e:	69 a9       	ldd	r22, Y+49	; 0x31
    1490:	7a a9       	ldd	r23, Y+50	; 0x32
    1492:	8b a9       	ldd	r24, Y+51	; 0x33
    1494:	9c a9       	ldd	r25, Y+52	; 0x34
    1496:	0e 94 41 00 	call	0x82	; 0x82 <__fixunssfsi>
    149a:	dc 01       	movw	r26, r24
    149c:	cb 01       	movw	r24, r22
    149e:	98 ab       	std	Y+48, r25	; 0x30
    14a0:	8f a7       	std	Y+47, r24	; 0x2f
    14a2:	8f a5       	ldd	r24, Y+47	; 0x2f
    14a4:	98 a9       	ldd	r25, Y+48	; 0x30
    14a6:	9c a7       	std	Y+44, r25	; 0x2c
    14a8:	8b a7       	std	Y+43, r24	; 0x2b
    14aa:	8b a5       	ldd	r24, Y+43	; 0x2b
    14ac:	9c a5       	ldd	r25, Y+44	; 0x2c
    14ae:	01 97       	sbiw	r24, 0x01	; 1
    14b0:	f1 f7       	brne	.-4      	; 0x14ae <LCD_sendChar+0xfc>
    14b2:	9c a7       	std	Y+44, r25	; 0x2c
    14b4:	8b a7       	std	Y+43, r24	; 0x2b
	_delay_ms(1);
	GPIO_writePin(LCD_E_PORT_ID, LCD_E_PIN_ID, LOGIC_HIGH);
    14b6:	83 e0       	ldi	r24, 0x03	; 3
    14b8:	61 e0       	ldi	r22, 0x01	; 1
    14ba:	41 e0       	ldi	r20, 0x01	; 1
    14bc:	0e 94 76 0f 	call	0x1eec	; 0x1eec <GPIO_writePin>
    14c0:	80 e0       	ldi	r24, 0x00	; 0
    14c2:	90 e0       	ldi	r25, 0x00	; 0
    14c4:	a0 e8       	ldi	r26, 0x80	; 128
    14c6:	bf e3       	ldi	r27, 0x3F	; 63
    14c8:	8f a3       	std	Y+39, r24	; 0x27
    14ca:	98 a7       	std	Y+40, r25	; 0x28
    14cc:	a9 a7       	std	Y+41, r26	; 0x29
    14ce:	ba a7       	std	Y+42, r27	; 0x2a
 */
void
_delay_ms(double __ms)
{
	uint16_t __ticks;
	double __tmp = ((F_CPU) / 4e3) * __ms;
    14d0:	6f a1       	ldd	r22, Y+39	; 0x27
    14d2:	78 a5       	ldd	r23, Y+40	; 0x28
    14d4:	89 a5       	ldd	r24, Y+41	; 0x29
    14d6:	9a a5       	ldd	r25, Y+42	; 0x2a
    14d8:	20 e0       	ldi	r18, 0x00	; 0
    14da:	30 e0       	ldi	r19, 0x00	; 0
    14dc:	4a e7       	ldi	r20, 0x7A	; 122
    14de:	55 e4       	ldi	r21, 0x45	; 69
    14e0:	0e 94 17 02 	call	0x42e	; 0x42e <__mulsf3>
    14e4:	dc 01       	movw	r26, r24
    14e6:	cb 01       	movw	r24, r22
    14e8:	8b a3       	std	Y+35, r24	; 0x23
    14ea:	9c a3       	std	Y+36, r25	; 0x24
    14ec:	ad a3       	std	Y+37, r26	; 0x25
    14ee:	be a3       	std	Y+38, r27	; 0x26
	if (__tmp < 1.0)
    14f0:	6b a1       	ldd	r22, Y+35	; 0x23
    14f2:	7c a1       	ldd	r23, Y+36	; 0x24
    14f4:	8d a1       	ldd	r24, Y+37	; 0x25
    14f6:	9e a1       	ldd	r25, Y+38	; 0x26
    14f8:	20 e0       	ldi	r18, 0x00	; 0
    14fa:	30 e0       	ldi	r19, 0x00	; 0
    14fc:	40 e8       	ldi	r20, 0x80	; 128
    14fe:	5f e3       	ldi	r21, 0x3F	; 63
    1500:	0e 94 1d 04 	call	0x83a	; 0x83a <__ltsf2>
    1504:	88 23       	and	r24, r24
    1506:	2c f4       	brge	.+10     	; 0x1512 <LCD_sendChar+0x160>
		__ticks = 1;
    1508:	81 e0       	ldi	r24, 0x01	; 1
    150a:	90 e0       	ldi	r25, 0x00	; 0
    150c:	9a a3       	std	Y+34, r25	; 0x22
    150e:	89 a3       	std	Y+33, r24	; 0x21
    1510:	3f c0       	rjmp	.+126    	; 0x1590 <LCD_sendChar+0x1de>
	else if (__tmp > 65535)
    1512:	6b a1       	ldd	r22, Y+35	; 0x23
    1514:	7c a1       	ldd	r23, Y+36	; 0x24
    1516:	8d a1       	ldd	r24, Y+37	; 0x25
    1518:	9e a1       	ldd	r25, Y+38	; 0x26
    151a:	20 e0       	ldi	r18, 0x00	; 0
    151c:	3f ef       	ldi	r19, 0xFF	; 255
    151e:	4f e7       	ldi	r20, 0x7F	; 127
    1520:	57 e4       	ldi	r21, 0x47	; 71
    1522:	0e 94 bd 03 	call	0x77a	; 0x77a <__gtsf2>
    1526:	18 16       	cp	r1, r24
    1528:	4c f5       	brge	.+82     	; 0x157c <LCD_sendChar+0x1ca>
	{
		//	__ticks = requested delay in 1/10 ms
		__ticks = (uint16_t) (__ms * 10.0);
    152a:	6f a1       	ldd	r22, Y+39	; 0x27
    152c:	78 a5       	ldd	r23, Y+40	; 0x28
    152e:	89 a5       	ldd	r24, Y+41	; 0x29
    1530:	9a a5       	ldd	r25, Y+42	; 0x2a
    1532:	20 e0       	ldi	r18, 0x00	; 0
    1534:	30 e0       	ldi	r19, 0x00	; 0
    1536:	40 e2       	ldi	r20, 0x20	; 32
    1538:	51 e4       	ldi	r21, 0x41	; 65
    153a:	0e 94 17 02 	call	0x42e	; 0x42e <__mulsf3>
    153e:	dc 01       	movw	r26, r24
    1540:	cb 01       	movw	r24, r22
    1542:	bc 01       	movw	r22, r24
    1544:	cd 01       	movw	r24, r26
    1546:	0e 94 41 00 	call	0x82	; 0x82 <__fixunssfsi>
    154a:	dc 01       	movw	r26, r24
    154c:	cb 01       	movw	r24, r22
    154e:	9a a3       	std	Y+34, r25	; 0x22
    1550:	89 a3       	std	Y+33, r24	; 0x21
    1552:	0f c0       	rjmp	.+30     	; 0x1572 <LCD_sendChar+0x1c0>
    1554:	80 e9       	ldi	r24, 0x90	; 144
    1556:	91 e0       	ldi	r25, 0x01	; 1
    1558:	98 a3       	std	Y+32, r25	; 0x20
    155a:	8f 8f       	std	Y+31, r24	; 0x1f
    155c:	8f 8d       	ldd	r24, Y+31	; 0x1f
    155e:	98 a1       	ldd	r25, Y+32	; 0x20
    1560:	01 97       	sbiw	r24, 0x01	; 1
    1562:	f1 f7       	brne	.-4      	; 0x1560 <LCD_sendChar+0x1ae>
    1564:	98 a3       	std	Y+32, r25	; 0x20
    1566:	8f 8f       	std	Y+31, r24	; 0x1f
		while(__ticks)
		{
			// wait 1/10 ms
			_delay_loop_2(((F_CPU) / 4e3) / 10);
			__ticks --;
    1568:	89 a1       	ldd	r24, Y+33	; 0x21
    156a:	9a a1       	ldd	r25, Y+34	; 0x22
    156c:	01 97       	sbiw	r24, 0x01	; 1
    156e:	9a a3       	std	Y+34, r25	; 0x22
    1570:	89 a3       	std	Y+33, r24	; 0x21
		__ticks = 1;
	else if (__tmp > 65535)
	{
		//	__ticks = requested delay in 1/10 ms
		__ticks = (uint16_t) (__ms * 10.0);
		while(__ticks)
    1572:	89 a1       	ldd	r24, Y+33	; 0x21
    1574:	9a a1       	ldd	r25, Y+34	; 0x22
    1576:	00 97       	sbiw	r24, 0x00	; 0
    1578:	69 f7       	brne	.-38     	; 0x1554 <LCD_sendChar+0x1a2>
    157a:	14 c0       	rjmp	.+40     	; 0x15a4 <LCD_sendChar+0x1f2>
			__ticks --;
		}
		return;
	}
	else
		__ticks = (uint16_t)__tmp;
    157c:	6b a1       	ldd	r22, Y+35	; 0x23
    157e:	7c a1       	ldd	r23, Y+36	; 0x24
    1580:	8d a1       	ldd	r24, Y+37	; 0x25
    1582:	9e a1       	ldd	r25, Y+38	; 0x26
    1584:	0e 94 41 00 	call	0x82	; 0x82 <__fixunssfsi>
    1588:	dc 01       	movw	r26, r24
    158a:	cb 01       	movw	r24, r22
    158c:	9a a3       	std	Y+34, r25	; 0x22
    158e:	89 a3       	std	Y+33, r24	; 0x21
    1590:	89 a1       	ldd	r24, Y+33	; 0x21
    1592:	9a a1       	ldd	r25, Y+34	; 0x22
    1594:	9e 8f       	std	Y+30, r25	; 0x1e
    1596:	8d 8f       	std	Y+29, r24	; 0x1d
    1598:	8d 8d       	ldd	r24, Y+29	; 0x1d
    159a:	9e 8d       	ldd	r25, Y+30	; 0x1e
    159c:	01 97       	sbiw	r24, 0x01	; 1
    159e:	f1 f7       	brne	.-4      	; 0x159c <LCD_sendChar+0x1ea>
    15a0:	9e 8f       	std	Y+30, r25	; 0x1e
    15a2:	8d 8f       	std	Y+29, r24	; 0x1d
	_delay_ms(1);
#if(LCD_MODE==8)
	GPIO_writePort(LCD_DATA_PORT_ID, data);
    15a4:	82 e0       	ldi	r24, 0x02	; 2
    15a6:	69 ad       	ldd	r22, Y+57	; 0x39
    15a8:	0e 94 5a 11 	call	0x22b4	; 0x22b4 <GPIO_writePort>
    15ac:	80 e0       	ldi	r24, 0x00	; 0
    15ae:	90 e0       	ldi	r25, 0x00	; 0
    15b0:	a0 e8       	ldi	r26, 0x80	; 128
    15b2:	bf e3       	ldi	r27, 0x3F	; 63
    15b4:	89 8f       	std	Y+25, r24	; 0x19
    15b6:	9a 8f       	std	Y+26, r25	; 0x1a
    15b8:	ab 8f       	std	Y+27, r26	; 0x1b
    15ba:	bc 8f       	std	Y+28, r27	; 0x1c
 */
void
_delay_ms(double __ms)
{
	uint16_t __ticks;
	double __tmp = ((F_CPU) / 4e3) * __ms;
    15bc:	69 8d       	ldd	r22, Y+25	; 0x19
    15be:	7a 8d       	ldd	r23, Y+26	; 0x1a
    15c0:	8b 8d       	ldd	r24, Y+27	; 0x1b
    15c2:	9c 8d       	ldd	r25, Y+28	; 0x1c
    15c4:	20 e0       	ldi	r18, 0x00	; 0
    15c6:	30 e0       	ldi	r19, 0x00	; 0
    15c8:	4a e7       	ldi	r20, 0x7A	; 122
    15ca:	55 e4       	ldi	r21, 0x45	; 69
    15cc:	0e 94 17 02 	call	0x42e	; 0x42e <__mulsf3>
    15d0:	dc 01       	movw	r26, r24
    15d2:	cb 01       	movw	r24, r22
    15d4:	8d 8b       	std	Y+21, r24	; 0x15
    15d6:	9e 8b       	std	Y+22, r25	; 0x16
    15d8:	af 8b       	std	Y+23, r26	; 0x17
    15da:	b8 8f       	std	Y+24, r27	; 0x18
	if (__tmp < 1.0)
    15dc:	6d 89       	ldd	r22, Y+21	; 0x15
    15de:	7e 89       	ldd	r23, Y+22	; 0x16
    15e0:	8f 89       	ldd	r24, Y+23	; 0x17
    15e2:	98 8d       	ldd	r25, Y+24	; 0x18
    15e4:	20 e0       	ldi	r18, 0x00	; 0
    15e6:	30 e0       	ldi	r19, 0x00	; 0
    15e8:	40 e8       	ldi	r20, 0x80	; 128
    15ea:	5f e3       	ldi	r21, 0x3F	; 63
    15ec:	0e 94 1d 04 	call	0x83a	; 0x83a <__ltsf2>
    15f0:	88 23       	and	r24, r24
    15f2:	2c f4       	brge	.+10     	; 0x15fe <LCD_sendChar+0x24c>
		__ticks = 1;
    15f4:	81 e0       	ldi	r24, 0x01	; 1
    15f6:	90 e0       	ldi	r25, 0x00	; 0
    15f8:	9c 8b       	std	Y+20, r25	; 0x14
    15fa:	8b 8b       	std	Y+19, r24	; 0x13
    15fc:	3f c0       	rjmp	.+126    	; 0x167c <LCD_sendChar+0x2ca>
	else if (__tmp > 65535)
    15fe:	6d 89       	ldd	r22, Y+21	; 0x15
    1600:	7e 89       	ldd	r23, Y+22	; 0x16
    1602:	8f 89       	ldd	r24, Y+23	; 0x17
    1604:	98 8d       	ldd	r25, Y+24	; 0x18
    1606:	20 e0       	ldi	r18, 0x00	; 0
    1608:	3f ef       	ldi	r19, 0xFF	; 255
    160a:	4f e7       	ldi	r20, 0x7F	; 127
    160c:	57 e4       	ldi	r21, 0x47	; 71
    160e:	0e 94 bd 03 	call	0x77a	; 0x77a <__gtsf2>
    1612:	18 16       	cp	r1, r24
    1614:	4c f5       	brge	.+82     	; 0x1668 <LCD_sendChar+0x2b6>
	{
		//	__ticks = requested delay in 1/10 ms
		__ticks = (uint16_t) (__ms * 10.0);
    1616:	69 8d       	ldd	r22, Y+25	; 0x19
    1618:	7a 8d       	ldd	r23, Y+26	; 0x1a
    161a:	8b 8d       	ldd	r24, Y+27	; 0x1b
    161c:	9c 8d       	ldd	r25, Y+28	; 0x1c
    161e:	20 e0       	ldi	r18, 0x00	; 0
    1620:	30 e0       	ldi	r19, 0x00	; 0
    1622:	40 e2       	ldi	r20, 0x20	; 32
    1624:	51 e4       	ldi	r21, 0x41	; 65
    1626:	0e 94 17 02 	call	0x42e	; 0x42e <__mulsf3>
    162a:	dc 01       	movw	r26, r24
    162c:	cb 01       	movw	r24, r22
    162e:	bc 01       	movw	r22, r24
    1630:	cd 01       	movw	r24, r26
    1632:	0e 94 41 00 	call	0x82	; 0x82 <__fixunssfsi>
    1636:	dc 01       	movw	r26, r24
    1638:	cb 01       	movw	r24, r22
    163a:	9c 8b       	std	Y+20, r25	; 0x14
    163c:	8b 8b       	std	Y+19, r24	; 0x13
    163e:	0f c0       	rjmp	.+30     	; 0x165e <LCD_sendChar+0x2ac>
    1640:	80 e9       	ldi	r24, 0x90	; 144
    1642:	91 e0       	ldi	r25, 0x01	; 1
    1644:	9a 8b       	std	Y+18, r25	; 0x12
    1646:	89 8b       	std	Y+17, r24	; 0x11
    1648:	89 89       	ldd	r24, Y+17	; 0x11
    164a:	9a 89       	ldd	r25, Y+18	; 0x12
    164c:	01 97       	sbiw	r24, 0x01	; 1
    164e:	f1 f7       	brne	.-4      	; 0x164c <LCD_sendChar+0x29a>
    1650:	9a 8b       	std	Y+18, r25	; 0x12
    1652:	89 8b       	std	Y+17, r24	; 0x11
		while(__ticks)
		{
			// wait 1/10 ms
			_delay_loop_2(((F_CPU) / 4e3) / 10);
			__ticks --;
    1654:	8b 89       	ldd	r24, Y+19	; 0x13
    1656:	9c 89       	ldd	r25, Y+20	; 0x14
    1658:	01 97       	sbiw	r24, 0x01	; 1
    165a:	9c 8b       	std	Y+20, r25	; 0x14
    165c:	8b 8b       	std	Y+19, r24	; 0x13
		__ticks = 1;
	else if (__tmp > 65535)
	{
		//	__ticks = requested delay in 1/10 ms
		__ticks = (uint16_t) (__ms * 10.0);
		while(__ticks)
    165e:	8b 89       	ldd	r24, Y+19	; 0x13
    1660:	9c 89       	ldd	r25, Y+20	; 0x14
    1662:	00 97       	sbiw	r24, 0x00	; 0
    1664:	69 f7       	brne	.-38     	; 0x1640 <LCD_sendChar+0x28e>
    1666:	14 c0       	rjmp	.+40     	; 0x1690 <LCD_sendChar+0x2de>
			__ticks --;
		}
		return;
	}
	else
		__ticks = (uint16_t)__tmp;
    1668:	6d 89       	ldd	r22, Y+21	; 0x15
    166a:	7e 89       	ldd	r23, Y+22	; 0x16
    166c:	8f 89       	ldd	r24, Y+23	; 0x17
    166e:	98 8d       	ldd	r25, Y+24	; 0x18
    1670:	0e 94 41 00 	call	0x82	; 0x82 <__fixunssfsi>
    1674:	dc 01       	movw	r26, r24
    1676:	cb 01       	movw	r24, r22
    1678:	9c 8b       	std	Y+20, r25	; 0x14
    167a:	8b 8b       	std	Y+19, r24	; 0x13
    167c:	8b 89       	ldd	r24, Y+19	; 0x13
    167e:	9c 89       	ldd	r25, Y+20	; 0x14
    1680:	98 8b       	std	Y+16, r25	; 0x10
    1682:	8f 87       	std	Y+15, r24	; 0x0f
    1684:	8f 85       	ldd	r24, Y+15	; 0x0f
    1686:	98 89       	ldd	r25, Y+16	; 0x10
    1688:	01 97       	sbiw	r24, 0x01	; 1
    168a:	f1 f7       	brne	.-4      	; 0x1688 <LCD_sendChar+0x2d6>
    168c:	98 8b       	std	Y+16, r25	; 0x10
    168e:	8f 87       	std	Y+15, r24	; 0x0f
	_delay_ms(1);
	GPIO_writePin(LCD_E_PORT_ID, LCD_E_PIN_ID, LOGIC_LOW);
    1690:	83 e0       	ldi	r24, 0x03	; 3
    1692:	61 e0       	ldi	r22, 0x01	; 1
    1694:	40 e0       	ldi	r20, 0x00	; 0
    1696:	0e 94 76 0f 	call	0x1eec	; 0x1eec <GPIO_writePin>
    169a:	80 e0       	ldi	r24, 0x00	; 0
    169c:	90 e0       	ldi	r25, 0x00	; 0
    169e:	a0 e8       	ldi	r26, 0x80	; 128
    16a0:	bf e3       	ldi	r27, 0x3F	; 63
    16a2:	8b 87       	std	Y+11, r24	; 0x0b
    16a4:	9c 87       	std	Y+12, r25	; 0x0c
    16a6:	ad 87       	std	Y+13, r26	; 0x0d
    16a8:	be 87       	std	Y+14, r27	; 0x0e
 */
void
_delay_ms(double __ms)
{
	uint16_t __ticks;
	double __tmp = ((F_CPU) / 4e3) * __ms;
    16aa:	6b 85       	ldd	r22, Y+11	; 0x0b
    16ac:	7c 85       	ldd	r23, Y+12	; 0x0c
    16ae:	8d 85       	ldd	r24, Y+13	; 0x0d
    16b0:	9e 85       	ldd	r25, Y+14	; 0x0e
    16b2:	20 e0       	ldi	r18, 0x00	; 0
    16b4:	30 e0       	ldi	r19, 0x00	; 0
    16b6:	4a e7       	ldi	r20, 0x7A	; 122
    16b8:	55 e4       	ldi	r21, 0x45	; 69
    16ba:	0e 94 17 02 	call	0x42e	; 0x42e <__mulsf3>
    16be:	dc 01       	movw	r26, r24
    16c0:	cb 01       	movw	r24, r22
    16c2:	8f 83       	std	Y+7, r24	; 0x07
    16c4:	98 87       	std	Y+8, r25	; 0x08
    16c6:	a9 87       	std	Y+9, r26	; 0x09
    16c8:	ba 87       	std	Y+10, r27	; 0x0a
	if (__tmp < 1.0)
    16ca:	6f 81       	ldd	r22, Y+7	; 0x07
    16cc:	78 85       	ldd	r23, Y+8	; 0x08
    16ce:	89 85       	ldd	r24, Y+9	; 0x09
    16d0:	9a 85       	ldd	r25, Y+10	; 0x0a
    16d2:	20 e0       	ldi	r18, 0x00	; 0
    16d4:	30 e0       	ldi	r19, 0x00	; 0
    16d6:	40 e8       	ldi	r20, 0x80	; 128
    16d8:	5f e3       	ldi	r21, 0x3F	; 63
    16da:	0e 94 1d 04 	call	0x83a	; 0x83a <__ltsf2>
    16de:	88 23       	and	r24, r24
    16e0:	2c f4       	brge	.+10     	; 0x16ec <LCD_sendChar+0x33a>
		__ticks = 1;
    16e2:	81 e0       	ldi	r24, 0x01	; 1
    16e4:	90 e0       	ldi	r25, 0x00	; 0
    16e6:	9e 83       	std	Y+6, r25	; 0x06
    16e8:	8d 83       	std	Y+5, r24	; 0x05
    16ea:	3f c0       	rjmp	.+126    	; 0x176a <LCD_sendChar+0x3b8>
	else if (__tmp > 65535)
    16ec:	6f 81       	ldd	r22, Y+7	; 0x07
    16ee:	78 85       	ldd	r23, Y+8	; 0x08
    16f0:	89 85       	ldd	r24, Y+9	; 0x09
    16f2:	9a 85       	ldd	r25, Y+10	; 0x0a
    16f4:	20 e0       	ldi	r18, 0x00	; 0
    16f6:	3f ef       	ldi	r19, 0xFF	; 255
    16f8:	4f e7       	ldi	r20, 0x7F	; 127
    16fa:	57 e4       	ldi	r21, 0x47	; 71
    16fc:	0e 94 bd 03 	call	0x77a	; 0x77a <__gtsf2>
    1700:	18 16       	cp	r1, r24
    1702:	4c f5       	brge	.+82     	; 0x1756 <LCD_sendChar+0x3a4>
	{
		//	__ticks = requested delay in 1/10 ms
		__ticks = (uint16_t) (__ms * 10.0);
    1704:	6b 85       	ldd	r22, Y+11	; 0x0b
    1706:	7c 85       	ldd	r23, Y+12	; 0x0c
    1708:	8d 85       	ldd	r24, Y+13	; 0x0d
    170a:	9e 85       	ldd	r25, Y+14	; 0x0e
    170c:	20 e0       	ldi	r18, 0x00	; 0
    170e:	30 e0       	ldi	r19, 0x00	; 0
    1710:	40 e2       	ldi	r20, 0x20	; 32
    1712:	51 e4       	ldi	r21, 0x41	; 65
    1714:	0e 94 17 02 	call	0x42e	; 0x42e <__mulsf3>
    1718:	dc 01       	movw	r26, r24
    171a:	cb 01       	movw	r24, r22
    171c:	bc 01       	movw	r22, r24
    171e:	cd 01       	movw	r24, r26
    1720:	0e 94 41 00 	call	0x82	; 0x82 <__fixunssfsi>
    1724:	dc 01       	movw	r26, r24
    1726:	cb 01       	movw	r24, r22
    1728:	9e 83       	std	Y+6, r25	; 0x06
    172a:	8d 83       	std	Y+5, r24	; 0x05
    172c:	0f c0       	rjmp	.+30     	; 0x174c <LCD_sendChar+0x39a>
    172e:	80 e9       	ldi	r24, 0x90	; 144
    1730:	91 e0       	ldi	r25, 0x01	; 1
    1732:	9c 83       	std	Y+4, r25	; 0x04
    1734:	8b 83       	std	Y+3, r24	; 0x03
    1736:	8b 81       	ldd	r24, Y+3	; 0x03
    1738:	9c 81       	ldd	r25, Y+4	; 0x04
    173a:	01 97       	sbiw	r24, 0x01	; 1
    173c:	f1 f7       	brne	.-4      	; 0x173a <LCD_sendChar+0x388>
    173e:	9c 83       	std	Y+4, r25	; 0x04
    1740:	8b 83       	std	Y+3, r24	; 0x03
		while(__ticks)
		{
			// wait 1/10 ms
			_delay_loop_2(((F_CPU) / 4e3) / 10);
			__ticks --;
    1742:	8d 81       	ldd	r24, Y+5	; 0x05
    1744:	9e 81       	ldd	r25, Y+6	; 0x06
    1746:	01 97       	sbiw	r24, 0x01	; 1
    1748:	9e 83       	std	Y+6, r25	; 0x06
    174a:	8d 83       	std	Y+5, r24	; 0x05
		__ticks = 1;
	else if (__tmp > 65535)
	{
		//	__ticks = requested delay in 1/10 ms
		__ticks = (uint16_t) (__ms * 10.0);
		while(__ticks)
    174c:	8d 81       	ldd	r24, Y+5	; 0x05
    174e:	9e 81       	ldd	r25, Y+6	; 0x06
    1750:	00 97       	sbiw	r24, 0x00	; 0
    1752:	69 f7       	brne	.-38     	; 0x172e <LCD_sendChar+0x37c>
    1754:	14 c0       	rjmp	.+40     	; 0x177e <LCD_sendChar+0x3cc>
			__ticks --;
		}
		return;
	}
	else
		__ticks = (uint16_t)__tmp;
    1756:	6f 81       	ldd	r22, Y+7	; 0x07
    1758:	78 85       	ldd	r23, Y+8	; 0x08
    175a:	89 85       	ldd	r24, Y+9	; 0x09
    175c:	9a 85       	ldd	r25, Y+10	; 0x0a
    175e:	0e 94 41 00 	call	0x82	; 0x82 <__fixunssfsi>
    1762:	dc 01       	movw	r26, r24
    1764:	cb 01       	movw	r24, r22
    1766:	9e 83       	std	Y+6, r25	; 0x06
    1768:	8d 83       	std	Y+5, r24	; 0x05
    176a:	8d 81       	ldd	r24, Y+5	; 0x05
    176c:	9e 81       	ldd	r25, Y+6	; 0x06
    176e:	9a 83       	std	Y+2, r25	; 0x02
    1770:	89 83       	std	Y+1, r24	; 0x01
    1772:	89 81       	ldd	r24, Y+1	; 0x01
    1774:	9a 81       	ldd	r25, Y+2	; 0x02
    1776:	01 97       	sbiw	r24, 0x01	; 1
    1778:	f1 f7       	brne	.-4      	; 0x1776 <LCD_sendChar+0x3c4>
    177a:	9a 83       	std	Y+2, r25	; 0x02
    177c:	89 83       	std	Y+1, r24	; 0x01
	GPIO_writePin(LCD_DATA_PORT_ID, LCD_D7_PIN_ID, GET_BIT(data, 3));
	_delay_ms(1);
	GPIO_writePin(LCD_E_PORT_ID, LCD_E_PIN_ID, LOGIC_LOW);
	_delay_ms(1);
#endif
}
    177e:	e9 96       	adiw	r28, 0x39	; 57
    1780:	0f b6       	in	r0, 0x3f	; 63
    1782:	f8 94       	cli
    1784:	de bf       	out	0x3e, r29	; 62
    1786:	0f be       	out	0x3f, r0	; 63
    1788:	cd bf       	out	0x3d, r28	; 61
    178a:	cf 91       	pop	r28
    178c:	df 91       	pop	r29
    178e:	08 95       	ret

00001790 <LCD_displayString>:

/*
 * Description :
 * Display the required string on the screen
 */
void LCD_displayString(const char *Str) {
    1790:	df 93       	push	r29
    1792:	cf 93       	push	r28
    1794:	00 d0       	rcall	.+0      	; 0x1796 <LCD_displayString+0x6>
    1796:	0f 92       	push	r0
    1798:	cd b7       	in	r28, 0x3d	; 61
    179a:	de b7       	in	r29, 0x3e	; 62
    179c:	9b 83       	std	Y+3, r25	; 0x03
    179e:	8a 83       	std	Y+2, r24	; 0x02
	uint8 counter = 0;
    17a0:	19 82       	std	Y+1, r1	; 0x01
    17a2:	0e c0       	rjmp	.+28     	; 0x17c0 <LCD_displayString+0x30>
	while (Str[counter] != '\0') {
		LCD_sendChar(Str[counter]);
    17a4:	89 81       	ldd	r24, Y+1	; 0x01
    17a6:	28 2f       	mov	r18, r24
    17a8:	30 e0       	ldi	r19, 0x00	; 0
    17aa:	8a 81       	ldd	r24, Y+2	; 0x02
    17ac:	9b 81       	ldd	r25, Y+3	; 0x03
    17ae:	fc 01       	movw	r30, r24
    17b0:	e2 0f       	add	r30, r18
    17b2:	f3 1f       	adc	r31, r19
    17b4:	80 81       	ld	r24, Z
    17b6:	0e 94 d9 09 	call	0x13b2	; 0x13b2 <LCD_sendChar>
		counter++;
    17ba:	89 81       	ldd	r24, Y+1	; 0x01
    17bc:	8f 5f       	subi	r24, 0xFF	; 255
    17be:	89 83       	std	Y+1, r24	; 0x01
 * Description :
 * Display the required string on the screen
 */
void LCD_displayString(const char *Str) {
	uint8 counter = 0;
	while (Str[counter] != '\0') {
    17c0:	89 81       	ldd	r24, Y+1	; 0x01
    17c2:	28 2f       	mov	r18, r24
    17c4:	30 e0       	ldi	r19, 0x00	; 0
    17c6:	8a 81       	ldd	r24, Y+2	; 0x02
    17c8:	9b 81       	ldd	r25, Y+3	; 0x03
    17ca:	fc 01       	movw	r30, r24
    17cc:	e2 0f       	add	r30, r18
    17ce:	f3 1f       	adc	r31, r19
    17d0:	80 81       	ld	r24, Z
    17d2:	88 23       	and	r24, r24
    17d4:	39 f7       	brne	.-50     	; 0x17a4 <LCD_displayString+0x14>
		LCD_sendChar(Str[counter]);
		counter++;
	}
}
    17d6:	0f 90       	pop	r0
    17d8:	0f 90       	pop	r0
    17da:	0f 90       	pop	r0
    17dc:	cf 91       	pop	r28
    17de:	df 91       	pop	r29
    17e0:	08 95       	ret

000017e2 <LCD_moveCursor>:

/*
 * Description :
 * Move the cursor to a specified row and column index on the screen
 */
void LCD_moveCursor(uint8 row, uint8 col) {
    17e2:	df 93       	push	r29
    17e4:	cf 93       	push	r28
    17e6:	00 d0       	rcall	.+0      	; 0x17e8 <LCD_moveCursor+0x6>
    17e8:	00 d0       	rcall	.+0      	; 0x17ea <LCD_moveCursor+0x8>
    17ea:	0f 92       	push	r0
    17ec:	cd b7       	in	r28, 0x3d	; 61
    17ee:	de b7       	in	r29, 0x3e	; 62
    17f0:	8a 83       	std	Y+2, r24	; 0x02
    17f2:	6b 83       	std	Y+3, r22	; 0x03
	uint8 final_position = 0;
    17f4:	19 82       	std	Y+1, r1	; 0x01
	switch (row) {
    17f6:	8a 81       	ldd	r24, Y+2	; 0x02
    17f8:	28 2f       	mov	r18, r24
    17fa:	30 e0       	ldi	r19, 0x00	; 0
    17fc:	3d 83       	std	Y+5, r19	; 0x05
    17fe:	2c 83       	std	Y+4, r18	; 0x04
    1800:	8c 81       	ldd	r24, Y+4	; 0x04
    1802:	9d 81       	ldd	r25, Y+5	; 0x05
    1804:	81 30       	cpi	r24, 0x01	; 1
    1806:	91 05       	cpc	r25, r1
    1808:	c1 f0       	breq	.+48     	; 0x183a <LCD_moveCursor+0x58>
    180a:	2c 81       	ldd	r18, Y+4	; 0x04
    180c:	3d 81       	ldd	r19, Y+5	; 0x05
    180e:	22 30       	cpi	r18, 0x02	; 2
    1810:	31 05       	cpc	r19, r1
    1812:	2c f4       	brge	.+10     	; 0x181e <LCD_moveCursor+0x3c>
    1814:	8c 81       	ldd	r24, Y+4	; 0x04
    1816:	9d 81       	ldd	r25, Y+5	; 0x05
    1818:	00 97       	sbiw	r24, 0x00	; 0
    181a:	61 f0       	breq	.+24     	; 0x1834 <LCD_moveCursor+0x52>
    181c:	19 c0       	rjmp	.+50     	; 0x1850 <LCD_moveCursor+0x6e>
    181e:	2c 81       	ldd	r18, Y+4	; 0x04
    1820:	3d 81       	ldd	r19, Y+5	; 0x05
    1822:	22 30       	cpi	r18, 0x02	; 2
    1824:	31 05       	cpc	r19, r1
    1826:	69 f0       	breq	.+26     	; 0x1842 <LCD_moveCursor+0x60>
    1828:	8c 81       	ldd	r24, Y+4	; 0x04
    182a:	9d 81       	ldd	r25, Y+5	; 0x05
    182c:	83 30       	cpi	r24, 0x03	; 3
    182e:	91 05       	cpc	r25, r1
    1830:	61 f0       	breq	.+24     	; 0x184a <LCD_moveCursor+0x68>
    1832:	0e c0       	rjmp	.+28     	; 0x1850 <LCD_moveCursor+0x6e>
	case 0:
		final_position = 0x00 + col;
    1834:	8b 81       	ldd	r24, Y+3	; 0x03
    1836:	89 83       	std	Y+1, r24	; 0x01
    1838:	0b c0       	rjmp	.+22     	; 0x1850 <LCD_moveCursor+0x6e>
		break;
	case 1:
		final_position = 0x40 + col;
    183a:	8b 81       	ldd	r24, Y+3	; 0x03
    183c:	80 5c       	subi	r24, 0xC0	; 192
    183e:	89 83       	std	Y+1, r24	; 0x01
    1840:	07 c0       	rjmp	.+14     	; 0x1850 <LCD_moveCursor+0x6e>
		break;
	case 2:
		final_position = 0x10 + col;
    1842:	8b 81       	ldd	r24, Y+3	; 0x03
    1844:	80 5f       	subi	r24, 0xF0	; 240
    1846:	89 83       	std	Y+1, r24	; 0x01
    1848:	03 c0       	rjmp	.+6      	; 0x1850 <LCD_moveCursor+0x6e>
		break;
	case 3:
		final_position = 0x50 + col;
    184a:	8b 81       	ldd	r24, Y+3	; 0x03
    184c:	80 5b       	subi	r24, 0xB0	; 176
    184e:	89 83       	std	Y+1, r24	; 0x01
		break;
	}
	LCD_sendCommand(final_position + LCD_SET_CURSOR_LOCATION);
    1850:	89 81       	ldd	r24, Y+1	; 0x01
    1852:	80 58       	subi	r24, 0x80	; 128
    1854:	0e 94 4e 07 	call	0xe9c	; 0xe9c <LCD_sendCommand>
}
    1858:	0f 90       	pop	r0
    185a:	0f 90       	pop	r0
    185c:	0f 90       	pop	r0
    185e:	0f 90       	pop	r0
    1860:	0f 90       	pop	r0
    1862:	cf 91       	pop	r28
    1864:	df 91       	pop	r29
    1866:	08 95       	ret

00001868 <LCD_displayStringRowColumn>:

/*
 * Description :
 * Display the required string in a specified row and column index on the screen
 */
void LCD_displayStringRowColumn(uint8 row, uint8 col, const char *Str) {
    1868:	df 93       	push	r29
    186a:	cf 93       	push	r28
    186c:	00 d0       	rcall	.+0      	; 0x186e <LCD_displayStringRowColumn+0x6>
    186e:	00 d0       	rcall	.+0      	; 0x1870 <LCD_displayStringRowColumn+0x8>
    1870:	cd b7       	in	r28, 0x3d	; 61
    1872:	de b7       	in	r29, 0x3e	; 62
    1874:	89 83       	std	Y+1, r24	; 0x01
    1876:	6a 83       	std	Y+2, r22	; 0x02
    1878:	5c 83       	std	Y+4, r21	; 0x04
    187a:	4b 83       	std	Y+3, r20	; 0x03
	LCD_moveCursor(row, col);
    187c:	89 81       	ldd	r24, Y+1	; 0x01
    187e:	6a 81       	ldd	r22, Y+2	; 0x02
    1880:	0e 94 f1 0b 	call	0x17e2	; 0x17e2 <LCD_moveCursor>
	LCD_displayString(Str);
    1884:	8b 81       	ldd	r24, Y+3	; 0x03
    1886:	9c 81       	ldd	r25, Y+4	; 0x04
    1888:	0e 94 c8 0b 	call	0x1790	; 0x1790 <LCD_displayString>

}
    188c:	0f 90       	pop	r0
    188e:	0f 90       	pop	r0
    1890:	0f 90       	pop	r0
    1892:	0f 90       	pop	r0
    1894:	cf 91       	pop	r28
    1896:	df 91       	pop	r29
    1898:	08 95       	ret

0000189a <LCD_clearScreen>:

/*
 * Description :
 * Send the clear screen command
 */
void LCD_clearScreen(void) {
    189a:	df 93       	push	r29
    189c:	cf 93       	push	r28
    189e:	cd b7       	in	r28, 0x3d	; 61
    18a0:	de b7       	in	r29, 0x3e	; 62
	LCD_sendCommand(LCD_CLEAR_COMMAND);
    18a2:	81 e0       	ldi	r24, 0x01	; 1
    18a4:	0e 94 4e 07 	call	0xe9c	; 0xe9c <LCD_sendCommand>
}
    18a8:	cf 91       	pop	r28
    18aa:	df 91       	pop	r29
    18ac:	08 95       	ret

000018ae <LCD_intgerToString>:

/*
 * Description :
 * Display the required decimal value on the screen
 */
void LCD_intgerToString(uint16 data) {
    18ae:	df 93       	push	r29
    18b0:	cf 93       	push	r28
    18b2:	cd b7       	in	r28, 0x3d	; 61
    18b4:	de b7       	in	r29, 0x3e	; 62
    18b6:	62 97       	sbiw	r28, 0x12	; 18
    18b8:	0f b6       	in	r0, 0x3f	; 63
    18ba:	f8 94       	cli
    18bc:	de bf       	out	0x3e, r29	; 62
    18be:	0f be       	out	0x3f, r0	; 63
    18c0:	cd bf       	out	0x3d, r28	; 61
    18c2:	9a 8b       	std	Y+18, r25	; 0x12
    18c4:	89 8b       	std	Y+17, r24	; 0x11
	char buffer[16];
	itoa(data, buffer, 10);
    18c6:	89 89       	ldd	r24, Y+17	; 0x11
    18c8:	9a 89       	ldd	r25, Y+18	; 0x12
    18ca:	9e 01       	movw	r18, r28
    18cc:	2f 5f       	subi	r18, 0xFF	; 255
    18ce:	3f 4f       	sbci	r19, 0xFF	; 255
    18d0:	b9 01       	movw	r22, r18
    18d2:	4a e0       	ldi	r20, 0x0A	; 10
    18d4:	50 e0       	ldi	r21, 0x00	; 0
    18d6:	0e 94 25 13 	call	0x264a	; 0x264a <itoa>
	LCD_displayString(buffer);
    18da:	ce 01       	movw	r24, r28
    18dc:	01 96       	adiw	r24, 0x01	; 1
    18de:	0e 94 c8 0b 	call	0x1790	; 0x1790 <LCD_displayString>

}
    18e2:	62 96       	adiw	r28, 0x12	; 18
    18e4:	0f b6       	in	r0, 0x3f	; 63
    18e6:	f8 94       	cli
    18e8:	de bf       	out	0x3e, r29	; 62
    18ea:	0f be       	out	0x3f, r0	; 63
    18ec:	cd bf       	out	0x3d, r28	; 61
    18ee:	cf 91       	pop	r28
    18f0:	df 91       	pop	r29
    18f2:	08 95       	ret

000018f4 <LEDS_init>:

/*description:
 *Initializes all Leds (red, green, blue) pins direction.
 *Initializes Turn off all the Leds
 * */
void LEDS_init(void) {
    18f4:	df 93       	push	r29
    18f6:	cf 93       	push	r28
    18f8:	cd b7       	in	r28, 0x3d	; 61
    18fa:	de b7       	in	r29, 0x3e	; 62

	GPIO_setupPinDirection(LED_1_PORT_ID, LED_1_PIN_ID, PIN_OUTPUT);
    18fc:	81 e0       	ldi	r24, 0x01	; 1
    18fe:	65 e0       	ldi	r22, 0x05	; 5
    1900:	41 e0       	ldi	r20, 0x01	; 1
    1902:	0e 94 8b 0e 	call	0x1d16	; 0x1d16 <GPIO_setupPinDirection>
	GPIO_setupPinDirection(LED_2_PORT_ID, LED_2_PIN_ID, PIN_OUTPUT);
    1906:	81 e0       	ldi	r24, 0x01	; 1
    1908:	66 e0       	ldi	r22, 0x06	; 6
    190a:	41 e0       	ldi	r20, 0x01	; 1
    190c:	0e 94 8b 0e 	call	0x1d16	; 0x1d16 <GPIO_setupPinDirection>
	GPIO_setupPinDirection(LED_3_PORT_ID, LED_3_PIN_ID, PIN_OUTPUT);
    1910:	81 e0       	ldi	r24, 0x01	; 1
    1912:	67 e0       	ldi	r22, 0x07	; 7
    1914:	41 e0       	ldi	r20, 0x01	; 1
    1916:	0e 94 8b 0e 	call	0x1d16	; 0x1d16 <GPIO_setupPinDirection>

#if (CONNECTION_LOGICE==1)
	GPIO_writePin(LED_1_PORT_ID, LED_1_PIN_ID, LOGIC_LOW);
    191a:	81 e0       	ldi	r24, 0x01	; 1
    191c:	65 e0       	ldi	r22, 0x05	; 5
    191e:	40 e0       	ldi	r20, 0x00	; 0
    1920:	0e 94 76 0f 	call	0x1eec	; 0x1eec <GPIO_writePin>
	GPIO_writePin(LED_2_PORT_ID, LED_2_PIN_ID, LOGIC_LOW);
    1924:	81 e0       	ldi	r24, 0x01	; 1
    1926:	66 e0       	ldi	r22, 0x06	; 6
    1928:	40 e0       	ldi	r20, 0x00	; 0
    192a:	0e 94 76 0f 	call	0x1eec	; 0x1eec <GPIO_writePin>
	GPIO_writePin(LED_3_PORT_ID, LED_3_PIN_ID, LOGIC_LOW);
    192e:	81 e0       	ldi	r24, 0x01	; 1
    1930:	67 e0       	ldi	r22, 0x07	; 7
    1932:	40 e0       	ldi	r20, 0x00	; 0
    1934:	0e 94 76 0f 	call	0x1eec	; 0x1eec <GPIO_writePin>
#elif (CONNECTION_LOGICE==0)
	GPIO_writePin(LED_1_PORT_ID,LED_1_PIN_ID,LOGIC_HIGH);
	GPIO_writePin(LED_2_PORT_ID,LED_2_PIN_ID,LOGIC_HIGH);
	GPIO_writePin(LED_3_PORT_ID,LED_3_PIN_ID,LOGIC_HIGH);
#endif
}
    1938:	cf 91       	pop	r28
    193a:	df 91       	pop	r29
    193c:	08 95       	ret

0000193e <LED_on>:

/*description
 * Turns on the specified LED.
 *  */
void LED_on(LED_ID id) {
    193e:	df 93       	push	r29
    1940:	cf 93       	push	r28
    1942:	00 d0       	rcall	.+0      	; 0x1944 <LED_on+0x6>
    1944:	0f 92       	push	r0
    1946:	cd b7       	in	r28, 0x3d	; 61
    1948:	de b7       	in	r29, 0x3e	; 62
    194a:	89 83       	std	Y+1, r24	; 0x01
	switch (id) {
    194c:	89 81       	ldd	r24, Y+1	; 0x01
    194e:	28 2f       	mov	r18, r24
    1950:	30 e0       	ldi	r19, 0x00	; 0
    1952:	3b 83       	std	Y+3, r19	; 0x03
    1954:	2a 83       	std	Y+2, r18	; 0x02
    1956:	8a 81       	ldd	r24, Y+2	; 0x02
    1958:	9b 81       	ldd	r25, Y+3	; 0x03
    195a:	82 30       	cpi	r24, 0x02	; 2
    195c:	91 05       	cpc	r25, r1
    195e:	81 f0       	breq	.+32     	; 0x1980 <LED_on+0x42>
    1960:	2a 81       	ldd	r18, Y+2	; 0x02
    1962:	3b 81       	ldd	r19, Y+3	; 0x03
    1964:	23 30       	cpi	r18, 0x03	; 3
    1966:	31 05       	cpc	r19, r1
    1968:	89 f0       	breq	.+34     	; 0x198c <LED_on+0x4e>
    196a:	8a 81       	ldd	r24, Y+2	; 0x02
    196c:	9b 81       	ldd	r25, Y+3	; 0x03
    196e:	81 30       	cpi	r24, 0x01	; 1
    1970:	91 05       	cpc	r25, r1
    1972:	89 f4       	brne	.+34     	; 0x1996 <LED_on+0x58>
	case 1:
#if (CONNECTION_LOGICE==1)
		GPIO_writePin(LED_1_PORT_ID, LED_1_PIN_ID, LOGIC_HIGH);
    1974:	81 e0       	ldi	r24, 0x01	; 1
    1976:	65 e0       	ldi	r22, 0x05	; 5
    1978:	41 e0       	ldi	r20, 0x01	; 1
    197a:	0e 94 76 0f 	call	0x1eec	; 0x1eec <GPIO_writePin>
    197e:	0b c0       	rjmp	.+22     	; 0x1996 <LED_on+0x58>
	 GPIO_writePin(LED_1_PORT_ID, LED_1_PIN_ID, LOGIC_LOW);
#endif
		break;
	case 2:
#if (CONNECTION_LOGICE==1)
		GPIO_writePin(LED_2_PORT_ID, LED_2_PIN_ID, LOGIC_HIGH);
    1980:	81 e0       	ldi	r24, 0x01	; 1
    1982:	66 e0       	ldi	r22, 0x06	; 6
    1984:	41 e0       	ldi	r20, 0x01	; 1
    1986:	0e 94 76 0f 	call	0x1eec	; 0x1eec <GPIO_writePin>
    198a:	05 c0       	rjmp	.+10     	; 0x1996 <LED_on+0x58>
	 GPIO_writePin(LED_2_PORT_ID, LED_2_PIN_ID, LOGIC_LOW);
#endif
		break;
	case 3:
#if (CONNECTION_LOGICE==1)
		GPIO_writePin(LED_3_PORT_ID, LED_3_PIN_ID, LOGIC_HIGH);
    198c:	81 e0       	ldi	r24, 0x01	; 1
    198e:	67 e0       	ldi	r22, 0x07	; 7
    1990:	41 e0       	ldi	r20, 0x01	; 1
    1992:	0e 94 76 0f 	call	0x1eec	; 0x1eec <GPIO_writePin>
#elif (CONNECTION_LOGICE==0)
	 GPIO_writePin(LED_3_PORT_ID, LED_3_PIN_ID, LOGIC_LOW);
#endif
		break;
	}
}
    1996:	0f 90       	pop	r0
    1998:	0f 90       	pop	r0
    199a:	0f 90       	pop	r0
    199c:	cf 91       	pop	r28
    199e:	df 91       	pop	r29
    19a0:	08 95       	ret

000019a2 <LED_off>:

/*description:
 * Turns off the specified LED.
 *  */
void LED_off(LED_ID id) {
    19a2:	df 93       	push	r29
    19a4:	cf 93       	push	r28
    19a6:	00 d0       	rcall	.+0      	; 0x19a8 <LED_off+0x6>
    19a8:	0f 92       	push	r0
    19aa:	cd b7       	in	r28, 0x3d	; 61
    19ac:	de b7       	in	r29, 0x3e	; 62
    19ae:	89 83       	std	Y+1, r24	; 0x01
	switch (id) {
    19b0:	89 81       	ldd	r24, Y+1	; 0x01
    19b2:	28 2f       	mov	r18, r24
    19b4:	30 e0       	ldi	r19, 0x00	; 0
    19b6:	3b 83       	std	Y+3, r19	; 0x03
    19b8:	2a 83       	std	Y+2, r18	; 0x02
    19ba:	8a 81       	ldd	r24, Y+2	; 0x02
    19bc:	9b 81       	ldd	r25, Y+3	; 0x03
    19be:	82 30       	cpi	r24, 0x02	; 2
    19c0:	91 05       	cpc	r25, r1
    19c2:	81 f0       	breq	.+32     	; 0x19e4 <LED_off+0x42>
    19c4:	2a 81       	ldd	r18, Y+2	; 0x02
    19c6:	3b 81       	ldd	r19, Y+3	; 0x03
    19c8:	23 30       	cpi	r18, 0x03	; 3
    19ca:	31 05       	cpc	r19, r1
    19cc:	89 f0       	breq	.+34     	; 0x19f0 <LED_off+0x4e>
    19ce:	8a 81       	ldd	r24, Y+2	; 0x02
    19d0:	9b 81       	ldd	r25, Y+3	; 0x03
    19d2:	81 30       	cpi	r24, 0x01	; 1
    19d4:	91 05       	cpc	r25, r1
    19d6:	89 f4       	brne	.+34     	; 0x19fa <LED_off+0x58>
	case 1:
#if (CONNECTION_LOGICE==1)
		GPIO_writePin(LED_1_PORT_ID, LED_1_PIN_ID, LOGIC_LOW);
    19d8:	81 e0       	ldi	r24, 0x01	; 1
    19da:	65 e0       	ldi	r22, 0x05	; 5
    19dc:	40 e0       	ldi	r20, 0x00	; 0
    19de:	0e 94 76 0f 	call	0x1eec	; 0x1eec <GPIO_writePin>
    19e2:	0b c0       	rjmp	.+22     	; 0x19fa <LED_off+0x58>
		 GPIO_writePin(LED_1_PORT_ID, LED_1_PIN_ID, LOGIC_HIGH);
	#endif
		break;
	case 2:
#if (CONNECTION_LOGICE==1)
		GPIO_writePin(LED_2_PORT_ID, LED_2_PIN_ID, LOGIC_LOW);
    19e4:	81 e0       	ldi	r24, 0x01	; 1
    19e6:	66 e0       	ldi	r22, 0x06	; 6
    19e8:	40 e0       	ldi	r20, 0x00	; 0
    19ea:	0e 94 76 0f 	call	0x1eec	; 0x1eec <GPIO_writePin>
    19ee:	05 c0       	rjmp	.+10     	; 0x19fa <LED_off+0x58>
		 GPIO_writePin(LED_2_PORT_ID, LED_2_PIN_ID, LOGIC_HIGH);
	#endif
		break;
	case 3:
#if (CONNECTION_LOGICE==1)
		GPIO_writePin(LED_3_PORT_ID, LED_3_PIN_ID, LOGIC_LOW);
    19f0:	81 e0       	ldi	r24, 0x01	; 1
    19f2:	67 e0       	ldi	r22, 0x07	; 7
    19f4:	40 e0       	ldi	r20, 0x00	; 0
    19f6:	0e 94 76 0f 	call	0x1eec	; 0x1eec <GPIO_writePin>
		 GPIO_writePin(LED_3_PORT_ID, LED_3_PIN_ID, LOGIC_HIGH);
	#endif
		break;
	}

}
    19fa:	0f 90       	pop	r0
    19fc:	0f 90       	pop	r0
    19fe:	0f 90       	pop	r0
    1a00:	cf 91       	pop	r28
    1a02:	df 91       	pop	r29
    1a04:	08 95       	ret

00001a06 <main>:
#include "LCD.h"
#include "LED.h"
#include "sensor_ldr.h"
#include "sensor_lm35.h"

int main(void) {
    1a06:	df 93       	push	r29
    1a08:	cf 93       	push	r28
    1a0a:	0f 92       	push	r0
    1a0c:	cd b7       	in	r28, 0x3d	; 61
    1a0e:	de b7       	in	r29, 0x3e	; 62
	/*initializing all modules
	 * */
	Buzzer_init();
    1a10:	0e 94 e5 0d 	call	0x1bca	; 0x1bca <Buzzer_init>
	DcMotor_Init();
    1a14:	0e 94 0e 0e 	call	0x1c1c	; 0x1c1c <DcMotor_Init>
	FlameSensor_init();
    1a18:	0e 94 74 0e 	call	0x1ce8	; 0x1ce8 <FlameSensor_init>
	LCD_init();
    1a1c:	0e 94 3d 09 	call	0x127a	; 0x127a <LCD_init>
	LEDS_init();
    1a20:	0e 94 7a 0c 	call	0x18f4	; 0x18f4 <LEDS_init>
	boolean fan_state = FALSE;
    1a24:	19 82       	std	Y+1, r1	; 0x01
	while (1) {

		/*checking on the flame sensor */

		if (FlameSensor_getValue()) {
    1a26:	0e 94 80 0e 	call	0x1d00	; 0x1d00 <FlameSensor_getValue>
    1a2a:	88 23       	and	r24, r24
    1a2c:	91 f0       	breq	.+36     	; 0x1a52 <main+0x4c>
			/*if the flame sensor is on ,it will put the cursor in the beginning and
			 * clear the letters around the message
			 * and then
			 * print critical alert and turn the buzzer on  */
			LCD_moveCursor(0, 0);
    1a2e:	80 e0       	ldi	r24, 0x00	; 0
    1a30:	60 e0       	ldi	r22, 0x00	; 0
    1a32:	0e 94 f1 0b 	call	0x17e2	; 0x17e2 <LCD_moveCursor>
			LCD_displayString("Critical alert!!");
    1a36:	80 e6       	ldi	r24, 0x60	; 96
    1a38:	90 e0       	ldi	r25, 0x00	; 0
    1a3a:	0e 94 c8 0b 	call	0x1790	; 0x1790 <LCD_displayString>
			LCD_displayStringRowColumn(1, 0, "                      ");
    1a3e:	21 e7       	ldi	r18, 0x71	; 113
    1a40:	30 e0       	ldi	r19, 0x00	; 0
    1a42:	81 e0       	ldi	r24, 0x01	; 1
    1a44:	60 e0       	ldi	r22, 0x00	; 0
    1a46:	a9 01       	movw	r20, r18
    1a48:	0e 94 34 0c 	call	0x1868	; 0x1868 <LCD_displayStringRowColumn>
			Buzzer_on();
    1a4c:	0e 94 f6 0d 	call	0x1bec	; 0x1bec <Buzzer_on>
    1a50:	3e c0       	rjmp	.+124    	; 0x1ace <main+0xc8>
		} else {
			/*turns of the buzzer and keep displaying the data of the sensors
			 * */
			Buzzer_off();
    1a52:	0e 94 02 0e 	call	0x1c04	; 0x1c04 <Buzzer_off>
			LCD_moveCursor(0, 0);
    1a56:	80 e0       	ldi	r24, 0x00	; 0
    1a58:	60 e0       	ldi	r22, 0x00	; 0
    1a5a:	0e 94 f1 0b 	call	0x17e2	; 0x17e2 <LCD_moveCursor>
			LCD_displayString("   ");
    1a5e:	88 e8       	ldi	r24, 0x88	; 136
    1a60:	90 e0       	ldi	r25, 0x00	; 0
    1a62:	0e 94 c8 0b 	call	0x1790	; 0x1790 <LCD_displayString>
			LCD_displayStringRowColumn(0, 3, "FAN IS ");
    1a66:	2c e8       	ldi	r18, 0x8C	; 140
    1a68:	30 e0       	ldi	r19, 0x00	; 0
    1a6a:	80 e0       	ldi	r24, 0x00	; 0
    1a6c:	63 e0       	ldi	r22, 0x03	; 3
    1a6e:	a9 01       	movw	r20, r18
    1a70:	0e 94 34 0c 	call	0x1868	; 0x1868 <LCD_displayStringRowColumn>
			/*checks the state of the fan depending on the motor
			 * */
			if (fan_state) {
    1a74:	89 81       	ldd	r24, Y+1	; 0x01
    1a76:	88 23       	and	r24, r24
    1a78:	29 f0       	breq	.+10     	; 0x1a84 <main+0x7e>
				LCD_displayString("ON ");
    1a7a:	84 e9       	ldi	r24, 0x94	; 148
    1a7c:	90 e0       	ldi	r25, 0x00	; 0
    1a7e:	0e 94 c8 0b 	call	0x1790	; 0x1790 <LCD_displayString>
    1a82:	04 c0       	rjmp	.+8      	; 0x1a8c <main+0x86>
			} else {
				LCD_displayString("OFF");
    1a84:	88 e9       	ldi	r24, 0x98	; 152
    1a86:	90 e0       	ldi	r25, 0x00	; 0
    1a88:	0e 94 c8 0b 	call	0x1790	; 0x1790 <LCD_displayString>
			}
			LCD_displayString("       ");
    1a8c:	8c e9       	ldi	r24, 0x9C	; 156
    1a8e:	90 e0       	ldi	r25, 0x00	; 0
    1a90:	0e 94 c8 0b 	call	0x1790	; 0x1790 <LCD_displayString>
			LCD_displayStringRowColumn(1, 0, "Temp=");
    1a94:	24 ea       	ldi	r18, 0xA4	; 164
    1a96:	30 e0       	ldi	r19, 0x00	; 0
    1a98:	81 e0       	ldi	r24, 0x01	; 1
    1a9a:	60 e0       	ldi	r22, 0x00	; 0
    1a9c:	a9 01       	movw	r20, r18
    1a9e:	0e 94 34 0c 	call	0x1868	; 0x1868 <LCD_displayStringRowColumn>
			LCD_moveCursor(1, 5);
    1aa2:	81 e0       	ldi	r24, 0x01	; 1
    1aa4:	65 e0       	ldi	r22, 0x05	; 5
    1aa6:	0e 94 f1 0b 	call	0x17e2	; 0x17e2 <LCD_moveCursor>
			LCD_intgerToString(LM35_getTemperature());
    1aaa:	0e 94 61 12 	call	0x24c2	; 0x24c2 <LM35_getTemperature>
    1aae:	88 2f       	mov	r24, r24
    1ab0:	90 e0       	ldi	r25, 0x00	; 0
    1ab2:	0e 94 57 0c 	call	0x18ae	; 0x18ae <LCD_intgerToString>
			LCD_displayString("C LDR=");
    1ab6:	8a ea       	ldi	r24, 0xAA	; 170
    1ab8:	90 e0       	ldi	r25, 0x00	; 0
    1aba:	0e 94 c8 0b 	call	0x1790	; 0x1790 <LCD_displayString>
			LCD_intgerToString(LDR_getLightIntensity());
    1abe:	0e 94 18 12 	call	0x2430	; 0x2430 <LDR_getLightIntensity>
    1ac2:	0e 94 57 0c 	call	0x18ae	; 0x18ae <LCD_intgerToString>
			LCD_displayString("%");
    1ac6:	81 eb       	ldi	r24, 0xB1	; 177
    1ac8:	90 e0       	ldi	r25, 0x00	; 0
    1aca:	0e 94 c8 0b 	call	0x1790	; 0x1790 <LCD_displayString>
		}


		/*fan speed depending  on the temp. and updating the flag of the fan state
		 * */
		if (LM35_getTemperature() >= 40) {
    1ace:	0e 94 61 12 	call	0x24c2	; 0x24c2 <LM35_getTemperature>
    1ad2:	88 32       	cpi	r24, 0x28	; 40
    1ad4:	38 f0       	brcs	.+14     	; 0x1ae4 <main+0xde>
			DcMotor_Rotate(CLOCKWISE, 100);
    1ad6:	81 e0       	ldi	r24, 0x01	; 1
    1ad8:	64 e6       	ldi	r22, 0x64	; 100
    1ada:	0e 94 29 0e 	call	0x1c52	; 0x1c52 <DcMotor_Rotate>
			fan_state = TRUE;
    1ade:	81 e0       	ldi	r24, 0x01	; 1
    1ae0:	89 83       	std	Y+1, r24	; 0x01
    1ae2:	32 c0       	rjmp	.+100    	; 0x1b48 <main+0x142>
		} else if ((LM35_getTemperature() >= 35)
    1ae4:	0e 94 61 12 	call	0x24c2	; 0x24c2 <LM35_getTemperature>
    1ae8:	83 32       	cpi	r24, 0x23	; 35
    1aea:	58 f0       	brcs	.+22     	; 0x1b02 <main+0xfc>
    1aec:	0e 94 61 12 	call	0x24c2	; 0x24c2 <LM35_getTemperature>
    1af0:	88 32       	cpi	r24, 0x28	; 40
    1af2:	38 f4       	brcc	.+14     	; 0x1b02 <main+0xfc>
				&& (LM35_getTemperature() < 40)) {
			DcMotor_Rotate(CLOCKWISE, 75);
    1af4:	81 e0       	ldi	r24, 0x01	; 1
    1af6:	6b e4       	ldi	r22, 0x4B	; 75
    1af8:	0e 94 29 0e 	call	0x1c52	; 0x1c52 <DcMotor_Rotate>
			fan_state = TRUE;
    1afc:	81 e0       	ldi	r24, 0x01	; 1
    1afe:	89 83       	std	Y+1, r24	; 0x01
    1b00:	23 c0       	rjmp	.+70     	; 0x1b48 <main+0x142>
		} else if ((LM35_getTemperature() >= 30)
    1b02:	0e 94 61 12 	call	0x24c2	; 0x24c2 <LM35_getTemperature>
    1b06:	8e 31       	cpi	r24, 0x1E	; 30
    1b08:	58 f0       	brcs	.+22     	; 0x1b20 <main+0x11a>
    1b0a:	0e 94 61 12 	call	0x24c2	; 0x24c2 <LM35_getTemperature>
    1b0e:	83 32       	cpi	r24, 0x23	; 35
    1b10:	38 f4       	brcc	.+14     	; 0x1b20 <main+0x11a>
				&& (LM35_getTemperature() < 35)) {
			DcMotor_Rotate(CLOCKWISE, 50);
    1b12:	81 e0       	ldi	r24, 0x01	; 1
    1b14:	62 e3       	ldi	r22, 0x32	; 50
    1b16:	0e 94 29 0e 	call	0x1c52	; 0x1c52 <DcMotor_Rotate>
			fan_state = TRUE;
    1b1a:	81 e0       	ldi	r24, 0x01	; 1
    1b1c:	89 83       	std	Y+1, r24	; 0x01
    1b1e:	14 c0       	rjmp	.+40     	; 0x1b48 <main+0x142>
		} else if ((LM35_getTemperature() >= 25)
    1b20:	0e 94 61 12 	call	0x24c2	; 0x24c2 <LM35_getTemperature>
    1b24:	89 31       	cpi	r24, 0x19	; 25
    1b26:	58 f0       	brcs	.+22     	; 0x1b3e <main+0x138>
    1b28:	0e 94 61 12 	call	0x24c2	; 0x24c2 <LM35_getTemperature>
    1b2c:	8e 31       	cpi	r24, 0x1E	; 30
    1b2e:	38 f4       	brcc	.+14     	; 0x1b3e <main+0x138>
				&& (LM35_getTemperature() < 30)) {
			DcMotor_Rotate(CLOCKWISE, 25);
    1b30:	81 e0       	ldi	r24, 0x01	; 1
    1b32:	69 e1       	ldi	r22, 0x19	; 25
    1b34:	0e 94 29 0e 	call	0x1c52	; 0x1c52 <DcMotor_Rotate>
			fan_state = TRUE;
    1b38:	81 e0       	ldi	r24, 0x01	; 1
    1b3a:	89 83       	std	Y+1, r24	; 0x01
    1b3c:	05 c0       	rjmp	.+10     	; 0x1b48 <main+0x142>
		} else {
			DcMotor_Rotate(STOP, 0);
    1b3e:	80 e0       	ldi	r24, 0x00	; 0
    1b40:	60 e0       	ldi	r22, 0x00	; 0
    1b42:	0e 94 29 0e 	call	0x1c52	; 0x1c52 <DcMotor_Rotate>
			fan_state = FALSE;
    1b46:	19 82       	std	Y+1, r1	; 0x01
		}

		/*checking on the light intensity and controlling the leds */

		if (LDR_getLightIntensity() < 15) {
    1b48:	0e 94 18 12 	call	0x2430	; 0x2430 <LDR_getLightIntensity>
    1b4c:	8f 30       	cpi	r24, 0x0F	; 15
    1b4e:	91 05       	cpc	r25, r1
    1b50:	50 f4       	brcc	.+20     	; 0x1b66 <main+0x160>
			LED_on(red);
    1b52:	81 e0       	ldi	r24, 0x01	; 1
    1b54:	0e 94 9f 0c 	call	0x193e	; 0x193e <LED_on>
			LED_on(blue);
    1b58:	83 e0       	ldi	r24, 0x03	; 3
    1b5a:	0e 94 9f 0c 	call	0x193e	; 0x193e <LED_on>
			LED_on(green);
    1b5e:	82 e0       	ldi	r24, 0x02	; 2
    1b60:	0e 94 9f 0c 	call	0x193e	; 0x193e <LED_on>
    1b64:	60 cf       	rjmp	.-320    	; 0x1a26 <main+0x20>
		} else if (LDR_getLightIntensity() >= 15
    1b66:	0e 94 18 12 	call	0x2430	; 0x2430 <LDR_getLightIntensity>
    1b6a:	8f 30       	cpi	r24, 0x0F	; 15
    1b6c:	91 05       	cpc	r25, r1
    1b6e:	78 f0       	brcs	.+30     	; 0x1b8e <main+0x188>
    1b70:	0e 94 18 12 	call	0x2430	; 0x2430 <LDR_getLightIntensity>
    1b74:	83 33       	cpi	r24, 0x33	; 51
    1b76:	91 05       	cpc	r25, r1
    1b78:	50 f4       	brcc	.+20     	; 0x1b8e <main+0x188>
				&& LDR_getLightIntensity() <= 50) {
			LED_on(red);
    1b7a:	81 e0       	ldi	r24, 0x01	; 1
    1b7c:	0e 94 9f 0c 	call	0x193e	; 0x193e <LED_on>
			LED_off(blue);
    1b80:	83 e0       	ldi	r24, 0x03	; 3
    1b82:	0e 94 d1 0c 	call	0x19a2	; 0x19a2 <LED_off>
			LED_on(green);
    1b86:	82 e0       	ldi	r24, 0x02	; 2
    1b88:	0e 94 9f 0c 	call	0x193e	; 0x193e <LED_on>
    1b8c:	4c cf       	rjmp	.-360    	; 0x1a26 <main+0x20>
		} else if (LDR_getLightIntensity() > 50
    1b8e:	0e 94 18 12 	call	0x2430	; 0x2430 <LDR_getLightIntensity>
    1b92:	83 33       	cpi	r24, 0x33	; 51
    1b94:	91 05       	cpc	r25, r1
    1b96:	78 f0       	brcs	.+30     	; 0x1bb6 <main+0x1b0>
    1b98:	0e 94 18 12 	call	0x2430	; 0x2430 <LDR_getLightIntensity>
    1b9c:	87 34       	cpi	r24, 0x47	; 71
    1b9e:	91 05       	cpc	r25, r1
    1ba0:	50 f4       	brcc	.+20     	; 0x1bb6 <main+0x1b0>
				&& LDR_getLightIntensity() <= 70) {
			LED_on(red);
    1ba2:	81 e0       	ldi	r24, 0x01	; 1
    1ba4:	0e 94 9f 0c 	call	0x193e	; 0x193e <LED_on>
			LED_off(blue);
    1ba8:	83 e0       	ldi	r24, 0x03	; 3
    1baa:	0e 94 d1 0c 	call	0x19a2	; 0x19a2 <LED_off>
			LED_off(green);
    1bae:	82 e0       	ldi	r24, 0x02	; 2
    1bb0:	0e 94 d1 0c 	call	0x19a2	; 0x19a2 <LED_off>
    1bb4:	38 cf       	rjmp	.-400    	; 0x1a26 <main+0x20>
		} else {
			LED_off(red);
    1bb6:	81 e0       	ldi	r24, 0x01	; 1
    1bb8:	0e 94 d1 0c 	call	0x19a2	; 0x19a2 <LED_off>
			LED_off(blue);
    1bbc:	83 e0       	ldi	r24, 0x03	; 3
    1bbe:	0e 94 d1 0c 	call	0x19a2	; 0x19a2 <LED_off>
			LED_off(green);
    1bc2:	82 e0       	ldi	r24, 0x02	; 2
    1bc4:	0e 94 d1 0c 	call	0x19a2	; 0x19a2 <LED_off>
    1bc8:	2e cf       	rjmp	.-420    	; 0x1a26 <main+0x20>

00001bca <Buzzer_init>:

/*description
 * Initializes the buzzer pin direction
 * and turn off the buzzer.
 * */
void Buzzer_init(void){
    1bca:	df 93       	push	r29
    1bcc:	cf 93       	push	r28
    1bce:	cd b7       	in	r28, 0x3d	; 61
    1bd0:	de b7       	in	r29, 0x3e	; 62
	GPIO_setupPinDirection(BUZZER_PORT_ID,BUZZER_PIN_ID,PIN_OUTPUT);
    1bd2:	83 e0       	ldi	r24, 0x03	; 3
    1bd4:	63 e0       	ldi	r22, 0x03	; 3
    1bd6:	41 e0       	ldi	r20, 0x01	; 1
    1bd8:	0e 94 8b 0e 	call	0x1d16	; 0x1d16 <GPIO_setupPinDirection>
	GPIO_writePin(BUZZER_PORT_ID,BUZZER_PIN_ID,LOGIC_LOW);
    1bdc:	83 e0       	ldi	r24, 0x03	; 3
    1bde:	63 e0       	ldi	r22, 0x03	; 3
    1be0:	40 e0       	ldi	r20, 0x00	; 0
    1be2:	0e 94 76 0f 	call	0x1eec	; 0x1eec <GPIO_writePin>
}
    1be6:	cf 91       	pop	r28
    1be8:	df 91       	pop	r29
    1bea:	08 95       	ret

00001bec <Buzzer_on>:


/*description:
 * Activates the buzzer.
 * */
void Buzzer_on(void){
    1bec:	df 93       	push	r29
    1bee:	cf 93       	push	r28
    1bf0:	cd b7       	in	r28, 0x3d	; 61
    1bf2:	de b7       	in	r29, 0x3e	; 62
	GPIO_writePin(BUZZER_PORT_ID,BUZZER_PIN_ID,LOGIC_HIGH);
    1bf4:	83 e0       	ldi	r24, 0x03	; 3
    1bf6:	63 e0       	ldi	r22, 0x03	; 3
    1bf8:	41 e0       	ldi	r20, 0x01	; 1
    1bfa:	0e 94 76 0f 	call	0x1eec	; 0x1eec <GPIO_writePin>

}
    1bfe:	cf 91       	pop	r28
    1c00:	df 91       	pop	r29
    1c02:	08 95       	ret

00001c04 <Buzzer_off>:

/*description:
 * deactivates the buzzer.
 * */
void Buzzer_off(void){
    1c04:	df 93       	push	r29
    1c06:	cf 93       	push	r28
    1c08:	cd b7       	in	r28, 0x3d	; 61
    1c0a:	de b7       	in	r29, 0x3e	; 62
	GPIO_writePin(BUZZER_PORT_ID,BUZZER_PIN_ID,LOGIC_LOW);
    1c0c:	83 e0       	ldi	r24, 0x03	; 3
    1c0e:	63 e0       	ldi	r22, 0x03	; 3
    1c10:	40 e0       	ldi	r20, 0x00	; 0
    1c12:	0e 94 76 0f 	call	0x1eec	; 0x1eec <GPIO_writePin>
}
    1c16:	cf 91       	pop	r28
    1c18:	df 91       	pop	r29
    1c1a:	08 95       	ret

00001c1c <DcMotor_Init>:
/*description:
 * Initializes the DC motor by setting the direction
 * for the motor pins and stopping the
 * motor at the beginning.
 * */
void DcMotor_Init(void) {
    1c1c:	df 93       	push	r29
    1c1e:	cf 93       	push	r28
    1c20:	cd b7       	in	r28, 0x3d	; 61
    1c22:	de b7       	in	r29, 0x3e	; 62
	GPIO_setupPinDirection(DC_MOTOR_IN1_PORT_ID, DC_MOTOR_IN1_PIN_ID,
    1c24:	81 e0       	ldi	r24, 0x01	; 1
    1c26:	60 e0       	ldi	r22, 0x00	; 0
    1c28:	41 e0       	ldi	r20, 0x01	; 1
    1c2a:	0e 94 8b 0e 	call	0x1d16	; 0x1d16 <GPIO_setupPinDirection>
			PIN_OUTPUT);
	GPIO_setupPinDirection(DC_MOTOR_IN2_PORT_ID, DC_MOTOR_IN2_PIN_ID,
    1c2e:	81 e0       	ldi	r24, 0x01	; 1
    1c30:	61 e0       	ldi	r22, 0x01	; 1
    1c32:	41 e0       	ldi	r20, 0x01	; 1
    1c34:	0e 94 8b 0e 	call	0x1d16	; 0x1d16 <GPIO_setupPinDirection>
			PIN_OUTPUT);
	GPIO_writePin(DC_MOTOR_IN1_PORT_ID, DC_MOTOR_IN1_PIN_ID, LOGIC_LOW);
    1c38:	81 e0       	ldi	r24, 0x01	; 1
    1c3a:	60 e0       	ldi	r22, 0x00	; 0
    1c3c:	40 e0       	ldi	r20, 0x00	; 0
    1c3e:	0e 94 76 0f 	call	0x1eec	; 0x1eec <GPIO_writePin>
	GPIO_writePin(DC_MOTOR_IN2_PORT_ID, DC_MOTOR_IN2_PIN_ID, LOGIC_LOW);
    1c42:	81 e0       	ldi	r24, 0x01	; 1
    1c44:	61 e0       	ldi	r22, 0x01	; 1
    1c46:	40 e0       	ldi	r20, 0x00	; 0
    1c48:	0e 94 76 0f 	call	0x1eec	; 0x1eec <GPIO_writePin>

}
    1c4c:	cf 91       	pop	r28
    1c4e:	df 91       	pop	r29
    1c50:	08 95       	ret

00001c52 <DcMotor_Rotate>:
/*description:
 * Controls the motor's state (Clockwise/Anti-Clockwise/Stop)
 * and adjusts the speed based
 * on the input duty cycle.
 * */
void DcMotor_Rotate(DcMotor_State state, uint8 speed) {
    1c52:	df 93       	push	r29
    1c54:	cf 93       	push	r28
    1c56:	00 d0       	rcall	.+0      	; 0x1c58 <DcMotor_Rotate+0x6>
    1c58:	00 d0       	rcall	.+0      	; 0x1c5a <DcMotor_Rotate+0x8>
    1c5a:	cd b7       	in	r28, 0x3d	; 61
    1c5c:	de b7       	in	r29, 0x3e	; 62
    1c5e:	89 83       	std	Y+1, r24	; 0x01
    1c60:	6a 83       	std	Y+2, r22	; 0x02
	switch (state) {
    1c62:	89 81       	ldd	r24, Y+1	; 0x01
    1c64:	28 2f       	mov	r18, r24
    1c66:	30 e0       	ldi	r19, 0x00	; 0
    1c68:	3c 83       	std	Y+4, r19	; 0x04
    1c6a:	2b 83       	std	Y+3, r18	; 0x03
    1c6c:	8b 81       	ldd	r24, Y+3	; 0x03
    1c6e:	9c 81       	ldd	r25, Y+4	; 0x04
    1c70:	81 30       	cpi	r24, 0x01	; 1
    1c72:	91 05       	cpc	r25, r1
    1c74:	b9 f0       	breq	.+46     	; 0x1ca4 <DcMotor_Rotate+0x52>
    1c76:	2b 81       	ldd	r18, Y+3	; 0x03
    1c78:	3c 81       	ldd	r19, Y+4	; 0x04
    1c7a:	22 30       	cpi	r18, 0x02	; 2
    1c7c:	31 05       	cpc	r19, r1
    1c7e:	01 f1       	breq	.+64     	; 0x1cc0 <DcMotor_Rotate+0x6e>
    1c80:	8b 81       	ldd	r24, Y+3	; 0x03
    1c82:	9c 81       	ldd	r25, Y+4	; 0x04
    1c84:	00 97       	sbiw	r24, 0x00	; 0
    1c86:	49 f5       	brne	.+82     	; 0x1cda <DcMotor_Rotate+0x88>
	case 0:
		GPIO_writePin(DC_MOTOR_IN1_PORT_ID, DC_MOTOR_IN1_PIN_ID, LOGIC_LOW);
    1c88:	81 e0       	ldi	r24, 0x01	; 1
    1c8a:	60 e0       	ldi	r22, 0x00	; 0
    1c8c:	40 e0       	ldi	r20, 0x00	; 0
    1c8e:	0e 94 76 0f 	call	0x1eec	; 0x1eec <GPIO_writePin>
		GPIO_writePin(DC_MOTOR_IN2_PORT_ID, DC_MOTOR_IN2_PIN_ID, LOGIC_LOW);
    1c92:	81 e0       	ldi	r24, 0x01	; 1
    1c94:	61 e0       	ldi	r22, 0x01	; 1
    1c96:	40 e0       	ldi	r20, 0x00	; 0
    1c98:	0e 94 76 0f 	call	0x1eec	; 0x1eec <GPIO_writePin>
		PWM_Timer0_Start(0);
    1c9c:	80 e0       	ldi	r24, 0x00	; 0
    1c9e:	0e 94 e6 11 	call	0x23cc	; 0x23cc <PWM_Timer0_Start>
    1ca2:	1b c0       	rjmp	.+54     	; 0x1cda <DcMotor_Rotate+0x88>
		break;
	case 1:
		GPIO_writePin(DC_MOTOR_IN1_PORT_ID, DC_MOTOR_IN1_PIN_ID, LOGIC_HIGH);
    1ca4:	81 e0       	ldi	r24, 0x01	; 1
    1ca6:	60 e0       	ldi	r22, 0x00	; 0
    1ca8:	41 e0       	ldi	r20, 0x01	; 1
    1caa:	0e 94 76 0f 	call	0x1eec	; 0x1eec <GPIO_writePin>
		GPIO_writePin(DC_MOTOR_IN2_PORT_ID, DC_MOTOR_IN2_PIN_ID, LOGIC_LOW);
    1cae:	81 e0       	ldi	r24, 0x01	; 1
    1cb0:	61 e0       	ldi	r22, 0x01	; 1
    1cb2:	40 e0       	ldi	r20, 0x00	; 0
    1cb4:	0e 94 76 0f 	call	0x1eec	; 0x1eec <GPIO_writePin>
		PWM_Timer0_Start(speed);
    1cb8:	8a 81       	ldd	r24, Y+2	; 0x02
    1cba:	0e 94 e6 11 	call	0x23cc	; 0x23cc <PWM_Timer0_Start>
    1cbe:	0d c0       	rjmp	.+26     	; 0x1cda <DcMotor_Rotate+0x88>
		break;
	case 2:
		GPIO_writePin(DC_MOTOR_IN1_PORT_ID, DC_MOTOR_IN1_PIN_ID, LOGIC_LOW);
    1cc0:	81 e0       	ldi	r24, 0x01	; 1
    1cc2:	60 e0       	ldi	r22, 0x00	; 0
    1cc4:	40 e0       	ldi	r20, 0x00	; 0
    1cc6:	0e 94 76 0f 	call	0x1eec	; 0x1eec <GPIO_writePin>
		GPIO_writePin(DC_MOTOR_IN2_PORT_ID, DC_MOTOR_IN2_PIN_ID, LOGIC_HIGH);
    1cca:	81 e0       	ldi	r24, 0x01	; 1
    1ccc:	61 e0       	ldi	r22, 0x01	; 1
    1cce:	41 e0       	ldi	r20, 0x01	; 1
    1cd0:	0e 94 76 0f 	call	0x1eec	; 0x1eec <GPIO_writePin>
		PWM_Timer0_Start(speed);
    1cd4:	8a 81       	ldd	r24, Y+2	; 0x02
    1cd6:	0e 94 e6 11 	call	0x23cc	; 0x23cc <PWM_Timer0_Start>
		break;
	}
}
    1cda:	0f 90       	pop	r0
    1cdc:	0f 90       	pop	r0
    1cde:	0f 90       	pop	r0
    1ce0:	0f 90       	pop	r0
    1ce2:	cf 91       	pop	r28
    1ce4:	df 91       	pop	r29
    1ce6:	08 95       	ret

00001ce8 <FlameSensor_init>:
#include "flame_sensor.h"
#include "gpio.h"
/*description:
 * Initializes the flame sensor pin direction.
 * */
void FlameSensor_init(void){
    1ce8:	df 93       	push	r29
    1cea:	cf 93       	push	r28
    1cec:	cd b7       	in	r28, 0x3d	; 61
    1cee:	de b7       	in	r29, 0x3e	; 62
	GPIO_setupPinDirection(FLAME_SENSOR_PORT_ID,FLAME_SENSOR_PIN_ID,PIN_OUTPUT);
    1cf0:	83 e0       	ldi	r24, 0x03	; 3
    1cf2:	62 e0       	ldi	r22, 0x02	; 2
    1cf4:	41 e0       	ldi	r20, 0x01	; 1
    1cf6:	0e 94 8b 0e 	call	0x1d16	; 0x1d16 <GPIO_setupPinDirection>
}
    1cfa:	cf 91       	pop	r28
    1cfc:	df 91       	pop	r29
    1cfe:	08 95       	ret

00001d00 <FlameSensor_getValue>:

/*description:
 * Reads the value from the flame sensor and returns it.
 * */
uint8 FlameSensor_getValue(void){
    1d00:	df 93       	push	r29
    1d02:	cf 93       	push	r28
    1d04:	cd b7       	in	r28, 0x3d	; 61
    1d06:	de b7       	in	r29, 0x3e	; 62
	return GPIO_readPin(FLAME_SENSOR_PORT_ID,FLAME_SENSOR_PIN_ID);
    1d08:	83 e0       	ldi	r24, 0x03	; 3
    1d0a:	62 e0       	ldi	r22, 0x02	; 2
    1d0c:	0e 94 61 10 	call	0x20c2	; 0x20c2 <GPIO_readPin>
}
    1d10:	cf 91       	pop	r28
    1d12:	df 91       	pop	r29
    1d14:	08 95       	ret

00001d16 <GPIO_setupPinDirection>:
 * Description :
 * Setup the direction of the required pin input/output.
 * If the input port number or pin number are not correct, The function will not handle the request.
 */
void GPIO_setupPinDirection(uint8 port_num, uint8 pin_num,
		GPIO_PinDirectionType direction) {
    1d16:	df 93       	push	r29
    1d18:	cf 93       	push	r28
    1d1a:	00 d0       	rcall	.+0      	; 0x1d1c <GPIO_setupPinDirection+0x6>
    1d1c:	00 d0       	rcall	.+0      	; 0x1d1e <GPIO_setupPinDirection+0x8>
    1d1e:	0f 92       	push	r0
    1d20:	cd b7       	in	r28, 0x3d	; 61
    1d22:	de b7       	in	r29, 0x3e	; 62
    1d24:	89 83       	std	Y+1, r24	; 0x01
    1d26:	6a 83       	std	Y+2, r22	; 0x02
    1d28:	4b 83       	std	Y+3, r20	; 0x03
	/*
	 * Check if the input port number is greater than NUM_OF_PINS_PER_PORT value.
	 * Or if the input pin number is greater than NUM_OF_PINS_PER_PORT value.
	 * In this case the input is not valid port/pin number
	 */
	if ((pin_num >= NUM_OF_PINS_PER_PORT) || (port_num >= NUM_OF_PORTS)) {
    1d2a:	8a 81       	ldd	r24, Y+2	; 0x02
    1d2c:	88 30       	cpi	r24, 0x08	; 8
    1d2e:	08 f0       	brcs	.+2      	; 0x1d32 <GPIO_setupPinDirection+0x1c>
    1d30:	d5 c0       	rjmp	.+426    	; 0x1edc <GPIO_setupPinDirection+0x1c6>
    1d32:	89 81       	ldd	r24, Y+1	; 0x01
    1d34:	84 30       	cpi	r24, 0x04	; 4
    1d36:	08 f0       	brcs	.+2      	; 0x1d3a <GPIO_setupPinDirection+0x24>
    1d38:	d1 c0       	rjmp	.+418    	; 0x1edc <GPIO_setupPinDirection+0x1c6>
		/* Do Nothing and exits the function*/
		return;
	} else {
		/* Setup the pin direction as required */
		switch (port_num) {
    1d3a:	89 81       	ldd	r24, Y+1	; 0x01
    1d3c:	28 2f       	mov	r18, r24
    1d3e:	30 e0       	ldi	r19, 0x00	; 0
    1d40:	3d 83       	std	Y+5, r19	; 0x05
    1d42:	2c 83       	std	Y+4, r18	; 0x04
    1d44:	8c 81       	ldd	r24, Y+4	; 0x04
    1d46:	9d 81       	ldd	r25, Y+5	; 0x05
    1d48:	81 30       	cpi	r24, 0x01	; 1
    1d4a:	91 05       	cpc	r25, r1
    1d4c:	09 f4       	brne	.+2      	; 0x1d50 <GPIO_setupPinDirection+0x3a>
    1d4e:	43 c0       	rjmp	.+134    	; 0x1dd6 <GPIO_setupPinDirection+0xc0>
    1d50:	2c 81       	ldd	r18, Y+4	; 0x04
    1d52:	3d 81       	ldd	r19, Y+5	; 0x05
    1d54:	22 30       	cpi	r18, 0x02	; 2
    1d56:	31 05       	cpc	r19, r1
    1d58:	2c f4       	brge	.+10     	; 0x1d64 <GPIO_setupPinDirection+0x4e>
    1d5a:	8c 81       	ldd	r24, Y+4	; 0x04
    1d5c:	9d 81       	ldd	r25, Y+5	; 0x05
    1d5e:	00 97       	sbiw	r24, 0x00	; 0
    1d60:	71 f0       	breq	.+28     	; 0x1d7e <GPIO_setupPinDirection+0x68>
    1d62:	bc c0       	rjmp	.+376    	; 0x1edc <GPIO_setupPinDirection+0x1c6>
    1d64:	2c 81       	ldd	r18, Y+4	; 0x04
    1d66:	3d 81       	ldd	r19, Y+5	; 0x05
    1d68:	22 30       	cpi	r18, 0x02	; 2
    1d6a:	31 05       	cpc	r19, r1
    1d6c:	09 f4       	brne	.+2      	; 0x1d70 <GPIO_setupPinDirection+0x5a>
    1d6e:	5f c0       	rjmp	.+190    	; 0x1e2e <GPIO_setupPinDirection+0x118>
    1d70:	8c 81       	ldd	r24, Y+4	; 0x04
    1d72:	9d 81       	ldd	r25, Y+5	; 0x05
    1d74:	83 30       	cpi	r24, 0x03	; 3
    1d76:	91 05       	cpc	r25, r1
    1d78:	09 f4       	brne	.+2      	; 0x1d7c <GPIO_setupPinDirection+0x66>
    1d7a:	85 c0       	rjmp	.+266    	; 0x1e86 <GPIO_setupPinDirection+0x170>
    1d7c:	af c0       	rjmp	.+350    	; 0x1edc <GPIO_setupPinDirection+0x1c6>
		case PORTA_ID:
			if (direction == PIN_OUTPUT) {
    1d7e:	8b 81       	ldd	r24, Y+3	; 0x03
    1d80:	81 30       	cpi	r24, 0x01	; 1
    1d82:	a1 f4       	brne	.+40     	; 0x1dac <GPIO_setupPinDirection+0x96>
				SET_BIT(DDRA, pin_num);
    1d84:	aa e3       	ldi	r26, 0x3A	; 58
    1d86:	b0 e0       	ldi	r27, 0x00	; 0
    1d88:	ea e3       	ldi	r30, 0x3A	; 58
    1d8a:	f0 e0       	ldi	r31, 0x00	; 0
    1d8c:	80 81       	ld	r24, Z
    1d8e:	48 2f       	mov	r20, r24
    1d90:	8a 81       	ldd	r24, Y+2	; 0x02
    1d92:	28 2f       	mov	r18, r24
    1d94:	30 e0       	ldi	r19, 0x00	; 0
    1d96:	81 e0       	ldi	r24, 0x01	; 1
    1d98:	90 e0       	ldi	r25, 0x00	; 0
    1d9a:	02 2e       	mov	r0, r18
    1d9c:	02 c0       	rjmp	.+4      	; 0x1da2 <GPIO_setupPinDirection+0x8c>
    1d9e:	88 0f       	add	r24, r24
    1da0:	99 1f       	adc	r25, r25
    1da2:	0a 94       	dec	r0
    1da4:	e2 f7       	brpl	.-8      	; 0x1d9e <GPIO_setupPinDirection+0x88>
    1da6:	84 2b       	or	r24, r20
    1da8:	8c 93       	st	X, r24
    1daa:	98 c0       	rjmp	.+304    	; 0x1edc <GPIO_setupPinDirection+0x1c6>
			} else {
				CLEAR_BIT(DDRA, pin_num);
    1dac:	aa e3       	ldi	r26, 0x3A	; 58
    1dae:	b0 e0       	ldi	r27, 0x00	; 0
    1db0:	ea e3       	ldi	r30, 0x3A	; 58
    1db2:	f0 e0       	ldi	r31, 0x00	; 0
    1db4:	80 81       	ld	r24, Z
    1db6:	48 2f       	mov	r20, r24
    1db8:	8a 81       	ldd	r24, Y+2	; 0x02
    1dba:	28 2f       	mov	r18, r24
    1dbc:	30 e0       	ldi	r19, 0x00	; 0
    1dbe:	81 e0       	ldi	r24, 0x01	; 1
    1dc0:	90 e0       	ldi	r25, 0x00	; 0
    1dc2:	02 2e       	mov	r0, r18
    1dc4:	02 c0       	rjmp	.+4      	; 0x1dca <GPIO_setupPinDirection+0xb4>
    1dc6:	88 0f       	add	r24, r24
    1dc8:	99 1f       	adc	r25, r25
    1dca:	0a 94       	dec	r0
    1dcc:	e2 f7       	brpl	.-8      	; 0x1dc6 <GPIO_setupPinDirection+0xb0>
    1dce:	80 95       	com	r24
    1dd0:	84 23       	and	r24, r20
    1dd2:	8c 93       	st	X, r24
    1dd4:	83 c0       	rjmp	.+262    	; 0x1edc <GPIO_setupPinDirection+0x1c6>
			}
			break;
		case PORTB_ID:
			if (direction == PIN_OUTPUT) {
    1dd6:	8b 81       	ldd	r24, Y+3	; 0x03
    1dd8:	81 30       	cpi	r24, 0x01	; 1
    1dda:	a1 f4       	brne	.+40     	; 0x1e04 <GPIO_setupPinDirection+0xee>
				SET_BIT(DDRB, pin_num);
    1ddc:	a7 e3       	ldi	r26, 0x37	; 55
    1dde:	b0 e0       	ldi	r27, 0x00	; 0
    1de0:	e7 e3       	ldi	r30, 0x37	; 55
    1de2:	f0 e0       	ldi	r31, 0x00	; 0
    1de4:	80 81       	ld	r24, Z
    1de6:	48 2f       	mov	r20, r24
    1de8:	8a 81       	ldd	r24, Y+2	; 0x02
    1dea:	28 2f       	mov	r18, r24
    1dec:	30 e0       	ldi	r19, 0x00	; 0
    1dee:	81 e0       	ldi	r24, 0x01	; 1
    1df0:	90 e0       	ldi	r25, 0x00	; 0
    1df2:	02 2e       	mov	r0, r18
    1df4:	02 c0       	rjmp	.+4      	; 0x1dfa <GPIO_setupPinDirection+0xe4>
    1df6:	88 0f       	add	r24, r24
    1df8:	99 1f       	adc	r25, r25
    1dfa:	0a 94       	dec	r0
    1dfc:	e2 f7       	brpl	.-8      	; 0x1df6 <GPIO_setupPinDirection+0xe0>
    1dfe:	84 2b       	or	r24, r20
    1e00:	8c 93       	st	X, r24
    1e02:	6c c0       	rjmp	.+216    	; 0x1edc <GPIO_setupPinDirection+0x1c6>
			} else {
				CLEAR_BIT(DDRB, pin_num);
    1e04:	a7 e3       	ldi	r26, 0x37	; 55
    1e06:	b0 e0       	ldi	r27, 0x00	; 0
    1e08:	e7 e3       	ldi	r30, 0x37	; 55
    1e0a:	f0 e0       	ldi	r31, 0x00	; 0
    1e0c:	80 81       	ld	r24, Z
    1e0e:	48 2f       	mov	r20, r24
    1e10:	8a 81       	ldd	r24, Y+2	; 0x02
    1e12:	28 2f       	mov	r18, r24
    1e14:	30 e0       	ldi	r19, 0x00	; 0
    1e16:	81 e0       	ldi	r24, 0x01	; 1
    1e18:	90 e0       	ldi	r25, 0x00	; 0
    1e1a:	02 2e       	mov	r0, r18
    1e1c:	02 c0       	rjmp	.+4      	; 0x1e22 <GPIO_setupPinDirection+0x10c>
    1e1e:	88 0f       	add	r24, r24
    1e20:	99 1f       	adc	r25, r25
    1e22:	0a 94       	dec	r0
    1e24:	e2 f7       	brpl	.-8      	; 0x1e1e <GPIO_setupPinDirection+0x108>
    1e26:	80 95       	com	r24
    1e28:	84 23       	and	r24, r20
    1e2a:	8c 93       	st	X, r24
    1e2c:	57 c0       	rjmp	.+174    	; 0x1edc <GPIO_setupPinDirection+0x1c6>
			}
			break;
		case PORTC_ID:
			if (direction == PIN_OUTPUT) {
    1e2e:	8b 81       	ldd	r24, Y+3	; 0x03
    1e30:	81 30       	cpi	r24, 0x01	; 1
    1e32:	a1 f4       	brne	.+40     	; 0x1e5c <GPIO_setupPinDirection+0x146>
				SET_BIT(DDRC, pin_num);
    1e34:	a4 e3       	ldi	r26, 0x34	; 52
    1e36:	b0 e0       	ldi	r27, 0x00	; 0
    1e38:	e4 e3       	ldi	r30, 0x34	; 52
    1e3a:	f0 e0       	ldi	r31, 0x00	; 0
    1e3c:	80 81       	ld	r24, Z
    1e3e:	48 2f       	mov	r20, r24
    1e40:	8a 81       	ldd	r24, Y+2	; 0x02
    1e42:	28 2f       	mov	r18, r24
    1e44:	30 e0       	ldi	r19, 0x00	; 0
    1e46:	81 e0       	ldi	r24, 0x01	; 1
    1e48:	90 e0       	ldi	r25, 0x00	; 0
    1e4a:	02 2e       	mov	r0, r18
    1e4c:	02 c0       	rjmp	.+4      	; 0x1e52 <GPIO_setupPinDirection+0x13c>
    1e4e:	88 0f       	add	r24, r24
    1e50:	99 1f       	adc	r25, r25
    1e52:	0a 94       	dec	r0
    1e54:	e2 f7       	brpl	.-8      	; 0x1e4e <GPIO_setupPinDirection+0x138>
    1e56:	84 2b       	or	r24, r20
    1e58:	8c 93       	st	X, r24
    1e5a:	40 c0       	rjmp	.+128    	; 0x1edc <GPIO_setupPinDirection+0x1c6>
			} else {
				CLEAR_BIT(DDRC, pin_num);
    1e5c:	a4 e3       	ldi	r26, 0x34	; 52
    1e5e:	b0 e0       	ldi	r27, 0x00	; 0
    1e60:	e4 e3       	ldi	r30, 0x34	; 52
    1e62:	f0 e0       	ldi	r31, 0x00	; 0
    1e64:	80 81       	ld	r24, Z
    1e66:	48 2f       	mov	r20, r24
    1e68:	8a 81       	ldd	r24, Y+2	; 0x02
    1e6a:	28 2f       	mov	r18, r24
    1e6c:	30 e0       	ldi	r19, 0x00	; 0
    1e6e:	81 e0       	ldi	r24, 0x01	; 1
    1e70:	90 e0       	ldi	r25, 0x00	; 0
    1e72:	02 2e       	mov	r0, r18
    1e74:	02 c0       	rjmp	.+4      	; 0x1e7a <GPIO_setupPinDirection+0x164>
    1e76:	88 0f       	add	r24, r24
    1e78:	99 1f       	adc	r25, r25
    1e7a:	0a 94       	dec	r0
    1e7c:	e2 f7       	brpl	.-8      	; 0x1e76 <GPIO_setupPinDirection+0x160>
    1e7e:	80 95       	com	r24
    1e80:	84 23       	and	r24, r20
    1e82:	8c 93       	st	X, r24
    1e84:	2b c0       	rjmp	.+86     	; 0x1edc <GPIO_setupPinDirection+0x1c6>
			}
			break;
		case PORTD_ID:
			if (direction == PIN_OUTPUT) {
    1e86:	8b 81       	ldd	r24, Y+3	; 0x03
    1e88:	81 30       	cpi	r24, 0x01	; 1
    1e8a:	a1 f4       	brne	.+40     	; 0x1eb4 <GPIO_setupPinDirection+0x19e>
				SET_BIT(DDRD, pin_num);
    1e8c:	a1 e3       	ldi	r26, 0x31	; 49
    1e8e:	b0 e0       	ldi	r27, 0x00	; 0
    1e90:	e1 e3       	ldi	r30, 0x31	; 49
    1e92:	f0 e0       	ldi	r31, 0x00	; 0
    1e94:	80 81       	ld	r24, Z
    1e96:	48 2f       	mov	r20, r24
    1e98:	8a 81       	ldd	r24, Y+2	; 0x02
    1e9a:	28 2f       	mov	r18, r24
    1e9c:	30 e0       	ldi	r19, 0x00	; 0
    1e9e:	81 e0       	ldi	r24, 0x01	; 1
    1ea0:	90 e0       	ldi	r25, 0x00	; 0
    1ea2:	02 2e       	mov	r0, r18
    1ea4:	02 c0       	rjmp	.+4      	; 0x1eaa <GPIO_setupPinDirection+0x194>
    1ea6:	88 0f       	add	r24, r24
    1ea8:	99 1f       	adc	r25, r25
    1eaa:	0a 94       	dec	r0
    1eac:	e2 f7       	brpl	.-8      	; 0x1ea6 <GPIO_setupPinDirection+0x190>
    1eae:	84 2b       	or	r24, r20
    1eb0:	8c 93       	st	X, r24
    1eb2:	14 c0       	rjmp	.+40     	; 0x1edc <GPIO_setupPinDirection+0x1c6>
			} else {
				CLEAR_BIT(DDRD, pin_num);
    1eb4:	a1 e3       	ldi	r26, 0x31	; 49
    1eb6:	b0 e0       	ldi	r27, 0x00	; 0
    1eb8:	e1 e3       	ldi	r30, 0x31	; 49
    1eba:	f0 e0       	ldi	r31, 0x00	; 0
    1ebc:	80 81       	ld	r24, Z
    1ebe:	48 2f       	mov	r20, r24
    1ec0:	8a 81       	ldd	r24, Y+2	; 0x02
    1ec2:	28 2f       	mov	r18, r24
    1ec4:	30 e0       	ldi	r19, 0x00	; 0
    1ec6:	81 e0       	ldi	r24, 0x01	; 1
    1ec8:	90 e0       	ldi	r25, 0x00	; 0
    1eca:	02 2e       	mov	r0, r18
    1ecc:	02 c0       	rjmp	.+4      	; 0x1ed2 <GPIO_setupPinDirection+0x1bc>
    1ece:	88 0f       	add	r24, r24
    1ed0:	99 1f       	adc	r25, r25
    1ed2:	0a 94       	dec	r0
    1ed4:	e2 f7       	brpl	.-8      	; 0x1ece <GPIO_setupPinDirection+0x1b8>
    1ed6:	80 95       	com	r24
    1ed8:	84 23       	and	r24, r20
    1eda:	8c 93       	st	X, r24
			}
			break;
		}
	}
}
    1edc:	0f 90       	pop	r0
    1ede:	0f 90       	pop	r0
    1ee0:	0f 90       	pop	r0
    1ee2:	0f 90       	pop	r0
    1ee4:	0f 90       	pop	r0
    1ee6:	cf 91       	pop	r28
    1ee8:	df 91       	pop	r29
    1eea:	08 95       	ret

00001eec <GPIO_writePin>:
 * Description :
 * Write the value Logic High or Logic Low on the required pin.
 * If the input port number or pin number are not correct, The function will not handle the request.
 * If the pin is input, this function will enable/disable the internal pull-up resistor.
 */
void GPIO_writePin(uint8 port_num, uint8 pin_num, uint8 value) {
    1eec:	df 93       	push	r29
    1eee:	cf 93       	push	r28
    1ef0:	00 d0       	rcall	.+0      	; 0x1ef2 <GPIO_writePin+0x6>
    1ef2:	00 d0       	rcall	.+0      	; 0x1ef4 <GPIO_writePin+0x8>
    1ef4:	0f 92       	push	r0
    1ef6:	cd b7       	in	r28, 0x3d	; 61
    1ef8:	de b7       	in	r29, 0x3e	; 62
    1efa:	89 83       	std	Y+1, r24	; 0x01
    1efc:	6a 83       	std	Y+2, r22	; 0x02
    1efe:	4b 83       	std	Y+3, r20	; 0x03
	if ((port_num >= NUM_OF_PORTS) || (pin_num >= NUM_OF_PINS_PER_PORT)) {
    1f00:	89 81       	ldd	r24, Y+1	; 0x01
    1f02:	84 30       	cpi	r24, 0x04	; 4
    1f04:	08 f0       	brcs	.+2      	; 0x1f08 <GPIO_writePin+0x1c>
    1f06:	d5 c0       	rjmp	.+426    	; 0x20b2 <GPIO_writePin+0x1c6>
    1f08:	8a 81       	ldd	r24, Y+2	; 0x02
    1f0a:	88 30       	cpi	r24, 0x08	; 8
    1f0c:	08 f0       	brcs	.+2      	; 0x1f10 <GPIO_writePin+0x24>
    1f0e:	d1 c0       	rjmp	.+418    	; 0x20b2 <GPIO_writePin+0x1c6>
		/*if the number of ports or pins is greater so, do nothing an leave the function*/
		return;
	} else {
		/* check which port and then checks what is the value */
		switch (port_num) {
    1f10:	89 81       	ldd	r24, Y+1	; 0x01
    1f12:	28 2f       	mov	r18, r24
    1f14:	30 e0       	ldi	r19, 0x00	; 0
    1f16:	3d 83       	std	Y+5, r19	; 0x05
    1f18:	2c 83       	std	Y+4, r18	; 0x04
    1f1a:	8c 81       	ldd	r24, Y+4	; 0x04
    1f1c:	9d 81       	ldd	r25, Y+5	; 0x05
    1f1e:	81 30       	cpi	r24, 0x01	; 1
    1f20:	91 05       	cpc	r25, r1
    1f22:	09 f4       	brne	.+2      	; 0x1f26 <GPIO_writePin+0x3a>
    1f24:	43 c0       	rjmp	.+134    	; 0x1fac <GPIO_writePin+0xc0>
    1f26:	2c 81       	ldd	r18, Y+4	; 0x04
    1f28:	3d 81       	ldd	r19, Y+5	; 0x05
    1f2a:	22 30       	cpi	r18, 0x02	; 2
    1f2c:	31 05       	cpc	r19, r1
    1f2e:	2c f4       	brge	.+10     	; 0x1f3a <GPIO_writePin+0x4e>
    1f30:	8c 81       	ldd	r24, Y+4	; 0x04
    1f32:	9d 81       	ldd	r25, Y+5	; 0x05
    1f34:	00 97       	sbiw	r24, 0x00	; 0
    1f36:	71 f0       	breq	.+28     	; 0x1f54 <GPIO_writePin+0x68>
    1f38:	bc c0       	rjmp	.+376    	; 0x20b2 <GPIO_writePin+0x1c6>
    1f3a:	2c 81       	ldd	r18, Y+4	; 0x04
    1f3c:	3d 81       	ldd	r19, Y+5	; 0x05
    1f3e:	22 30       	cpi	r18, 0x02	; 2
    1f40:	31 05       	cpc	r19, r1
    1f42:	09 f4       	brne	.+2      	; 0x1f46 <GPIO_writePin+0x5a>
    1f44:	5f c0       	rjmp	.+190    	; 0x2004 <GPIO_writePin+0x118>
    1f46:	8c 81       	ldd	r24, Y+4	; 0x04
    1f48:	9d 81       	ldd	r25, Y+5	; 0x05
    1f4a:	83 30       	cpi	r24, 0x03	; 3
    1f4c:	91 05       	cpc	r25, r1
    1f4e:	09 f4       	brne	.+2      	; 0x1f52 <GPIO_writePin+0x66>
    1f50:	85 c0       	rjmp	.+266    	; 0x205c <GPIO_writePin+0x170>
    1f52:	af c0       	rjmp	.+350    	; 0x20b2 <GPIO_writePin+0x1c6>
		case PORTA_ID:
			if (value == TRUE) {
    1f54:	8b 81       	ldd	r24, Y+3	; 0x03
    1f56:	81 30       	cpi	r24, 0x01	; 1
    1f58:	a1 f4       	brne	.+40     	; 0x1f82 <GPIO_writePin+0x96>
				SET_BIT(PORTA, pin_num);
    1f5a:	ab e3       	ldi	r26, 0x3B	; 59
    1f5c:	b0 e0       	ldi	r27, 0x00	; 0
    1f5e:	eb e3       	ldi	r30, 0x3B	; 59
    1f60:	f0 e0       	ldi	r31, 0x00	; 0
    1f62:	80 81       	ld	r24, Z
    1f64:	48 2f       	mov	r20, r24
    1f66:	8a 81       	ldd	r24, Y+2	; 0x02
    1f68:	28 2f       	mov	r18, r24
    1f6a:	30 e0       	ldi	r19, 0x00	; 0
    1f6c:	81 e0       	ldi	r24, 0x01	; 1
    1f6e:	90 e0       	ldi	r25, 0x00	; 0
    1f70:	02 2e       	mov	r0, r18
    1f72:	02 c0       	rjmp	.+4      	; 0x1f78 <GPIO_writePin+0x8c>
    1f74:	88 0f       	add	r24, r24
    1f76:	99 1f       	adc	r25, r25
    1f78:	0a 94       	dec	r0
    1f7a:	e2 f7       	brpl	.-8      	; 0x1f74 <GPIO_writePin+0x88>
    1f7c:	84 2b       	or	r24, r20
    1f7e:	8c 93       	st	X, r24
    1f80:	98 c0       	rjmp	.+304    	; 0x20b2 <GPIO_writePin+0x1c6>
			} else {
				CLEAR_BIT(PORTA, pin_num);
    1f82:	ab e3       	ldi	r26, 0x3B	; 59
    1f84:	b0 e0       	ldi	r27, 0x00	; 0
    1f86:	eb e3       	ldi	r30, 0x3B	; 59
    1f88:	f0 e0       	ldi	r31, 0x00	; 0
    1f8a:	80 81       	ld	r24, Z
    1f8c:	48 2f       	mov	r20, r24
    1f8e:	8a 81       	ldd	r24, Y+2	; 0x02
    1f90:	28 2f       	mov	r18, r24
    1f92:	30 e0       	ldi	r19, 0x00	; 0
    1f94:	81 e0       	ldi	r24, 0x01	; 1
    1f96:	90 e0       	ldi	r25, 0x00	; 0
    1f98:	02 2e       	mov	r0, r18
    1f9a:	02 c0       	rjmp	.+4      	; 0x1fa0 <GPIO_writePin+0xb4>
    1f9c:	88 0f       	add	r24, r24
    1f9e:	99 1f       	adc	r25, r25
    1fa0:	0a 94       	dec	r0
    1fa2:	e2 f7       	brpl	.-8      	; 0x1f9c <GPIO_writePin+0xb0>
    1fa4:	80 95       	com	r24
    1fa6:	84 23       	and	r24, r20
    1fa8:	8c 93       	st	X, r24
    1faa:	83 c0       	rjmp	.+262    	; 0x20b2 <GPIO_writePin+0x1c6>
			}
			break;
		case PORTB_ID:
			if (value == TRUE) {
    1fac:	8b 81       	ldd	r24, Y+3	; 0x03
    1fae:	81 30       	cpi	r24, 0x01	; 1
    1fb0:	a1 f4       	brne	.+40     	; 0x1fda <GPIO_writePin+0xee>
				SET_BIT(PORTB, pin_num);
    1fb2:	a8 e3       	ldi	r26, 0x38	; 56
    1fb4:	b0 e0       	ldi	r27, 0x00	; 0
    1fb6:	e8 e3       	ldi	r30, 0x38	; 56
    1fb8:	f0 e0       	ldi	r31, 0x00	; 0
    1fba:	80 81       	ld	r24, Z
    1fbc:	48 2f       	mov	r20, r24
    1fbe:	8a 81       	ldd	r24, Y+2	; 0x02
    1fc0:	28 2f       	mov	r18, r24
    1fc2:	30 e0       	ldi	r19, 0x00	; 0
    1fc4:	81 e0       	ldi	r24, 0x01	; 1
    1fc6:	90 e0       	ldi	r25, 0x00	; 0
    1fc8:	02 2e       	mov	r0, r18
    1fca:	02 c0       	rjmp	.+4      	; 0x1fd0 <GPIO_writePin+0xe4>
    1fcc:	88 0f       	add	r24, r24
    1fce:	99 1f       	adc	r25, r25
    1fd0:	0a 94       	dec	r0
    1fd2:	e2 f7       	brpl	.-8      	; 0x1fcc <GPIO_writePin+0xe0>
    1fd4:	84 2b       	or	r24, r20
    1fd6:	8c 93       	st	X, r24
    1fd8:	6c c0       	rjmp	.+216    	; 0x20b2 <GPIO_writePin+0x1c6>
			} else {
				CLEAR_BIT(PORTB, pin_num);
    1fda:	a8 e3       	ldi	r26, 0x38	; 56
    1fdc:	b0 e0       	ldi	r27, 0x00	; 0
    1fde:	e8 e3       	ldi	r30, 0x38	; 56
    1fe0:	f0 e0       	ldi	r31, 0x00	; 0
    1fe2:	80 81       	ld	r24, Z
    1fe4:	48 2f       	mov	r20, r24
    1fe6:	8a 81       	ldd	r24, Y+2	; 0x02
    1fe8:	28 2f       	mov	r18, r24
    1fea:	30 e0       	ldi	r19, 0x00	; 0
    1fec:	81 e0       	ldi	r24, 0x01	; 1
    1fee:	90 e0       	ldi	r25, 0x00	; 0
    1ff0:	02 2e       	mov	r0, r18
    1ff2:	02 c0       	rjmp	.+4      	; 0x1ff8 <GPIO_writePin+0x10c>
    1ff4:	88 0f       	add	r24, r24
    1ff6:	99 1f       	adc	r25, r25
    1ff8:	0a 94       	dec	r0
    1ffa:	e2 f7       	brpl	.-8      	; 0x1ff4 <GPIO_writePin+0x108>
    1ffc:	80 95       	com	r24
    1ffe:	84 23       	and	r24, r20
    2000:	8c 93       	st	X, r24
    2002:	57 c0       	rjmp	.+174    	; 0x20b2 <GPIO_writePin+0x1c6>
			}
			break;
		case PORTC_ID:
			if (value == TRUE) {
    2004:	8b 81       	ldd	r24, Y+3	; 0x03
    2006:	81 30       	cpi	r24, 0x01	; 1
    2008:	a1 f4       	brne	.+40     	; 0x2032 <GPIO_writePin+0x146>
				SET_BIT(PORTC, pin_num);
    200a:	a5 e3       	ldi	r26, 0x35	; 53
    200c:	b0 e0       	ldi	r27, 0x00	; 0
    200e:	e5 e3       	ldi	r30, 0x35	; 53
    2010:	f0 e0       	ldi	r31, 0x00	; 0
    2012:	80 81       	ld	r24, Z
    2014:	48 2f       	mov	r20, r24
    2016:	8a 81       	ldd	r24, Y+2	; 0x02
    2018:	28 2f       	mov	r18, r24
    201a:	30 e0       	ldi	r19, 0x00	; 0
    201c:	81 e0       	ldi	r24, 0x01	; 1
    201e:	90 e0       	ldi	r25, 0x00	; 0
    2020:	02 2e       	mov	r0, r18
    2022:	02 c0       	rjmp	.+4      	; 0x2028 <GPIO_writePin+0x13c>
    2024:	88 0f       	add	r24, r24
    2026:	99 1f       	adc	r25, r25
    2028:	0a 94       	dec	r0
    202a:	e2 f7       	brpl	.-8      	; 0x2024 <GPIO_writePin+0x138>
    202c:	84 2b       	or	r24, r20
    202e:	8c 93       	st	X, r24
    2030:	40 c0       	rjmp	.+128    	; 0x20b2 <GPIO_writePin+0x1c6>
			} else {
				CLEAR_BIT(PORTC, pin_num);
    2032:	a5 e3       	ldi	r26, 0x35	; 53
    2034:	b0 e0       	ldi	r27, 0x00	; 0
    2036:	e5 e3       	ldi	r30, 0x35	; 53
    2038:	f0 e0       	ldi	r31, 0x00	; 0
    203a:	80 81       	ld	r24, Z
    203c:	48 2f       	mov	r20, r24
    203e:	8a 81       	ldd	r24, Y+2	; 0x02
    2040:	28 2f       	mov	r18, r24
    2042:	30 e0       	ldi	r19, 0x00	; 0
    2044:	81 e0       	ldi	r24, 0x01	; 1
    2046:	90 e0       	ldi	r25, 0x00	; 0
    2048:	02 2e       	mov	r0, r18
    204a:	02 c0       	rjmp	.+4      	; 0x2050 <GPIO_writePin+0x164>
    204c:	88 0f       	add	r24, r24
    204e:	99 1f       	adc	r25, r25
    2050:	0a 94       	dec	r0
    2052:	e2 f7       	brpl	.-8      	; 0x204c <GPIO_writePin+0x160>
    2054:	80 95       	com	r24
    2056:	84 23       	and	r24, r20
    2058:	8c 93       	st	X, r24
    205a:	2b c0       	rjmp	.+86     	; 0x20b2 <GPIO_writePin+0x1c6>
			}
			break;
		case PORTD_ID:
			if (value == TRUE) {
    205c:	8b 81       	ldd	r24, Y+3	; 0x03
    205e:	81 30       	cpi	r24, 0x01	; 1
    2060:	a1 f4       	brne	.+40     	; 0x208a <GPIO_writePin+0x19e>
				SET_BIT(PORTD, pin_num);
    2062:	a2 e3       	ldi	r26, 0x32	; 50
    2064:	b0 e0       	ldi	r27, 0x00	; 0
    2066:	e2 e3       	ldi	r30, 0x32	; 50
    2068:	f0 e0       	ldi	r31, 0x00	; 0
    206a:	80 81       	ld	r24, Z
    206c:	48 2f       	mov	r20, r24
    206e:	8a 81       	ldd	r24, Y+2	; 0x02
    2070:	28 2f       	mov	r18, r24
    2072:	30 e0       	ldi	r19, 0x00	; 0
    2074:	81 e0       	ldi	r24, 0x01	; 1
    2076:	90 e0       	ldi	r25, 0x00	; 0
    2078:	02 2e       	mov	r0, r18
    207a:	02 c0       	rjmp	.+4      	; 0x2080 <GPIO_writePin+0x194>
    207c:	88 0f       	add	r24, r24
    207e:	99 1f       	adc	r25, r25
    2080:	0a 94       	dec	r0
    2082:	e2 f7       	brpl	.-8      	; 0x207c <GPIO_writePin+0x190>
    2084:	84 2b       	or	r24, r20
    2086:	8c 93       	st	X, r24
    2088:	14 c0       	rjmp	.+40     	; 0x20b2 <GPIO_writePin+0x1c6>
			} else {
				CLEAR_BIT(PORTD, pin_num);
    208a:	a2 e3       	ldi	r26, 0x32	; 50
    208c:	b0 e0       	ldi	r27, 0x00	; 0
    208e:	e2 e3       	ldi	r30, 0x32	; 50
    2090:	f0 e0       	ldi	r31, 0x00	; 0
    2092:	80 81       	ld	r24, Z
    2094:	48 2f       	mov	r20, r24
    2096:	8a 81       	ldd	r24, Y+2	; 0x02
    2098:	28 2f       	mov	r18, r24
    209a:	30 e0       	ldi	r19, 0x00	; 0
    209c:	81 e0       	ldi	r24, 0x01	; 1
    209e:	90 e0       	ldi	r25, 0x00	; 0
    20a0:	02 2e       	mov	r0, r18
    20a2:	02 c0       	rjmp	.+4      	; 0x20a8 <GPIO_writePin+0x1bc>
    20a4:	88 0f       	add	r24, r24
    20a6:	99 1f       	adc	r25, r25
    20a8:	0a 94       	dec	r0
    20aa:	e2 f7       	brpl	.-8      	; 0x20a4 <GPIO_writePin+0x1b8>
    20ac:	80 95       	com	r24
    20ae:	84 23       	and	r24, r20
    20b0:	8c 93       	st	X, r24
			}
			break;

		}
	}
}
    20b2:	0f 90       	pop	r0
    20b4:	0f 90       	pop	r0
    20b6:	0f 90       	pop	r0
    20b8:	0f 90       	pop	r0
    20ba:	0f 90       	pop	r0
    20bc:	cf 91       	pop	r28
    20be:	df 91       	pop	r29
    20c0:	08 95       	ret

000020c2 <GPIO_readPin>:
/*
 * Description :
 * Read and return the value for the required pin, it should be Logic High or Logic Low.
 * If the input port number or pin number are not correct, The function will return Logic Low.
 */
uint8 GPIO_readPin(uint8 port_num, uint8 pin_num) {
    20c2:	df 93       	push	r29
    20c4:	cf 93       	push	r28
    20c6:	00 d0       	rcall	.+0      	; 0x20c8 <GPIO_readPin+0x6>
    20c8:	00 d0       	rcall	.+0      	; 0x20ca <GPIO_readPin+0x8>
    20ca:	0f 92       	push	r0
    20cc:	cd b7       	in	r28, 0x3d	; 61
    20ce:	de b7       	in	r29, 0x3e	; 62
    20d0:	89 83       	std	Y+1, r24	; 0x01
    20d2:	6a 83       	std	Y+2, r22	; 0x02
	if ((pin_num >= NUM_OF_PINS_PER_PORT) || (port_num >= NUM_OF_PORTS)) {
    20d4:	8a 81       	ldd	r24, Y+2	; 0x02
    20d6:	88 30       	cpi	r24, 0x08	; 8
    20d8:	18 f4       	brcc	.+6      	; 0x20e0 <GPIO_readPin+0x1e>
    20da:	89 81       	ldd	r24, Y+1	; 0x01
    20dc:	84 30       	cpi	r24, 0x04	; 4
    20de:	10 f0       	brcs	.+4      	; 0x20e4 <GPIO_readPin+0x22>
		/* Do Nothing and exits the function*/
		return LOGIC_LOW;
    20e0:	1d 82       	std	Y+5, r1	; 0x05
    20e2:	9b c0       	rjmp	.+310    	; 0x221a <GPIO_readPin+0x158>
	} else {
		/*checks which port and then return the bit of the pin register*/
		switch (port_num) {
    20e4:	89 81       	ldd	r24, Y+1	; 0x01
    20e6:	28 2f       	mov	r18, r24
    20e8:	30 e0       	ldi	r19, 0x00	; 0
    20ea:	3c 83       	std	Y+4, r19	; 0x04
    20ec:	2b 83       	std	Y+3, r18	; 0x03
    20ee:	4b 81       	ldd	r20, Y+3	; 0x03
    20f0:	5c 81       	ldd	r21, Y+4	; 0x04
    20f2:	41 30       	cpi	r20, 0x01	; 1
    20f4:	51 05       	cpc	r21, r1
    20f6:	b1 f1       	breq	.+108    	; 0x2164 <GPIO_readPin+0xa2>
    20f8:	8b 81       	ldd	r24, Y+3	; 0x03
    20fa:	9c 81       	ldd	r25, Y+4	; 0x04
    20fc:	82 30       	cpi	r24, 0x02	; 2
    20fe:	91 05       	cpc	r25, r1
    2100:	34 f4       	brge	.+12     	; 0x210e <GPIO_readPin+0x4c>
    2102:	2b 81       	ldd	r18, Y+3	; 0x03
    2104:	3c 81       	ldd	r19, Y+4	; 0x04
    2106:	21 15       	cp	r18, r1
    2108:	31 05       	cpc	r19, r1
    210a:	71 f0       	breq	.+28     	; 0x2128 <GPIO_readPin+0x66>
    210c:	85 c0       	rjmp	.+266    	; 0x2218 <GPIO_readPin+0x156>
    210e:	4b 81       	ldd	r20, Y+3	; 0x03
    2110:	5c 81       	ldd	r21, Y+4	; 0x04
    2112:	42 30       	cpi	r20, 0x02	; 2
    2114:	51 05       	cpc	r21, r1
    2116:	09 f4       	brne	.+2      	; 0x211a <GPIO_readPin+0x58>
    2118:	43 c0       	rjmp	.+134    	; 0x21a0 <GPIO_readPin+0xde>
    211a:	8b 81       	ldd	r24, Y+3	; 0x03
    211c:	9c 81       	ldd	r25, Y+4	; 0x04
    211e:	83 30       	cpi	r24, 0x03	; 3
    2120:	91 05       	cpc	r25, r1
    2122:	09 f4       	brne	.+2      	; 0x2126 <GPIO_readPin+0x64>
    2124:	5b c0       	rjmp	.+182    	; 0x21dc <GPIO_readPin+0x11a>
    2126:	78 c0       	rjmp	.+240    	; 0x2218 <GPIO_readPin+0x156>
		case PORTA_ID:
			return GET_BIT(PINA, pin_num);
    2128:	e9 e3       	ldi	r30, 0x39	; 57
    212a:	f0 e0       	ldi	r31, 0x00	; 0
    212c:	80 81       	ld	r24, Z
    212e:	48 2f       	mov	r20, r24
    2130:	50 e0       	ldi	r21, 0x00	; 0
    2132:	8a 81       	ldd	r24, Y+2	; 0x02
    2134:	28 2f       	mov	r18, r24
    2136:	30 e0       	ldi	r19, 0x00	; 0
    2138:	81 e0       	ldi	r24, 0x01	; 1
    213a:	90 e0       	ldi	r25, 0x00	; 0
    213c:	02 c0       	rjmp	.+4      	; 0x2142 <GPIO_readPin+0x80>
    213e:	88 0f       	add	r24, r24
    2140:	99 1f       	adc	r25, r25
    2142:	2a 95       	dec	r18
    2144:	e2 f7       	brpl	.-8      	; 0x213e <GPIO_readPin+0x7c>
    2146:	9a 01       	movw	r18, r20
    2148:	28 23       	and	r18, r24
    214a:	39 23       	and	r19, r25
    214c:	8a 81       	ldd	r24, Y+2	; 0x02
    214e:	88 2f       	mov	r24, r24
    2150:	90 e0       	ldi	r25, 0x00	; 0
    2152:	a9 01       	movw	r20, r18
    2154:	02 c0       	rjmp	.+4      	; 0x215a <GPIO_readPin+0x98>
    2156:	55 95       	asr	r21
    2158:	47 95       	ror	r20
    215a:	8a 95       	dec	r24
    215c:	e2 f7       	brpl	.-8      	; 0x2156 <GPIO_readPin+0x94>
    215e:	ca 01       	movw	r24, r20
    2160:	8d 83       	std	Y+5, r24	; 0x05
    2162:	5b c0       	rjmp	.+182    	; 0x221a <GPIO_readPin+0x158>
			break;
		case PORTB_ID:
			return GET_BIT(PINB, pin_num);
    2164:	e6 e3       	ldi	r30, 0x36	; 54
    2166:	f0 e0       	ldi	r31, 0x00	; 0
    2168:	80 81       	ld	r24, Z
    216a:	48 2f       	mov	r20, r24
    216c:	50 e0       	ldi	r21, 0x00	; 0
    216e:	8a 81       	ldd	r24, Y+2	; 0x02
    2170:	28 2f       	mov	r18, r24
    2172:	30 e0       	ldi	r19, 0x00	; 0
    2174:	81 e0       	ldi	r24, 0x01	; 1
    2176:	90 e0       	ldi	r25, 0x00	; 0
    2178:	02 c0       	rjmp	.+4      	; 0x217e <GPIO_readPin+0xbc>
    217a:	88 0f       	add	r24, r24
    217c:	99 1f       	adc	r25, r25
    217e:	2a 95       	dec	r18
    2180:	e2 f7       	brpl	.-8      	; 0x217a <GPIO_readPin+0xb8>
    2182:	9a 01       	movw	r18, r20
    2184:	28 23       	and	r18, r24
    2186:	39 23       	and	r19, r25
    2188:	8a 81       	ldd	r24, Y+2	; 0x02
    218a:	88 2f       	mov	r24, r24
    218c:	90 e0       	ldi	r25, 0x00	; 0
    218e:	a9 01       	movw	r20, r18
    2190:	02 c0       	rjmp	.+4      	; 0x2196 <GPIO_readPin+0xd4>
    2192:	55 95       	asr	r21
    2194:	47 95       	ror	r20
    2196:	8a 95       	dec	r24
    2198:	e2 f7       	brpl	.-8      	; 0x2192 <GPIO_readPin+0xd0>
    219a:	ca 01       	movw	r24, r20
    219c:	8d 83       	std	Y+5, r24	; 0x05
    219e:	3d c0       	rjmp	.+122    	; 0x221a <GPIO_readPin+0x158>
			break;
		case PORTC_ID:
			return GET_BIT(PINC, pin_num);
    21a0:	e3 e3       	ldi	r30, 0x33	; 51
    21a2:	f0 e0       	ldi	r31, 0x00	; 0
    21a4:	80 81       	ld	r24, Z
    21a6:	48 2f       	mov	r20, r24
    21a8:	50 e0       	ldi	r21, 0x00	; 0
    21aa:	8a 81       	ldd	r24, Y+2	; 0x02
    21ac:	28 2f       	mov	r18, r24
    21ae:	30 e0       	ldi	r19, 0x00	; 0
    21b0:	81 e0       	ldi	r24, 0x01	; 1
    21b2:	90 e0       	ldi	r25, 0x00	; 0
    21b4:	02 c0       	rjmp	.+4      	; 0x21ba <GPIO_readPin+0xf8>
    21b6:	88 0f       	add	r24, r24
    21b8:	99 1f       	adc	r25, r25
    21ba:	2a 95       	dec	r18
    21bc:	e2 f7       	brpl	.-8      	; 0x21b6 <GPIO_readPin+0xf4>
    21be:	9a 01       	movw	r18, r20
    21c0:	28 23       	and	r18, r24
    21c2:	39 23       	and	r19, r25
    21c4:	8a 81       	ldd	r24, Y+2	; 0x02
    21c6:	88 2f       	mov	r24, r24
    21c8:	90 e0       	ldi	r25, 0x00	; 0
    21ca:	a9 01       	movw	r20, r18
    21cc:	02 c0       	rjmp	.+4      	; 0x21d2 <GPIO_readPin+0x110>
    21ce:	55 95       	asr	r21
    21d0:	47 95       	ror	r20
    21d2:	8a 95       	dec	r24
    21d4:	e2 f7       	brpl	.-8      	; 0x21ce <GPIO_readPin+0x10c>
    21d6:	ca 01       	movw	r24, r20
    21d8:	8d 83       	std	Y+5, r24	; 0x05
    21da:	1f c0       	rjmp	.+62     	; 0x221a <GPIO_readPin+0x158>
			break;
		case PORTD_ID:
			return GET_BIT(PIND, pin_num);
    21dc:	e0 e3       	ldi	r30, 0x30	; 48
    21de:	f0 e0       	ldi	r31, 0x00	; 0
    21e0:	80 81       	ld	r24, Z
    21e2:	48 2f       	mov	r20, r24
    21e4:	50 e0       	ldi	r21, 0x00	; 0
    21e6:	8a 81       	ldd	r24, Y+2	; 0x02
    21e8:	28 2f       	mov	r18, r24
    21ea:	30 e0       	ldi	r19, 0x00	; 0
    21ec:	81 e0       	ldi	r24, 0x01	; 1
    21ee:	90 e0       	ldi	r25, 0x00	; 0
    21f0:	02 c0       	rjmp	.+4      	; 0x21f6 <GPIO_readPin+0x134>
    21f2:	88 0f       	add	r24, r24
    21f4:	99 1f       	adc	r25, r25
    21f6:	2a 95       	dec	r18
    21f8:	e2 f7       	brpl	.-8      	; 0x21f2 <GPIO_readPin+0x130>
    21fa:	9a 01       	movw	r18, r20
    21fc:	28 23       	and	r18, r24
    21fe:	39 23       	and	r19, r25
    2200:	8a 81       	ldd	r24, Y+2	; 0x02
    2202:	88 2f       	mov	r24, r24
    2204:	90 e0       	ldi	r25, 0x00	; 0
    2206:	a9 01       	movw	r20, r18
    2208:	02 c0       	rjmp	.+4      	; 0x220e <GPIO_readPin+0x14c>
    220a:	55 95       	asr	r21
    220c:	47 95       	ror	r20
    220e:	8a 95       	dec	r24
    2210:	e2 f7       	brpl	.-8      	; 0x220a <GPIO_readPin+0x148>
    2212:	ca 01       	movw	r24, r20
    2214:	8d 83       	std	Y+5, r24	; 0x05
    2216:	01 c0       	rjmp	.+2      	; 0x221a <GPIO_readPin+0x158>
			break;
		}
		/*if any case didn't match (which it isn't impossible) it will return logical low */
		return LOGIC_LOW;
    2218:	1d 82       	std	Y+5, r1	; 0x05
    221a:	8d 81       	ldd	r24, Y+5	; 0x05
	}

}
    221c:	0f 90       	pop	r0
    221e:	0f 90       	pop	r0
    2220:	0f 90       	pop	r0
    2222:	0f 90       	pop	r0
    2224:	0f 90       	pop	r0
    2226:	cf 91       	pop	r28
    2228:	df 91       	pop	r29
    222a:	08 95       	ret

0000222c <GPIO_setupPortDirection>:
 * Setup the direction of the required port all pins input/output.
 * If the direction value is PORT_INPUT all pins in this port should be input pins.
 * If the direction value is PORT_OUTPUT all pins in this port should be output pins.
 * If the input port number is not correct, The function will not handle the request.
 */
void GPIO_setupPortDirection(uint8 port_num, GPIO_PortDirectionType direction) {
    222c:	df 93       	push	r29
    222e:	cf 93       	push	r28
    2230:	00 d0       	rcall	.+0      	; 0x2232 <GPIO_setupPortDirection+0x6>
    2232:	00 d0       	rcall	.+0      	; 0x2234 <GPIO_setupPortDirection+0x8>
    2234:	cd b7       	in	r28, 0x3d	; 61
    2236:	de b7       	in	r29, 0x3e	; 62
    2238:	89 83       	std	Y+1, r24	; 0x01
    223a:	6a 83       	std	Y+2, r22	; 0x02
	/*
	 * Check if the input number is greater than NUM_OF_PORTS value.
	 * In this case the input is not valid port number
	 */
	if (port_num >= NUM_OF_PORTS) {
    223c:	89 81       	ldd	r24, Y+1	; 0x01
    223e:	84 30       	cpi	r24, 0x04	; 4
    2240:	90 f5       	brcc	.+100    	; 0x22a6 <GPIO_setupPortDirection+0x7a>
		/* Do Nothing */
	} else {
		/* Setup the port direction as required */
		switch (port_num) {
    2242:	89 81       	ldd	r24, Y+1	; 0x01
    2244:	28 2f       	mov	r18, r24
    2246:	30 e0       	ldi	r19, 0x00	; 0
    2248:	3c 83       	std	Y+4, r19	; 0x04
    224a:	2b 83       	std	Y+3, r18	; 0x03
    224c:	8b 81       	ldd	r24, Y+3	; 0x03
    224e:	9c 81       	ldd	r25, Y+4	; 0x04
    2250:	81 30       	cpi	r24, 0x01	; 1
    2252:	91 05       	cpc	r25, r1
    2254:	d1 f0       	breq	.+52     	; 0x228a <GPIO_setupPortDirection+0x5e>
    2256:	2b 81       	ldd	r18, Y+3	; 0x03
    2258:	3c 81       	ldd	r19, Y+4	; 0x04
    225a:	22 30       	cpi	r18, 0x02	; 2
    225c:	31 05       	cpc	r19, r1
    225e:	2c f4       	brge	.+10     	; 0x226a <GPIO_setupPortDirection+0x3e>
    2260:	8b 81       	ldd	r24, Y+3	; 0x03
    2262:	9c 81       	ldd	r25, Y+4	; 0x04
    2264:	00 97       	sbiw	r24, 0x00	; 0
    2266:	61 f0       	breq	.+24     	; 0x2280 <GPIO_setupPortDirection+0x54>
    2268:	1e c0       	rjmp	.+60     	; 0x22a6 <GPIO_setupPortDirection+0x7a>
    226a:	2b 81       	ldd	r18, Y+3	; 0x03
    226c:	3c 81       	ldd	r19, Y+4	; 0x04
    226e:	22 30       	cpi	r18, 0x02	; 2
    2270:	31 05       	cpc	r19, r1
    2272:	81 f0       	breq	.+32     	; 0x2294 <GPIO_setupPortDirection+0x68>
    2274:	8b 81       	ldd	r24, Y+3	; 0x03
    2276:	9c 81       	ldd	r25, Y+4	; 0x04
    2278:	83 30       	cpi	r24, 0x03	; 3
    227a:	91 05       	cpc	r25, r1
    227c:	81 f0       	breq	.+32     	; 0x229e <GPIO_setupPortDirection+0x72>
    227e:	13 c0       	rjmp	.+38     	; 0x22a6 <GPIO_setupPortDirection+0x7a>
		case PORTA_ID:
			DDRA = direction;
    2280:	ea e3       	ldi	r30, 0x3A	; 58
    2282:	f0 e0       	ldi	r31, 0x00	; 0
    2284:	8a 81       	ldd	r24, Y+2	; 0x02
    2286:	80 83       	st	Z, r24
    2288:	0e c0       	rjmp	.+28     	; 0x22a6 <GPIO_setupPortDirection+0x7a>
			break;
		case PORTB_ID:
			DDRB = direction;
    228a:	e7 e3       	ldi	r30, 0x37	; 55
    228c:	f0 e0       	ldi	r31, 0x00	; 0
    228e:	8a 81       	ldd	r24, Y+2	; 0x02
    2290:	80 83       	st	Z, r24
    2292:	09 c0       	rjmp	.+18     	; 0x22a6 <GPIO_setupPortDirection+0x7a>
			break;
		case PORTC_ID:
			DDRC = direction;
    2294:	e4 e3       	ldi	r30, 0x34	; 52
    2296:	f0 e0       	ldi	r31, 0x00	; 0
    2298:	8a 81       	ldd	r24, Y+2	; 0x02
    229a:	80 83       	st	Z, r24
    229c:	04 c0       	rjmp	.+8      	; 0x22a6 <GPIO_setupPortDirection+0x7a>
			break;
		case PORTD_ID:
			DDRD = direction;
    229e:	e1 e3       	ldi	r30, 0x31	; 49
    22a0:	f0 e0       	ldi	r31, 0x00	; 0
    22a2:	8a 81       	ldd	r24, Y+2	; 0x02
    22a4:	80 83       	st	Z, r24
			break;
		}
	}
}
    22a6:	0f 90       	pop	r0
    22a8:	0f 90       	pop	r0
    22aa:	0f 90       	pop	r0
    22ac:	0f 90       	pop	r0
    22ae:	cf 91       	pop	r28
    22b0:	df 91       	pop	r29
    22b2:	08 95       	ret

000022b4 <GPIO_writePort>:
 * Write the value on the required port.
 * If any pin in the port is output pin the value will be written.
 * If any pin in the port is input pin this will activate/deactivate the internal pull-up resistor.
 * If the input port number is not correct, The function will not handle the request.
 */
void GPIO_writePort(uint8 port_num, uint8 value) {
    22b4:	df 93       	push	r29
    22b6:	cf 93       	push	r28
    22b8:	00 d0       	rcall	.+0      	; 0x22ba <GPIO_writePort+0x6>
    22ba:	00 d0       	rcall	.+0      	; 0x22bc <GPIO_writePort+0x8>
    22bc:	cd b7       	in	r28, 0x3d	; 61
    22be:	de b7       	in	r29, 0x3e	; 62
    22c0:	89 83       	std	Y+1, r24	; 0x01
    22c2:	6a 83       	std	Y+2, r22	; 0x02
	if ((port_num >= NUM_OF_PORTS)) {
    22c4:	89 81       	ldd	r24, Y+1	; 0x01
    22c6:	84 30       	cpi	r24, 0x04	; 4
    22c8:	90 f5       	brcc	.+100    	; 0x232e <GPIO_writePort+0x7a>
		/* Do Nothing and exits the function*/
		return;
	} else {
		/*checks which port and then return the bit of the pin register*/
		switch (port_num) {
    22ca:	89 81       	ldd	r24, Y+1	; 0x01
    22cc:	28 2f       	mov	r18, r24
    22ce:	30 e0       	ldi	r19, 0x00	; 0
    22d0:	3c 83       	std	Y+4, r19	; 0x04
    22d2:	2b 83       	std	Y+3, r18	; 0x03
    22d4:	8b 81       	ldd	r24, Y+3	; 0x03
    22d6:	9c 81       	ldd	r25, Y+4	; 0x04
    22d8:	81 30       	cpi	r24, 0x01	; 1
    22da:	91 05       	cpc	r25, r1
    22dc:	d1 f0       	breq	.+52     	; 0x2312 <GPIO_writePort+0x5e>
    22de:	2b 81       	ldd	r18, Y+3	; 0x03
    22e0:	3c 81       	ldd	r19, Y+4	; 0x04
    22e2:	22 30       	cpi	r18, 0x02	; 2
    22e4:	31 05       	cpc	r19, r1
    22e6:	2c f4       	brge	.+10     	; 0x22f2 <GPIO_writePort+0x3e>
    22e8:	8b 81       	ldd	r24, Y+3	; 0x03
    22ea:	9c 81       	ldd	r25, Y+4	; 0x04
    22ec:	00 97       	sbiw	r24, 0x00	; 0
    22ee:	61 f0       	breq	.+24     	; 0x2308 <GPIO_writePort+0x54>
    22f0:	1e c0       	rjmp	.+60     	; 0x232e <GPIO_writePort+0x7a>
    22f2:	2b 81       	ldd	r18, Y+3	; 0x03
    22f4:	3c 81       	ldd	r19, Y+4	; 0x04
    22f6:	22 30       	cpi	r18, 0x02	; 2
    22f8:	31 05       	cpc	r19, r1
    22fa:	81 f0       	breq	.+32     	; 0x231c <GPIO_writePort+0x68>
    22fc:	8b 81       	ldd	r24, Y+3	; 0x03
    22fe:	9c 81       	ldd	r25, Y+4	; 0x04
    2300:	83 30       	cpi	r24, 0x03	; 3
    2302:	91 05       	cpc	r25, r1
    2304:	81 f0       	breq	.+32     	; 0x2326 <GPIO_writePort+0x72>
    2306:	13 c0       	rjmp	.+38     	; 0x232e <GPIO_writePort+0x7a>
		case PORTA_ID:
			PORTA = value;
    2308:	eb e3       	ldi	r30, 0x3B	; 59
    230a:	f0 e0       	ldi	r31, 0x00	; 0
    230c:	8a 81       	ldd	r24, Y+2	; 0x02
    230e:	80 83       	st	Z, r24
    2310:	0e c0       	rjmp	.+28     	; 0x232e <GPIO_writePort+0x7a>
			break;
		case PORTB_ID:
			PORTB = value;
    2312:	e8 e3       	ldi	r30, 0x38	; 56
    2314:	f0 e0       	ldi	r31, 0x00	; 0
    2316:	8a 81       	ldd	r24, Y+2	; 0x02
    2318:	80 83       	st	Z, r24
    231a:	09 c0       	rjmp	.+18     	; 0x232e <GPIO_writePort+0x7a>
			break;
		case PORTC_ID:
			PORTC = value;
    231c:	e5 e3       	ldi	r30, 0x35	; 53
    231e:	f0 e0       	ldi	r31, 0x00	; 0
    2320:	8a 81       	ldd	r24, Y+2	; 0x02
    2322:	80 83       	st	Z, r24
    2324:	04 c0       	rjmp	.+8      	; 0x232e <GPIO_writePort+0x7a>
			break;
		case PORTD_ID:
			PORTD = value;
    2326:	e2 e3       	ldi	r30, 0x32	; 50
    2328:	f0 e0       	ldi	r31, 0x00	; 0
    232a:	8a 81       	ldd	r24, Y+2	; 0x02
    232c:	80 83       	st	Z, r24
			break;
		}

	}
}
    232e:	0f 90       	pop	r0
    2330:	0f 90       	pop	r0
    2332:	0f 90       	pop	r0
    2334:	0f 90       	pop	r0
    2336:	cf 91       	pop	r28
    2338:	df 91       	pop	r29
    233a:	08 95       	ret

0000233c <GPIO_readPort>:
/*
 * Description :
 * Read and return the value of the required port.
 * If the input port number is not correct, The function will return ZERO value.
 */
uint8 GPIO_readPort(uint8 port_num) {
    233c:	df 93       	push	r29
    233e:	cf 93       	push	r28
    2340:	00 d0       	rcall	.+0      	; 0x2342 <GPIO_readPort+0x6>
    2342:	00 d0       	rcall	.+0      	; 0x2344 <GPIO_readPort+0x8>
    2344:	cd b7       	in	r28, 0x3d	; 61
    2346:	de b7       	in	r29, 0x3e	; 62
    2348:	89 83       	std	Y+1, r24	; 0x01
	if ((port_num >= NUM_OF_PORTS)) { /* Do Nothing and exits the function*/
    234a:	89 81       	ldd	r24, Y+1	; 0x01
    234c:	84 30       	cpi	r24, 0x04	; 4
    234e:	10 f0       	brcs	.+4      	; 0x2354 <GPIO_readPort+0x18>
		return LOGIC_LOW;
    2350:	1c 82       	std	Y+4, r1	; 0x04
    2352:	34 c0       	rjmp	.+104    	; 0x23bc <GPIO_readPort+0x80>
	} else {
		/*checks which port and then return the bit of the pin register*/
		switch (port_num) {
    2354:	89 81       	ldd	r24, Y+1	; 0x01
    2356:	28 2f       	mov	r18, r24
    2358:	30 e0       	ldi	r19, 0x00	; 0
    235a:	3b 83       	std	Y+3, r19	; 0x03
    235c:	2a 83       	std	Y+2, r18	; 0x02
    235e:	8a 81       	ldd	r24, Y+2	; 0x02
    2360:	9b 81       	ldd	r25, Y+3	; 0x03
    2362:	81 30       	cpi	r24, 0x01	; 1
    2364:	91 05       	cpc	r25, r1
    2366:	d1 f0       	breq	.+52     	; 0x239c <GPIO_readPort+0x60>
    2368:	2a 81       	ldd	r18, Y+2	; 0x02
    236a:	3b 81       	ldd	r19, Y+3	; 0x03
    236c:	22 30       	cpi	r18, 0x02	; 2
    236e:	31 05       	cpc	r19, r1
    2370:	2c f4       	brge	.+10     	; 0x237c <GPIO_readPort+0x40>
    2372:	8a 81       	ldd	r24, Y+2	; 0x02
    2374:	9b 81       	ldd	r25, Y+3	; 0x03
    2376:	00 97       	sbiw	r24, 0x00	; 0
    2378:	61 f0       	breq	.+24     	; 0x2392 <GPIO_readPort+0x56>
    237a:	1f c0       	rjmp	.+62     	; 0x23ba <GPIO_readPort+0x7e>
    237c:	2a 81       	ldd	r18, Y+2	; 0x02
    237e:	3b 81       	ldd	r19, Y+3	; 0x03
    2380:	22 30       	cpi	r18, 0x02	; 2
    2382:	31 05       	cpc	r19, r1
    2384:	81 f0       	breq	.+32     	; 0x23a6 <GPIO_readPort+0x6a>
    2386:	8a 81       	ldd	r24, Y+2	; 0x02
    2388:	9b 81       	ldd	r25, Y+3	; 0x03
    238a:	83 30       	cpi	r24, 0x03	; 3
    238c:	91 05       	cpc	r25, r1
    238e:	81 f0       	breq	.+32     	; 0x23b0 <GPIO_readPort+0x74>
    2390:	14 c0       	rjmp	.+40     	; 0x23ba <GPIO_readPort+0x7e>
		case PORTA_ID:
			return PINA;
    2392:	e9 e3       	ldi	r30, 0x39	; 57
    2394:	f0 e0       	ldi	r31, 0x00	; 0
    2396:	90 81       	ld	r25, Z
    2398:	9c 83       	std	Y+4, r25	; 0x04
    239a:	10 c0       	rjmp	.+32     	; 0x23bc <GPIO_readPort+0x80>
			break;
		case PORTB_ID:
			return PINB;
    239c:	e6 e3       	ldi	r30, 0x36	; 54
    239e:	f0 e0       	ldi	r31, 0x00	; 0
    23a0:	20 81       	ld	r18, Z
    23a2:	2c 83       	std	Y+4, r18	; 0x04
    23a4:	0b c0       	rjmp	.+22     	; 0x23bc <GPIO_readPort+0x80>
			break;
		case PORTC_ID:
			return PORTC;
    23a6:	e5 e3       	ldi	r30, 0x35	; 53
    23a8:	f0 e0       	ldi	r31, 0x00	; 0
    23aa:	30 81       	ld	r19, Z
    23ac:	3c 83       	std	Y+4, r19	; 0x04
    23ae:	06 c0       	rjmp	.+12     	; 0x23bc <GPIO_readPort+0x80>
			break;
		case PORTD_ID:
			return PORTD;
    23b0:	e2 e3       	ldi	r30, 0x32	; 50
    23b2:	f0 e0       	ldi	r31, 0x00	; 0
    23b4:	80 81       	ld	r24, Z
    23b6:	8c 83       	std	Y+4, r24	; 0x04
    23b8:	01 c0       	rjmp	.+2      	; 0x23bc <GPIO_readPort+0x80>
			break;
		}
		/*if any case didn't match (which it isn't impossible) it will return logical low */
		return LOGIC_LOW;
    23ba:	1c 82       	std	Y+4, r1	; 0x04
    23bc:	8c 81       	ldd	r24, Y+4	; 0x04
	}
}
    23be:	0f 90       	pop	r0
    23c0:	0f 90       	pop	r0
    23c2:	0f 90       	pop	r0
    23c4:	0f 90       	pop	r0
    23c6:	cf 91       	pop	r28
    23c8:	df 91       	pop	r29
    23ca:	08 95       	ret

000023cc <PWM_Timer0_Start>:
 *Initializes Timer0 in PWM mode and sets the required duty cycle.
 *Initializes  Prescaler: F_CPU/1024
 *Initializes  Non-inverting mode
 *Initializes  The function configures OC0 as the output pin.
 * */
void PWM_Timer0_Start(uint8 duty_cycle){
    23cc:	df 93       	push	r29
    23ce:	cf 93       	push	r28
    23d0:	0f 92       	push	r0
    23d2:	cd b7       	in	r28, 0x3d	; 61
    23d4:	de b7       	in	r29, 0x3e	; 62
    23d6:	89 83       	std	Y+1, r24	; 0x01
	/* choosing  pwm with F_CPU/1024 and non inverting
	 * */
	TCCR0=(1<<WGM00)|(1<<WGM01)|(1<<COM01)|(1<<CS02)|(1<<CS00);
    23d8:	e3 e5       	ldi	r30, 0x53	; 83
    23da:	f0 e0       	ldi	r31, 0x00	; 0
    23dc:	8d e6       	ldi	r24, 0x6D	; 109
    23de:	80 83       	st	Z, r24
	/*setting the pin to be output pin
	 * */
			DDRB|=(1<<PB3);
    23e0:	a7 e3       	ldi	r26, 0x37	; 55
    23e2:	b0 e0       	ldi	r27, 0x00	; 0
    23e4:	e7 e3       	ldi	r30, 0x37	; 55
    23e6:	f0 e0       	ldi	r31, 0x00	; 0
    23e8:	80 81       	ld	r24, Z
    23ea:	88 60       	ori	r24, 0x08	; 8
    23ec:	8c 93       	st	X, r24
	/*calculating the compare number and initializing the counter with zero
	 * */
			OCR0=((duty_cycle*255)/100);
    23ee:	ec e5       	ldi	r30, 0x5C	; 92
    23f0:	f0 e0       	ldi	r31, 0x00	; 0
    23f2:	89 81       	ldd	r24, Y+1	; 0x01
    23f4:	48 2f       	mov	r20, r24
    23f6:	50 e0       	ldi	r21, 0x00	; 0
    23f8:	ca 01       	movw	r24, r20
    23fa:	9c 01       	movw	r18, r24
    23fc:	22 0f       	add	r18, r18
    23fe:	33 1f       	adc	r19, r19
    2400:	c9 01       	movw	r24, r18
    2402:	96 95       	lsr	r25
    2404:	98 2f       	mov	r25, r24
    2406:	88 27       	eor	r24, r24
    2408:	97 95       	ror	r25
    240a:	87 95       	ror	r24
    240c:	82 1b       	sub	r24, r18
    240e:	93 0b       	sbc	r25, r19
    2410:	84 0f       	add	r24, r20
    2412:	95 1f       	adc	r25, r21
    2414:	24 e6       	ldi	r18, 0x64	; 100
    2416:	30 e0       	ldi	r19, 0x00	; 0
    2418:	b9 01       	movw	r22, r18
    241a:	0e 94 c7 12 	call	0x258e	; 0x258e <__divmodhi4>
    241e:	cb 01       	movw	r24, r22
    2420:	80 83       	st	Z, r24
			TCNT0=0;
    2422:	e2 e5       	ldi	r30, 0x52	; 82
    2424:	f0 e0       	ldi	r31, 0x00	; 0
    2426:	10 82       	st	Z, r1
}
    2428:	0f 90       	pop	r0
    242a:	cf 91       	pop	r28
    242c:	df 91       	pop	r29
    242e:	08 95       	ret

00002430 <LDR_getLightIntensity>:

/*
 * Description :
 * Function responsible for calculate the temperature from the ADC digital value.
 */
uint16 LDR_getLightIntensity(void) {
    2430:	df 93       	push	r29
    2432:	cf 93       	push	r28
    2434:	00 d0       	rcall	.+0      	; 0x2436 <LDR_getLightIntensity+0x6>
    2436:	0f 92       	push	r0
    2438:	cd b7       	in	r28, 0x3d	; 61
    243a:	de b7       	in	r29, 0x3e	; 62
	/*initializing the adc
	 * */
	ADC_init();
    243c:	0e 94 0f 07 	call	0xe1e	; 0xe1e <ADC_init>
	uint8 light_intensity = 0;
    2440:	1b 82       	std	Y+3, r1	; 0x03

	uint16 adc_value = 0;
    2442:	1a 82       	std	Y+2, r1	; 0x02
    2444:	19 82       	std	Y+1, r1	; 0x01

	/* Read ADC channel where the temperature sensor is connected */
	adc_value = ADC_readChannel(LDR_CHANNEL_ID);
    2446:	80 e0       	ldi	r24, 0x00	; 0
    2448:	0e 94 1e 07 	call	0xe3c	; 0xe3c <ADC_readChannel>
    244c:	9a 83       	std	Y+2, r25	; 0x02
    244e:	89 83       	std	Y+1, r24	; 0x01

	/* Calculate the temperature from the ADC value*/
	light_intensity =
    2450:	89 81       	ldd	r24, Y+1	; 0x01
    2452:	9a 81       	ldd	r25, Y+2	; 0x02
    2454:	cc 01       	movw	r24, r24
    2456:	a0 e0       	ldi	r26, 0x00	; 0
    2458:	b0 e0       	ldi	r27, 0x00	; 0
    245a:	24 e6       	ldi	r18, 0x64	; 100
    245c:	30 e0       	ldi	r19, 0x00	; 0
    245e:	40 e0       	ldi	r20, 0x00	; 0
    2460:	50 e0       	ldi	r21, 0x00	; 0
    2462:	bc 01       	movw	r22, r24
    2464:	cd 01       	movw	r24, r26
    2466:	0e 94 a8 12 	call	0x2550	; 0x2550 <__mulsi3>
    246a:	dc 01       	movw	r26, r24
    246c:	cb 01       	movw	r24, r22
    246e:	bc 01       	movw	r22, r24
    2470:	cd 01       	movw	r24, r26
    2472:	0e 94 a1 04 	call	0x942	; 0x942 <__floatunsisf>
    2476:	dc 01       	movw	r26, r24
    2478:	cb 01       	movw	r24, r22
    247a:	bc 01       	movw	r22, r24
    247c:	cd 01       	movw	r24, r26
    247e:	2a e0       	ldi	r18, 0x0A	; 10
    2480:	37 ed       	ldi	r19, 0xD7	; 215
    2482:	43 e2       	ldi	r20, 0x23	; 35
    2484:	50 e4       	ldi	r21, 0x40	; 64
    2486:	0e 94 17 02 	call	0x42e	; 0x42e <__mulsf3>
    248a:	dc 01       	movw	r26, r24
    248c:	cb 01       	movw	r24, r22
    248e:	bc 01       	movw	r22, r24
    2490:	cd 01       	movw	r24, r26
    2492:	24 e1       	ldi	r18, 0x14	; 20
    2494:	3e ea       	ldi	r19, 0xAE	; 174
    2496:	43 e2       	ldi	r20, 0x23	; 35
    2498:	55 e4       	ldi	r21, 0x45	; 69
    249a:	0e 94 11 03 	call	0x622	; 0x622 <__divsf3>
    249e:	dc 01       	movw	r26, r24
    24a0:	cb 01       	movw	r24, r22
    24a2:	bc 01       	movw	r22, r24
    24a4:	cd 01       	movw	r24, r26
    24a6:	0e 94 41 00 	call	0x82	; 0x82 <__fixunssfsi>
    24aa:	dc 01       	movw	r26, r24
    24ac:	cb 01       	movw	r24, r22
    24ae:	8b 83       	std	Y+3, r24	; 0x03
			(uint16) (((uint32) adc_value * LDR_MAX_VALUE * ADC_MAX_VOLT)
					/ (ADC_MAX_VALU * LDR_MAX_VOLT));

	return light_intensity;
    24b0:	8b 81       	ldd	r24, Y+3	; 0x03
    24b2:	88 2f       	mov	r24, r24
    24b4:	90 e0       	ldi	r25, 0x00	; 0

}
    24b6:	0f 90       	pop	r0
    24b8:	0f 90       	pop	r0
    24ba:	0f 90       	pop	r0
    24bc:	cf 91       	pop	r28
    24be:	df 91       	pop	r29
    24c0:	08 95       	ret

000024c2 <LM35_getTemperature>:
#include "ADC.h"
/*
 * Description :
 * Function responsible for calculate the temperature from the ADC digital value.
 */
uint8 LM35_getTemperature(void) {
    24c2:	df 93       	push	r29
    24c4:	cf 93       	push	r28
    24c6:	00 d0       	rcall	.+0      	; 0x24c8 <LM35_getTemperature+0x6>
    24c8:	0f 92       	push	r0
    24ca:	cd b7       	in	r28, 0x3d	; 61
    24cc:	de b7       	in	r29, 0x3e	; 62
	/*initializing the adc
		 * */
		ADC_init();
    24ce:	0e 94 0f 07 	call	0xe1e	; 0xe1e <ADC_init>
	uint8 temp_value = 0;
    24d2:	1b 82       	std	Y+3, r1	; 0x03

	uint16 adc_value = 0;
    24d4:	1a 82       	std	Y+2, r1	; 0x02
    24d6:	19 82       	std	Y+1, r1	; 0x01

	/* Read ADC channel where the temperature sensor is connected */
	adc_value = ADC_readChannel(LM35_CHANNEL_ID);
    24d8:	81 e0       	ldi	r24, 0x01	; 1
    24da:	0e 94 1e 07 	call	0xe3c	; 0xe3c <ADC_readChannel>
    24de:	9a 83       	std	Y+2, r25	; 0x02
    24e0:	89 83       	std	Y+1, r24	; 0x01

	/* Calculate the temperature from the ADC value*/
	temp_value =
    24e2:	89 81       	ldd	r24, Y+1	; 0x01
    24e4:	9a 81       	ldd	r25, Y+2	; 0x02
    24e6:	cc 01       	movw	r24, r24
    24e8:	a0 e0       	ldi	r26, 0x00	; 0
    24ea:	b0 e0       	ldi	r27, 0x00	; 0
    24ec:	26 e9       	ldi	r18, 0x96	; 150
    24ee:	30 e0       	ldi	r19, 0x00	; 0
    24f0:	40 e0       	ldi	r20, 0x00	; 0
    24f2:	50 e0       	ldi	r21, 0x00	; 0
    24f4:	bc 01       	movw	r22, r24
    24f6:	cd 01       	movw	r24, r26
    24f8:	0e 94 a8 12 	call	0x2550	; 0x2550 <__mulsi3>
    24fc:	dc 01       	movw	r26, r24
    24fe:	cb 01       	movw	r24, r22
    2500:	bc 01       	movw	r22, r24
    2502:	cd 01       	movw	r24, r26
    2504:	0e 94 a1 04 	call	0x942	; 0x942 <__floatunsisf>
    2508:	dc 01       	movw	r26, r24
    250a:	cb 01       	movw	r24, r22
    250c:	bc 01       	movw	r22, r24
    250e:	cd 01       	movw	r24, r26
    2510:	2a e0       	ldi	r18, 0x0A	; 10
    2512:	37 ed       	ldi	r19, 0xD7	; 215
    2514:	43 e2       	ldi	r20, 0x23	; 35
    2516:	50 e4       	ldi	r21, 0x40	; 64
    2518:	0e 94 17 02 	call	0x42e	; 0x42e <__mulsf3>
    251c:	dc 01       	movw	r26, r24
    251e:	cb 01       	movw	r24, r22
    2520:	bc 01       	movw	r22, r24
    2522:	cd 01       	movw	r24, r26
    2524:	20 e0       	ldi	r18, 0x00	; 0
    2526:	30 ed       	ldi	r19, 0xD0	; 208
    2528:	4f eb       	ldi	r20, 0xBF	; 191
    252a:	54 e4       	ldi	r21, 0x44	; 68
    252c:	0e 94 11 03 	call	0x622	; 0x622 <__divsf3>
    2530:	dc 01       	movw	r26, r24
    2532:	cb 01       	movw	r24, r22
    2534:	bc 01       	movw	r22, r24
    2536:	cd 01       	movw	r24, r26
    2538:	0e 94 41 00 	call	0x82	; 0x82 <__fixunssfsi>
    253c:	dc 01       	movw	r26, r24
    253e:	cb 01       	movw	r24, r22
    2540:	8b 83       	std	Y+3, r24	; 0x03
			(uint8) (((uint32) adc_value * LM35_MAX_TEMP * ADC_MAX_VOLT)
					/ (ADC_MAX_VALU * LM35_MAX_VOLT));

	return temp_value;
    2542:	8b 81       	ldd	r24, Y+3	; 0x03

}
    2544:	0f 90       	pop	r0
    2546:	0f 90       	pop	r0
    2548:	0f 90       	pop	r0
    254a:	cf 91       	pop	r28
    254c:	df 91       	pop	r29
    254e:	08 95       	ret

00002550 <__mulsi3>:
    2550:	62 9f       	mul	r22, r18
    2552:	d0 01       	movw	r26, r0
    2554:	73 9f       	mul	r23, r19
    2556:	f0 01       	movw	r30, r0
    2558:	82 9f       	mul	r24, r18
    255a:	e0 0d       	add	r30, r0
    255c:	f1 1d       	adc	r31, r1
    255e:	64 9f       	mul	r22, r20
    2560:	e0 0d       	add	r30, r0
    2562:	f1 1d       	adc	r31, r1
    2564:	92 9f       	mul	r25, r18
    2566:	f0 0d       	add	r31, r0
    2568:	83 9f       	mul	r24, r19
    256a:	f0 0d       	add	r31, r0
    256c:	74 9f       	mul	r23, r20
    256e:	f0 0d       	add	r31, r0
    2570:	65 9f       	mul	r22, r21
    2572:	f0 0d       	add	r31, r0
    2574:	99 27       	eor	r25, r25
    2576:	72 9f       	mul	r23, r18
    2578:	b0 0d       	add	r27, r0
    257a:	e1 1d       	adc	r30, r1
    257c:	f9 1f       	adc	r31, r25
    257e:	63 9f       	mul	r22, r19
    2580:	b0 0d       	add	r27, r0
    2582:	e1 1d       	adc	r30, r1
    2584:	f9 1f       	adc	r31, r25
    2586:	bd 01       	movw	r22, r26
    2588:	cf 01       	movw	r24, r30
    258a:	11 24       	eor	r1, r1
    258c:	08 95       	ret

0000258e <__divmodhi4>:
    258e:	97 fb       	bst	r25, 7
    2590:	09 2e       	mov	r0, r25
    2592:	07 26       	eor	r0, r23
    2594:	0a d0       	rcall	.+20     	; 0x25aa <__divmodhi4_neg1>
    2596:	77 fd       	sbrc	r23, 7
    2598:	04 d0       	rcall	.+8      	; 0x25a2 <__divmodhi4_neg2>
    259a:	0c d0       	rcall	.+24     	; 0x25b4 <__udivmodhi4>
    259c:	06 d0       	rcall	.+12     	; 0x25aa <__divmodhi4_neg1>
    259e:	00 20       	and	r0, r0
    25a0:	1a f4       	brpl	.+6      	; 0x25a8 <__divmodhi4_exit>

000025a2 <__divmodhi4_neg2>:
    25a2:	70 95       	com	r23
    25a4:	61 95       	neg	r22
    25a6:	7f 4f       	sbci	r23, 0xFF	; 255

000025a8 <__divmodhi4_exit>:
    25a8:	08 95       	ret

000025aa <__divmodhi4_neg1>:
    25aa:	f6 f7       	brtc	.-4      	; 0x25a8 <__divmodhi4_exit>
    25ac:	90 95       	com	r25
    25ae:	81 95       	neg	r24
    25b0:	9f 4f       	sbci	r25, 0xFF	; 255
    25b2:	08 95       	ret

000025b4 <__udivmodhi4>:
    25b4:	aa 1b       	sub	r26, r26
    25b6:	bb 1b       	sub	r27, r27
    25b8:	51 e1       	ldi	r21, 0x11	; 17
    25ba:	07 c0       	rjmp	.+14     	; 0x25ca <__udivmodhi4_ep>

000025bc <__udivmodhi4_loop>:
    25bc:	aa 1f       	adc	r26, r26
    25be:	bb 1f       	adc	r27, r27
    25c0:	a6 17       	cp	r26, r22
    25c2:	b7 07       	cpc	r27, r23
    25c4:	10 f0       	brcs	.+4      	; 0x25ca <__udivmodhi4_ep>
    25c6:	a6 1b       	sub	r26, r22
    25c8:	b7 0b       	sbc	r27, r23

000025ca <__udivmodhi4_ep>:
    25ca:	88 1f       	adc	r24, r24
    25cc:	99 1f       	adc	r25, r25
    25ce:	5a 95       	dec	r21
    25d0:	a9 f7       	brne	.-22     	; 0x25bc <__udivmodhi4_loop>
    25d2:	80 95       	com	r24
    25d4:	90 95       	com	r25
    25d6:	bc 01       	movw	r22, r24
    25d8:	cd 01       	movw	r24, r26
    25da:	08 95       	ret

000025dc <__prologue_saves__>:
    25dc:	2f 92       	push	r2
    25de:	3f 92       	push	r3
    25e0:	4f 92       	push	r4
    25e2:	5f 92       	push	r5
    25e4:	6f 92       	push	r6
    25e6:	7f 92       	push	r7
    25e8:	8f 92       	push	r8
    25ea:	9f 92       	push	r9
    25ec:	af 92       	push	r10
    25ee:	bf 92       	push	r11
    25f0:	cf 92       	push	r12
    25f2:	df 92       	push	r13
    25f4:	ef 92       	push	r14
    25f6:	ff 92       	push	r15
    25f8:	0f 93       	push	r16
    25fa:	1f 93       	push	r17
    25fc:	cf 93       	push	r28
    25fe:	df 93       	push	r29
    2600:	cd b7       	in	r28, 0x3d	; 61
    2602:	de b7       	in	r29, 0x3e	; 62
    2604:	ca 1b       	sub	r28, r26
    2606:	db 0b       	sbc	r29, r27
    2608:	0f b6       	in	r0, 0x3f	; 63
    260a:	f8 94       	cli
    260c:	de bf       	out	0x3e, r29	; 62
    260e:	0f be       	out	0x3f, r0	; 63
    2610:	cd bf       	out	0x3d, r28	; 61
    2612:	09 94       	ijmp

00002614 <__epilogue_restores__>:
    2614:	2a 88       	ldd	r2, Y+18	; 0x12
    2616:	39 88       	ldd	r3, Y+17	; 0x11
    2618:	48 88       	ldd	r4, Y+16	; 0x10
    261a:	5f 84       	ldd	r5, Y+15	; 0x0f
    261c:	6e 84       	ldd	r6, Y+14	; 0x0e
    261e:	7d 84       	ldd	r7, Y+13	; 0x0d
    2620:	8c 84       	ldd	r8, Y+12	; 0x0c
    2622:	9b 84       	ldd	r9, Y+11	; 0x0b
    2624:	aa 84       	ldd	r10, Y+10	; 0x0a
    2626:	b9 84       	ldd	r11, Y+9	; 0x09
    2628:	c8 84       	ldd	r12, Y+8	; 0x08
    262a:	df 80       	ldd	r13, Y+7	; 0x07
    262c:	ee 80       	ldd	r14, Y+6	; 0x06
    262e:	fd 80       	ldd	r15, Y+5	; 0x05
    2630:	0c 81       	ldd	r16, Y+4	; 0x04
    2632:	1b 81       	ldd	r17, Y+3	; 0x03
    2634:	aa 81       	ldd	r26, Y+2	; 0x02
    2636:	b9 81       	ldd	r27, Y+1	; 0x01
    2638:	ce 0f       	add	r28, r30
    263a:	d1 1d       	adc	r29, r1
    263c:	0f b6       	in	r0, 0x3f	; 63
    263e:	f8 94       	cli
    2640:	de bf       	out	0x3e, r29	; 62
    2642:	0f be       	out	0x3f, r0	; 63
    2644:	cd bf       	out	0x3d, r28	; 61
    2646:	ed 01       	movw	r28, r26
    2648:	08 95       	ret

0000264a <itoa>:
    264a:	fb 01       	movw	r30, r22
    264c:	9f 01       	movw	r18, r30
    264e:	e8 94       	clt
    2650:	42 30       	cpi	r20, 0x02	; 2
    2652:	c4 f0       	brlt	.+48     	; 0x2684 <itoa+0x3a>
    2654:	45 32       	cpi	r20, 0x25	; 37
    2656:	b4 f4       	brge	.+44     	; 0x2684 <itoa+0x3a>
    2658:	4a 30       	cpi	r20, 0x0A	; 10
    265a:	29 f4       	brne	.+10     	; 0x2666 <itoa+0x1c>
    265c:	97 fb       	bst	r25, 7
    265e:	1e f4       	brtc	.+6      	; 0x2666 <itoa+0x1c>
    2660:	90 95       	com	r25
    2662:	81 95       	neg	r24
    2664:	9f 4f       	sbci	r25, 0xFF	; 255
    2666:	64 2f       	mov	r22, r20
    2668:	77 27       	eor	r23, r23
    266a:	0e 94 da 12 	call	0x25b4	; 0x25b4 <__udivmodhi4>
    266e:	80 5d       	subi	r24, 0xD0	; 208
    2670:	8a 33       	cpi	r24, 0x3A	; 58
    2672:	0c f0       	brlt	.+2      	; 0x2676 <itoa+0x2c>
    2674:	89 5d       	subi	r24, 0xD9	; 217
    2676:	81 93       	st	Z+, r24
    2678:	cb 01       	movw	r24, r22
    267a:	00 97       	sbiw	r24, 0x00	; 0
    267c:	a1 f7       	brne	.-24     	; 0x2666 <itoa+0x1c>
    267e:	16 f4       	brtc	.+4      	; 0x2684 <itoa+0x3a>
    2680:	5d e2       	ldi	r21, 0x2D	; 45
    2682:	51 93       	st	Z+, r21
    2684:	10 82       	st	Z, r1
    2686:	c9 01       	movw	r24, r18
    2688:	0c 94 46 13 	jmp	0x268c	; 0x268c <strrev>

0000268c <strrev>:
    268c:	dc 01       	movw	r26, r24
    268e:	fc 01       	movw	r30, r24
    2690:	67 2f       	mov	r22, r23
    2692:	71 91       	ld	r23, Z+
    2694:	77 23       	and	r23, r23
    2696:	e1 f7       	brne	.-8      	; 0x2690 <strrev+0x4>
    2698:	32 97       	sbiw	r30, 0x02	; 2
    269a:	04 c0       	rjmp	.+8      	; 0x26a4 <strrev+0x18>
    269c:	7c 91       	ld	r23, X
    269e:	6d 93       	st	X+, r22
    26a0:	70 83       	st	Z, r23
    26a2:	62 91       	ld	r22, -Z
    26a4:	ae 17       	cp	r26, r30
    26a6:	bf 07       	cpc	r27, r31
    26a8:	c8 f3       	brcs	.-14     	; 0x269c <strrev+0x10>
    26aa:	08 95       	ret

000026ac <_exit>:
    26ac:	f8 94       	cli

000026ae <__stop_program>:
    26ae:	ff cf       	rjmp	.-2      	; 0x26ae <__stop_program>
