
HMI_ECU.elf:     file format elf32-avr

Sections:
Idx Name          Size      VMA       LMA       File off  Algn
  0 .text         00002d18  00000000  00000000  00000094  2**1
                  CONTENTS, ALLOC, LOAD, READONLY, CODE
  1 .data         00000292  00800060  00002d18  00002dac  2**0
                  CONTENTS, ALLOC, LOAD, DATA
  2 .bss          00000008  008002f2  008002f2  0000303e  2**0
                  ALLOC
  3 .stab         00002910  00000000  00000000  00003040  2**2
                  CONTENTS, READONLY, DEBUGGING
  4 .stabstr      00001256  00000000  00000000  00005950  2**0
                  CONTENTS, READONLY, DEBUGGING
  5 .debug_aranges 00000140  00000000  00000000  00006ba6  2**0
                  CONTENTS, READONLY, DEBUGGING
  6 .debug_pubnames 00000170  00000000  00000000  00006ce6  2**0
                  CONTENTS, READONLY, DEBUGGING
  7 .debug_info   00001c49  00000000  00000000  00006e56  2**0
                  CONTENTS, READONLY, DEBUGGING
  8 .debug_abbrev 00000eeb  00000000  00000000  00008a9f  2**0
                  CONTENTS, READONLY, DEBUGGING
  9 .debug_line   00000dad  00000000  00000000  0000998a  2**0
                  CONTENTS, READONLY, DEBUGGING
 10 .debug_frame  00000160  00000000  00000000  0000a738  2**2
                  CONTENTS, READONLY, DEBUGGING
 11 .debug_str    0000028d  00000000  00000000  0000a898  2**0
                  CONTENTS, READONLY, DEBUGGING
 12 .debug_loc    000007ce  00000000  00000000  0000ab25  2**0
                  CONTENTS, READONLY, DEBUGGING
 13 .debug_ranges 00000050  00000000  00000000  0000b2f3  2**0
                  CONTENTS, READONLY, DEBUGGING

Disassembly of section .text:

00000000 <__vectors>:
       0:	0c 94 2a 00 	jmp	0x54	; 0x54 <__ctors_end>
       4:	0c 94 47 00 	jmp	0x8e	; 0x8e <__bad_interrupt>
       8:	0c 94 47 00 	jmp	0x8e	; 0x8e <__bad_interrupt>
       c:	0c 94 47 00 	jmp	0x8e	; 0x8e <__bad_interrupt>
      10:	0c 94 2e 13 	jmp	0x265c	; 0x265c <__vector_4>
      14:	0c 94 61 13 	jmp	0x26c2	; 0x26c2 <__vector_5>
      18:	0c 94 47 00 	jmp	0x8e	; 0x8e <__bad_interrupt>
      1c:	0c 94 62 12 	jmp	0x24c4	; 0x24c4 <__vector_7>
      20:	0c 94 47 00 	jmp	0x8e	; 0x8e <__bad_interrupt>
      24:	0c 94 95 12 	jmp	0x252a	; 0x252a <__vector_9>
      28:	0c 94 c8 12 	jmp	0x2590	; 0x2590 <__vector_10>
      2c:	0c 94 fb 12 	jmp	0x25f6	; 0x25f6 <__vector_11>
      30:	0c 94 47 00 	jmp	0x8e	; 0x8e <__bad_interrupt>
      34:	0c 94 47 00 	jmp	0x8e	; 0x8e <__bad_interrupt>
      38:	0c 94 47 00 	jmp	0x8e	; 0x8e <__bad_interrupt>
      3c:	0c 94 47 00 	jmp	0x8e	; 0x8e <__bad_interrupt>
      40:	0c 94 47 00 	jmp	0x8e	; 0x8e <__bad_interrupt>
      44:	0c 94 47 00 	jmp	0x8e	; 0x8e <__bad_interrupt>
      48:	0c 94 47 00 	jmp	0x8e	; 0x8e <__bad_interrupt>
      4c:	0c 94 47 00 	jmp	0x8e	; 0x8e <__bad_interrupt>
      50:	0c 94 47 00 	jmp	0x8e	; 0x8e <__bad_interrupt>

00000054 <__ctors_end>:
      54:	11 24       	eor	r1, r1
      56:	1f be       	out	0x3f, r1	; 63
      58:	cf e5       	ldi	r28, 0x5F	; 95
      5a:	d8 e0       	ldi	r29, 0x08	; 8
      5c:	de bf       	out	0x3e, r29	; 62
      5e:	cd bf       	out	0x3d, r28	; 61

00000060 <__do_copy_data>:
      60:	12 e0       	ldi	r17, 0x02	; 2
      62:	a0 e6       	ldi	r26, 0x60	; 96
      64:	b0 e0       	ldi	r27, 0x00	; 0
      66:	e8 e1       	ldi	r30, 0x18	; 24
      68:	fd e2       	ldi	r31, 0x2D	; 45
      6a:	02 c0       	rjmp	.+4      	; 0x70 <.do_copy_data_start>

0000006c <.do_copy_data_loop>:
      6c:	05 90       	lpm	r0, Z+
      6e:	0d 92       	st	X+, r0

00000070 <.do_copy_data_start>:
      70:	a2 3f       	cpi	r26, 0xF2	; 242
      72:	b1 07       	cpc	r27, r17
      74:	d9 f7       	brne	.-10     	; 0x6c <.do_copy_data_loop>

00000076 <__do_clear_bss>:
      76:	12 e0       	ldi	r17, 0x02	; 2
      78:	a2 ef       	ldi	r26, 0xF2	; 242
      7a:	b2 e0       	ldi	r27, 0x02	; 2
      7c:	01 c0       	rjmp	.+2      	; 0x80 <.do_clear_bss_start>

0000007e <.do_clear_bss_loop>:
      7e:	1d 92       	st	X+, r1

00000080 <.do_clear_bss_start>:
      80:	aa 3f       	cpi	r26, 0xFA	; 250
      82:	b1 07       	cpc	r27, r17
      84:	e1 f7       	brne	.-8      	; 0x7e <.do_clear_bss_loop>
      86:	0e 94 e4 0a 	call	0x15c8	; 0x15c8 <main>
      8a:	0c 94 8a 16 	jmp	0x2d14	; 0x2d14 <_exit>

0000008e <__bad_interrupt>:
      8e:	0c 94 00 00 	jmp	0	; 0x0 <__vectors>

00000092 <__fixunssfsi>:
      92:	ef 92       	push	r14
      94:	ff 92       	push	r15
      96:	0f 93       	push	r16
      98:	1f 93       	push	r17
      9a:	7b 01       	movw	r14, r22
      9c:	8c 01       	movw	r16, r24
      9e:	20 e0       	ldi	r18, 0x00	; 0
      a0:	30 e0       	ldi	r19, 0x00	; 0
      a2:	40 e0       	ldi	r20, 0x00	; 0
      a4:	5f e4       	ldi	r21, 0x4F	; 79
      a6:	0e 94 49 03 	call	0x692	; 0x692 <__gesf2>
      aa:	88 23       	and	r24, r24
      ac:	8c f0       	brlt	.+34     	; 0xd0 <__fixunssfsi+0x3e>
      ae:	c8 01       	movw	r24, r16
      b0:	b7 01       	movw	r22, r14
      b2:	20 e0       	ldi	r18, 0x00	; 0
      b4:	30 e0       	ldi	r19, 0x00	; 0
      b6:	40 e0       	ldi	r20, 0x00	; 0
      b8:	5f e4       	ldi	r21, 0x4F	; 79
      ba:	0e 94 c1 01 	call	0x382	; 0x382 <__subsf3>
      be:	0e 94 a9 03 	call	0x752	; 0x752 <__fixsfsi>
      c2:	9b 01       	movw	r18, r22
      c4:	ac 01       	movw	r20, r24
      c6:	20 50       	subi	r18, 0x00	; 0
      c8:	30 40       	sbci	r19, 0x00	; 0
      ca:	40 40       	sbci	r20, 0x00	; 0
      cc:	50 48       	sbci	r21, 0x80	; 128
      ce:	06 c0       	rjmp	.+12     	; 0xdc <__fixunssfsi+0x4a>
      d0:	c8 01       	movw	r24, r16
      d2:	b7 01       	movw	r22, r14
      d4:	0e 94 a9 03 	call	0x752	; 0x752 <__fixsfsi>
      d8:	9b 01       	movw	r18, r22
      da:	ac 01       	movw	r20, r24
      dc:	b9 01       	movw	r22, r18
      de:	ca 01       	movw	r24, r20
      e0:	1f 91       	pop	r17
      e2:	0f 91       	pop	r16
      e4:	ff 90       	pop	r15
      e6:	ef 90       	pop	r14
      e8:	08 95       	ret

000000ea <_fpadd_parts>:
      ea:	a0 e0       	ldi	r26, 0x00	; 0
      ec:	b0 e0       	ldi	r27, 0x00	; 0
      ee:	eb e7       	ldi	r30, 0x7B	; 123
      f0:	f0 e0       	ldi	r31, 0x00	; 0
      f2:	0c 94 0e 16 	jmp	0x2c1c	; 0x2c1c <__prologue_saves__>
      f6:	dc 01       	movw	r26, r24
      f8:	2b 01       	movw	r4, r22
      fa:	fa 01       	movw	r30, r20
      fc:	9c 91       	ld	r25, X
      fe:	92 30       	cpi	r25, 0x02	; 2
     100:	08 f4       	brcc	.+2      	; 0x104 <_fpadd_parts+0x1a>
     102:	39 c1       	rjmp	.+626    	; 0x376 <_fpadd_parts+0x28c>
     104:	eb 01       	movw	r28, r22
     106:	88 81       	ld	r24, Y
     108:	82 30       	cpi	r24, 0x02	; 2
     10a:	08 f4       	brcc	.+2      	; 0x10e <_fpadd_parts+0x24>
     10c:	33 c1       	rjmp	.+614    	; 0x374 <_fpadd_parts+0x28a>
     10e:	94 30       	cpi	r25, 0x04	; 4
     110:	69 f4       	brne	.+26     	; 0x12c <_fpadd_parts+0x42>
     112:	84 30       	cpi	r24, 0x04	; 4
     114:	09 f0       	breq	.+2      	; 0x118 <_fpadd_parts+0x2e>
     116:	2f c1       	rjmp	.+606    	; 0x376 <_fpadd_parts+0x28c>
     118:	11 96       	adiw	r26, 0x01	; 1
     11a:	9c 91       	ld	r25, X
     11c:	11 97       	sbiw	r26, 0x01	; 1
     11e:	89 81       	ldd	r24, Y+1	; 0x01
     120:	98 17       	cp	r25, r24
     122:	09 f4       	brne	.+2      	; 0x126 <_fpadd_parts+0x3c>
     124:	28 c1       	rjmp	.+592    	; 0x376 <_fpadd_parts+0x28c>
     126:	ad ed       	ldi	r26, 0xDD	; 221
     128:	b2 e0       	ldi	r27, 0x02	; 2
     12a:	25 c1       	rjmp	.+586    	; 0x376 <_fpadd_parts+0x28c>
     12c:	84 30       	cpi	r24, 0x04	; 4
     12e:	09 f4       	brne	.+2      	; 0x132 <_fpadd_parts+0x48>
     130:	21 c1       	rjmp	.+578    	; 0x374 <_fpadd_parts+0x28a>
     132:	82 30       	cpi	r24, 0x02	; 2
     134:	a9 f4       	brne	.+42     	; 0x160 <_fpadd_parts+0x76>
     136:	92 30       	cpi	r25, 0x02	; 2
     138:	09 f0       	breq	.+2      	; 0x13c <_fpadd_parts+0x52>
     13a:	1d c1       	rjmp	.+570    	; 0x376 <_fpadd_parts+0x28c>
     13c:	9a 01       	movw	r18, r20
     13e:	ad 01       	movw	r20, r26
     140:	88 e0       	ldi	r24, 0x08	; 8
     142:	ea 01       	movw	r28, r20
     144:	09 90       	ld	r0, Y+
     146:	ae 01       	movw	r20, r28
     148:	e9 01       	movw	r28, r18
     14a:	09 92       	st	Y+, r0
     14c:	9e 01       	movw	r18, r28
     14e:	81 50       	subi	r24, 0x01	; 1
     150:	c1 f7       	brne	.-16     	; 0x142 <_fpadd_parts+0x58>
     152:	e2 01       	movw	r28, r4
     154:	89 81       	ldd	r24, Y+1	; 0x01
     156:	11 96       	adiw	r26, 0x01	; 1
     158:	9c 91       	ld	r25, X
     15a:	89 23       	and	r24, r25
     15c:	81 83       	std	Z+1, r24	; 0x01
     15e:	08 c1       	rjmp	.+528    	; 0x370 <_fpadd_parts+0x286>
     160:	92 30       	cpi	r25, 0x02	; 2
     162:	09 f4       	brne	.+2      	; 0x166 <_fpadd_parts+0x7c>
     164:	07 c1       	rjmp	.+526    	; 0x374 <_fpadd_parts+0x28a>
     166:	12 96       	adiw	r26, 0x02	; 2
     168:	2d 90       	ld	r2, X+
     16a:	3c 90       	ld	r3, X
     16c:	13 97       	sbiw	r26, 0x03	; 3
     16e:	eb 01       	movw	r28, r22
     170:	8a 81       	ldd	r24, Y+2	; 0x02
     172:	9b 81       	ldd	r25, Y+3	; 0x03
     174:	14 96       	adiw	r26, 0x04	; 4
     176:	ad 90       	ld	r10, X+
     178:	bd 90       	ld	r11, X+
     17a:	cd 90       	ld	r12, X+
     17c:	dc 90       	ld	r13, X
     17e:	17 97       	sbiw	r26, 0x07	; 7
     180:	ec 80       	ldd	r14, Y+4	; 0x04
     182:	fd 80       	ldd	r15, Y+5	; 0x05
     184:	0e 81       	ldd	r16, Y+6	; 0x06
     186:	1f 81       	ldd	r17, Y+7	; 0x07
     188:	91 01       	movw	r18, r2
     18a:	28 1b       	sub	r18, r24
     18c:	39 0b       	sbc	r19, r25
     18e:	b9 01       	movw	r22, r18
     190:	37 ff       	sbrs	r19, 7
     192:	04 c0       	rjmp	.+8      	; 0x19c <_fpadd_parts+0xb2>
     194:	66 27       	eor	r22, r22
     196:	77 27       	eor	r23, r23
     198:	62 1b       	sub	r22, r18
     19a:	73 0b       	sbc	r23, r19
     19c:	60 32       	cpi	r22, 0x20	; 32
     19e:	71 05       	cpc	r23, r1
     1a0:	0c f0       	brlt	.+2      	; 0x1a4 <_fpadd_parts+0xba>
     1a2:	61 c0       	rjmp	.+194    	; 0x266 <_fpadd_parts+0x17c>
     1a4:	12 16       	cp	r1, r18
     1a6:	13 06       	cpc	r1, r19
     1a8:	6c f5       	brge	.+90     	; 0x204 <_fpadd_parts+0x11a>
     1aa:	37 01       	movw	r6, r14
     1ac:	48 01       	movw	r8, r16
     1ae:	06 2e       	mov	r0, r22
     1b0:	04 c0       	rjmp	.+8      	; 0x1ba <_fpadd_parts+0xd0>
     1b2:	96 94       	lsr	r9
     1b4:	87 94       	ror	r8
     1b6:	77 94       	ror	r7
     1b8:	67 94       	ror	r6
     1ba:	0a 94       	dec	r0
     1bc:	d2 f7       	brpl	.-12     	; 0x1b2 <_fpadd_parts+0xc8>
     1be:	21 e0       	ldi	r18, 0x01	; 1
     1c0:	30 e0       	ldi	r19, 0x00	; 0
     1c2:	40 e0       	ldi	r20, 0x00	; 0
     1c4:	50 e0       	ldi	r21, 0x00	; 0
     1c6:	04 c0       	rjmp	.+8      	; 0x1d0 <_fpadd_parts+0xe6>
     1c8:	22 0f       	add	r18, r18
     1ca:	33 1f       	adc	r19, r19
     1cc:	44 1f       	adc	r20, r20
     1ce:	55 1f       	adc	r21, r21
     1d0:	6a 95       	dec	r22
     1d2:	d2 f7       	brpl	.-12     	; 0x1c8 <_fpadd_parts+0xde>
     1d4:	21 50       	subi	r18, 0x01	; 1
     1d6:	30 40       	sbci	r19, 0x00	; 0
     1d8:	40 40       	sbci	r20, 0x00	; 0
     1da:	50 40       	sbci	r21, 0x00	; 0
     1dc:	2e 21       	and	r18, r14
     1de:	3f 21       	and	r19, r15
     1e0:	40 23       	and	r20, r16
     1e2:	51 23       	and	r21, r17
     1e4:	21 15       	cp	r18, r1
     1e6:	31 05       	cpc	r19, r1
     1e8:	41 05       	cpc	r20, r1
     1ea:	51 05       	cpc	r21, r1
     1ec:	21 f0       	breq	.+8      	; 0x1f6 <_fpadd_parts+0x10c>
     1ee:	21 e0       	ldi	r18, 0x01	; 1
     1f0:	30 e0       	ldi	r19, 0x00	; 0
     1f2:	40 e0       	ldi	r20, 0x00	; 0
     1f4:	50 e0       	ldi	r21, 0x00	; 0
     1f6:	79 01       	movw	r14, r18
     1f8:	8a 01       	movw	r16, r20
     1fa:	e6 28       	or	r14, r6
     1fc:	f7 28       	or	r15, r7
     1fe:	08 29       	or	r16, r8
     200:	19 29       	or	r17, r9
     202:	3c c0       	rjmp	.+120    	; 0x27c <_fpadd_parts+0x192>
     204:	23 2b       	or	r18, r19
     206:	d1 f1       	breq	.+116    	; 0x27c <_fpadd_parts+0x192>
     208:	26 0e       	add	r2, r22
     20a:	37 1e       	adc	r3, r23
     20c:	35 01       	movw	r6, r10
     20e:	46 01       	movw	r8, r12
     210:	06 2e       	mov	r0, r22
     212:	04 c0       	rjmp	.+8      	; 0x21c <_fpadd_parts+0x132>
     214:	96 94       	lsr	r9
     216:	87 94       	ror	r8
     218:	77 94       	ror	r7
     21a:	67 94       	ror	r6
     21c:	0a 94       	dec	r0
     21e:	d2 f7       	brpl	.-12     	; 0x214 <_fpadd_parts+0x12a>
     220:	21 e0       	ldi	r18, 0x01	; 1
     222:	30 e0       	ldi	r19, 0x00	; 0
     224:	40 e0       	ldi	r20, 0x00	; 0
     226:	50 e0       	ldi	r21, 0x00	; 0
     228:	04 c0       	rjmp	.+8      	; 0x232 <_fpadd_parts+0x148>
     22a:	22 0f       	add	r18, r18
     22c:	33 1f       	adc	r19, r19
     22e:	44 1f       	adc	r20, r20
     230:	55 1f       	adc	r21, r21
     232:	6a 95       	dec	r22
     234:	d2 f7       	brpl	.-12     	; 0x22a <_fpadd_parts+0x140>
     236:	21 50       	subi	r18, 0x01	; 1
     238:	30 40       	sbci	r19, 0x00	; 0
     23a:	40 40       	sbci	r20, 0x00	; 0
     23c:	50 40       	sbci	r21, 0x00	; 0
     23e:	2a 21       	and	r18, r10
     240:	3b 21       	and	r19, r11
     242:	4c 21       	and	r20, r12
     244:	5d 21       	and	r21, r13
     246:	21 15       	cp	r18, r1
     248:	31 05       	cpc	r19, r1
     24a:	41 05       	cpc	r20, r1
     24c:	51 05       	cpc	r21, r1
     24e:	21 f0       	breq	.+8      	; 0x258 <_fpadd_parts+0x16e>
     250:	21 e0       	ldi	r18, 0x01	; 1
     252:	30 e0       	ldi	r19, 0x00	; 0
     254:	40 e0       	ldi	r20, 0x00	; 0
     256:	50 e0       	ldi	r21, 0x00	; 0
     258:	59 01       	movw	r10, r18
     25a:	6a 01       	movw	r12, r20
     25c:	a6 28       	or	r10, r6
     25e:	b7 28       	or	r11, r7
     260:	c8 28       	or	r12, r8
     262:	d9 28       	or	r13, r9
     264:	0b c0       	rjmp	.+22     	; 0x27c <_fpadd_parts+0x192>
     266:	82 15       	cp	r24, r2
     268:	93 05       	cpc	r25, r3
     26a:	2c f0       	brlt	.+10     	; 0x276 <_fpadd_parts+0x18c>
     26c:	1c 01       	movw	r2, r24
     26e:	aa 24       	eor	r10, r10
     270:	bb 24       	eor	r11, r11
     272:	65 01       	movw	r12, r10
     274:	03 c0       	rjmp	.+6      	; 0x27c <_fpadd_parts+0x192>
     276:	ee 24       	eor	r14, r14
     278:	ff 24       	eor	r15, r15
     27a:	87 01       	movw	r16, r14
     27c:	11 96       	adiw	r26, 0x01	; 1
     27e:	9c 91       	ld	r25, X
     280:	d2 01       	movw	r26, r4
     282:	11 96       	adiw	r26, 0x01	; 1
     284:	8c 91       	ld	r24, X
     286:	98 17       	cp	r25, r24
     288:	09 f4       	brne	.+2      	; 0x28c <_fpadd_parts+0x1a2>
     28a:	45 c0       	rjmp	.+138    	; 0x316 <_fpadd_parts+0x22c>
     28c:	99 23       	and	r25, r25
     28e:	39 f0       	breq	.+14     	; 0x29e <_fpadd_parts+0x1b4>
     290:	a8 01       	movw	r20, r16
     292:	97 01       	movw	r18, r14
     294:	2a 19       	sub	r18, r10
     296:	3b 09       	sbc	r19, r11
     298:	4c 09       	sbc	r20, r12
     29a:	5d 09       	sbc	r21, r13
     29c:	06 c0       	rjmp	.+12     	; 0x2aa <_fpadd_parts+0x1c0>
     29e:	a6 01       	movw	r20, r12
     2a0:	95 01       	movw	r18, r10
     2a2:	2e 19       	sub	r18, r14
     2a4:	3f 09       	sbc	r19, r15
     2a6:	40 0b       	sbc	r20, r16
     2a8:	51 0b       	sbc	r21, r17
     2aa:	57 fd       	sbrc	r21, 7
     2ac:	08 c0       	rjmp	.+16     	; 0x2be <_fpadd_parts+0x1d4>
     2ae:	11 82       	std	Z+1, r1	; 0x01
     2b0:	33 82       	std	Z+3, r3	; 0x03
     2b2:	22 82       	std	Z+2, r2	; 0x02
     2b4:	24 83       	std	Z+4, r18	; 0x04
     2b6:	35 83       	std	Z+5, r19	; 0x05
     2b8:	46 83       	std	Z+6, r20	; 0x06
     2ba:	57 83       	std	Z+7, r21	; 0x07
     2bc:	1d c0       	rjmp	.+58     	; 0x2f8 <_fpadd_parts+0x20e>
     2be:	81 e0       	ldi	r24, 0x01	; 1
     2c0:	81 83       	std	Z+1, r24	; 0x01
     2c2:	33 82       	std	Z+3, r3	; 0x03
     2c4:	22 82       	std	Z+2, r2	; 0x02
     2c6:	88 27       	eor	r24, r24
     2c8:	99 27       	eor	r25, r25
     2ca:	dc 01       	movw	r26, r24
     2cc:	82 1b       	sub	r24, r18
     2ce:	93 0b       	sbc	r25, r19
     2d0:	a4 0b       	sbc	r26, r20
     2d2:	b5 0b       	sbc	r27, r21
     2d4:	84 83       	std	Z+4, r24	; 0x04
     2d6:	95 83       	std	Z+5, r25	; 0x05
     2d8:	a6 83       	std	Z+6, r26	; 0x06
     2da:	b7 83       	std	Z+7, r27	; 0x07
     2dc:	0d c0       	rjmp	.+26     	; 0x2f8 <_fpadd_parts+0x20e>
     2de:	22 0f       	add	r18, r18
     2e0:	33 1f       	adc	r19, r19
     2e2:	44 1f       	adc	r20, r20
     2e4:	55 1f       	adc	r21, r21
     2e6:	24 83       	std	Z+4, r18	; 0x04
     2e8:	35 83       	std	Z+5, r19	; 0x05
     2ea:	46 83       	std	Z+6, r20	; 0x06
     2ec:	57 83       	std	Z+7, r21	; 0x07
     2ee:	82 81       	ldd	r24, Z+2	; 0x02
     2f0:	93 81       	ldd	r25, Z+3	; 0x03
     2f2:	01 97       	sbiw	r24, 0x01	; 1
     2f4:	93 83       	std	Z+3, r25	; 0x03
     2f6:	82 83       	std	Z+2, r24	; 0x02
     2f8:	24 81       	ldd	r18, Z+4	; 0x04
     2fa:	35 81       	ldd	r19, Z+5	; 0x05
     2fc:	46 81       	ldd	r20, Z+6	; 0x06
     2fe:	57 81       	ldd	r21, Z+7	; 0x07
     300:	da 01       	movw	r26, r20
     302:	c9 01       	movw	r24, r18
     304:	01 97       	sbiw	r24, 0x01	; 1
     306:	a1 09       	sbc	r26, r1
     308:	b1 09       	sbc	r27, r1
     30a:	8f 5f       	subi	r24, 0xFF	; 255
     30c:	9f 4f       	sbci	r25, 0xFF	; 255
     30e:	af 4f       	sbci	r26, 0xFF	; 255
     310:	bf 43       	sbci	r27, 0x3F	; 63
     312:	28 f3       	brcs	.-54     	; 0x2de <_fpadd_parts+0x1f4>
     314:	0b c0       	rjmp	.+22     	; 0x32c <_fpadd_parts+0x242>
     316:	91 83       	std	Z+1, r25	; 0x01
     318:	33 82       	std	Z+3, r3	; 0x03
     31a:	22 82       	std	Z+2, r2	; 0x02
     31c:	ea 0c       	add	r14, r10
     31e:	fb 1c       	adc	r15, r11
     320:	0c 1d       	adc	r16, r12
     322:	1d 1d       	adc	r17, r13
     324:	e4 82       	std	Z+4, r14	; 0x04
     326:	f5 82       	std	Z+5, r15	; 0x05
     328:	06 83       	std	Z+6, r16	; 0x06
     32a:	17 83       	std	Z+7, r17	; 0x07
     32c:	83 e0       	ldi	r24, 0x03	; 3
     32e:	80 83       	st	Z, r24
     330:	24 81       	ldd	r18, Z+4	; 0x04
     332:	35 81       	ldd	r19, Z+5	; 0x05
     334:	46 81       	ldd	r20, Z+6	; 0x06
     336:	57 81       	ldd	r21, Z+7	; 0x07
     338:	57 ff       	sbrs	r21, 7
     33a:	1a c0       	rjmp	.+52     	; 0x370 <_fpadd_parts+0x286>
     33c:	c9 01       	movw	r24, r18
     33e:	aa 27       	eor	r26, r26
     340:	97 fd       	sbrc	r25, 7
     342:	a0 95       	com	r26
     344:	ba 2f       	mov	r27, r26
     346:	81 70       	andi	r24, 0x01	; 1
     348:	90 70       	andi	r25, 0x00	; 0
     34a:	a0 70       	andi	r26, 0x00	; 0
     34c:	b0 70       	andi	r27, 0x00	; 0
     34e:	56 95       	lsr	r21
     350:	47 95       	ror	r20
     352:	37 95       	ror	r19
     354:	27 95       	ror	r18
     356:	82 2b       	or	r24, r18
     358:	93 2b       	or	r25, r19
     35a:	a4 2b       	or	r26, r20
     35c:	b5 2b       	or	r27, r21
     35e:	84 83       	std	Z+4, r24	; 0x04
     360:	95 83       	std	Z+5, r25	; 0x05
     362:	a6 83       	std	Z+6, r26	; 0x06
     364:	b7 83       	std	Z+7, r27	; 0x07
     366:	82 81       	ldd	r24, Z+2	; 0x02
     368:	93 81       	ldd	r25, Z+3	; 0x03
     36a:	01 96       	adiw	r24, 0x01	; 1
     36c:	93 83       	std	Z+3, r25	; 0x03
     36e:	82 83       	std	Z+2, r24	; 0x02
     370:	df 01       	movw	r26, r30
     372:	01 c0       	rjmp	.+2      	; 0x376 <_fpadd_parts+0x28c>
     374:	d2 01       	movw	r26, r4
     376:	cd 01       	movw	r24, r26
     378:	cd b7       	in	r28, 0x3d	; 61
     37a:	de b7       	in	r29, 0x3e	; 62
     37c:	e2 e1       	ldi	r30, 0x12	; 18
     37e:	0c 94 2a 16 	jmp	0x2c54	; 0x2c54 <__epilogue_restores__>

00000382 <__subsf3>:
     382:	a0 e2       	ldi	r26, 0x20	; 32
     384:	b0 e0       	ldi	r27, 0x00	; 0
     386:	e7 ec       	ldi	r30, 0xC7	; 199
     388:	f1 e0       	ldi	r31, 0x01	; 1
     38a:	0c 94 1a 16 	jmp	0x2c34	; 0x2c34 <__prologue_saves__+0x18>
     38e:	69 83       	std	Y+1, r22	; 0x01
     390:	7a 83       	std	Y+2, r23	; 0x02
     392:	8b 83       	std	Y+3, r24	; 0x03
     394:	9c 83       	std	Y+4, r25	; 0x04
     396:	2d 83       	std	Y+5, r18	; 0x05
     398:	3e 83       	std	Y+6, r19	; 0x06
     39a:	4f 83       	std	Y+7, r20	; 0x07
     39c:	58 87       	std	Y+8, r21	; 0x08
     39e:	e9 e0       	ldi	r30, 0x09	; 9
     3a0:	ee 2e       	mov	r14, r30
     3a2:	f1 2c       	mov	r15, r1
     3a4:	ec 0e       	add	r14, r28
     3a6:	fd 1e       	adc	r15, r29
     3a8:	ce 01       	movw	r24, r28
     3aa:	01 96       	adiw	r24, 0x01	; 1
     3ac:	b7 01       	movw	r22, r14
     3ae:	0e 94 d2 04 	call	0x9a4	; 0x9a4 <__unpack_f>
     3b2:	8e 01       	movw	r16, r28
     3b4:	0f 5e       	subi	r16, 0xEF	; 239
     3b6:	1f 4f       	sbci	r17, 0xFF	; 255
     3b8:	ce 01       	movw	r24, r28
     3ba:	05 96       	adiw	r24, 0x05	; 5
     3bc:	b8 01       	movw	r22, r16
     3be:	0e 94 d2 04 	call	0x9a4	; 0x9a4 <__unpack_f>
     3c2:	8a 89       	ldd	r24, Y+18	; 0x12
     3c4:	91 e0       	ldi	r25, 0x01	; 1
     3c6:	89 27       	eor	r24, r25
     3c8:	8a 8b       	std	Y+18, r24	; 0x12
     3ca:	c7 01       	movw	r24, r14
     3cc:	b8 01       	movw	r22, r16
     3ce:	ae 01       	movw	r20, r28
     3d0:	47 5e       	subi	r20, 0xE7	; 231
     3d2:	5f 4f       	sbci	r21, 0xFF	; 255
     3d4:	0e 94 75 00 	call	0xea	; 0xea <_fpadd_parts>
     3d8:	0e 94 fd 03 	call	0x7fa	; 0x7fa <__pack_f>
     3dc:	a0 96       	adiw	r28, 0x20	; 32
     3de:	e6 e0       	ldi	r30, 0x06	; 6
     3e0:	0c 94 36 16 	jmp	0x2c6c	; 0x2c6c <__epilogue_restores__+0x18>

000003e4 <__addsf3>:
     3e4:	a0 e2       	ldi	r26, 0x20	; 32
     3e6:	b0 e0       	ldi	r27, 0x00	; 0
     3e8:	e8 ef       	ldi	r30, 0xF8	; 248
     3ea:	f1 e0       	ldi	r31, 0x01	; 1
     3ec:	0c 94 1a 16 	jmp	0x2c34	; 0x2c34 <__prologue_saves__+0x18>
     3f0:	69 83       	std	Y+1, r22	; 0x01
     3f2:	7a 83       	std	Y+2, r23	; 0x02
     3f4:	8b 83       	std	Y+3, r24	; 0x03
     3f6:	9c 83       	std	Y+4, r25	; 0x04
     3f8:	2d 83       	std	Y+5, r18	; 0x05
     3fa:	3e 83       	std	Y+6, r19	; 0x06
     3fc:	4f 83       	std	Y+7, r20	; 0x07
     3fe:	58 87       	std	Y+8, r21	; 0x08
     400:	f9 e0       	ldi	r31, 0x09	; 9
     402:	ef 2e       	mov	r14, r31
     404:	f1 2c       	mov	r15, r1
     406:	ec 0e       	add	r14, r28
     408:	fd 1e       	adc	r15, r29
     40a:	ce 01       	movw	r24, r28
     40c:	01 96       	adiw	r24, 0x01	; 1
     40e:	b7 01       	movw	r22, r14
     410:	0e 94 d2 04 	call	0x9a4	; 0x9a4 <__unpack_f>
     414:	8e 01       	movw	r16, r28
     416:	0f 5e       	subi	r16, 0xEF	; 239
     418:	1f 4f       	sbci	r17, 0xFF	; 255
     41a:	ce 01       	movw	r24, r28
     41c:	05 96       	adiw	r24, 0x05	; 5
     41e:	b8 01       	movw	r22, r16
     420:	0e 94 d2 04 	call	0x9a4	; 0x9a4 <__unpack_f>
     424:	c7 01       	movw	r24, r14
     426:	b8 01       	movw	r22, r16
     428:	ae 01       	movw	r20, r28
     42a:	47 5e       	subi	r20, 0xE7	; 231
     42c:	5f 4f       	sbci	r21, 0xFF	; 255
     42e:	0e 94 75 00 	call	0xea	; 0xea <_fpadd_parts>
     432:	0e 94 fd 03 	call	0x7fa	; 0x7fa <__pack_f>
     436:	a0 96       	adiw	r28, 0x20	; 32
     438:	e6 e0       	ldi	r30, 0x06	; 6
     43a:	0c 94 36 16 	jmp	0x2c6c	; 0x2c6c <__epilogue_restores__+0x18>

0000043e <__mulsf3>:
     43e:	a0 e2       	ldi	r26, 0x20	; 32
     440:	b0 e0       	ldi	r27, 0x00	; 0
     442:	e5 e2       	ldi	r30, 0x25	; 37
     444:	f2 e0       	ldi	r31, 0x02	; 2
     446:	0c 94 0e 16 	jmp	0x2c1c	; 0x2c1c <__prologue_saves__>
     44a:	69 83       	std	Y+1, r22	; 0x01
     44c:	7a 83       	std	Y+2, r23	; 0x02
     44e:	8b 83       	std	Y+3, r24	; 0x03
     450:	9c 83       	std	Y+4, r25	; 0x04
     452:	2d 83       	std	Y+5, r18	; 0x05
     454:	3e 83       	std	Y+6, r19	; 0x06
     456:	4f 83       	std	Y+7, r20	; 0x07
     458:	58 87       	std	Y+8, r21	; 0x08
     45a:	ce 01       	movw	r24, r28
     45c:	01 96       	adiw	r24, 0x01	; 1
     45e:	be 01       	movw	r22, r28
     460:	67 5f       	subi	r22, 0xF7	; 247
     462:	7f 4f       	sbci	r23, 0xFF	; 255
     464:	0e 94 d2 04 	call	0x9a4	; 0x9a4 <__unpack_f>
     468:	ce 01       	movw	r24, r28
     46a:	05 96       	adiw	r24, 0x05	; 5
     46c:	be 01       	movw	r22, r28
     46e:	6f 5e       	subi	r22, 0xEF	; 239
     470:	7f 4f       	sbci	r23, 0xFF	; 255
     472:	0e 94 d2 04 	call	0x9a4	; 0x9a4 <__unpack_f>
     476:	99 85       	ldd	r25, Y+9	; 0x09
     478:	92 30       	cpi	r25, 0x02	; 2
     47a:	88 f0       	brcs	.+34     	; 0x49e <__mulsf3+0x60>
     47c:	89 89       	ldd	r24, Y+17	; 0x11
     47e:	82 30       	cpi	r24, 0x02	; 2
     480:	c8 f0       	brcs	.+50     	; 0x4b4 <__mulsf3+0x76>
     482:	94 30       	cpi	r25, 0x04	; 4
     484:	19 f4       	brne	.+6      	; 0x48c <__mulsf3+0x4e>
     486:	82 30       	cpi	r24, 0x02	; 2
     488:	51 f4       	brne	.+20     	; 0x49e <__mulsf3+0x60>
     48a:	04 c0       	rjmp	.+8      	; 0x494 <__mulsf3+0x56>
     48c:	84 30       	cpi	r24, 0x04	; 4
     48e:	29 f4       	brne	.+10     	; 0x49a <__mulsf3+0x5c>
     490:	92 30       	cpi	r25, 0x02	; 2
     492:	81 f4       	brne	.+32     	; 0x4b4 <__mulsf3+0x76>
     494:	8d ed       	ldi	r24, 0xDD	; 221
     496:	92 e0       	ldi	r25, 0x02	; 2
     498:	c6 c0       	rjmp	.+396    	; 0x626 <__mulsf3+0x1e8>
     49a:	92 30       	cpi	r25, 0x02	; 2
     49c:	49 f4       	brne	.+18     	; 0x4b0 <__mulsf3+0x72>
     49e:	20 e0       	ldi	r18, 0x00	; 0
     4a0:	9a 85       	ldd	r25, Y+10	; 0x0a
     4a2:	8a 89       	ldd	r24, Y+18	; 0x12
     4a4:	98 13       	cpse	r25, r24
     4a6:	21 e0       	ldi	r18, 0x01	; 1
     4a8:	2a 87       	std	Y+10, r18	; 0x0a
     4aa:	ce 01       	movw	r24, r28
     4ac:	09 96       	adiw	r24, 0x09	; 9
     4ae:	bb c0       	rjmp	.+374    	; 0x626 <__mulsf3+0x1e8>
     4b0:	82 30       	cpi	r24, 0x02	; 2
     4b2:	49 f4       	brne	.+18     	; 0x4c6 <__mulsf3+0x88>
     4b4:	20 e0       	ldi	r18, 0x00	; 0
     4b6:	9a 85       	ldd	r25, Y+10	; 0x0a
     4b8:	8a 89       	ldd	r24, Y+18	; 0x12
     4ba:	98 13       	cpse	r25, r24
     4bc:	21 e0       	ldi	r18, 0x01	; 1
     4be:	2a 8b       	std	Y+18, r18	; 0x12
     4c0:	ce 01       	movw	r24, r28
     4c2:	41 96       	adiw	r24, 0x11	; 17
     4c4:	b0 c0       	rjmp	.+352    	; 0x626 <__mulsf3+0x1e8>
     4c6:	2d 84       	ldd	r2, Y+13	; 0x0d
     4c8:	3e 84       	ldd	r3, Y+14	; 0x0e
     4ca:	4f 84       	ldd	r4, Y+15	; 0x0f
     4cc:	58 88       	ldd	r5, Y+16	; 0x10
     4ce:	6d 88       	ldd	r6, Y+21	; 0x15
     4d0:	7e 88       	ldd	r7, Y+22	; 0x16
     4d2:	8f 88       	ldd	r8, Y+23	; 0x17
     4d4:	98 8c       	ldd	r9, Y+24	; 0x18
     4d6:	ee 24       	eor	r14, r14
     4d8:	ff 24       	eor	r15, r15
     4da:	87 01       	movw	r16, r14
     4dc:	aa 24       	eor	r10, r10
     4de:	bb 24       	eor	r11, r11
     4e0:	65 01       	movw	r12, r10
     4e2:	40 e0       	ldi	r20, 0x00	; 0
     4e4:	50 e0       	ldi	r21, 0x00	; 0
     4e6:	60 e0       	ldi	r22, 0x00	; 0
     4e8:	70 e0       	ldi	r23, 0x00	; 0
     4ea:	e0 e0       	ldi	r30, 0x00	; 0
     4ec:	f0 e0       	ldi	r31, 0x00	; 0
     4ee:	c1 01       	movw	r24, r2
     4f0:	81 70       	andi	r24, 0x01	; 1
     4f2:	90 70       	andi	r25, 0x00	; 0
     4f4:	89 2b       	or	r24, r25
     4f6:	e9 f0       	breq	.+58     	; 0x532 <__mulsf3+0xf4>
     4f8:	e6 0c       	add	r14, r6
     4fa:	f7 1c       	adc	r15, r7
     4fc:	08 1d       	adc	r16, r8
     4fe:	19 1d       	adc	r17, r9
     500:	9a 01       	movw	r18, r20
     502:	ab 01       	movw	r20, r22
     504:	2a 0d       	add	r18, r10
     506:	3b 1d       	adc	r19, r11
     508:	4c 1d       	adc	r20, r12
     50a:	5d 1d       	adc	r21, r13
     50c:	80 e0       	ldi	r24, 0x00	; 0
     50e:	90 e0       	ldi	r25, 0x00	; 0
     510:	a0 e0       	ldi	r26, 0x00	; 0
     512:	b0 e0       	ldi	r27, 0x00	; 0
     514:	e6 14       	cp	r14, r6
     516:	f7 04       	cpc	r15, r7
     518:	08 05       	cpc	r16, r8
     51a:	19 05       	cpc	r17, r9
     51c:	20 f4       	brcc	.+8      	; 0x526 <__mulsf3+0xe8>
     51e:	81 e0       	ldi	r24, 0x01	; 1
     520:	90 e0       	ldi	r25, 0x00	; 0
     522:	a0 e0       	ldi	r26, 0x00	; 0
     524:	b0 e0       	ldi	r27, 0x00	; 0
     526:	ba 01       	movw	r22, r20
     528:	a9 01       	movw	r20, r18
     52a:	48 0f       	add	r20, r24
     52c:	59 1f       	adc	r21, r25
     52e:	6a 1f       	adc	r22, r26
     530:	7b 1f       	adc	r23, r27
     532:	aa 0c       	add	r10, r10
     534:	bb 1c       	adc	r11, r11
     536:	cc 1c       	adc	r12, r12
     538:	dd 1c       	adc	r13, r13
     53a:	97 fe       	sbrs	r9, 7
     53c:	08 c0       	rjmp	.+16     	; 0x54e <__mulsf3+0x110>
     53e:	81 e0       	ldi	r24, 0x01	; 1
     540:	90 e0       	ldi	r25, 0x00	; 0
     542:	a0 e0       	ldi	r26, 0x00	; 0
     544:	b0 e0       	ldi	r27, 0x00	; 0
     546:	a8 2a       	or	r10, r24
     548:	b9 2a       	or	r11, r25
     54a:	ca 2a       	or	r12, r26
     54c:	db 2a       	or	r13, r27
     54e:	31 96       	adiw	r30, 0x01	; 1
     550:	e0 32       	cpi	r30, 0x20	; 32
     552:	f1 05       	cpc	r31, r1
     554:	49 f0       	breq	.+18     	; 0x568 <__mulsf3+0x12a>
     556:	66 0c       	add	r6, r6
     558:	77 1c       	adc	r7, r7
     55a:	88 1c       	adc	r8, r8
     55c:	99 1c       	adc	r9, r9
     55e:	56 94       	lsr	r5
     560:	47 94       	ror	r4
     562:	37 94       	ror	r3
     564:	27 94       	ror	r2
     566:	c3 cf       	rjmp	.-122    	; 0x4ee <__mulsf3+0xb0>
     568:	fa 85       	ldd	r31, Y+10	; 0x0a
     56a:	ea 89       	ldd	r30, Y+18	; 0x12
     56c:	2b 89       	ldd	r18, Y+19	; 0x13
     56e:	3c 89       	ldd	r19, Y+20	; 0x14
     570:	8b 85       	ldd	r24, Y+11	; 0x0b
     572:	9c 85       	ldd	r25, Y+12	; 0x0c
     574:	28 0f       	add	r18, r24
     576:	39 1f       	adc	r19, r25
     578:	2e 5f       	subi	r18, 0xFE	; 254
     57a:	3f 4f       	sbci	r19, 0xFF	; 255
     57c:	17 c0       	rjmp	.+46     	; 0x5ac <__mulsf3+0x16e>
     57e:	ca 01       	movw	r24, r20
     580:	81 70       	andi	r24, 0x01	; 1
     582:	90 70       	andi	r25, 0x00	; 0
     584:	89 2b       	or	r24, r25
     586:	61 f0       	breq	.+24     	; 0x5a0 <__mulsf3+0x162>
     588:	16 95       	lsr	r17
     58a:	07 95       	ror	r16
     58c:	f7 94       	ror	r15
     58e:	e7 94       	ror	r14
     590:	80 e0       	ldi	r24, 0x00	; 0
     592:	90 e0       	ldi	r25, 0x00	; 0
     594:	a0 e0       	ldi	r26, 0x00	; 0
     596:	b0 e8       	ldi	r27, 0x80	; 128
     598:	e8 2a       	or	r14, r24
     59a:	f9 2a       	or	r15, r25
     59c:	0a 2b       	or	r16, r26
     59e:	1b 2b       	or	r17, r27
     5a0:	76 95       	lsr	r23
     5a2:	67 95       	ror	r22
     5a4:	57 95       	ror	r21
     5a6:	47 95       	ror	r20
     5a8:	2f 5f       	subi	r18, 0xFF	; 255
     5aa:	3f 4f       	sbci	r19, 0xFF	; 255
     5ac:	77 fd       	sbrc	r23, 7
     5ae:	e7 cf       	rjmp	.-50     	; 0x57e <__mulsf3+0x140>
     5b0:	0c c0       	rjmp	.+24     	; 0x5ca <__mulsf3+0x18c>
     5b2:	44 0f       	add	r20, r20
     5b4:	55 1f       	adc	r21, r21
     5b6:	66 1f       	adc	r22, r22
     5b8:	77 1f       	adc	r23, r23
     5ba:	17 fd       	sbrc	r17, 7
     5bc:	41 60       	ori	r20, 0x01	; 1
     5be:	ee 0c       	add	r14, r14
     5c0:	ff 1c       	adc	r15, r15
     5c2:	00 1f       	adc	r16, r16
     5c4:	11 1f       	adc	r17, r17
     5c6:	21 50       	subi	r18, 0x01	; 1
     5c8:	30 40       	sbci	r19, 0x00	; 0
     5ca:	40 30       	cpi	r20, 0x00	; 0
     5cc:	90 e0       	ldi	r25, 0x00	; 0
     5ce:	59 07       	cpc	r21, r25
     5d0:	90 e0       	ldi	r25, 0x00	; 0
     5d2:	69 07       	cpc	r22, r25
     5d4:	90 e4       	ldi	r25, 0x40	; 64
     5d6:	79 07       	cpc	r23, r25
     5d8:	60 f3       	brcs	.-40     	; 0x5b2 <__mulsf3+0x174>
     5da:	2b 8f       	std	Y+27, r18	; 0x1b
     5dc:	3c 8f       	std	Y+28, r19	; 0x1c
     5de:	db 01       	movw	r26, r22
     5e0:	ca 01       	movw	r24, r20
     5e2:	8f 77       	andi	r24, 0x7F	; 127
     5e4:	90 70       	andi	r25, 0x00	; 0
     5e6:	a0 70       	andi	r26, 0x00	; 0
     5e8:	b0 70       	andi	r27, 0x00	; 0
     5ea:	80 34       	cpi	r24, 0x40	; 64
     5ec:	91 05       	cpc	r25, r1
     5ee:	a1 05       	cpc	r26, r1
     5f0:	b1 05       	cpc	r27, r1
     5f2:	61 f4       	brne	.+24     	; 0x60c <__mulsf3+0x1ce>
     5f4:	47 fd       	sbrc	r20, 7
     5f6:	0a c0       	rjmp	.+20     	; 0x60c <__mulsf3+0x1ce>
     5f8:	e1 14       	cp	r14, r1
     5fa:	f1 04       	cpc	r15, r1
     5fc:	01 05       	cpc	r16, r1
     5fe:	11 05       	cpc	r17, r1
     600:	29 f0       	breq	.+10     	; 0x60c <__mulsf3+0x1ce>
     602:	40 5c       	subi	r20, 0xC0	; 192
     604:	5f 4f       	sbci	r21, 0xFF	; 255
     606:	6f 4f       	sbci	r22, 0xFF	; 255
     608:	7f 4f       	sbci	r23, 0xFF	; 255
     60a:	40 78       	andi	r20, 0x80	; 128
     60c:	1a 8e       	std	Y+26, r1	; 0x1a
     60e:	fe 17       	cp	r31, r30
     610:	11 f0       	breq	.+4      	; 0x616 <__mulsf3+0x1d8>
     612:	81 e0       	ldi	r24, 0x01	; 1
     614:	8a 8f       	std	Y+26, r24	; 0x1a
     616:	4d 8f       	std	Y+29, r20	; 0x1d
     618:	5e 8f       	std	Y+30, r21	; 0x1e
     61a:	6f 8f       	std	Y+31, r22	; 0x1f
     61c:	78 a3       	std	Y+32, r23	; 0x20
     61e:	83 e0       	ldi	r24, 0x03	; 3
     620:	89 8f       	std	Y+25, r24	; 0x19
     622:	ce 01       	movw	r24, r28
     624:	49 96       	adiw	r24, 0x19	; 25
     626:	0e 94 fd 03 	call	0x7fa	; 0x7fa <__pack_f>
     62a:	a0 96       	adiw	r28, 0x20	; 32
     62c:	e2 e1       	ldi	r30, 0x12	; 18
     62e:	0c 94 2a 16 	jmp	0x2c54	; 0x2c54 <__epilogue_restores__>

00000632 <__gtsf2>:
     632:	a8 e1       	ldi	r26, 0x18	; 24
     634:	b0 e0       	ldi	r27, 0x00	; 0
     636:	ef e1       	ldi	r30, 0x1F	; 31
     638:	f3 e0       	ldi	r31, 0x03	; 3
     63a:	0c 94 1a 16 	jmp	0x2c34	; 0x2c34 <__prologue_saves__+0x18>
     63e:	69 83       	std	Y+1, r22	; 0x01
     640:	7a 83       	std	Y+2, r23	; 0x02
     642:	8b 83       	std	Y+3, r24	; 0x03
     644:	9c 83       	std	Y+4, r25	; 0x04
     646:	2d 83       	std	Y+5, r18	; 0x05
     648:	3e 83       	std	Y+6, r19	; 0x06
     64a:	4f 83       	std	Y+7, r20	; 0x07
     64c:	58 87       	std	Y+8, r21	; 0x08
     64e:	89 e0       	ldi	r24, 0x09	; 9
     650:	e8 2e       	mov	r14, r24
     652:	f1 2c       	mov	r15, r1
     654:	ec 0e       	add	r14, r28
     656:	fd 1e       	adc	r15, r29
     658:	ce 01       	movw	r24, r28
     65a:	01 96       	adiw	r24, 0x01	; 1
     65c:	b7 01       	movw	r22, r14
     65e:	0e 94 d2 04 	call	0x9a4	; 0x9a4 <__unpack_f>
     662:	8e 01       	movw	r16, r28
     664:	0f 5e       	subi	r16, 0xEF	; 239
     666:	1f 4f       	sbci	r17, 0xFF	; 255
     668:	ce 01       	movw	r24, r28
     66a:	05 96       	adiw	r24, 0x05	; 5
     66c:	b8 01       	movw	r22, r16
     66e:	0e 94 d2 04 	call	0x9a4	; 0x9a4 <__unpack_f>
     672:	89 85       	ldd	r24, Y+9	; 0x09
     674:	82 30       	cpi	r24, 0x02	; 2
     676:	40 f0       	brcs	.+16     	; 0x688 <__gtsf2+0x56>
     678:	89 89       	ldd	r24, Y+17	; 0x11
     67a:	82 30       	cpi	r24, 0x02	; 2
     67c:	28 f0       	brcs	.+10     	; 0x688 <__gtsf2+0x56>
     67e:	c7 01       	movw	r24, r14
     680:	b8 01       	movw	r22, r16
     682:	0e 94 4a 05 	call	0xa94	; 0xa94 <__fpcmp_parts_f>
     686:	01 c0       	rjmp	.+2      	; 0x68a <__gtsf2+0x58>
     688:	8f ef       	ldi	r24, 0xFF	; 255
     68a:	68 96       	adiw	r28, 0x18	; 24
     68c:	e6 e0       	ldi	r30, 0x06	; 6
     68e:	0c 94 36 16 	jmp	0x2c6c	; 0x2c6c <__epilogue_restores__+0x18>

00000692 <__gesf2>:
     692:	a8 e1       	ldi	r26, 0x18	; 24
     694:	b0 e0       	ldi	r27, 0x00	; 0
     696:	ef e4       	ldi	r30, 0x4F	; 79
     698:	f3 e0       	ldi	r31, 0x03	; 3
     69a:	0c 94 1a 16 	jmp	0x2c34	; 0x2c34 <__prologue_saves__+0x18>
     69e:	69 83       	std	Y+1, r22	; 0x01
     6a0:	7a 83       	std	Y+2, r23	; 0x02
     6a2:	8b 83       	std	Y+3, r24	; 0x03
     6a4:	9c 83       	std	Y+4, r25	; 0x04
     6a6:	2d 83       	std	Y+5, r18	; 0x05
     6a8:	3e 83       	std	Y+6, r19	; 0x06
     6aa:	4f 83       	std	Y+7, r20	; 0x07
     6ac:	58 87       	std	Y+8, r21	; 0x08
     6ae:	89 e0       	ldi	r24, 0x09	; 9
     6b0:	e8 2e       	mov	r14, r24
     6b2:	f1 2c       	mov	r15, r1
     6b4:	ec 0e       	add	r14, r28
     6b6:	fd 1e       	adc	r15, r29
     6b8:	ce 01       	movw	r24, r28
     6ba:	01 96       	adiw	r24, 0x01	; 1
     6bc:	b7 01       	movw	r22, r14
     6be:	0e 94 d2 04 	call	0x9a4	; 0x9a4 <__unpack_f>
     6c2:	8e 01       	movw	r16, r28
     6c4:	0f 5e       	subi	r16, 0xEF	; 239
     6c6:	1f 4f       	sbci	r17, 0xFF	; 255
     6c8:	ce 01       	movw	r24, r28
     6ca:	05 96       	adiw	r24, 0x05	; 5
     6cc:	b8 01       	movw	r22, r16
     6ce:	0e 94 d2 04 	call	0x9a4	; 0x9a4 <__unpack_f>
     6d2:	89 85       	ldd	r24, Y+9	; 0x09
     6d4:	82 30       	cpi	r24, 0x02	; 2
     6d6:	40 f0       	brcs	.+16     	; 0x6e8 <__gesf2+0x56>
     6d8:	89 89       	ldd	r24, Y+17	; 0x11
     6da:	82 30       	cpi	r24, 0x02	; 2
     6dc:	28 f0       	brcs	.+10     	; 0x6e8 <__gesf2+0x56>
     6de:	c7 01       	movw	r24, r14
     6e0:	b8 01       	movw	r22, r16
     6e2:	0e 94 4a 05 	call	0xa94	; 0xa94 <__fpcmp_parts_f>
     6e6:	01 c0       	rjmp	.+2      	; 0x6ea <__gesf2+0x58>
     6e8:	8f ef       	ldi	r24, 0xFF	; 255
     6ea:	68 96       	adiw	r28, 0x18	; 24
     6ec:	e6 e0       	ldi	r30, 0x06	; 6
     6ee:	0c 94 36 16 	jmp	0x2c6c	; 0x2c6c <__epilogue_restores__+0x18>

000006f2 <__ltsf2>:
     6f2:	a8 e1       	ldi	r26, 0x18	; 24
     6f4:	b0 e0       	ldi	r27, 0x00	; 0
     6f6:	ef e7       	ldi	r30, 0x7F	; 127
     6f8:	f3 e0       	ldi	r31, 0x03	; 3
     6fa:	0c 94 1a 16 	jmp	0x2c34	; 0x2c34 <__prologue_saves__+0x18>
     6fe:	69 83       	std	Y+1, r22	; 0x01
     700:	7a 83       	std	Y+2, r23	; 0x02
     702:	8b 83       	std	Y+3, r24	; 0x03
     704:	9c 83       	std	Y+4, r25	; 0x04
     706:	2d 83       	std	Y+5, r18	; 0x05
     708:	3e 83       	std	Y+6, r19	; 0x06
     70a:	4f 83       	std	Y+7, r20	; 0x07
     70c:	58 87       	std	Y+8, r21	; 0x08
     70e:	89 e0       	ldi	r24, 0x09	; 9
     710:	e8 2e       	mov	r14, r24
     712:	f1 2c       	mov	r15, r1
     714:	ec 0e       	add	r14, r28
     716:	fd 1e       	adc	r15, r29
     718:	ce 01       	movw	r24, r28
     71a:	01 96       	adiw	r24, 0x01	; 1
     71c:	b7 01       	movw	r22, r14
     71e:	0e 94 d2 04 	call	0x9a4	; 0x9a4 <__unpack_f>
     722:	8e 01       	movw	r16, r28
     724:	0f 5e       	subi	r16, 0xEF	; 239
     726:	1f 4f       	sbci	r17, 0xFF	; 255
     728:	ce 01       	movw	r24, r28
     72a:	05 96       	adiw	r24, 0x05	; 5
     72c:	b8 01       	movw	r22, r16
     72e:	0e 94 d2 04 	call	0x9a4	; 0x9a4 <__unpack_f>
     732:	89 85       	ldd	r24, Y+9	; 0x09
     734:	82 30       	cpi	r24, 0x02	; 2
     736:	40 f0       	brcs	.+16     	; 0x748 <__ltsf2+0x56>
     738:	89 89       	ldd	r24, Y+17	; 0x11
     73a:	82 30       	cpi	r24, 0x02	; 2
     73c:	28 f0       	brcs	.+10     	; 0x748 <__ltsf2+0x56>
     73e:	c7 01       	movw	r24, r14
     740:	b8 01       	movw	r22, r16
     742:	0e 94 4a 05 	call	0xa94	; 0xa94 <__fpcmp_parts_f>
     746:	01 c0       	rjmp	.+2      	; 0x74a <__ltsf2+0x58>
     748:	81 e0       	ldi	r24, 0x01	; 1
     74a:	68 96       	adiw	r28, 0x18	; 24
     74c:	e6 e0       	ldi	r30, 0x06	; 6
     74e:	0c 94 36 16 	jmp	0x2c6c	; 0x2c6c <__epilogue_restores__+0x18>

00000752 <__fixsfsi>:
     752:	ac e0       	ldi	r26, 0x0C	; 12
     754:	b0 e0       	ldi	r27, 0x00	; 0
     756:	ef ea       	ldi	r30, 0xAF	; 175
     758:	f3 e0       	ldi	r31, 0x03	; 3
     75a:	0c 94 1e 16 	jmp	0x2c3c	; 0x2c3c <__prologue_saves__+0x20>
     75e:	69 83       	std	Y+1, r22	; 0x01
     760:	7a 83       	std	Y+2, r23	; 0x02
     762:	8b 83       	std	Y+3, r24	; 0x03
     764:	9c 83       	std	Y+4, r25	; 0x04
     766:	ce 01       	movw	r24, r28
     768:	01 96       	adiw	r24, 0x01	; 1
     76a:	be 01       	movw	r22, r28
     76c:	6b 5f       	subi	r22, 0xFB	; 251
     76e:	7f 4f       	sbci	r23, 0xFF	; 255
     770:	0e 94 d2 04 	call	0x9a4	; 0x9a4 <__unpack_f>
     774:	8d 81       	ldd	r24, Y+5	; 0x05
     776:	82 30       	cpi	r24, 0x02	; 2
     778:	61 f1       	breq	.+88     	; 0x7d2 <__fixsfsi+0x80>
     77a:	82 30       	cpi	r24, 0x02	; 2
     77c:	50 f1       	brcs	.+84     	; 0x7d2 <__fixsfsi+0x80>
     77e:	84 30       	cpi	r24, 0x04	; 4
     780:	21 f4       	brne	.+8      	; 0x78a <__fixsfsi+0x38>
     782:	8e 81       	ldd	r24, Y+6	; 0x06
     784:	88 23       	and	r24, r24
     786:	51 f1       	breq	.+84     	; 0x7dc <__fixsfsi+0x8a>
     788:	2e c0       	rjmp	.+92     	; 0x7e6 <__fixsfsi+0x94>
     78a:	2f 81       	ldd	r18, Y+7	; 0x07
     78c:	38 85       	ldd	r19, Y+8	; 0x08
     78e:	37 fd       	sbrc	r19, 7
     790:	20 c0       	rjmp	.+64     	; 0x7d2 <__fixsfsi+0x80>
     792:	6e 81       	ldd	r22, Y+6	; 0x06
     794:	2f 31       	cpi	r18, 0x1F	; 31
     796:	31 05       	cpc	r19, r1
     798:	1c f0       	brlt	.+6      	; 0x7a0 <__fixsfsi+0x4e>
     79a:	66 23       	and	r22, r22
     79c:	f9 f0       	breq	.+62     	; 0x7dc <__fixsfsi+0x8a>
     79e:	23 c0       	rjmp	.+70     	; 0x7e6 <__fixsfsi+0x94>
     7a0:	8e e1       	ldi	r24, 0x1E	; 30
     7a2:	90 e0       	ldi	r25, 0x00	; 0
     7a4:	82 1b       	sub	r24, r18
     7a6:	93 0b       	sbc	r25, r19
     7a8:	29 85       	ldd	r18, Y+9	; 0x09
     7aa:	3a 85       	ldd	r19, Y+10	; 0x0a
     7ac:	4b 85       	ldd	r20, Y+11	; 0x0b
     7ae:	5c 85       	ldd	r21, Y+12	; 0x0c
     7b0:	04 c0       	rjmp	.+8      	; 0x7ba <__fixsfsi+0x68>
     7b2:	56 95       	lsr	r21
     7b4:	47 95       	ror	r20
     7b6:	37 95       	ror	r19
     7b8:	27 95       	ror	r18
     7ba:	8a 95       	dec	r24
     7bc:	d2 f7       	brpl	.-12     	; 0x7b2 <__fixsfsi+0x60>
     7be:	66 23       	and	r22, r22
     7c0:	b1 f0       	breq	.+44     	; 0x7ee <__fixsfsi+0x9c>
     7c2:	50 95       	com	r21
     7c4:	40 95       	com	r20
     7c6:	30 95       	com	r19
     7c8:	21 95       	neg	r18
     7ca:	3f 4f       	sbci	r19, 0xFF	; 255
     7cc:	4f 4f       	sbci	r20, 0xFF	; 255
     7ce:	5f 4f       	sbci	r21, 0xFF	; 255
     7d0:	0e c0       	rjmp	.+28     	; 0x7ee <__fixsfsi+0x9c>
     7d2:	20 e0       	ldi	r18, 0x00	; 0
     7d4:	30 e0       	ldi	r19, 0x00	; 0
     7d6:	40 e0       	ldi	r20, 0x00	; 0
     7d8:	50 e0       	ldi	r21, 0x00	; 0
     7da:	09 c0       	rjmp	.+18     	; 0x7ee <__fixsfsi+0x9c>
     7dc:	2f ef       	ldi	r18, 0xFF	; 255
     7de:	3f ef       	ldi	r19, 0xFF	; 255
     7e0:	4f ef       	ldi	r20, 0xFF	; 255
     7e2:	5f e7       	ldi	r21, 0x7F	; 127
     7e4:	04 c0       	rjmp	.+8      	; 0x7ee <__fixsfsi+0x9c>
     7e6:	20 e0       	ldi	r18, 0x00	; 0
     7e8:	30 e0       	ldi	r19, 0x00	; 0
     7ea:	40 e0       	ldi	r20, 0x00	; 0
     7ec:	50 e8       	ldi	r21, 0x80	; 128
     7ee:	b9 01       	movw	r22, r18
     7f0:	ca 01       	movw	r24, r20
     7f2:	2c 96       	adiw	r28, 0x0c	; 12
     7f4:	e2 e0       	ldi	r30, 0x02	; 2
     7f6:	0c 94 3a 16 	jmp	0x2c74	; 0x2c74 <__epilogue_restores__+0x20>

000007fa <__pack_f>:
     7fa:	df 92       	push	r13
     7fc:	ef 92       	push	r14
     7fe:	ff 92       	push	r15
     800:	0f 93       	push	r16
     802:	1f 93       	push	r17
     804:	fc 01       	movw	r30, r24
     806:	e4 80       	ldd	r14, Z+4	; 0x04
     808:	f5 80       	ldd	r15, Z+5	; 0x05
     80a:	06 81       	ldd	r16, Z+6	; 0x06
     80c:	17 81       	ldd	r17, Z+7	; 0x07
     80e:	d1 80       	ldd	r13, Z+1	; 0x01
     810:	80 81       	ld	r24, Z
     812:	82 30       	cpi	r24, 0x02	; 2
     814:	48 f4       	brcc	.+18     	; 0x828 <__pack_f+0x2e>
     816:	80 e0       	ldi	r24, 0x00	; 0
     818:	90 e0       	ldi	r25, 0x00	; 0
     81a:	a0 e1       	ldi	r26, 0x10	; 16
     81c:	b0 e0       	ldi	r27, 0x00	; 0
     81e:	e8 2a       	or	r14, r24
     820:	f9 2a       	or	r15, r25
     822:	0a 2b       	or	r16, r26
     824:	1b 2b       	or	r17, r27
     826:	a5 c0       	rjmp	.+330    	; 0x972 <__stack+0x113>
     828:	84 30       	cpi	r24, 0x04	; 4
     82a:	09 f4       	brne	.+2      	; 0x82e <__pack_f+0x34>
     82c:	9f c0       	rjmp	.+318    	; 0x96c <__stack+0x10d>
     82e:	82 30       	cpi	r24, 0x02	; 2
     830:	21 f4       	brne	.+8      	; 0x83a <__pack_f+0x40>
     832:	ee 24       	eor	r14, r14
     834:	ff 24       	eor	r15, r15
     836:	87 01       	movw	r16, r14
     838:	05 c0       	rjmp	.+10     	; 0x844 <__pack_f+0x4a>
     83a:	e1 14       	cp	r14, r1
     83c:	f1 04       	cpc	r15, r1
     83e:	01 05       	cpc	r16, r1
     840:	11 05       	cpc	r17, r1
     842:	19 f4       	brne	.+6      	; 0x84a <__pack_f+0x50>
     844:	e0 e0       	ldi	r30, 0x00	; 0
     846:	f0 e0       	ldi	r31, 0x00	; 0
     848:	96 c0       	rjmp	.+300    	; 0x976 <__stack+0x117>
     84a:	62 81       	ldd	r22, Z+2	; 0x02
     84c:	73 81       	ldd	r23, Z+3	; 0x03
     84e:	9f ef       	ldi	r25, 0xFF	; 255
     850:	62 38       	cpi	r22, 0x82	; 130
     852:	79 07       	cpc	r23, r25
     854:	0c f0       	brlt	.+2      	; 0x858 <__pack_f+0x5e>
     856:	5b c0       	rjmp	.+182    	; 0x90e <__stack+0xaf>
     858:	22 e8       	ldi	r18, 0x82	; 130
     85a:	3f ef       	ldi	r19, 0xFF	; 255
     85c:	26 1b       	sub	r18, r22
     85e:	37 0b       	sbc	r19, r23
     860:	2a 31       	cpi	r18, 0x1A	; 26
     862:	31 05       	cpc	r19, r1
     864:	2c f0       	brlt	.+10     	; 0x870 <__stack+0x11>
     866:	20 e0       	ldi	r18, 0x00	; 0
     868:	30 e0       	ldi	r19, 0x00	; 0
     86a:	40 e0       	ldi	r20, 0x00	; 0
     86c:	50 e0       	ldi	r21, 0x00	; 0
     86e:	2a c0       	rjmp	.+84     	; 0x8c4 <__stack+0x65>
     870:	b8 01       	movw	r22, r16
     872:	a7 01       	movw	r20, r14
     874:	02 2e       	mov	r0, r18
     876:	04 c0       	rjmp	.+8      	; 0x880 <__stack+0x21>
     878:	76 95       	lsr	r23
     87a:	67 95       	ror	r22
     87c:	57 95       	ror	r21
     87e:	47 95       	ror	r20
     880:	0a 94       	dec	r0
     882:	d2 f7       	brpl	.-12     	; 0x878 <__stack+0x19>
     884:	81 e0       	ldi	r24, 0x01	; 1
     886:	90 e0       	ldi	r25, 0x00	; 0
     888:	a0 e0       	ldi	r26, 0x00	; 0
     88a:	b0 e0       	ldi	r27, 0x00	; 0
     88c:	04 c0       	rjmp	.+8      	; 0x896 <__stack+0x37>
     88e:	88 0f       	add	r24, r24
     890:	99 1f       	adc	r25, r25
     892:	aa 1f       	adc	r26, r26
     894:	bb 1f       	adc	r27, r27
     896:	2a 95       	dec	r18
     898:	d2 f7       	brpl	.-12     	; 0x88e <__stack+0x2f>
     89a:	01 97       	sbiw	r24, 0x01	; 1
     89c:	a1 09       	sbc	r26, r1
     89e:	b1 09       	sbc	r27, r1
     8a0:	8e 21       	and	r24, r14
     8a2:	9f 21       	and	r25, r15
     8a4:	a0 23       	and	r26, r16
     8a6:	b1 23       	and	r27, r17
     8a8:	00 97       	sbiw	r24, 0x00	; 0
     8aa:	a1 05       	cpc	r26, r1
     8ac:	b1 05       	cpc	r27, r1
     8ae:	21 f0       	breq	.+8      	; 0x8b8 <__stack+0x59>
     8b0:	81 e0       	ldi	r24, 0x01	; 1
     8b2:	90 e0       	ldi	r25, 0x00	; 0
     8b4:	a0 e0       	ldi	r26, 0x00	; 0
     8b6:	b0 e0       	ldi	r27, 0x00	; 0
     8b8:	9a 01       	movw	r18, r20
     8ba:	ab 01       	movw	r20, r22
     8bc:	28 2b       	or	r18, r24
     8be:	39 2b       	or	r19, r25
     8c0:	4a 2b       	or	r20, r26
     8c2:	5b 2b       	or	r21, r27
     8c4:	da 01       	movw	r26, r20
     8c6:	c9 01       	movw	r24, r18
     8c8:	8f 77       	andi	r24, 0x7F	; 127
     8ca:	90 70       	andi	r25, 0x00	; 0
     8cc:	a0 70       	andi	r26, 0x00	; 0
     8ce:	b0 70       	andi	r27, 0x00	; 0
     8d0:	80 34       	cpi	r24, 0x40	; 64
     8d2:	91 05       	cpc	r25, r1
     8d4:	a1 05       	cpc	r26, r1
     8d6:	b1 05       	cpc	r27, r1
     8d8:	39 f4       	brne	.+14     	; 0x8e8 <__stack+0x89>
     8da:	27 ff       	sbrs	r18, 7
     8dc:	09 c0       	rjmp	.+18     	; 0x8f0 <__stack+0x91>
     8de:	20 5c       	subi	r18, 0xC0	; 192
     8e0:	3f 4f       	sbci	r19, 0xFF	; 255
     8e2:	4f 4f       	sbci	r20, 0xFF	; 255
     8e4:	5f 4f       	sbci	r21, 0xFF	; 255
     8e6:	04 c0       	rjmp	.+8      	; 0x8f0 <__stack+0x91>
     8e8:	21 5c       	subi	r18, 0xC1	; 193
     8ea:	3f 4f       	sbci	r19, 0xFF	; 255
     8ec:	4f 4f       	sbci	r20, 0xFF	; 255
     8ee:	5f 4f       	sbci	r21, 0xFF	; 255
     8f0:	e0 e0       	ldi	r30, 0x00	; 0
     8f2:	f0 e0       	ldi	r31, 0x00	; 0
     8f4:	20 30       	cpi	r18, 0x00	; 0
     8f6:	a0 e0       	ldi	r26, 0x00	; 0
     8f8:	3a 07       	cpc	r19, r26
     8fa:	a0 e0       	ldi	r26, 0x00	; 0
     8fc:	4a 07       	cpc	r20, r26
     8fe:	a0 e4       	ldi	r26, 0x40	; 64
     900:	5a 07       	cpc	r21, r26
     902:	10 f0       	brcs	.+4      	; 0x908 <__stack+0xa9>
     904:	e1 e0       	ldi	r30, 0x01	; 1
     906:	f0 e0       	ldi	r31, 0x00	; 0
     908:	79 01       	movw	r14, r18
     90a:	8a 01       	movw	r16, r20
     90c:	27 c0       	rjmp	.+78     	; 0x95c <__stack+0xfd>
     90e:	60 38       	cpi	r22, 0x80	; 128
     910:	71 05       	cpc	r23, r1
     912:	64 f5       	brge	.+88     	; 0x96c <__stack+0x10d>
     914:	fb 01       	movw	r30, r22
     916:	e1 58       	subi	r30, 0x81	; 129
     918:	ff 4f       	sbci	r31, 0xFF	; 255
     91a:	d8 01       	movw	r26, r16
     91c:	c7 01       	movw	r24, r14
     91e:	8f 77       	andi	r24, 0x7F	; 127
     920:	90 70       	andi	r25, 0x00	; 0
     922:	a0 70       	andi	r26, 0x00	; 0
     924:	b0 70       	andi	r27, 0x00	; 0
     926:	80 34       	cpi	r24, 0x40	; 64
     928:	91 05       	cpc	r25, r1
     92a:	a1 05       	cpc	r26, r1
     92c:	b1 05       	cpc	r27, r1
     92e:	39 f4       	brne	.+14     	; 0x93e <__stack+0xdf>
     930:	e7 fe       	sbrs	r14, 7
     932:	0d c0       	rjmp	.+26     	; 0x94e <__stack+0xef>
     934:	80 e4       	ldi	r24, 0x40	; 64
     936:	90 e0       	ldi	r25, 0x00	; 0
     938:	a0 e0       	ldi	r26, 0x00	; 0
     93a:	b0 e0       	ldi	r27, 0x00	; 0
     93c:	04 c0       	rjmp	.+8      	; 0x946 <__stack+0xe7>
     93e:	8f e3       	ldi	r24, 0x3F	; 63
     940:	90 e0       	ldi	r25, 0x00	; 0
     942:	a0 e0       	ldi	r26, 0x00	; 0
     944:	b0 e0       	ldi	r27, 0x00	; 0
     946:	e8 0e       	add	r14, r24
     948:	f9 1e       	adc	r15, r25
     94a:	0a 1f       	adc	r16, r26
     94c:	1b 1f       	adc	r17, r27
     94e:	17 ff       	sbrs	r17, 7
     950:	05 c0       	rjmp	.+10     	; 0x95c <__stack+0xfd>
     952:	16 95       	lsr	r17
     954:	07 95       	ror	r16
     956:	f7 94       	ror	r15
     958:	e7 94       	ror	r14
     95a:	31 96       	adiw	r30, 0x01	; 1
     95c:	87 e0       	ldi	r24, 0x07	; 7
     95e:	16 95       	lsr	r17
     960:	07 95       	ror	r16
     962:	f7 94       	ror	r15
     964:	e7 94       	ror	r14
     966:	8a 95       	dec	r24
     968:	d1 f7       	brne	.-12     	; 0x95e <__stack+0xff>
     96a:	05 c0       	rjmp	.+10     	; 0x976 <__stack+0x117>
     96c:	ee 24       	eor	r14, r14
     96e:	ff 24       	eor	r15, r15
     970:	87 01       	movw	r16, r14
     972:	ef ef       	ldi	r30, 0xFF	; 255
     974:	f0 e0       	ldi	r31, 0x00	; 0
     976:	6e 2f       	mov	r22, r30
     978:	67 95       	ror	r22
     97a:	66 27       	eor	r22, r22
     97c:	67 95       	ror	r22
     97e:	90 2f       	mov	r25, r16
     980:	9f 77       	andi	r25, 0x7F	; 127
     982:	d7 94       	ror	r13
     984:	dd 24       	eor	r13, r13
     986:	d7 94       	ror	r13
     988:	8e 2f       	mov	r24, r30
     98a:	86 95       	lsr	r24
     98c:	49 2f       	mov	r20, r25
     98e:	46 2b       	or	r20, r22
     990:	58 2f       	mov	r21, r24
     992:	5d 29       	or	r21, r13
     994:	b7 01       	movw	r22, r14
     996:	ca 01       	movw	r24, r20
     998:	1f 91       	pop	r17
     99a:	0f 91       	pop	r16
     99c:	ff 90       	pop	r15
     99e:	ef 90       	pop	r14
     9a0:	df 90       	pop	r13
     9a2:	08 95       	ret

000009a4 <__unpack_f>:
     9a4:	fc 01       	movw	r30, r24
     9a6:	db 01       	movw	r26, r22
     9a8:	40 81       	ld	r20, Z
     9aa:	51 81       	ldd	r21, Z+1	; 0x01
     9ac:	22 81       	ldd	r18, Z+2	; 0x02
     9ae:	62 2f       	mov	r22, r18
     9b0:	6f 77       	andi	r22, 0x7F	; 127
     9b2:	70 e0       	ldi	r23, 0x00	; 0
     9b4:	22 1f       	adc	r18, r18
     9b6:	22 27       	eor	r18, r18
     9b8:	22 1f       	adc	r18, r18
     9ba:	93 81       	ldd	r25, Z+3	; 0x03
     9bc:	89 2f       	mov	r24, r25
     9be:	88 0f       	add	r24, r24
     9c0:	82 2b       	or	r24, r18
     9c2:	28 2f       	mov	r18, r24
     9c4:	30 e0       	ldi	r19, 0x00	; 0
     9c6:	99 1f       	adc	r25, r25
     9c8:	99 27       	eor	r25, r25
     9ca:	99 1f       	adc	r25, r25
     9cc:	11 96       	adiw	r26, 0x01	; 1
     9ce:	9c 93       	st	X, r25
     9d0:	11 97       	sbiw	r26, 0x01	; 1
     9d2:	21 15       	cp	r18, r1
     9d4:	31 05       	cpc	r19, r1
     9d6:	a9 f5       	brne	.+106    	; 0xa42 <__unpack_f+0x9e>
     9d8:	41 15       	cp	r20, r1
     9da:	51 05       	cpc	r21, r1
     9dc:	61 05       	cpc	r22, r1
     9de:	71 05       	cpc	r23, r1
     9e0:	11 f4       	brne	.+4      	; 0x9e6 <__unpack_f+0x42>
     9e2:	82 e0       	ldi	r24, 0x02	; 2
     9e4:	37 c0       	rjmp	.+110    	; 0xa54 <__unpack_f+0xb0>
     9e6:	82 e8       	ldi	r24, 0x82	; 130
     9e8:	9f ef       	ldi	r25, 0xFF	; 255
     9ea:	13 96       	adiw	r26, 0x03	; 3
     9ec:	9c 93       	st	X, r25
     9ee:	8e 93       	st	-X, r24
     9f0:	12 97       	sbiw	r26, 0x02	; 2
     9f2:	9a 01       	movw	r18, r20
     9f4:	ab 01       	movw	r20, r22
     9f6:	67 e0       	ldi	r22, 0x07	; 7
     9f8:	22 0f       	add	r18, r18
     9fa:	33 1f       	adc	r19, r19
     9fc:	44 1f       	adc	r20, r20
     9fe:	55 1f       	adc	r21, r21
     a00:	6a 95       	dec	r22
     a02:	d1 f7       	brne	.-12     	; 0x9f8 <__unpack_f+0x54>
     a04:	83 e0       	ldi	r24, 0x03	; 3
     a06:	8c 93       	st	X, r24
     a08:	0d c0       	rjmp	.+26     	; 0xa24 <__unpack_f+0x80>
     a0a:	22 0f       	add	r18, r18
     a0c:	33 1f       	adc	r19, r19
     a0e:	44 1f       	adc	r20, r20
     a10:	55 1f       	adc	r21, r21
     a12:	12 96       	adiw	r26, 0x02	; 2
     a14:	8d 91       	ld	r24, X+
     a16:	9c 91       	ld	r25, X
     a18:	13 97       	sbiw	r26, 0x03	; 3
     a1a:	01 97       	sbiw	r24, 0x01	; 1
     a1c:	13 96       	adiw	r26, 0x03	; 3
     a1e:	9c 93       	st	X, r25
     a20:	8e 93       	st	-X, r24
     a22:	12 97       	sbiw	r26, 0x02	; 2
     a24:	20 30       	cpi	r18, 0x00	; 0
     a26:	80 e0       	ldi	r24, 0x00	; 0
     a28:	38 07       	cpc	r19, r24
     a2a:	80 e0       	ldi	r24, 0x00	; 0
     a2c:	48 07       	cpc	r20, r24
     a2e:	80 e4       	ldi	r24, 0x40	; 64
     a30:	58 07       	cpc	r21, r24
     a32:	58 f3       	brcs	.-42     	; 0xa0a <__unpack_f+0x66>
     a34:	14 96       	adiw	r26, 0x04	; 4
     a36:	2d 93       	st	X+, r18
     a38:	3d 93       	st	X+, r19
     a3a:	4d 93       	st	X+, r20
     a3c:	5c 93       	st	X, r21
     a3e:	17 97       	sbiw	r26, 0x07	; 7
     a40:	08 95       	ret
     a42:	2f 3f       	cpi	r18, 0xFF	; 255
     a44:	31 05       	cpc	r19, r1
     a46:	79 f4       	brne	.+30     	; 0xa66 <__unpack_f+0xc2>
     a48:	41 15       	cp	r20, r1
     a4a:	51 05       	cpc	r21, r1
     a4c:	61 05       	cpc	r22, r1
     a4e:	71 05       	cpc	r23, r1
     a50:	19 f4       	brne	.+6      	; 0xa58 <__unpack_f+0xb4>
     a52:	84 e0       	ldi	r24, 0x04	; 4
     a54:	8c 93       	st	X, r24
     a56:	08 95       	ret
     a58:	64 ff       	sbrs	r22, 4
     a5a:	03 c0       	rjmp	.+6      	; 0xa62 <__unpack_f+0xbe>
     a5c:	81 e0       	ldi	r24, 0x01	; 1
     a5e:	8c 93       	st	X, r24
     a60:	12 c0       	rjmp	.+36     	; 0xa86 <__unpack_f+0xe2>
     a62:	1c 92       	st	X, r1
     a64:	10 c0       	rjmp	.+32     	; 0xa86 <__unpack_f+0xe2>
     a66:	2f 57       	subi	r18, 0x7F	; 127
     a68:	30 40       	sbci	r19, 0x00	; 0
     a6a:	13 96       	adiw	r26, 0x03	; 3
     a6c:	3c 93       	st	X, r19
     a6e:	2e 93       	st	-X, r18
     a70:	12 97       	sbiw	r26, 0x02	; 2
     a72:	83 e0       	ldi	r24, 0x03	; 3
     a74:	8c 93       	st	X, r24
     a76:	87 e0       	ldi	r24, 0x07	; 7
     a78:	44 0f       	add	r20, r20
     a7a:	55 1f       	adc	r21, r21
     a7c:	66 1f       	adc	r22, r22
     a7e:	77 1f       	adc	r23, r23
     a80:	8a 95       	dec	r24
     a82:	d1 f7       	brne	.-12     	; 0xa78 <__unpack_f+0xd4>
     a84:	70 64       	ori	r23, 0x40	; 64
     a86:	14 96       	adiw	r26, 0x04	; 4
     a88:	4d 93       	st	X+, r20
     a8a:	5d 93       	st	X+, r21
     a8c:	6d 93       	st	X+, r22
     a8e:	7c 93       	st	X, r23
     a90:	17 97       	sbiw	r26, 0x07	; 7
     a92:	08 95       	ret

00000a94 <__fpcmp_parts_f>:
     a94:	1f 93       	push	r17
     a96:	dc 01       	movw	r26, r24
     a98:	fb 01       	movw	r30, r22
     a9a:	9c 91       	ld	r25, X
     a9c:	92 30       	cpi	r25, 0x02	; 2
     a9e:	08 f4       	brcc	.+2      	; 0xaa2 <__fpcmp_parts_f+0xe>
     aa0:	47 c0       	rjmp	.+142    	; 0xb30 <__fpcmp_parts_f+0x9c>
     aa2:	80 81       	ld	r24, Z
     aa4:	82 30       	cpi	r24, 0x02	; 2
     aa6:	08 f4       	brcc	.+2      	; 0xaaa <__fpcmp_parts_f+0x16>
     aa8:	43 c0       	rjmp	.+134    	; 0xb30 <__fpcmp_parts_f+0x9c>
     aaa:	94 30       	cpi	r25, 0x04	; 4
     aac:	51 f4       	brne	.+20     	; 0xac2 <__fpcmp_parts_f+0x2e>
     aae:	11 96       	adiw	r26, 0x01	; 1
     ab0:	1c 91       	ld	r17, X
     ab2:	84 30       	cpi	r24, 0x04	; 4
     ab4:	99 f5       	brne	.+102    	; 0xb1c <__fpcmp_parts_f+0x88>
     ab6:	81 81       	ldd	r24, Z+1	; 0x01
     ab8:	68 2f       	mov	r22, r24
     aba:	70 e0       	ldi	r23, 0x00	; 0
     abc:	61 1b       	sub	r22, r17
     abe:	71 09       	sbc	r23, r1
     ac0:	3f c0       	rjmp	.+126    	; 0xb40 <__fpcmp_parts_f+0xac>
     ac2:	84 30       	cpi	r24, 0x04	; 4
     ac4:	21 f0       	breq	.+8      	; 0xace <__fpcmp_parts_f+0x3a>
     ac6:	92 30       	cpi	r25, 0x02	; 2
     ac8:	31 f4       	brne	.+12     	; 0xad6 <__fpcmp_parts_f+0x42>
     aca:	82 30       	cpi	r24, 0x02	; 2
     acc:	b9 f1       	breq	.+110    	; 0xb3c <__fpcmp_parts_f+0xa8>
     ace:	81 81       	ldd	r24, Z+1	; 0x01
     ad0:	88 23       	and	r24, r24
     ad2:	89 f1       	breq	.+98     	; 0xb36 <__fpcmp_parts_f+0xa2>
     ad4:	2d c0       	rjmp	.+90     	; 0xb30 <__fpcmp_parts_f+0x9c>
     ad6:	11 96       	adiw	r26, 0x01	; 1
     ad8:	1c 91       	ld	r17, X
     ada:	11 97       	sbiw	r26, 0x01	; 1
     adc:	82 30       	cpi	r24, 0x02	; 2
     ade:	f1 f0       	breq	.+60     	; 0xb1c <__fpcmp_parts_f+0x88>
     ae0:	81 81       	ldd	r24, Z+1	; 0x01
     ae2:	18 17       	cp	r17, r24
     ae4:	d9 f4       	brne	.+54     	; 0xb1c <__fpcmp_parts_f+0x88>
     ae6:	12 96       	adiw	r26, 0x02	; 2
     ae8:	2d 91       	ld	r18, X+
     aea:	3c 91       	ld	r19, X
     aec:	13 97       	sbiw	r26, 0x03	; 3
     aee:	82 81       	ldd	r24, Z+2	; 0x02
     af0:	93 81       	ldd	r25, Z+3	; 0x03
     af2:	82 17       	cp	r24, r18
     af4:	93 07       	cpc	r25, r19
     af6:	94 f0       	brlt	.+36     	; 0xb1c <__fpcmp_parts_f+0x88>
     af8:	28 17       	cp	r18, r24
     afa:	39 07       	cpc	r19, r25
     afc:	bc f0       	brlt	.+46     	; 0xb2c <__fpcmp_parts_f+0x98>
     afe:	14 96       	adiw	r26, 0x04	; 4
     b00:	8d 91       	ld	r24, X+
     b02:	9d 91       	ld	r25, X+
     b04:	0d 90       	ld	r0, X+
     b06:	bc 91       	ld	r27, X
     b08:	a0 2d       	mov	r26, r0
     b0a:	24 81       	ldd	r18, Z+4	; 0x04
     b0c:	35 81       	ldd	r19, Z+5	; 0x05
     b0e:	46 81       	ldd	r20, Z+6	; 0x06
     b10:	57 81       	ldd	r21, Z+7	; 0x07
     b12:	28 17       	cp	r18, r24
     b14:	39 07       	cpc	r19, r25
     b16:	4a 07       	cpc	r20, r26
     b18:	5b 07       	cpc	r21, r27
     b1a:	18 f4       	brcc	.+6      	; 0xb22 <__fpcmp_parts_f+0x8e>
     b1c:	11 23       	and	r17, r17
     b1e:	41 f0       	breq	.+16     	; 0xb30 <__fpcmp_parts_f+0x9c>
     b20:	0a c0       	rjmp	.+20     	; 0xb36 <__fpcmp_parts_f+0xa2>
     b22:	82 17       	cp	r24, r18
     b24:	93 07       	cpc	r25, r19
     b26:	a4 07       	cpc	r26, r20
     b28:	b5 07       	cpc	r27, r21
     b2a:	40 f4       	brcc	.+16     	; 0xb3c <__fpcmp_parts_f+0xa8>
     b2c:	11 23       	and	r17, r17
     b2e:	19 f0       	breq	.+6      	; 0xb36 <__fpcmp_parts_f+0xa2>
     b30:	61 e0       	ldi	r22, 0x01	; 1
     b32:	70 e0       	ldi	r23, 0x00	; 0
     b34:	05 c0       	rjmp	.+10     	; 0xb40 <__fpcmp_parts_f+0xac>
     b36:	6f ef       	ldi	r22, 0xFF	; 255
     b38:	7f ef       	ldi	r23, 0xFF	; 255
     b3a:	02 c0       	rjmp	.+4      	; 0xb40 <__fpcmp_parts_f+0xac>
     b3c:	60 e0       	ldi	r22, 0x00	; 0
     b3e:	70 e0       	ldi	r23, 0x00	; 0
     b40:	cb 01       	movw	r24, r22
     b42:	1f 91       	pop	r17
     b44:	08 95       	ret

00000b46 <LCD_sendCommand>:

/*
 * Description :
 * Display the required character on the screen
 */
void LCD_sendCommand(uint8 command) {
     b46:	df 93       	push	r29
     b48:	cf 93       	push	r28
     b4a:	cd b7       	in	r28, 0x3d	; 61
     b4c:	de b7       	in	r29, 0x3e	; 62
     b4e:	e9 97       	sbiw	r28, 0x39	; 57
     b50:	0f b6       	in	r0, 0x3f	; 63
     b52:	f8 94       	cli
     b54:	de bf       	out	0x3e, r29	; 62
     b56:	0f be       	out	0x3f, r0	; 63
     b58:	cd bf       	out	0x3d, r28	; 61
     b5a:	89 af       	std	Y+57, r24	; 0x39
	GPIO_writePin(LCD_RS_PORT_ID, LCD_RS_PIN_ID, LOGIC_LOW);
     b5c:	83 e0       	ldi	r24, 0x03	; 3
     b5e:	63 e0       	ldi	r22, 0x03	; 3
     b60:	40 e0       	ldi	r20, 0x00	; 0
     b62:	0e 94 67 0e 	call	0x1cce	; 0x1cce <GPIO_writePin>
     b66:	80 e0       	ldi	r24, 0x00	; 0
     b68:	90 e0       	ldi	r25, 0x00	; 0
     b6a:	a0 e8       	ldi	r26, 0x80	; 128
     b6c:	bf e3       	ldi	r27, 0x3F	; 63
     b6e:	8d ab       	std	Y+53, r24	; 0x35
     b70:	9e ab       	std	Y+54, r25	; 0x36
     b72:	af ab       	std	Y+55, r26	; 0x37
     b74:	b8 af       	std	Y+56, r27	; 0x38
 */
void
_delay_ms(double __ms)
{
	uint16_t __ticks;
	double __tmp = ((F_CPU) / 4e3) * __ms;
     b76:	6d a9       	ldd	r22, Y+53	; 0x35
     b78:	7e a9       	ldd	r23, Y+54	; 0x36
     b7a:	8f a9       	ldd	r24, Y+55	; 0x37
     b7c:	98 ad       	ldd	r25, Y+56	; 0x38
     b7e:	20 e0       	ldi	r18, 0x00	; 0
     b80:	30 e0       	ldi	r19, 0x00	; 0
     b82:	4a ef       	ldi	r20, 0xFA	; 250
     b84:	54 e4       	ldi	r21, 0x44	; 68
     b86:	0e 94 1f 02 	call	0x43e	; 0x43e <__mulsf3>
     b8a:	dc 01       	movw	r26, r24
     b8c:	cb 01       	movw	r24, r22
     b8e:	89 ab       	std	Y+49, r24	; 0x31
     b90:	9a ab       	std	Y+50, r25	; 0x32
     b92:	ab ab       	std	Y+51, r26	; 0x33
     b94:	bc ab       	std	Y+52, r27	; 0x34
	if (__tmp < 1.0)
     b96:	69 a9       	ldd	r22, Y+49	; 0x31
     b98:	7a a9       	ldd	r23, Y+50	; 0x32
     b9a:	8b a9       	ldd	r24, Y+51	; 0x33
     b9c:	9c a9       	ldd	r25, Y+52	; 0x34
     b9e:	20 e0       	ldi	r18, 0x00	; 0
     ba0:	30 e0       	ldi	r19, 0x00	; 0
     ba2:	40 e8       	ldi	r20, 0x80	; 128
     ba4:	5f e3       	ldi	r21, 0x3F	; 63
     ba6:	0e 94 79 03 	call	0x6f2	; 0x6f2 <__ltsf2>
     baa:	88 23       	and	r24, r24
     bac:	2c f4       	brge	.+10     	; 0xbb8 <LCD_sendCommand+0x72>
		__ticks = 1;
     bae:	81 e0       	ldi	r24, 0x01	; 1
     bb0:	90 e0       	ldi	r25, 0x00	; 0
     bb2:	98 ab       	std	Y+48, r25	; 0x30
     bb4:	8f a7       	std	Y+47, r24	; 0x2f
     bb6:	3f c0       	rjmp	.+126    	; 0xc36 <LCD_sendCommand+0xf0>
	else if (__tmp > 65535)
     bb8:	69 a9       	ldd	r22, Y+49	; 0x31
     bba:	7a a9       	ldd	r23, Y+50	; 0x32
     bbc:	8b a9       	ldd	r24, Y+51	; 0x33
     bbe:	9c a9       	ldd	r25, Y+52	; 0x34
     bc0:	20 e0       	ldi	r18, 0x00	; 0
     bc2:	3f ef       	ldi	r19, 0xFF	; 255
     bc4:	4f e7       	ldi	r20, 0x7F	; 127
     bc6:	57 e4       	ldi	r21, 0x47	; 71
     bc8:	0e 94 19 03 	call	0x632	; 0x632 <__gtsf2>
     bcc:	18 16       	cp	r1, r24
     bce:	4c f5       	brge	.+82     	; 0xc22 <LCD_sendCommand+0xdc>
	{
		//	__ticks = requested delay in 1/10 ms
		__ticks = (uint16_t) (__ms * 10.0);
     bd0:	6d a9       	ldd	r22, Y+53	; 0x35
     bd2:	7e a9       	ldd	r23, Y+54	; 0x36
     bd4:	8f a9       	ldd	r24, Y+55	; 0x37
     bd6:	98 ad       	ldd	r25, Y+56	; 0x38
     bd8:	20 e0       	ldi	r18, 0x00	; 0
     bda:	30 e0       	ldi	r19, 0x00	; 0
     bdc:	40 e2       	ldi	r20, 0x20	; 32
     bde:	51 e4       	ldi	r21, 0x41	; 65
     be0:	0e 94 1f 02 	call	0x43e	; 0x43e <__mulsf3>
     be4:	dc 01       	movw	r26, r24
     be6:	cb 01       	movw	r24, r22
     be8:	bc 01       	movw	r22, r24
     bea:	cd 01       	movw	r24, r26
     bec:	0e 94 49 00 	call	0x92	; 0x92 <__fixunssfsi>
     bf0:	dc 01       	movw	r26, r24
     bf2:	cb 01       	movw	r24, r22
     bf4:	98 ab       	std	Y+48, r25	; 0x30
     bf6:	8f a7       	std	Y+47, r24	; 0x2f
     bf8:	0f c0       	rjmp	.+30     	; 0xc18 <LCD_sendCommand+0xd2>
     bfa:	88 ec       	ldi	r24, 0xC8	; 200
     bfc:	90 e0       	ldi	r25, 0x00	; 0
     bfe:	9e a7       	std	Y+46, r25	; 0x2e
     c00:	8d a7       	std	Y+45, r24	; 0x2d
    milliseconds can be achieved.
 */
void
_delay_loop_2(uint16_t __count)
{
	__asm__ volatile (
     c02:	8d a5       	ldd	r24, Y+45	; 0x2d
     c04:	9e a5       	ldd	r25, Y+46	; 0x2e
     c06:	01 97       	sbiw	r24, 0x01	; 1
     c08:	f1 f7       	brne	.-4      	; 0xc06 <LCD_sendCommand+0xc0>
     c0a:	9e a7       	std	Y+46, r25	; 0x2e
     c0c:	8d a7       	std	Y+45, r24	; 0x2d
		while(__ticks)
		{
			// wait 1/10 ms
			_delay_loop_2(((F_CPU) / 4e3) / 10);
			__ticks --;
     c0e:	8f a5       	ldd	r24, Y+47	; 0x2f
     c10:	98 a9       	ldd	r25, Y+48	; 0x30
     c12:	01 97       	sbiw	r24, 0x01	; 1
     c14:	98 ab       	std	Y+48, r25	; 0x30
     c16:	8f a7       	std	Y+47, r24	; 0x2f
		__ticks = 1;
	else if (__tmp > 65535)
	{
		//	__ticks = requested delay in 1/10 ms
		__ticks = (uint16_t) (__ms * 10.0);
		while(__ticks)
     c18:	8f a5       	ldd	r24, Y+47	; 0x2f
     c1a:	98 a9       	ldd	r25, Y+48	; 0x30
     c1c:	00 97       	sbiw	r24, 0x00	; 0
     c1e:	69 f7       	brne	.-38     	; 0xbfa <LCD_sendCommand+0xb4>
     c20:	14 c0       	rjmp	.+40     	; 0xc4a <LCD_sendCommand+0x104>
			__ticks --;
		}
		return;
	}
	else
		__ticks = (uint16_t)__tmp;
     c22:	69 a9       	ldd	r22, Y+49	; 0x31
     c24:	7a a9       	ldd	r23, Y+50	; 0x32
     c26:	8b a9       	ldd	r24, Y+51	; 0x33
     c28:	9c a9       	ldd	r25, Y+52	; 0x34
     c2a:	0e 94 49 00 	call	0x92	; 0x92 <__fixunssfsi>
     c2e:	dc 01       	movw	r26, r24
     c30:	cb 01       	movw	r24, r22
     c32:	98 ab       	std	Y+48, r25	; 0x30
     c34:	8f a7       	std	Y+47, r24	; 0x2f
     c36:	8f a5       	ldd	r24, Y+47	; 0x2f
     c38:	98 a9       	ldd	r25, Y+48	; 0x30
     c3a:	9c a7       	std	Y+44, r25	; 0x2c
     c3c:	8b a7       	std	Y+43, r24	; 0x2b
     c3e:	8b a5       	ldd	r24, Y+43	; 0x2b
     c40:	9c a5       	ldd	r25, Y+44	; 0x2c
     c42:	01 97       	sbiw	r24, 0x01	; 1
     c44:	f1 f7       	brne	.-4      	; 0xc42 <LCD_sendCommand+0xfc>
     c46:	9c a7       	std	Y+44, r25	; 0x2c
     c48:	8b a7       	std	Y+43, r24	; 0x2b
	_delay_ms(1);
	GPIO_writePin(LCD_E_PORT_ID, LCD_E_PIN_ID, LOGIC_HIGH);
     c4a:	83 e0       	ldi	r24, 0x03	; 3
     c4c:	62 e0       	ldi	r22, 0x02	; 2
     c4e:	41 e0       	ldi	r20, 0x01	; 1
     c50:	0e 94 67 0e 	call	0x1cce	; 0x1cce <GPIO_writePin>
     c54:	80 e0       	ldi	r24, 0x00	; 0
     c56:	90 e0       	ldi	r25, 0x00	; 0
     c58:	a0 e8       	ldi	r26, 0x80	; 128
     c5a:	bf e3       	ldi	r27, 0x3F	; 63
     c5c:	8f a3       	std	Y+39, r24	; 0x27
     c5e:	98 a7       	std	Y+40, r25	; 0x28
     c60:	a9 a7       	std	Y+41, r26	; 0x29
     c62:	ba a7       	std	Y+42, r27	; 0x2a
 */
void
_delay_ms(double __ms)
{
	uint16_t __ticks;
	double __tmp = ((F_CPU) / 4e3) * __ms;
     c64:	6f a1       	ldd	r22, Y+39	; 0x27
     c66:	78 a5       	ldd	r23, Y+40	; 0x28
     c68:	89 a5       	ldd	r24, Y+41	; 0x29
     c6a:	9a a5       	ldd	r25, Y+42	; 0x2a
     c6c:	20 e0       	ldi	r18, 0x00	; 0
     c6e:	30 e0       	ldi	r19, 0x00	; 0
     c70:	4a ef       	ldi	r20, 0xFA	; 250
     c72:	54 e4       	ldi	r21, 0x44	; 68
     c74:	0e 94 1f 02 	call	0x43e	; 0x43e <__mulsf3>
     c78:	dc 01       	movw	r26, r24
     c7a:	cb 01       	movw	r24, r22
     c7c:	8b a3       	std	Y+35, r24	; 0x23
     c7e:	9c a3       	std	Y+36, r25	; 0x24
     c80:	ad a3       	std	Y+37, r26	; 0x25
     c82:	be a3       	std	Y+38, r27	; 0x26
	if (__tmp < 1.0)
     c84:	6b a1       	ldd	r22, Y+35	; 0x23
     c86:	7c a1       	ldd	r23, Y+36	; 0x24
     c88:	8d a1       	ldd	r24, Y+37	; 0x25
     c8a:	9e a1       	ldd	r25, Y+38	; 0x26
     c8c:	20 e0       	ldi	r18, 0x00	; 0
     c8e:	30 e0       	ldi	r19, 0x00	; 0
     c90:	40 e8       	ldi	r20, 0x80	; 128
     c92:	5f e3       	ldi	r21, 0x3F	; 63
     c94:	0e 94 79 03 	call	0x6f2	; 0x6f2 <__ltsf2>
     c98:	88 23       	and	r24, r24
     c9a:	2c f4       	brge	.+10     	; 0xca6 <LCD_sendCommand+0x160>
		__ticks = 1;
     c9c:	81 e0       	ldi	r24, 0x01	; 1
     c9e:	90 e0       	ldi	r25, 0x00	; 0
     ca0:	9a a3       	std	Y+34, r25	; 0x22
     ca2:	89 a3       	std	Y+33, r24	; 0x21
     ca4:	3f c0       	rjmp	.+126    	; 0xd24 <LCD_sendCommand+0x1de>
	else if (__tmp > 65535)
     ca6:	6b a1       	ldd	r22, Y+35	; 0x23
     ca8:	7c a1       	ldd	r23, Y+36	; 0x24
     caa:	8d a1       	ldd	r24, Y+37	; 0x25
     cac:	9e a1       	ldd	r25, Y+38	; 0x26
     cae:	20 e0       	ldi	r18, 0x00	; 0
     cb0:	3f ef       	ldi	r19, 0xFF	; 255
     cb2:	4f e7       	ldi	r20, 0x7F	; 127
     cb4:	57 e4       	ldi	r21, 0x47	; 71
     cb6:	0e 94 19 03 	call	0x632	; 0x632 <__gtsf2>
     cba:	18 16       	cp	r1, r24
     cbc:	4c f5       	brge	.+82     	; 0xd10 <LCD_sendCommand+0x1ca>
	{
		//	__ticks = requested delay in 1/10 ms
		__ticks = (uint16_t) (__ms * 10.0);
     cbe:	6f a1       	ldd	r22, Y+39	; 0x27
     cc0:	78 a5       	ldd	r23, Y+40	; 0x28
     cc2:	89 a5       	ldd	r24, Y+41	; 0x29
     cc4:	9a a5       	ldd	r25, Y+42	; 0x2a
     cc6:	20 e0       	ldi	r18, 0x00	; 0
     cc8:	30 e0       	ldi	r19, 0x00	; 0
     cca:	40 e2       	ldi	r20, 0x20	; 32
     ccc:	51 e4       	ldi	r21, 0x41	; 65
     cce:	0e 94 1f 02 	call	0x43e	; 0x43e <__mulsf3>
     cd2:	dc 01       	movw	r26, r24
     cd4:	cb 01       	movw	r24, r22
     cd6:	bc 01       	movw	r22, r24
     cd8:	cd 01       	movw	r24, r26
     cda:	0e 94 49 00 	call	0x92	; 0x92 <__fixunssfsi>
     cde:	dc 01       	movw	r26, r24
     ce0:	cb 01       	movw	r24, r22
     ce2:	9a a3       	std	Y+34, r25	; 0x22
     ce4:	89 a3       	std	Y+33, r24	; 0x21
     ce6:	0f c0       	rjmp	.+30     	; 0xd06 <LCD_sendCommand+0x1c0>
     ce8:	88 ec       	ldi	r24, 0xC8	; 200
     cea:	90 e0       	ldi	r25, 0x00	; 0
     cec:	98 a3       	std	Y+32, r25	; 0x20
     cee:	8f 8f       	std	Y+31, r24	; 0x1f
     cf0:	8f 8d       	ldd	r24, Y+31	; 0x1f
     cf2:	98 a1       	ldd	r25, Y+32	; 0x20
     cf4:	01 97       	sbiw	r24, 0x01	; 1
     cf6:	f1 f7       	brne	.-4      	; 0xcf4 <LCD_sendCommand+0x1ae>
     cf8:	98 a3       	std	Y+32, r25	; 0x20
     cfa:	8f 8f       	std	Y+31, r24	; 0x1f
		while(__ticks)
		{
			// wait 1/10 ms
			_delay_loop_2(((F_CPU) / 4e3) / 10);
			__ticks --;
     cfc:	89 a1       	ldd	r24, Y+33	; 0x21
     cfe:	9a a1       	ldd	r25, Y+34	; 0x22
     d00:	01 97       	sbiw	r24, 0x01	; 1
     d02:	9a a3       	std	Y+34, r25	; 0x22
     d04:	89 a3       	std	Y+33, r24	; 0x21
		__ticks = 1;
	else if (__tmp > 65535)
	{
		//	__ticks = requested delay in 1/10 ms
		__ticks = (uint16_t) (__ms * 10.0);
		while(__ticks)
     d06:	89 a1       	ldd	r24, Y+33	; 0x21
     d08:	9a a1       	ldd	r25, Y+34	; 0x22
     d0a:	00 97       	sbiw	r24, 0x00	; 0
     d0c:	69 f7       	brne	.-38     	; 0xce8 <LCD_sendCommand+0x1a2>
     d0e:	14 c0       	rjmp	.+40     	; 0xd38 <LCD_sendCommand+0x1f2>
			__ticks --;
		}
		return;
	}
	else
		__ticks = (uint16_t)__tmp;
     d10:	6b a1       	ldd	r22, Y+35	; 0x23
     d12:	7c a1       	ldd	r23, Y+36	; 0x24
     d14:	8d a1       	ldd	r24, Y+37	; 0x25
     d16:	9e a1       	ldd	r25, Y+38	; 0x26
     d18:	0e 94 49 00 	call	0x92	; 0x92 <__fixunssfsi>
     d1c:	dc 01       	movw	r26, r24
     d1e:	cb 01       	movw	r24, r22
     d20:	9a a3       	std	Y+34, r25	; 0x22
     d22:	89 a3       	std	Y+33, r24	; 0x21
     d24:	89 a1       	ldd	r24, Y+33	; 0x21
     d26:	9a a1       	ldd	r25, Y+34	; 0x22
     d28:	9e 8f       	std	Y+30, r25	; 0x1e
     d2a:	8d 8f       	std	Y+29, r24	; 0x1d
     d2c:	8d 8d       	ldd	r24, Y+29	; 0x1d
     d2e:	9e 8d       	ldd	r25, Y+30	; 0x1e
     d30:	01 97       	sbiw	r24, 0x01	; 1
     d32:	f1 f7       	brne	.-4      	; 0xd30 <LCD_sendCommand+0x1ea>
     d34:	9e 8f       	std	Y+30, r25	; 0x1e
     d36:	8d 8f       	std	Y+29, r24	; 0x1d
	_delay_ms(1);
#if(LCD_MODE==8)
	GPIO_writePort(LCD_DATA_PORT_ID, command);
     d38:	82 e0       	ldi	r24, 0x02	; 2
     d3a:	69 ad       	ldd	r22, Y+57	; 0x39
     d3c:	0e 94 4b 10 	call	0x2096	; 0x2096 <GPIO_writePort>
     d40:	80 e0       	ldi	r24, 0x00	; 0
     d42:	90 e0       	ldi	r25, 0x00	; 0
     d44:	a0 e8       	ldi	r26, 0x80	; 128
     d46:	bf e3       	ldi	r27, 0x3F	; 63
     d48:	89 8f       	std	Y+25, r24	; 0x19
     d4a:	9a 8f       	std	Y+26, r25	; 0x1a
     d4c:	ab 8f       	std	Y+27, r26	; 0x1b
     d4e:	bc 8f       	std	Y+28, r27	; 0x1c
 */
void
_delay_ms(double __ms)
{
	uint16_t __ticks;
	double __tmp = ((F_CPU) / 4e3) * __ms;
     d50:	69 8d       	ldd	r22, Y+25	; 0x19
     d52:	7a 8d       	ldd	r23, Y+26	; 0x1a
     d54:	8b 8d       	ldd	r24, Y+27	; 0x1b
     d56:	9c 8d       	ldd	r25, Y+28	; 0x1c
     d58:	20 e0       	ldi	r18, 0x00	; 0
     d5a:	30 e0       	ldi	r19, 0x00	; 0
     d5c:	4a ef       	ldi	r20, 0xFA	; 250
     d5e:	54 e4       	ldi	r21, 0x44	; 68
     d60:	0e 94 1f 02 	call	0x43e	; 0x43e <__mulsf3>
     d64:	dc 01       	movw	r26, r24
     d66:	cb 01       	movw	r24, r22
     d68:	8d 8b       	std	Y+21, r24	; 0x15
     d6a:	9e 8b       	std	Y+22, r25	; 0x16
     d6c:	af 8b       	std	Y+23, r26	; 0x17
     d6e:	b8 8f       	std	Y+24, r27	; 0x18
	if (__tmp < 1.0)
     d70:	6d 89       	ldd	r22, Y+21	; 0x15
     d72:	7e 89       	ldd	r23, Y+22	; 0x16
     d74:	8f 89       	ldd	r24, Y+23	; 0x17
     d76:	98 8d       	ldd	r25, Y+24	; 0x18
     d78:	20 e0       	ldi	r18, 0x00	; 0
     d7a:	30 e0       	ldi	r19, 0x00	; 0
     d7c:	40 e8       	ldi	r20, 0x80	; 128
     d7e:	5f e3       	ldi	r21, 0x3F	; 63
     d80:	0e 94 79 03 	call	0x6f2	; 0x6f2 <__ltsf2>
     d84:	88 23       	and	r24, r24
     d86:	2c f4       	brge	.+10     	; 0xd92 <LCD_sendCommand+0x24c>
		__ticks = 1;
     d88:	81 e0       	ldi	r24, 0x01	; 1
     d8a:	90 e0       	ldi	r25, 0x00	; 0
     d8c:	9c 8b       	std	Y+20, r25	; 0x14
     d8e:	8b 8b       	std	Y+19, r24	; 0x13
     d90:	3f c0       	rjmp	.+126    	; 0xe10 <LCD_sendCommand+0x2ca>
	else if (__tmp > 65535)
     d92:	6d 89       	ldd	r22, Y+21	; 0x15
     d94:	7e 89       	ldd	r23, Y+22	; 0x16
     d96:	8f 89       	ldd	r24, Y+23	; 0x17
     d98:	98 8d       	ldd	r25, Y+24	; 0x18
     d9a:	20 e0       	ldi	r18, 0x00	; 0
     d9c:	3f ef       	ldi	r19, 0xFF	; 255
     d9e:	4f e7       	ldi	r20, 0x7F	; 127
     da0:	57 e4       	ldi	r21, 0x47	; 71
     da2:	0e 94 19 03 	call	0x632	; 0x632 <__gtsf2>
     da6:	18 16       	cp	r1, r24
     da8:	4c f5       	brge	.+82     	; 0xdfc <LCD_sendCommand+0x2b6>
	{
		//	__ticks = requested delay in 1/10 ms
		__ticks = (uint16_t) (__ms * 10.0);
     daa:	69 8d       	ldd	r22, Y+25	; 0x19
     dac:	7a 8d       	ldd	r23, Y+26	; 0x1a
     dae:	8b 8d       	ldd	r24, Y+27	; 0x1b
     db0:	9c 8d       	ldd	r25, Y+28	; 0x1c
     db2:	20 e0       	ldi	r18, 0x00	; 0
     db4:	30 e0       	ldi	r19, 0x00	; 0
     db6:	40 e2       	ldi	r20, 0x20	; 32
     db8:	51 e4       	ldi	r21, 0x41	; 65
     dba:	0e 94 1f 02 	call	0x43e	; 0x43e <__mulsf3>
     dbe:	dc 01       	movw	r26, r24
     dc0:	cb 01       	movw	r24, r22
     dc2:	bc 01       	movw	r22, r24
     dc4:	cd 01       	movw	r24, r26
     dc6:	0e 94 49 00 	call	0x92	; 0x92 <__fixunssfsi>
     dca:	dc 01       	movw	r26, r24
     dcc:	cb 01       	movw	r24, r22
     dce:	9c 8b       	std	Y+20, r25	; 0x14
     dd0:	8b 8b       	std	Y+19, r24	; 0x13
     dd2:	0f c0       	rjmp	.+30     	; 0xdf2 <LCD_sendCommand+0x2ac>
     dd4:	88 ec       	ldi	r24, 0xC8	; 200
     dd6:	90 e0       	ldi	r25, 0x00	; 0
     dd8:	9a 8b       	std	Y+18, r25	; 0x12
     dda:	89 8b       	std	Y+17, r24	; 0x11
     ddc:	89 89       	ldd	r24, Y+17	; 0x11
     dde:	9a 89       	ldd	r25, Y+18	; 0x12
     de0:	01 97       	sbiw	r24, 0x01	; 1
     de2:	f1 f7       	brne	.-4      	; 0xde0 <LCD_sendCommand+0x29a>
     de4:	9a 8b       	std	Y+18, r25	; 0x12
     de6:	89 8b       	std	Y+17, r24	; 0x11
		while(__ticks)
		{
			// wait 1/10 ms
			_delay_loop_2(((F_CPU) / 4e3) / 10);
			__ticks --;
     de8:	8b 89       	ldd	r24, Y+19	; 0x13
     dea:	9c 89       	ldd	r25, Y+20	; 0x14
     dec:	01 97       	sbiw	r24, 0x01	; 1
     dee:	9c 8b       	std	Y+20, r25	; 0x14
     df0:	8b 8b       	std	Y+19, r24	; 0x13
		__ticks = 1;
	else if (__tmp > 65535)
	{
		//	__ticks = requested delay in 1/10 ms
		__ticks = (uint16_t) (__ms * 10.0);
		while(__ticks)
     df2:	8b 89       	ldd	r24, Y+19	; 0x13
     df4:	9c 89       	ldd	r25, Y+20	; 0x14
     df6:	00 97       	sbiw	r24, 0x00	; 0
     df8:	69 f7       	brne	.-38     	; 0xdd4 <LCD_sendCommand+0x28e>
     dfa:	14 c0       	rjmp	.+40     	; 0xe24 <LCD_sendCommand+0x2de>
			__ticks --;
		}
		return;
	}
	else
		__ticks = (uint16_t)__tmp;
     dfc:	6d 89       	ldd	r22, Y+21	; 0x15
     dfe:	7e 89       	ldd	r23, Y+22	; 0x16
     e00:	8f 89       	ldd	r24, Y+23	; 0x17
     e02:	98 8d       	ldd	r25, Y+24	; 0x18
     e04:	0e 94 49 00 	call	0x92	; 0x92 <__fixunssfsi>
     e08:	dc 01       	movw	r26, r24
     e0a:	cb 01       	movw	r24, r22
     e0c:	9c 8b       	std	Y+20, r25	; 0x14
     e0e:	8b 8b       	std	Y+19, r24	; 0x13
     e10:	8b 89       	ldd	r24, Y+19	; 0x13
     e12:	9c 89       	ldd	r25, Y+20	; 0x14
     e14:	98 8b       	std	Y+16, r25	; 0x10
     e16:	8f 87       	std	Y+15, r24	; 0x0f
     e18:	8f 85       	ldd	r24, Y+15	; 0x0f
     e1a:	98 89       	ldd	r25, Y+16	; 0x10
     e1c:	01 97       	sbiw	r24, 0x01	; 1
     e1e:	f1 f7       	brne	.-4      	; 0xe1c <LCD_sendCommand+0x2d6>
     e20:	98 8b       	std	Y+16, r25	; 0x10
     e22:	8f 87       	std	Y+15, r24	; 0x0f
	_delay_ms(1);
	GPIO_writePin(LCD_E_PORT_ID, LCD_E_PIN_ID, LOGIC_LOW);
     e24:	83 e0       	ldi	r24, 0x03	; 3
     e26:	62 e0       	ldi	r22, 0x02	; 2
     e28:	40 e0       	ldi	r20, 0x00	; 0
     e2a:	0e 94 67 0e 	call	0x1cce	; 0x1cce <GPIO_writePin>
     e2e:	80 e0       	ldi	r24, 0x00	; 0
     e30:	90 e0       	ldi	r25, 0x00	; 0
     e32:	a0 e8       	ldi	r26, 0x80	; 128
     e34:	bf e3       	ldi	r27, 0x3F	; 63
     e36:	8b 87       	std	Y+11, r24	; 0x0b
     e38:	9c 87       	std	Y+12, r25	; 0x0c
     e3a:	ad 87       	std	Y+13, r26	; 0x0d
     e3c:	be 87       	std	Y+14, r27	; 0x0e
 */
void
_delay_ms(double __ms)
{
	uint16_t __ticks;
	double __tmp = ((F_CPU) / 4e3) * __ms;
     e3e:	6b 85       	ldd	r22, Y+11	; 0x0b
     e40:	7c 85       	ldd	r23, Y+12	; 0x0c
     e42:	8d 85       	ldd	r24, Y+13	; 0x0d
     e44:	9e 85       	ldd	r25, Y+14	; 0x0e
     e46:	20 e0       	ldi	r18, 0x00	; 0
     e48:	30 e0       	ldi	r19, 0x00	; 0
     e4a:	4a ef       	ldi	r20, 0xFA	; 250
     e4c:	54 e4       	ldi	r21, 0x44	; 68
     e4e:	0e 94 1f 02 	call	0x43e	; 0x43e <__mulsf3>
     e52:	dc 01       	movw	r26, r24
     e54:	cb 01       	movw	r24, r22
     e56:	8f 83       	std	Y+7, r24	; 0x07
     e58:	98 87       	std	Y+8, r25	; 0x08
     e5a:	a9 87       	std	Y+9, r26	; 0x09
     e5c:	ba 87       	std	Y+10, r27	; 0x0a
	if (__tmp < 1.0)
     e5e:	6f 81       	ldd	r22, Y+7	; 0x07
     e60:	78 85       	ldd	r23, Y+8	; 0x08
     e62:	89 85       	ldd	r24, Y+9	; 0x09
     e64:	9a 85       	ldd	r25, Y+10	; 0x0a
     e66:	20 e0       	ldi	r18, 0x00	; 0
     e68:	30 e0       	ldi	r19, 0x00	; 0
     e6a:	40 e8       	ldi	r20, 0x80	; 128
     e6c:	5f e3       	ldi	r21, 0x3F	; 63
     e6e:	0e 94 79 03 	call	0x6f2	; 0x6f2 <__ltsf2>
     e72:	88 23       	and	r24, r24
     e74:	2c f4       	brge	.+10     	; 0xe80 <LCD_sendCommand+0x33a>
		__ticks = 1;
     e76:	81 e0       	ldi	r24, 0x01	; 1
     e78:	90 e0       	ldi	r25, 0x00	; 0
     e7a:	9e 83       	std	Y+6, r25	; 0x06
     e7c:	8d 83       	std	Y+5, r24	; 0x05
     e7e:	3f c0       	rjmp	.+126    	; 0xefe <LCD_sendCommand+0x3b8>
	else if (__tmp > 65535)
     e80:	6f 81       	ldd	r22, Y+7	; 0x07
     e82:	78 85       	ldd	r23, Y+8	; 0x08
     e84:	89 85       	ldd	r24, Y+9	; 0x09
     e86:	9a 85       	ldd	r25, Y+10	; 0x0a
     e88:	20 e0       	ldi	r18, 0x00	; 0
     e8a:	3f ef       	ldi	r19, 0xFF	; 255
     e8c:	4f e7       	ldi	r20, 0x7F	; 127
     e8e:	57 e4       	ldi	r21, 0x47	; 71
     e90:	0e 94 19 03 	call	0x632	; 0x632 <__gtsf2>
     e94:	18 16       	cp	r1, r24
     e96:	4c f5       	brge	.+82     	; 0xeea <LCD_sendCommand+0x3a4>
	{
		//	__ticks = requested delay in 1/10 ms
		__ticks = (uint16_t) (__ms * 10.0);
     e98:	6b 85       	ldd	r22, Y+11	; 0x0b
     e9a:	7c 85       	ldd	r23, Y+12	; 0x0c
     e9c:	8d 85       	ldd	r24, Y+13	; 0x0d
     e9e:	9e 85       	ldd	r25, Y+14	; 0x0e
     ea0:	20 e0       	ldi	r18, 0x00	; 0
     ea2:	30 e0       	ldi	r19, 0x00	; 0
     ea4:	40 e2       	ldi	r20, 0x20	; 32
     ea6:	51 e4       	ldi	r21, 0x41	; 65
     ea8:	0e 94 1f 02 	call	0x43e	; 0x43e <__mulsf3>
     eac:	dc 01       	movw	r26, r24
     eae:	cb 01       	movw	r24, r22
     eb0:	bc 01       	movw	r22, r24
     eb2:	cd 01       	movw	r24, r26
     eb4:	0e 94 49 00 	call	0x92	; 0x92 <__fixunssfsi>
     eb8:	dc 01       	movw	r26, r24
     eba:	cb 01       	movw	r24, r22
     ebc:	9e 83       	std	Y+6, r25	; 0x06
     ebe:	8d 83       	std	Y+5, r24	; 0x05
     ec0:	0f c0       	rjmp	.+30     	; 0xee0 <LCD_sendCommand+0x39a>
     ec2:	88 ec       	ldi	r24, 0xC8	; 200
     ec4:	90 e0       	ldi	r25, 0x00	; 0
     ec6:	9c 83       	std	Y+4, r25	; 0x04
     ec8:	8b 83       	std	Y+3, r24	; 0x03
     eca:	8b 81       	ldd	r24, Y+3	; 0x03
     ecc:	9c 81       	ldd	r25, Y+4	; 0x04
     ece:	01 97       	sbiw	r24, 0x01	; 1
     ed0:	f1 f7       	brne	.-4      	; 0xece <LCD_sendCommand+0x388>
     ed2:	9c 83       	std	Y+4, r25	; 0x04
     ed4:	8b 83       	std	Y+3, r24	; 0x03
		while(__ticks)
		{
			// wait 1/10 ms
			_delay_loop_2(((F_CPU) / 4e3) / 10);
			__ticks --;
     ed6:	8d 81       	ldd	r24, Y+5	; 0x05
     ed8:	9e 81       	ldd	r25, Y+6	; 0x06
     eda:	01 97       	sbiw	r24, 0x01	; 1
     edc:	9e 83       	std	Y+6, r25	; 0x06
     ede:	8d 83       	std	Y+5, r24	; 0x05
		__ticks = 1;
	else if (__tmp > 65535)
	{
		//	__ticks = requested delay in 1/10 ms
		__ticks = (uint16_t) (__ms * 10.0);
		while(__ticks)
     ee0:	8d 81       	ldd	r24, Y+5	; 0x05
     ee2:	9e 81       	ldd	r25, Y+6	; 0x06
     ee4:	00 97       	sbiw	r24, 0x00	; 0
     ee6:	69 f7       	brne	.-38     	; 0xec2 <LCD_sendCommand+0x37c>
     ee8:	14 c0       	rjmp	.+40     	; 0xf12 <LCD_sendCommand+0x3cc>
			__ticks --;
		}
		return;
	}
	else
		__ticks = (uint16_t)__tmp;
     eea:	6f 81       	ldd	r22, Y+7	; 0x07
     eec:	78 85       	ldd	r23, Y+8	; 0x08
     eee:	89 85       	ldd	r24, Y+9	; 0x09
     ef0:	9a 85       	ldd	r25, Y+10	; 0x0a
     ef2:	0e 94 49 00 	call	0x92	; 0x92 <__fixunssfsi>
     ef6:	dc 01       	movw	r26, r24
     ef8:	cb 01       	movw	r24, r22
     efa:	9e 83       	std	Y+6, r25	; 0x06
     efc:	8d 83       	std	Y+5, r24	; 0x05
     efe:	8d 81       	ldd	r24, Y+5	; 0x05
     f00:	9e 81       	ldd	r25, Y+6	; 0x06
     f02:	9a 83       	std	Y+2, r25	; 0x02
     f04:	89 83       	std	Y+1, r24	; 0x01
     f06:	89 81       	ldd	r24, Y+1	; 0x01
     f08:	9a 81       	ldd	r25, Y+2	; 0x02
     f0a:	01 97       	sbiw	r24, 0x01	; 1
     f0c:	f1 f7       	brne	.-4      	; 0xf0a <LCD_sendCommand+0x3c4>
     f0e:	9a 83       	std	Y+2, r25	; 0x02
     f10:	89 83       	std	Y+1, r24	; 0x01
	_delay_ms(1);
	GPIO_writePin(LCD_E_PORT_ID, LCD_E_PIN_ID, LOGIC_LOW);
	_delay_ms(1);
#endif

}
     f12:	e9 96       	adiw	r28, 0x39	; 57
     f14:	0f b6       	in	r0, 0x3f	; 63
     f16:	f8 94       	cli
     f18:	de bf       	out	0x3e, r29	; 62
     f1a:	0f be       	out	0x3f, r0	; 63
     f1c:	cd bf       	out	0x3d, r28	; 61
     f1e:	cf 91       	pop	r28
     f20:	df 91       	pop	r29
     f22:	08 95       	ret

00000f24 <LCD_init>:
 *Initialize the LCD:
 * 1. Setup the LCD pins directions by use the GPIO driver.
 * 2. Setup the LCD Data Mode 4-bits or 8-bits.
 *
 * */
void LCD_init(void) {
     f24:	df 93       	push	r29
     f26:	cf 93       	push	r28
     f28:	cd b7       	in	r28, 0x3d	; 61
     f2a:	de b7       	in	r29, 0x3e	; 62
     f2c:	2e 97       	sbiw	r28, 0x0e	; 14
     f2e:	0f b6       	in	r0, 0x3f	; 63
     f30:	f8 94       	cli
     f32:	de bf       	out	0x3e, r29	; 62
     f34:	0f be       	out	0x3f, r0	; 63
     f36:	cd bf       	out	0x3d, r28	; 61
	GPIO_setupPinDirection(LCD_RS_PORT_ID, LCD_RS_PIN_ID, PIN_OUTPUT);
     f38:	83 e0       	ldi	r24, 0x03	; 3
     f3a:	63 e0       	ldi	r22, 0x03	; 3
     f3c:	41 e0       	ldi	r20, 0x01	; 1
     f3e:	0e 94 7c 0d 	call	0x1af8	; 0x1af8 <GPIO_setupPinDirection>
	GPIO_setupPinDirection(LCD_E_PORT_ID, LCD_E_PIN_ID, PIN_OUTPUT);
     f42:	83 e0       	ldi	r24, 0x03	; 3
     f44:	62 e0       	ldi	r22, 0x02	; 2
     f46:	41 e0       	ldi	r20, 0x01	; 1
     f48:	0e 94 7c 0d 	call	0x1af8	; 0x1af8 <GPIO_setupPinDirection>
     f4c:	80 e0       	ldi	r24, 0x00	; 0
     f4e:	90 e0       	ldi	r25, 0x00	; 0
     f50:	a0 ea       	ldi	r26, 0xA0	; 160
     f52:	b1 e4       	ldi	r27, 0x41	; 65
     f54:	8b 87       	std	Y+11, r24	; 0x0b
     f56:	9c 87       	std	Y+12, r25	; 0x0c
     f58:	ad 87       	std	Y+13, r26	; 0x0d
     f5a:	be 87       	std	Y+14, r27	; 0x0e
 */
void
_delay_ms(double __ms)
{
	uint16_t __ticks;
	double __tmp = ((F_CPU) / 4e3) * __ms;
     f5c:	6b 85       	ldd	r22, Y+11	; 0x0b
     f5e:	7c 85       	ldd	r23, Y+12	; 0x0c
     f60:	8d 85       	ldd	r24, Y+13	; 0x0d
     f62:	9e 85       	ldd	r25, Y+14	; 0x0e
     f64:	20 e0       	ldi	r18, 0x00	; 0
     f66:	30 e0       	ldi	r19, 0x00	; 0
     f68:	4a ef       	ldi	r20, 0xFA	; 250
     f6a:	54 e4       	ldi	r21, 0x44	; 68
     f6c:	0e 94 1f 02 	call	0x43e	; 0x43e <__mulsf3>
     f70:	dc 01       	movw	r26, r24
     f72:	cb 01       	movw	r24, r22
     f74:	8f 83       	std	Y+7, r24	; 0x07
     f76:	98 87       	std	Y+8, r25	; 0x08
     f78:	a9 87       	std	Y+9, r26	; 0x09
     f7a:	ba 87       	std	Y+10, r27	; 0x0a
	if (__tmp < 1.0)
     f7c:	6f 81       	ldd	r22, Y+7	; 0x07
     f7e:	78 85       	ldd	r23, Y+8	; 0x08
     f80:	89 85       	ldd	r24, Y+9	; 0x09
     f82:	9a 85       	ldd	r25, Y+10	; 0x0a
     f84:	20 e0       	ldi	r18, 0x00	; 0
     f86:	30 e0       	ldi	r19, 0x00	; 0
     f88:	40 e8       	ldi	r20, 0x80	; 128
     f8a:	5f e3       	ldi	r21, 0x3F	; 63
     f8c:	0e 94 79 03 	call	0x6f2	; 0x6f2 <__ltsf2>
     f90:	88 23       	and	r24, r24
     f92:	2c f4       	brge	.+10     	; 0xf9e <LCD_init+0x7a>
		__ticks = 1;
     f94:	81 e0       	ldi	r24, 0x01	; 1
     f96:	90 e0       	ldi	r25, 0x00	; 0
     f98:	9e 83       	std	Y+6, r25	; 0x06
     f9a:	8d 83       	std	Y+5, r24	; 0x05
     f9c:	3f c0       	rjmp	.+126    	; 0x101c <LCD_init+0xf8>
	else if (__tmp > 65535)
     f9e:	6f 81       	ldd	r22, Y+7	; 0x07
     fa0:	78 85       	ldd	r23, Y+8	; 0x08
     fa2:	89 85       	ldd	r24, Y+9	; 0x09
     fa4:	9a 85       	ldd	r25, Y+10	; 0x0a
     fa6:	20 e0       	ldi	r18, 0x00	; 0
     fa8:	3f ef       	ldi	r19, 0xFF	; 255
     faa:	4f e7       	ldi	r20, 0x7F	; 127
     fac:	57 e4       	ldi	r21, 0x47	; 71
     fae:	0e 94 19 03 	call	0x632	; 0x632 <__gtsf2>
     fb2:	18 16       	cp	r1, r24
     fb4:	4c f5       	brge	.+82     	; 0x1008 <LCD_init+0xe4>
	{
		//	__ticks = requested delay in 1/10 ms
		__ticks = (uint16_t) (__ms * 10.0);
     fb6:	6b 85       	ldd	r22, Y+11	; 0x0b
     fb8:	7c 85       	ldd	r23, Y+12	; 0x0c
     fba:	8d 85       	ldd	r24, Y+13	; 0x0d
     fbc:	9e 85       	ldd	r25, Y+14	; 0x0e
     fbe:	20 e0       	ldi	r18, 0x00	; 0
     fc0:	30 e0       	ldi	r19, 0x00	; 0
     fc2:	40 e2       	ldi	r20, 0x20	; 32
     fc4:	51 e4       	ldi	r21, 0x41	; 65
     fc6:	0e 94 1f 02 	call	0x43e	; 0x43e <__mulsf3>
     fca:	dc 01       	movw	r26, r24
     fcc:	cb 01       	movw	r24, r22
     fce:	bc 01       	movw	r22, r24
     fd0:	cd 01       	movw	r24, r26
     fd2:	0e 94 49 00 	call	0x92	; 0x92 <__fixunssfsi>
     fd6:	dc 01       	movw	r26, r24
     fd8:	cb 01       	movw	r24, r22
     fda:	9e 83       	std	Y+6, r25	; 0x06
     fdc:	8d 83       	std	Y+5, r24	; 0x05
     fde:	0f c0       	rjmp	.+30     	; 0xffe <LCD_init+0xda>
     fe0:	88 ec       	ldi	r24, 0xC8	; 200
     fe2:	90 e0       	ldi	r25, 0x00	; 0
     fe4:	9c 83       	std	Y+4, r25	; 0x04
     fe6:	8b 83       	std	Y+3, r24	; 0x03
     fe8:	8b 81       	ldd	r24, Y+3	; 0x03
     fea:	9c 81       	ldd	r25, Y+4	; 0x04
     fec:	01 97       	sbiw	r24, 0x01	; 1
     fee:	f1 f7       	brne	.-4      	; 0xfec <LCD_init+0xc8>
     ff0:	9c 83       	std	Y+4, r25	; 0x04
     ff2:	8b 83       	std	Y+3, r24	; 0x03
		while(__ticks)
		{
			// wait 1/10 ms
			_delay_loop_2(((F_CPU) / 4e3) / 10);
			__ticks --;
     ff4:	8d 81       	ldd	r24, Y+5	; 0x05
     ff6:	9e 81       	ldd	r25, Y+6	; 0x06
     ff8:	01 97       	sbiw	r24, 0x01	; 1
     ffa:	9e 83       	std	Y+6, r25	; 0x06
     ffc:	8d 83       	std	Y+5, r24	; 0x05
		__ticks = 1;
	else if (__tmp > 65535)
	{
		//	__ticks = requested delay in 1/10 ms
		__ticks = (uint16_t) (__ms * 10.0);
		while(__ticks)
     ffe:	8d 81       	ldd	r24, Y+5	; 0x05
    1000:	9e 81       	ldd	r25, Y+6	; 0x06
    1002:	00 97       	sbiw	r24, 0x00	; 0
    1004:	69 f7       	brne	.-38     	; 0xfe0 <LCD_init+0xbc>
    1006:	14 c0       	rjmp	.+40     	; 0x1030 <LCD_init+0x10c>
			__ticks --;
		}
		return;
	}
	else
		__ticks = (uint16_t)__tmp;
    1008:	6f 81       	ldd	r22, Y+7	; 0x07
    100a:	78 85       	ldd	r23, Y+8	; 0x08
    100c:	89 85       	ldd	r24, Y+9	; 0x09
    100e:	9a 85       	ldd	r25, Y+10	; 0x0a
    1010:	0e 94 49 00 	call	0x92	; 0x92 <__fixunssfsi>
    1014:	dc 01       	movw	r26, r24
    1016:	cb 01       	movw	r24, r22
    1018:	9e 83       	std	Y+6, r25	; 0x06
    101a:	8d 83       	std	Y+5, r24	; 0x05
    101c:	8d 81       	ldd	r24, Y+5	; 0x05
    101e:	9e 81       	ldd	r25, Y+6	; 0x06
    1020:	9a 83       	std	Y+2, r25	; 0x02
    1022:	89 83       	std	Y+1, r24	; 0x01
    1024:	89 81       	ldd	r24, Y+1	; 0x01
    1026:	9a 81       	ldd	r25, Y+2	; 0x02
    1028:	01 97       	sbiw	r24, 0x01	; 1
    102a:	f1 f7       	brne	.-4      	; 0x1028 <LCD_init+0x104>
    102c:	9a 83       	std	Y+2, r25	; 0x02
    102e:	89 83       	std	Y+1, r24	; 0x01
	_delay_ms(20);
	#if(LCD_MODE==8)
	GPIO_setupPortDirection(LCD_DATA_PORT_ID, PORT_OUTPUT);
    1030:	82 e0       	ldi	r24, 0x02	; 2
    1032:	6f ef       	ldi	r22, 0xFF	; 255
    1034:	0e 94 07 10 	call	0x200e	; 0x200e <GPIO_setupPortDirection>
	LCD_sendCommand(LCD_TWO_LINES_EIGHT_BITS_MODE);
    1038:	88 e3       	ldi	r24, 0x38	; 56
    103a:	0e 94 a3 05 	call	0xb46	; 0xb46 <LCD_sendCommand>
	GPIO_setupPinDirection(LCD_DATA_PORT_ID,LCD_D7_PIN_ID,PIN_OUTPUT);
	LCD_sendCommand(LCD_TWO_LINES_FOUR_BITS_MODE_INIT1);
	LCD_sendCommand(LCD_TWO_LINES_FOUR_BITS_MODE_INIT2);
	LCD_sendCommand(LCD_TWO_LINES_FOUR_BITS_MODE);
#endif
	LCD_sendCommand(LCD_CURSOR_OFF);
    103e:	8c e0       	ldi	r24, 0x0C	; 12
    1040:	0e 94 a3 05 	call	0xb46	; 0xb46 <LCD_sendCommand>
	LCD_sendCommand(LCD_CLEAR_COMMAND);
    1044:	81 e0       	ldi	r24, 0x01	; 1
    1046:	0e 94 a3 05 	call	0xb46	; 0xb46 <LCD_sendCommand>

}
    104a:	2e 96       	adiw	r28, 0x0e	; 14
    104c:	0f b6       	in	r0, 0x3f	; 63
    104e:	f8 94       	cli
    1050:	de bf       	out	0x3e, r29	; 62
    1052:	0f be       	out	0x3f, r0	; 63
    1054:	cd bf       	out	0x3d, r28	; 61
    1056:	cf 91       	pop	r28
    1058:	df 91       	pop	r29
    105a:	08 95       	ret

0000105c <LCD_sendChar>:
/*
 * Description :
 * Display the required character on the screen
 */
void LCD_sendChar(uint8 data) {
    105c:	df 93       	push	r29
    105e:	cf 93       	push	r28
    1060:	cd b7       	in	r28, 0x3d	; 61
    1062:	de b7       	in	r29, 0x3e	; 62
    1064:	e9 97       	sbiw	r28, 0x39	; 57
    1066:	0f b6       	in	r0, 0x3f	; 63
    1068:	f8 94       	cli
    106a:	de bf       	out	0x3e, r29	; 62
    106c:	0f be       	out	0x3f, r0	; 63
    106e:	cd bf       	out	0x3d, r28	; 61
    1070:	89 af       	std	Y+57, r24	; 0x39
	GPIO_writePin(LCD_RS_PORT_ID, LCD_RS_PIN_ID, LOGIC_HIGH);
    1072:	83 e0       	ldi	r24, 0x03	; 3
    1074:	63 e0       	ldi	r22, 0x03	; 3
    1076:	41 e0       	ldi	r20, 0x01	; 1
    1078:	0e 94 67 0e 	call	0x1cce	; 0x1cce <GPIO_writePin>
    107c:	80 e0       	ldi	r24, 0x00	; 0
    107e:	90 e0       	ldi	r25, 0x00	; 0
    1080:	a0 e8       	ldi	r26, 0x80	; 128
    1082:	bf e3       	ldi	r27, 0x3F	; 63
    1084:	8d ab       	std	Y+53, r24	; 0x35
    1086:	9e ab       	std	Y+54, r25	; 0x36
    1088:	af ab       	std	Y+55, r26	; 0x37
    108a:	b8 af       	std	Y+56, r27	; 0x38
 */
void
_delay_ms(double __ms)
{
	uint16_t __ticks;
	double __tmp = ((F_CPU) / 4e3) * __ms;
    108c:	6d a9       	ldd	r22, Y+53	; 0x35
    108e:	7e a9       	ldd	r23, Y+54	; 0x36
    1090:	8f a9       	ldd	r24, Y+55	; 0x37
    1092:	98 ad       	ldd	r25, Y+56	; 0x38
    1094:	20 e0       	ldi	r18, 0x00	; 0
    1096:	30 e0       	ldi	r19, 0x00	; 0
    1098:	4a ef       	ldi	r20, 0xFA	; 250
    109a:	54 e4       	ldi	r21, 0x44	; 68
    109c:	0e 94 1f 02 	call	0x43e	; 0x43e <__mulsf3>
    10a0:	dc 01       	movw	r26, r24
    10a2:	cb 01       	movw	r24, r22
    10a4:	89 ab       	std	Y+49, r24	; 0x31
    10a6:	9a ab       	std	Y+50, r25	; 0x32
    10a8:	ab ab       	std	Y+51, r26	; 0x33
    10aa:	bc ab       	std	Y+52, r27	; 0x34
	if (__tmp < 1.0)
    10ac:	69 a9       	ldd	r22, Y+49	; 0x31
    10ae:	7a a9       	ldd	r23, Y+50	; 0x32
    10b0:	8b a9       	ldd	r24, Y+51	; 0x33
    10b2:	9c a9       	ldd	r25, Y+52	; 0x34
    10b4:	20 e0       	ldi	r18, 0x00	; 0
    10b6:	30 e0       	ldi	r19, 0x00	; 0
    10b8:	40 e8       	ldi	r20, 0x80	; 128
    10ba:	5f e3       	ldi	r21, 0x3F	; 63
    10bc:	0e 94 79 03 	call	0x6f2	; 0x6f2 <__ltsf2>
    10c0:	88 23       	and	r24, r24
    10c2:	2c f4       	brge	.+10     	; 0x10ce <LCD_sendChar+0x72>
		__ticks = 1;
    10c4:	81 e0       	ldi	r24, 0x01	; 1
    10c6:	90 e0       	ldi	r25, 0x00	; 0
    10c8:	98 ab       	std	Y+48, r25	; 0x30
    10ca:	8f a7       	std	Y+47, r24	; 0x2f
    10cc:	3f c0       	rjmp	.+126    	; 0x114c <LCD_sendChar+0xf0>
	else if (__tmp > 65535)
    10ce:	69 a9       	ldd	r22, Y+49	; 0x31
    10d0:	7a a9       	ldd	r23, Y+50	; 0x32
    10d2:	8b a9       	ldd	r24, Y+51	; 0x33
    10d4:	9c a9       	ldd	r25, Y+52	; 0x34
    10d6:	20 e0       	ldi	r18, 0x00	; 0
    10d8:	3f ef       	ldi	r19, 0xFF	; 255
    10da:	4f e7       	ldi	r20, 0x7F	; 127
    10dc:	57 e4       	ldi	r21, 0x47	; 71
    10de:	0e 94 19 03 	call	0x632	; 0x632 <__gtsf2>
    10e2:	18 16       	cp	r1, r24
    10e4:	4c f5       	brge	.+82     	; 0x1138 <LCD_sendChar+0xdc>
	{
		//	__ticks = requested delay in 1/10 ms
		__ticks = (uint16_t) (__ms * 10.0);
    10e6:	6d a9       	ldd	r22, Y+53	; 0x35
    10e8:	7e a9       	ldd	r23, Y+54	; 0x36
    10ea:	8f a9       	ldd	r24, Y+55	; 0x37
    10ec:	98 ad       	ldd	r25, Y+56	; 0x38
    10ee:	20 e0       	ldi	r18, 0x00	; 0
    10f0:	30 e0       	ldi	r19, 0x00	; 0
    10f2:	40 e2       	ldi	r20, 0x20	; 32
    10f4:	51 e4       	ldi	r21, 0x41	; 65
    10f6:	0e 94 1f 02 	call	0x43e	; 0x43e <__mulsf3>
    10fa:	dc 01       	movw	r26, r24
    10fc:	cb 01       	movw	r24, r22
    10fe:	bc 01       	movw	r22, r24
    1100:	cd 01       	movw	r24, r26
    1102:	0e 94 49 00 	call	0x92	; 0x92 <__fixunssfsi>
    1106:	dc 01       	movw	r26, r24
    1108:	cb 01       	movw	r24, r22
    110a:	98 ab       	std	Y+48, r25	; 0x30
    110c:	8f a7       	std	Y+47, r24	; 0x2f
    110e:	0f c0       	rjmp	.+30     	; 0x112e <LCD_sendChar+0xd2>
    1110:	88 ec       	ldi	r24, 0xC8	; 200
    1112:	90 e0       	ldi	r25, 0x00	; 0
    1114:	9e a7       	std	Y+46, r25	; 0x2e
    1116:	8d a7       	std	Y+45, r24	; 0x2d
    1118:	8d a5       	ldd	r24, Y+45	; 0x2d
    111a:	9e a5       	ldd	r25, Y+46	; 0x2e
    111c:	01 97       	sbiw	r24, 0x01	; 1
    111e:	f1 f7       	brne	.-4      	; 0x111c <LCD_sendChar+0xc0>
    1120:	9e a7       	std	Y+46, r25	; 0x2e
    1122:	8d a7       	std	Y+45, r24	; 0x2d
		while(__ticks)
		{
			// wait 1/10 ms
			_delay_loop_2(((F_CPU) / 4e3) / 10);
			__ticks --;
    1124:	8f a5       	ldd	r24, Y+47	; 0x2f
    1126:	98 a9       	ldd	r25, Y+48	; 0x30
    1128:	01 97       	sbiw	r24, 0x01	; 1
    112a:	98 ab       	std	Y+48, r25	; 0x30
    112c:	8f a7       	std	Y+47, r24	; 0x2f
		__ticks = 1;
	else if (__tmp > 65535)
	{
		//	__ticks = requested delay in 1/10 ms
		__ticks = (uint16_t) (__ms * 10.0);
		while(__ticks)
    112e:	8f a5       	ldd	r24, Y+47	; 0x2f
    1130:	98 a9       	ldd	r25, Y+48	; 0x30
    1132:	00 97       	sbiw	r24, 0x00	; 0
    1134:	69 f7       	brne	.-38     	; 0x1110 <LCD_sendChar+0xb4>
    1136:	14 c0       	rjmp	.+40     	; 0x1160 <LCD_sendChar+0x104>
			__ticks --;
		}
		return;
	}
	else
		__ticks = (uint16_t)__tmp;
    1138:	69 a9       	ldd	r22, Y+49	; 0x31
    113a:	7a a9       	ldd	r23, Y+50	; 0x32
    113c:	8b a9       	ldd	r24, Y+51	; 0x33
    113e:	9c a9       	ldd	r25, Y+52	; 0x34
    1140:	0e 94 49 00 	call	0x92	; 0x92 <__fixunssfsi>
    1144:	dc 01       	movw	r26, r24
    1146:	cb 01       	movw	r24, r22
    1148:	98 ab       	std	Y+48, r25	; 0x30
    114a:	8f a7       	std	Y+47, r24	; 0x2f
    114c:	8f a5       	ldd	r24, Y+47	; 0x2f
    114e:	98 a9       	ldd	r25, Y+48	; 0x30
    1150:	9c a7       	std	Y+44, r25	; 0x2c
    1152:	8b a7       	std	Y+43, r24	; 0x2b
    1154:	8b a5       	ldd	r24, Y+43	; 0x2b
    1156:	9c a5       	ldd	r25, Y+44	; 0x2c
    1158:	01 97       	sbiw	r24, 0x01	; 1
    115a:	f1 f7       	brne	.-4      	; 0x1158 <LCD_sendChar+0xfc>
    115c:	9c a7       	std	Y+44, r25	; 0x2c
    115e:	8b a7       	std	Y+43, r24	; 0x2b
	_delay_ms(1);
	GPIO_writePin(LCD_E_PORT_ID, LCD_E_PIN_ID, LOGIC_HIGH);
    1160:	83 e0       	ldi	r24, 0x03	; 3
    1162:	62 e0       	ldi	r22, 0x02	; 2
    1164:	41 e0       	ldi	r20, 0x01	; 1
    1166:	0e 94 67 0e 	call	0x1cce	; 0x1cce <GPIO_writePin>
    116a:	80 e0       	ldi	r24, 0x00	; 0
    116c:	90 e0       	ldi	r25, 0x00	; 0
    116e:	a0 e8       	ldi	r26, 0x80	; 128
    1170:	bf e3       	ldi	r27, 0x3F	; 63
    1172:	8f a3       	std	Y+39, r24	; 0x27
    1174:	98 a7       	std	Y+40, r25	; 0x28
    1176:	a9 a7       	std	Y+41, r26	; 0x29
    1178:	ba a7       	std	Y+42, r27	; 0x2a
 */
void
_delay_ms(double __ms)
{
	uint16_t __ticks;
	double __tmp = ((F_CPU) / 4e3) * __ms;
    117a:	6f a1       	ldd	r22, Y+39	; 0x27
    117c:	78 a5       	ldd	r23, Y+40	; 0x28
    117e:	89 a5       	ldd	r24, Y+41	; 0x29
    1180:	9a a5       	ldd	r25, Y+42	; 0x2a
    1182:	20 e0       	ldi	r18, 0x00	; 0
    1184:	30 e0       	ldi	r19, 0x00	; 0
    1186:	4a ef       	ldi	r20, 0xFA	; 250
    1188:	54 e4       	ldi	r21, 0x44	; 68
    118a:	0e 94 1f 02 	call	0x43e	; 0x43e <__mulsf3>
    118e:	dc 01       	movw	r26, r24
    1190:	cb 01       	movw	r24, r22
    1192:	8b a3       	std	Y+35, r24	; 0x23
    1194:	9c a3       	std	Y+36, r25	; 0x24
    1196:	ad a3       	std	Y+37, r26	; 0x25
    1198:	be a3       	std	Y+38, r27	; 0x26
	if (__tmp < 1.0)
    119a:	6b a1       	ldd	r22, Y+35	; 0x23
    119c:	7c a1       	ldd	r23, Y+36	; 0x24
    119e:	8d a1       	ldd	r24, Y+37	; 0x25
    11a0:	9e a1       	ldd	r25, Y+38	; 0x26
    11a2:	20 e0       	ldi	r18, 0x00	; 0
    11a4:	30 e0       	ldi	r19, 0x00	; 0
    11a6:	40 e8       	ldi	r20, 0x80	; 128
    11a8:	5f e3       	ldi	r21, 0x3F	; 63
    11aa:	0e 94 79 03 	call	0x6f2	; 0x6f2 <__ltsf2>
    11ae:	88 23       	and	r24, r24
    11b0:	2c f4       	brge	.+10     	; 0x11bc <LCD_sendChar+0x160>
		__ticks = 1;
    11b2:	81 e0       	ldi	r24, 0x01	; 1
    11b4:	90 e0       	ldi	r25, 0x00	; 0
    11b6:	9a a3       	std	Y+34, r25	; 0x22
    11b8:	89 a3       	std	Y+33, r24	; 0x21
    11ba:	3f c0       	rjmp	.+126    	; 0x123a <LCD_sendChar+0x1de>
	else if (__tmp > 65535)
    11bc:	6b a1       	ldd	r22, Y+35	; 0x23
    11be:	7c a1       	ldd	r23, Y+36	; 0x24
    11c0:	8d a1       	ldd	r24, Y+37	; 0x25
    11c2:	9e a1       	ldd	r25, Y+38	; 0x26
    11c4:	20 e0       	ldi	r18, 0x00	; 0
    11c6:	3f ef       	ldi	r19, 0xFF	; 255
    11c8:	4f e7       	ldi	r20, 0x7F	; 127
    11ca:	57 e4       	ldi	r21, 0x47	; 71
    11cc:	0e 94 19 03 	call	0x632	; 0x632 <__gtsf2>
    11d0:	18 16       	cp	r1, r24
    11d2:	4c f5       	brge	.+82     	; 0x1226 <LCD_sendChar+0x1ca>
	{
		//	__ticks = requested delay in 1/10 ms
		__ticks = (uint16_t) (__ms * 10.0);
    11d4:	6f a1       	ldd	r22, Y+39	; 0x27
    11d6:	78 a5       	ldd	r23, Y+40	; 0x28
    11d8:	89 a5       	ldd	r24, Y+41	; 0x29
    11da:	9a a5       	ldd	r25, Y+42	; 0x2a
    11dc:	20 e0       	ldi	r18, 0x00	; 0
    11de:	30 e0       	ldi	r19, 0x00	; 0
    11e0:	40 e2       	ldi	r20, 0x20	; 32
    11e2:	51 e4       	ldi	r21, 0x41	; 65
    11e4:	0e 94 1f 02 	call	0x43e	; 0x43e <__mulsf3>
    11e8:	dc 01       	movw	r26, r24
    11ea:	cb 01       	movw	r24, r22
    11ec:	bc 01       	movw	r22, r24
    11ee:	cd 01       	movw	r24, r26
    11f0:	0e 94 49 00 	call	0x92	; 0x92 <__fixunssfsi>
    11f4:	dc 01       	movw	r26, r24
    11f6:	cb 01       	movw	r24, r22
    11f8:	9a a3       	std	Y+34, r25	; 0x22
    11fa:	89 a3       	std	Y+33, r24	; 0x21
    11fc:	0f c0       	rjmp	.+30     	; 0x121c <LCD_sendChar+0x1c0>
    11fe:	88 ec       	ldi	r24, 0xC8	; 200
    1200:	90 e0       	ldi	r25, 0x00	; 0
    1202:	98 a3       	std	Y+32, r25	; 0x20
    1204:	8f 8f       	std	Y+31, r24	; 0x1f
    1206:	8f 8d       	ldd	r24, Y+31	; 0x1f
    1208:	98 a1       	ldd	r25, Y+32	; 0x20
    120a:	01 97       	sbiw	r24, 0x01	; 1
    120c:	f1 f7       	brne	.-4      	; 0x120a <LCD_sendChar+0x1ae>
    120e:	98 a3       	std	Y+32, r25	; 0x20
    1210:	8f 8f       	std	Y+31, r24	; 0x1f
		while(__ticks)
		{
			// wait 1/10 ms
			_delay_loop_2(((F_CPU) / 4e3) / 10);
			__ticks --;
    1212:	89 a1       	ldd	r24, Y+33	; 0x21
    1214:	9a a1       	ldd	r25, Y+34	; 0x22
    1216:	01 97       	sbiw	r24, 0x01	; 1
    1218:	9a a3       	std	Y+34, r25	; 0x22
    121a:	89 a3       	std	Y+33, r24	; 0x21
		__ticks = 1;
	else if (__tmp > 65535)
	{
		//	__ticks = requested delay in 1/10 ms
		__ticks = (uint16_t) (__ms * 10.0);
		while(__ticks)
    121c:	89 a1       	ldd	r24, Y+33	; 0x21
    121e:	9a a1       	ldd	r25, Y+34	; 0x22
    1220:	00 97       	sbiw	r24, 0x00	; 0
    1222:	69 f7       	brne	.-38     	; 0x11fe <LCD_sendChar+0x1a2>
    1224:	14 c0       	rjmp	.+40     	; 0x124e <LCD_sendChar+0x1f2>
			__ticks --;
		}
		return;
	}
	else
		__ticks = (uint16_t)__tmp;
    1226:	6b a1       	ldd	r22, Y+35	; 0x23
    1228:	7c a1       	ldd	r23, Y+36	; 0x24
    122a:	8d a1       	ldd	r24, Y+37	; 0x25
    122c:	9e a1       	ldd	r25, Y+38	; 0x26
    122e:	0e 94 49 00 	call	0x92	; 0x92 <__fixunssfsi>
    1232:	dc 01       	movw	r26, r24
    1234:	cb 01       	movw	r24, r22
    1236:	9a a3       	std	Y+34, r25	; 0x22
    1238:	89 a3       	std	Y+33, r24	; 0x21
    123a:	89 a1       	ldd	r24, Y+33	; 0x21
    123c:	9a a1       	ldd	r25, Y+34	; 0x22
    123e:	9e 8f       	std	Y+30, r25	; 0x1e
    1240:	8d 8f       	std	Y+29, r24	; 0x1d
    1242:	8d 8d       	ldd	r24, Y+29	; 0x1d
    1244:	9e 8d       	ldd	r25, Y+30	; 0x1e
    1246:	01 97       	sbiw	r24, 0x01	; 1
    1248:	f1 f7       	brne	.-4      	; 0x1246 <LCD_sendChar+0x1ea>
    124a:	9e 8f       	std	Y+30, r25	; 0x1e
    124c:	8d 8f       	std	Y+29, r24	; 0x1d
	_delay_ms(1);
#if(LCD_MODE==8)
	GPIO_writePort(LCD_DATA_PORT_ID, data);
    124e:	82 e0       	ldi	r24, 0x02	; 2
    1250:	69 ad       	ldd	r22, Y+57	; 0x39
    1252:	0e 94 4b 10 	call	0x2096	; 0x2096 <GPIO_writePort>
    1256:	80 e0       	ldi	r24, 0x00	; 0
    1258:	90 e0       	ldi	r25, 0x00	; 0
    125a:	a0 e8       	ldi	r26, 0x80	; 128
    125c:	bf e3       	ldi	r27, 0x3F	; 63
    125e:	89 8f       	std	Y+25, r24	; 0x19
    1260:	9a 8f       	std	Y+26, r25	; 0x1a
    1262:	ab 8f       	std	Y+27, r26	; 0x1b
    1264:	bc 8f       	std	Y+28, r27	; 0x1c
 */
void
_delay_ms(double __ms)
{
	uint16_t __ticks;
	double __tmp = ((F_CPU) / 4e3) * __ms;
    1266:	69 8d       	ldd	r22, Y+25	; 0x19
    1268:	7a 8d       	ldd	r23, Y+26	; 0x1a
    126a:	8b 8d       	ldd	r24, Y+27	; 0x1b
    126c:	9c 8d       	ldd	r25, Y+28	; 0x1c
    126e:	20 e0       	ldi	r18, 0x00	; 0
    1270:	30 e0       	ldi	r19, 0x00	; 0
    1272:	4a ef       	ldi	r20, 0xFA	; 250
    1274:	54 e4       	ldi	r21, 0x44	; 68
    1276:	0e 94 1f 02 	call	0x43e	; 0x43e <__mulsf3>
    127a:	dc 01       	movw	r26, r24
    127c:	cb 01       	movw	r24, r22
    127e:	8d 8b       	std	Y+21, r24	; 0x15
    1280:	9e 8b       	std	Y+22, r25	; 0x16
    1282:	af 8b       	std	Y+23, r26	; 0x17
    1284:	b8 8f       	std	Y+24, r27	; 0x18
	if (__tmp < 1.0)
    1286:	6d 89       	ldd	r22, Y+21	; 0x15
    1288:	7e 89       	ldd	r23, Y+22	; 0x16
    128a:	8f 89       	ldd	r24, Y+23	; 0x17
    128c:	98 8d       	ldd	r25, Y+24	; 0x18
    128e:	20 e0       	ldi	r18, 0x00	; 0
    1290:	30 e0       	ldi	r19, 0x00	; 0
    1292:	40 e8       	ldi	r20, 0x80	; 128
    1294:	5f e3       	ldi	r21, 0x3F	; 63
    1296:	0e 94 79 03 	call	0x6f2	; 0x6f2 <__ltsf2>
    129a:	88 23       	and	r24, r24
    129c:	2c f4       	brge	.+10     	; 0x12a8 <LCD_sendChar+0x24c>
		__ticks = 1;
    129e:	81 e0       	ldi	r24, 0x01	; 1
    12a0:	90 e0       	ldi	r25, 0x00	; 0
    12a2:	9c 8b       	std	Y+20, r25	; 0x14
    12a4:	8b 8b       	std	Y+19, r24	; 0x13
    12a6:	3f c0       	rjmp	.+126    	; 0x1326 <LCD_sendChar+0x2ca>
	else if (__tmp > 65535)
    12a8:	6d 89       	ldd	r22, Y+21	; 0x15
    12aa:	7e 89       	ldd	r23, Y+22	; 0x16
    12ac:	8f 89       	ldd	r24, Y+23	; 0x17
    12ae:	98 8d       	ldd	r25, Y+24	; 0x18
    12b0:	20 e0       	ldi	r18, 0x00	; 0
    12b2:	3f ef       	ldi	r19, 0xFF	; 255
    12b4:	4f e7       	ldi	r20, 0x7F	; 127
    12b6:	57 e4       	ldi	r21, 0x47	; 71
    12b8:	0e 94 19 03 	call	0x632	; 0x632 <__gtsf2>
    12bc:	18 16       	cp	r1, r24
    12be:	4c f5       	brge	.+82     	; 0x1312 <LCD_sendChar+0x2b6>
	{
		//	__ticks = requested delay in 1/10 ms
		__ticks = (uint16_t) (__ms * 10.0);
    12c0:	69 8d       	ldd	r22, Y+25	; 0x19
    12c2:	7a 8d       	ldd	r23, Y+26	; 0x1a
    12c4:	8b 8d       	ldd	r24, Y+27	; 0x1b
    12c6:	9c 8d       	ldd	r25, Y+28	; 0x1c
    12c8:	20 e0       	ldi	r18, 0x00	; 0
    12ca:	30 e0       	ldi	r19, 0x00	; 0
    12cc:	40 e2       	ldi	r20, 0x20	; 32
    12ce:	51 e4       	ldi	r21, 0x41	; 65
    12d0:	0e 94 1f 02 	call	0x43e	; 0x43e <__mulsf3>
    12d4:	dc 01       	movw	r26, r24
    12d6:	cb 01       	movw	r24, r22
    12d8:	bc 01       	movw	r22, r24
    12da:	cd 01       	movw	r24, r26
    12dc:	0e 94 49 00 	call	0x92	; 0x92 <__fixunssfsi>
    12e0:	dc 01       	movw	r26, r24
    12e2:	cb 01       	movw	r24, r22
    12e4:	9c 8b       	std	Y+20, r25	; 0x14
    12e6:	8b 8b       	std	Y+19, r24	; 0x13
    12e8:	0f c0       	rjmp	.+30     	; 0x1308 <LCD_sendChar+0x2ac>
    12ea:	88 ec       	ldi	r24, 0xC8	; 200
    12ec:	90 e0       	ldi	r25, 0x00	; 0
    12ee:	9a 8b       	std	Y+18, r25	; 0x12
    12f0:	89 8b       	std	Y+17, r24	; 0x11
    12f2:	89 89       	ldd	r24, Y+17	; 0x11
    12f4:	9a 89       	ldd	r25, Y+18	; 0x12
    12f6:	01 97       	sbiw	r24, 0x01	; 1
    12f8:	f1 f7       	brne	.-4      	; 0x12f6 <LCD_sendChar+0x29a>
    12fa:	9a 8b       	std	Y+18, r25	; 0x12
    12fc:	89 8b       	std	Y+17, r24	; 0x11
		while(__ticks)
		{
			// wait 1/10 ms
			_delay_loop_2(((F_CPU) / 4e3) / 10);
			__ticks --;
    12fe:	8b 89       	ldd	r24, Y+19	; 0x13
    1300:	9c 89       	ldd	r25, Y+20	; 0x14
    1302:	01 97       	sbiw	r24, 0x01	; 1
    1304:	9c 8b       	std	Y+20, r25	; 0x14
    1306:	8b 8b       	std	Y+19, r24	; 0x13
		__ticks = 1;
	else if (__tmp > 65535)
	{
		//	__ticks = requested delay in 1/10 ms
		__ticks = (uint16_t) (__ms * 10.0);
		while(__ticks)
    1308:	8b 89       	ldd	r24, Y+19	; 0x13
    130a:	9c 89       	ldd	r25, Y+20	; 0x14
    130c:	00 97       	sbiw	r24, 0x00	; 0
    130e:	69 f7       	brne	.-38     	; 0x12ea <LCD_sendChar+0x28e>
    1310:	14 c0       	rjmp	.+40     	; 0x133a <LCD_sendChar+0x2de>
			__ticks --;
		}
		return;
	}
	else
		__ticks = (uint16_t)__tmp;
    1312:	6d 89       	ldd	r22, Y+21	; 0x15
    1314:	7e 89       	ldd	r23, Y+22	; 0x16
    1316:	8f 89       	ldd	r24, Y+23	; 0x17
    1318:	98 8d       	ldd	r25, Y+24	; 0x18
    131a:	0e 94 49 00 	call	0x92	; 0x92 <__fixunssfsi>
    131e:	dc 01       	movw	r26, r24
    1320:	cb 01       	movw	r24, r22
    1322:	9c 8b       	std	Y+20, r25	; 0x14
    1324:	8b 8b       	std	Y+19, r24	; 0x13
    1326:	8b 89       	ldd	r24, Y+19	; 0x13
    1328:	9c 89       	ldd	r25, Y+20	; 0x14
    132a:	98 8b       	std	Y+16, r25	; 0x10
    132c:	8f 87       	std	Y+15, r24	; 0x0f
    132e:	8f 85       	ldd	r24, Y+15	; 0x0f
    1330:	98 89       	ldd	r25, Y+16	; 0x10
    1332:	01 97       	sbiw	r24, 0x01	; 1
    1334:	f1 f7       	brne	.-4      	; 0x1332 <LCD_sendChar+0x2d6>
    1336:	98 8b       	std	Y+16, r25	; 0x10
    1338:	8f 87       	std	Y+15, r24	; 0x0f
	_delay_ms(1);
	GPIO_writePin(LCD_E_PORT_ID, LCD_E_PIN_ID, LOGIC_LOW);
    133a:	83 e0       	ldi	r24, 0x03	; 3
    133c:	62 e0       	ldi	r22, 0x02	; 2
    133e:	40 e0       	ldi	r20, 0x00	; 0
    1340:	0e 94 67 0e 	call	0x1cce	; 0x1cce <GPIO_writePin>
    1344:	80 e0       	ldi	r24, 0x00	; 0
    1346:	90 e0       	ldi	r25, 0x00	; 0
    1348:	a0 e8       	ldi	r26, 0x80	; 128
    134a:	bf e3       	ldi	r27, 0x3F	; 63
    134c:	8b 87       	std	Y+11, r24	; 0x0b
    134e:	9c 87       	std	Y+12, r25	; 0x0c
    1350:	ad 87       	std	Y+13, r26	; 0x0d
    1352:	be 87       	std	Y+14, r27	; 0x0e
 */
void
_delay_ms(double __ms)
{
	uint16_t __ticks;
	double __tmp = ((F_CPU) / 4e3) * __ms;
    1354:	6b 85       	ldd	r22, Y+11	; 0x0b
    1356:	7c 85       	ldd	r23, Y+12	; 0x0c
    1358:	8d 85       	ldd	r24, Y+13	; 0x0d
    135a:	9e 85       	ldd	r25, Y+14	; 0x0e
    135c:	20 e0       	ldi	r18, 0x00	; 0
    135e:	30 e0       	ldi	r19, 0x00	; 0
    1360:	4a ef       	ldi	r20, 0xFA	; 250
    1362:	54 e4       	ldi	r21, 0x44	; 68
    1364:	0e 94 1f 02 	call	0x43e	; 0x43e <__mulsf3>
    1368:	dc 01       	movw	r26, r24
    136a:	cb 01       	movw	r24, r22
    136c:	8f 83       	std	Y+7, r24	; 0x07
    136e:	98 87       	std	Y+8, r25	; 0x08
    1370:	a9 87       	std	Y+9, r26	; 0x09
    1372:	ba 87       	std	Y+10, r27	; 0x0a
	if (__tmp < 1.0)
    1374:	6f 81       	ldd	r22, Y+7	; 0x07
    1376:	78 85       	ldd	r23, Y+8	; 0x08
    1378:	89 85       	ldd	r24, Y+9	; 0x09
    137a:	9a 85       	ldd	r25, Y+10	; 0x0a
    137c:	20 e0       	ldi	r18, 0x00	; 0
    137e:	30 e0       	ldi	r19, 0x00	; 0
    1380:	40 e8       	ldi	r20, 0x80	; 128
    1382:	5f e3       	ldi	r21, 0x3F	; 63
    1384:	0e 94 79 03 	call	0x6f2	; 0x6f2 <__ltsf2>
    1388:	88 23       	and	r24, r24
    138a:	2c f4       	brge	.+10     	; 0x1396 <LCD_sendChar+0x33a>
		__ticks = 1;
    138c:	81 e0       	ldi	r24, 0x01	; 1
    138e:	90 e0       	ldi	r25, 0x00	; 0
    1390:	9e 83       	std	Y+6, r25	; 0x06
    1392:	8d 83       	std	Y+5, r24	; 0x05
    1394:	3f c0       	rjmp	.+126    	; 0x1414 <LCD_sendChar+0x3b8>
	else if (__tmp > 65535)
    1396:	6f 81       	ldd	r22, Y+7	; 0x07
    1398:	78 85       	ldd	r23, Y+8	; 0x08
    139a:	89 85       	ldd	r24, Y+9	; 0x09
    139c:	9a 85       	ldd	r25, Y+10	; 0x0a
    139e:	20 e0       	ldi	r18, 0x00	; 0
    13a0:	3f ef       	ldi	r19, 0xFF	; 255
    13a2:	4f e7       	ldi	r20, 0x7F	; 127
    13a4:	57 e4       	ldi	r21, 0x47	; 71
    13a6:	0e 94 19 03 	call	0x632	; 0x632 <__gtsf2>
    13aa:	18 16       	cp	r1, r24
    13ac:	4c f5       	brge	.+82     	; 0x1400 <LCD_sendChar+0x3a4>
	{
		//	__ticks = requested delay in 1/10 ms
		__ticks = (uint16_t) (__ms * 10.0);
    13ae:	6b 85       	ldd	r22, Y+11	; 0x0b
    13b0:	7c 85       	ldd	r23, Y+12	; 0x0c
    13b2:	8d 85       	ldd	r24, Y+13	; 0x0d
    13b4:	9e 85       	ldd	r25, Y+14	; 0x0e
    13b6:	20 e0       	ldi	r18, 0x00	; 0
    13b8:	30 e0       	ldi	r19, 0x00	; 0
    13ba:	40 e2       	ldi	r20, 0x20	; 32
    13bc:	51 e4       	ldi	r21, 0x41	; 65
    13be:	0e 94 1f 02 	call	0x43e	; 0x43e <__mulsf3>
    13c2:	dc 01       	movw	r26, r24
    13c4:	cb 01       	movw	r24, r22
    13c6:	bc 01       	movw	r22, r24
    13c8:	cd 01       	movw	r24, r26
    13ca:	0e 94 49 00 	call	0x92	; 0x92 <__fixunssfsi>
    13ce:	dc 01       	movw	r26, r24
    13d0:	cb 01       	movw	r24, r22
    13d2:	9e 83       	std	Y+6, r25	; 0x06
    13d4:	8d 83       	std	Y+5, r24	; 0x05
    13d6:	0f c0       	rjmp	.+30     	; 0x13f6 <LCD_sendChar+0x39a>
    13d8:	88 ec       	ldi	r24, 0xC8	; 200
    13da:	90 e0       	ldi	r25, 0x00	; 0
    13dc:	9c 83       	std	Y+4, r25	; 0x04
    13de:	8b 83       	std	Y+3, r24	; 0x03
    13e0:	8b 81       	ldd	r24, Y+3	; 0x03
    13e2:	9c 81       	ldd	r25, Y+4	; 0x04
    13e4:	01 97       	sbiw	r24, 0x01	; 1
    13e6:	f1 f7       	brne	.-4      	; 0x13e4 <LCD_sendChar+0x388>
    13e8:	9c 83       	std	Y+4, r25	; 0x04
    13ea:	8b 83       	std	Y+3, r24	; 0x03
		while(__ticks)
		{
			// wait 1/10 ms
			_delay_loop_2(((F_CPU) / 4e3) / 10);
			__ticks --;
    13ec:	8d 81       	ldd	r24, Y+5	; 0x05
    13ee:	9e 81       	ldd	r25, Y+6	; 0x06
    13f0:	01 97       	sbiw	r24, 0x01	; 1
    13f2:	9e 83       	std	Y+6, r25	; 0x06
    13f4:	8d 83       	std	Y+5, r24	; 0x05
		__ticks = 1;
	else if (__tmp > 65535)
	{
		//	__ticks = requested delay in 1/10 ms
		__ticks = (uint16_t) (__ms * 10.0);
		while(__ticks)
    13f6:	8d 81       	ldd	r24, Y+5	; 0x05
    13f8:	9e 81       	ldd	r25, Y+6	; 0x06
    13fa:	00 97       	sbiw	r24, 0x00	; 0
    13fc:	69 f7       	brne	.-38     	; 0x13d8 <LCD_sendChar+0x37c>
    13fe:	14 c0       	rjmp	.+40     	; 0x1428 <LCD_sendChar+0x3cc>
			__ticks --;
		}
		return;
	}
	else
		__ticks = (uint16_t)__tmp;
    1400:	6f 81       	ldd	r22, Y+7	; 0x07
    1402:	78 85       	ldd	r23, Y+8	; 0x08
    1404:	89 85       	ldd	r24, Y+9	; 0x09
    1406:	9a 85       	ldd	r25, Y+10	; 0x0a
    1408:	0e 94 49 00 	call	0x92	; 0x92 <__fixunssfsi>
    140c:	dc 01       	movw	r26, r24
    140e:	cb 01       	movw	r24, r22
    1410:	9e 83       	std	Y+6, r25	; 0x06
    1412:	8d 83       	std	Y+5, r24	; 0x05
    1414:	8d 81       	ldd	r24, Y+5	; 0x05
    1416:	9e 81       	ldd	r25, Y+6	; 0x06
    1418:	9a 83       	std	Y+2, r25	; 0x02
    141a:	89 83       	std	Y+1, r24	; 0x01
    141c:	89 81       	ldd	r24, Y+1	; 0x01
    141e:	9a 81       	ldd	r25, Y+2	; 0x02
    1420:	01 97       	sbiw	r24, 0x01	; 1
    1422:	f1 f7       	brne	.-4      	; 0x1420 <LCD_sendChar+0x3c4>
    1424:	9a 83       	std	Y+2, r25	; 0x02
    1426:	89 83       	std	Y+1, r24	; 0x01
	GPIO_writePin(LCD_DATA_PORT_ID, LCD_D7_PIN_ID, GET_BIT(data, 3));
	_delay_ms(1);
	GPIO_writePin(LCD_E_PORT_ID, LCD_E_PIN_ID, LOGIC_LOW);
	_delay_ms(1);
#endif
}
    1428:	e9 96       	adiw	r28, 0x39	; 57
    142a:	0f b6       	in	r0, 0x3f	; 63
    142c:	f8 94       	cli
    142e:	de bf       	out	0x3e, r29	; 62
    1430:	0f be       	out	0x3f, r0	; 63
    1432:	cd bf       	out	0x3d, r28	; 61
    1434:	cf 91       	pop	r28
    1436:	df 91       	pop	r29
    1438:	08 95       	ret

0000143a <LCD_displayString>:

/*
 * Description :
 * Display the required string on the screen
 */
void LCD_displayString(const char *Str) {
    143a:	df 93       	push	r29
    143c:	cf 93       	push	r28
    143e:	00 d0       	rcall	.+0      	; 0x1440 <LCD_displayString+0x6>
    1440:	0f 92       	push	r0
    1442:	cd b7       	in	r28, 0x3d	; 61
    1444:	de b7       	in	r29, 0x3e	; 62
    1446:	9b 83       	std	Y+3, r25	; 0x03
    1448:	8a 83       	std	Y+2, r24	; 0x02
	uint8 counter = 0;
    144a:	19 82       	std	Y+1, r1	; 0x01
    144c:	0e c0       	rjmp	.+28     	; 0x146a <LCD_displayString+0x30>
	while (Str[counter] != '\0') {
		LCD_sendChar(Str[counter]);
    144e:	89 81       	ldd	r24, Y+1	; 0x01
    1450:	28 2f       	mov	r18, r24
    1452:	30 e0       	ldi	r19, 0x00	; 0
    1454:	8a 81       	ldd	r24, Y+2	; 0x02
    1456:	9b 81       	ldd	r25, Y+3	; 0x03
    1458:	fc 01       	movw	r30, r24
    145a:	e2 0f       	add	r30, r18
    145c:	f3 1f       	adc	r31, r19
    145e:	80 81       	ld	r24, Z
    1460:	0e 94 2e 08 	call	0x105c	; 0x105c <LCD_sendChar>
		counter++;
    1464:	89 81       	ldd	r24, Y+1	; 0x01
    1466:	8f 5f       	subi	r24, 0xFF	; 255
    1468:	89 83       	std	Y+1, r24	; 0x01
 * Description :
 * Display the required string on the screen
 */
void LCD_displayString(const char *Str) {
	uint8 counter = 0;
	while (Str[counter] != '\0') {
    146a:	89 81       	ldd	r24, Y+1	; 0x01
    146c:	28 2f       	mov	r18, r24
    146e:	30 e0       	ldi	r19, 0x00	; 0
    1470:	8a 81       	ldd	r24, Y+2	; 0x02
    1472:	9b 81       	ldd	r25, Y+3	; 0x03
    1474:	fc 01       	movw	r30, r24
    1476:	e2 0f       	add	r30, r18
    1478:	f3 1f       	adc	r31, r19
    147a:	80 81       	ld	r24, Z
    147c:	88 23       	and	r24, r24
    147e:	39 f7       	brne	.-50     	; 0x144e <LCD_displayString+0x14>
		LCD_sendChar(Str[counter]);
		counter++;
	}
}
    1480:	0f 90       	pop	r0
    1482:	0f 90       	pop	r0
    1484:	0f 90       	pop	r0
    1486:	cf 91       	pop	r28
    1488:	df 91       	pop	r29
    148a:	08 95       	ret

0000148c <LCD_moveCursor>:

/*
 * Description :
 * Move the cursor to a specified row and column index on the screen
 */
void LCD_moveCursor(uint8 row, uint8 col) {
    148c:	df 93       	push	r29
    148e:	cf 93       	push	r28
    1490:	00 d0       	rcall	.+0      	; 0x1492 <LCD_moveCursor+0x6>
    1492:	00 d0       	rcall	.+0      	; 0x1494 <LCD_moveCursor+0x8>
    1494:	0f 92       	push	r0
    1496:	cd b7       	in	r28, 0x3d	; 61
    1498:	de b7       	in	r29, 0x3e	; 62
    149a:	8a 83       	std	Y+2, r24	; 0x02
    149c:	6b 83       	std	Y+3, r22	; 0x03
	uint8 final_position = 0;
    149e:	19 82       	std	Y+1, r1	; 0x01
	switch (row) {
    14a0:	8a 81       	ldd	r24, Y+2	; 0x02
    14a2:	28 2f       	mov	r18, r24
    14a4:	30 e0       	ldi	r19, 0x00	; 0
    14a6:	3d 83       	std	Y+5, r19	; 0x05
    14a8:	2c 83       	std	Y+4, r18	; 0x04
    14aa:	8c 81       	ldd	r24, Y+4	; 0x04
    14ac:	9d 81       	ldd	r25, Y+5	; 0x05
    14ae:	81 30       	cpi	r24, 0x01	; 1
    14b0:	91 05       	cpc	r25, r1
    14b2:	c1 f0       	breq	.+48     	; 0x14e4 <LCD_moveCursor+0x58>
    14b4:	2c 81       	ldd	r18, Y+4	; 0x04
    14b6:	3d 81       	ldd	r19, Y+5	; 0x05
    14b8:	22 30       	cpi	r18, 0x02	; 2
    14ba:	31 05       	cpc	r19, r1
    14bc:	2c f4       	brge	.+10     	; 0x14c8 <LCD_moveCursor+0x3c>
    14be:	8c 81       	ldd	r24, Y+4	; 0x04
    14c0:	9d 81       	ldd	r25, Y+5	; 0x05
    14c2:	00 97       	sbiw	r24, 0x00	; 0
    14c4:	61 f0       	breq	.+24     	; 0x14de <LCD_moveCursor+0x52>
    14c6:	19 c0       	rjmp	.+50     	; 0x14fa <LCD_moveCursor+0x6e>
    14c8:	2c 81       	ldd	r18, Y+4	; 0x04
    14ca:	3d 81       	ldd	r19, Y+5	; 0x05
    14cc:	22 30       	cpi	r18, 0x02	; 2
    14ce:	31 05       	cpc	r19, r1
    14d0:	69 f0       	breq	.+26     	; 0x14ec <LCD_moveCursor+0x60>
    14d2:	8c 81       	ldd	r24, Y+4	; 0x04
    14d4:	9d 81       	ldd	r25, Y+5	; 0x05
    14d6:	83 30       	cpi	r24, 0x03	; 3
    14d8:	91 05       	cpc	r25, r1
    14da:	61 f0       	breq	.+24     	; 0x14f4 <LCD_moveCursor+0x68>
    14dc:	0e c0       	rjmp	.+28     	; 0x14fa <LCD_moveCursor+0x6e>
	case 0:
		final_position = 0x00 + col;
    14de:	8b 81       	ldd	r24, Y+3	; 0x03
    14e0:	89 83       	std	Y+1, r24	; 0x01
    14e2:	0b c0       	rjmp	.+22     	; 0x14fa <LCD_moveCursor+0x6e>
		break;
	case 1:
		final_position = 0x40 + col;
    14e4:	8b 81       	ldd	r24, Y+3	; 0x03
    14e6:	80 5c       	subi	r24, 0xC0	; 192
    14e8:	89 83       	std	Y+1, r24	; 0x01
    14ea:	07 c0       	rjmp	.+14     	; 0x14fa <LCD_moveCursor+0x6e>
		break;
	case 2:
		final_position = 0x10 + col;
    14ec:	8b 81       	ldd	r24, Y+3	; 0x03
    14ee:	80 5f       	subi	r24, 0xF0	; 240
    14f0:	89 83       	std	Y+1, r24	; 0x01
    14f2:	03 c0       	rjmp	.+6      	; 0x14fa <LCD_moveCursor+0x6e>
		break;
	case 3:
		final_position = 0x50 + col;
    14f4:	8b 81       	ldd	r24, Y+3	; 0x03
    14f6:	80 5b       	subi	r24, 0xB0	; 176
    14f8:	89 83       	std	Y+1, r24	; 0x01
		break;
	}
	LCD_sendCommand(final_position + LCD_SET_CURSOR_LOCATION);
    14fa:	89 81       	ldd	r24, Y+1	; 0x01
    14fc:	80 58       	subi	r24, 0x80	; 128
    14fe:	0e 94 a3 05 	call	0xb46	; 0xb46 <LCD_sendCommand>
}
    1502:	0f 90       	pop	r0
    1504:	0f 90       	pop	r0
    1506:	0f 90       	pop	r0
    1508:	0f 90       	pop	r0
    150a:	0f 90       	pop	r0
    150c:	cf 91       	pop	r28
    150e:	df 91       	pop	r29
    1510:	08 95       	ret

00001512 <LCD_displayStringRowColumn>:

/*
 * Description :
 * Display the required string in a specified row and column index on the screen
 */
void LCD_displayStringRowColumn(uint8 row, uint8 col, const char *Str) {
    1512:	df 93       	push	r29
    1514:	cf 93       	push	r28
    1516:	00 d0       	rcall	.+0      	; 0x1518 <LCD_displayStringRowColumn+0x6>
    1518:	00 d0       	rcall	.+0      	; 0x151a <LCD_displayStringRowColumn+0x8>
    151a:	cd b7       	in	r28, 0x3d	; 61
    151c:	de b7       	in	r29, 0x3e	; 62
    151e:	89 83       	std	Y+1, r24	; 0x01
    1520:	6a 83       	std	Y+2, r22	; 0x02
    1522:	5c 83       	std	Y+4, r21	; 0x04
    1524:	4b 83       	std	Y+3, r20	; 0x03
	LCD_moveCursor(row, col);
    1526:	89 81       	ldd	r24, Y+1	; 0x01
    1528:	6a 81       	ldd	r22, Y+2	; 0x02
    152a:	0e 94 46 0a 	call	0x148c	; 0x148c <LCD_moveCursor>
	LCD_displayString(Str);
    152e:	8b 81       	ldd	r24, Y+3	; 0x03
    1530:	9c 81       	ldd	r25, Y+4	; 0x04
    1532:	0e 94 1d 0a 	call	0x143a	; 0x143a <LCD_displayString>

}
    1536:	0f 90       	pop	r0
    1538:	0f 90       	pop	r0
    153a:	0f 90       	pop	r0
    153c:	0f 90       	pop	r0
    153e:	cf 91       	pop	r28
    1540:	df 91       	pop	r29
    1542:	08 95       	ret

00001544 <LCD_clearScreen>:

/*
 * Description :
 * Send the clear screen command
 */
void LCD_clearScreen(void) {
    1544:	df 93       	push	r29
    1546:	cf 93       	push	r28
    1548:	cd b7       	in	r28, 0x3d	; 61
    154a:	de b7       	in	r29, 0x3e	; 62
	LCD_sendCommand(LCD_CLEAR_COMMAND);
    154c:	81 e0       	ldi	r24, 0x01	; 1
    154e:	0e 94 a3 05 	call	0xb46	; 0xb46 <LCD_sendCommand>
}
    1552:	cf 91       	pop	r28
    1554:	df 91       	pop	r29
    1556:	08 95       	ret

00001558 <LCD_intgerToString>:

/*
 * Description :
 * Display the required decimal value on the screen
 */
void LCD_intgerToString(uint16 data) {
    1558:	df 93       	push	r29
    155a:	cf 93       	push	r28
    155c:	cd b7       	in	r28, 0x3d	; 61
    155e:	de b7       	in	r29, 0x3e	; 62
    1560:	62 97       	sbiw	r28, 0x12	; 18
    1562:	0f b6       	in	r0, 0x3f	; 63
    1564:	f8 94       	cli
    1566:	de bf       	out	0x3e, r29	; 62
    1568:	0f be       	out	0x3f, r0	; 63
    156a:	cd bf       	out	0x3d, r28	; 61
    156c:	9a 8b       	std	Y+18, r25	; 0x12
    156e:	89 8b       	std	Y+17, r24	; 0x11
	char buffer[16];
	itoa(data, buffer, 10);
    1570:	89 89       	ldd	r24, Y+17	; 0x11
    1572:	9a 89       	ldd	r25, Y+18	; 0x12
    1574:	9e 01       	movw	r18, r28
    1576:	2f 5f       	subi	r18, 0xFF	; 255
    1578:	3f 4f       	sbci	r19, 0xFF	; 255
    157a:	b9 01       	movw	r22, r18
    157c:	4a e0       	ldi	r20, 0x0A	; 10
    157e:	50 e0       	ldi	r21, 0x00	; 0
    1580:	0e 94 45 16 	call	0x2c8a	; 0x2c8a <itoa>
	LCD_displayString(buffer);
    1584:	ce 01       	movw	r24, r28
    1586:	01 96       	adiw	r24, 0x01	; 1
    1588:	0e 94 1d 0a 	call	0x143a	; 0x143a <LCD_displayString>

}
    158c:	62 96       	adiw	r28, 0x12	; 18
    158e:	0f b6       	in	r0, 0x3f	; 63
    1590:	f8 94       	cli
    1592:	de bf       	out	0x3e, r29	; 62
    1594:	0f be       	out	0x3f, r0	; 63
    1596:	cd bf       	out	0x3d, r28	; 61
    1598:	cf 91       	pop	r28
    159a:	df 91       	pop	r29
    159c:	08 95       	ret

0000159e <_10SEC_delay>:
#include <util/delay.h>
/* global variable, flag and a function for the 10 sec. delay
 * */
uint8 g_tick = 0;
boolean flag = FALSE;
void _10SEC_delay() {
    159e:	df 93       	push	r29
    15a0:	cf 93       	push	r28
    15a2:	cd b7       	in	r28, 0x3d	; 61
    15a4:	de b7       	in	r29, 0x3e	; 62
	g_tick++;
    15a6:	80 91 f2 02 	lds	r24, 0x02F2
    15aa:	8f 5f       	subi	r24, 0xFF	; 255
    15ac:	80 93 f2 02 	sts	0x02F2, r24
	if (g_tick == 5) {
    15b0:	80 91 f2 02 	lds	r24, 0x02F2
    15b4:	85 30       	cpi	r24, 0x05	; 5
    15b6:	29 f4       	brne	.+10     	; 0x15c2 <_10SEC_delay+0x24>
		flag = TRUE;
    15b8:	81 e0       	ldi	r24, 0x01	; 1
    15ba:	80 93 f3 02 	sts	0x02F3, r24
		g_tick = 0;
    15be:	10 92 f2 02 	sts	0x02F2, r1
	}
}
    15c2:	cf 91       	pop	r28
    15c4:	df 91       	pop	r29
    15c6:	08 95       	ret

000015c8 <main>:
 * */
#define HMI_READY 0x10
#define HMI_STOP 0x11
#define SEND_AGAIN_ERROR 0x12

int main() {
    15c8:	df 93       	push	r29
    15ca:	cf 93       	push	r28
    15cc:	cd b7       	in	r28, 0x3d	; 61
    15ce:	de b7       	in	r29, 0x3e	; 62
    15d0:	a9 97       	sbiw	r28, 0x29	; 41
    15d2:	0f b6       	in	r0, 0x3f	; 63
    15d4:	f8 94       	cli
    15d6:	de bf       	out	0x3e, r29	; 62
    15d8:	0f be       	out	0x3f, r0	; 63
    15da:	cd bf       	out	0x3d, r28	; 61
	/*initializing modules
	 * */
	LCD_init();
    15dc:	0e 94 92 07 	call	0xf24	; 0xf24 <LCD_init>
	UART_ConfigType uart_configurations = { BIT_8, NO_PARITY, ONE_BIT,
			BAUD_RATE_9600 };
    15e0:	9e 01       	movw	r18, r28
    15e2:	24 5f       	subi	r18, 0xF4	; 244
    15e4:	3f 4f       	sbci	r19, 0xFF	; 255
    15e6:	39 a3       	std	Y+33, r19	; 0x21
    15e8:	28 a3       	std	Y+32, r18	; 0x20
    15ea:	8c ee       	ldi	r24, 0xEC	; 236
    15ec:	92 e0       	ldi	r25, 0x02	; 2
    15ee:	9b a3       	std	Y+35, r25	; 0x23
    15f0:	8a a3       	std	Y+34, r24	; 0x22
    15f2:	95 e0       	ldi	r25, 0x05	; 5
    15f4:	9c a3       	std	Y+36, r25	; 0x24
    15f6:	ea a1       	ldd	r30, Y+34	; 0x22
    15f8:	fb a1       	ldd	r31, Y+35	; 0x23
    15fa:	00 80       	ld	r0, Z
    15fc:	2a a1       	ldd	r18, Y+34	; 0x22
    15fe:	3b a1       	ldd	r19, Y+35	; 0x23
    1600:	2f 5f       	subi	r18, 0xFF	; 255
    1602:	3f 4f       	sbci	r19, 0xFF	; 255
    1604:	3b a3       	std	Y+35, r19	; 0x23
    1606:	2a a3       	std	Y+34, r18	; 0x22
    1608:	e8 a1       	ldd	r30, Y+32	; 0x20
    160a:	f9 a1       	ldd	r31, Y+33	; 0x21
    160c:	00 82       	st	Z, r0
    160e:	28 a1       	ldd	r18, Y+32	; 0x20
    1610:	39 a1       	ldd	r19, Y+33	; 0x21
    1612:	2f 5f       	subi	r18, 0xFF	; 255
    1614:	3f 4f       	sbci	r19, 0xFF	; 255
    1616:	39 a3       	std	Y+33, r19	; 0x21
    1618:	28 a3       	std	Y+32, r18	; 0x20
    161a:	3c a1       	ldd	r19, Y+36	; 0x24
    161c:	31 50       	subi	r19, 0x01	; 1
    161e:	3c a3       	std	Y+36, r19	; 0x24
    1620:	8c a1       	ldd	r24, Y+36	; 0x24
    1622:	88 23       	and	r24, r24
    1624:	41 f7       	brne	.-48     	; 0x15f6 <main+0x2e>
	UART_init(&uart_configurations);
    1626:	ce 01       	movw	r24, r28
    1628:	0c 96       	adiw	r24, 0x0c	; 12
    162a:	0e 94 f0 14 	call	0x29e0	; 0x29e0 <UART_init>
	Timer_ConfigType timer_configurations = { 0, 15625, TIMER1, CLK_1024, CTC };
    162e:	fe 01       	movw	r30, r28
    1630:	71 96       	adiw	r30, 0x11	; 17
    1632:	fe a3       	std	Y+38, r31	; 0x26
    1634:	ed a3       	std	Y+37, r30	; 0x25
    1636:	25 ee       	ldi	r18, 0xE5	; 229
    1638:	32 e0       	ldi	r19, 0x02	; 2
    163a:	38 a7       	std	Y+40, r19	; 0x28
    163c:	2f a3       	std	Y+39, r18	; 0x27
    163e:	37 e0       	ldi	r19, 0x07	; 7
    1640:	39 a7       	std	Y+41, r19	; 0x29
    1642:	ef a1       	ldd	r30, Y+39	; 0x27
    1644:	f8 a5       	ldd	r31, Y+40	; 0x28
    1646:	00 80       	ld	r0, Z
    1648:	2f a1       	ldd	r18, Y+39	; 0x27
    164a:	38 a5       	ldd	r19, Y+40	; 0x28
    164c:	2f 5f       	subi	r18, 0xFF	; 255
    164e:	3f 4f       	sbci	r19, 0xFF	; 255
    1650:	38 a7       	std	Y+40, r19	; 0x28
    1652:	2f a3       	std	Y+39, r18	; 0x27
    1654:	ed a1       	ldd	r30, Y+37	; 0x25
    1656:	fe a1       	ldd	r31, Y+38	; 0x26
    1658:	00 82       	st	Z, r0
    165a:	2d a1       	ldd	r18, Y+37	; 0x25
    165c:	3e a1       	ldd	r19, Y+38	; 0x26
    165e:	2f 5f       	subi	r18, 0xFF	; 255
    1660:	3f 4f       	sbci	r19, 0xFF	; 255
    1662:	3e a3       	std	Y+38, r19	; 0x26
    1664:	2d a3       	std	Y+37, r18	; 0x25
    1666:	39 a5       	ldd	r19, Y+41	; 0x29
    1668:	31 50       	subi	r19, 0x01	; 1
    166a:	39 a7       	std	Y+41, r19	; 0x29
    166c:	89 a5       	ldd	r24, Y+41	; 0x29
    166e:	88 23       	and	r24, r24
    1670:	41 f7       	brne	.-48     	; 0x1642 <main+0x7a>
	Timer_setCallBack(_10SEC_delay, TIMER1);
    1672:	8f ec       	ldi	r24, 0xCF	; 207
    1674:	9a e0       	ldi	r25, 0x0A	; 10
    1676:	61 e0       	ldi	r22, 0x01	; 1
    1678:	0e 94 c4 14 	call	0x2988	; 0x2988 <Timer_setCallBack>

	/*welcome message
	 * */
	LCD_displayStringRowColumn(0, 0, "Welcome to Vehicle ");
    167c:	20 e6       	ldi	r18, 0x60	; 96
    167e:	30 e0       	ldi	r19, 0x00	; 0
    1680:	80 e0       	ldi	r24, 0x00	; 0
    1682:	60 e0       	ldi	r22, 0x00	; 0
    1684:	a9 01       	movw	r20, r18
    1686:	0e 94 89 0a 	call	0x1512	; 0x1512 <LCD_displayStringRowColumn>
	LCD_displayStringRowColumn(1, 0, "Fault Detection and ");
    168a:	24 e7       	ldi	r18, 0x74	; 116
    168c:	30 e0       	ldi	r19, 0x00	; 0
    168e:	81 e0       	ldi	r24, 0x01	; 1
    1690:	60 e0       	ldi	r22, 0x00	; 0
    1692:	a9 01       	movw	r20, r18
    1694:	0e 94 89 0a 	call	0x1512	; 0x1512 <LCD_displayStringRowColumn>
	LCD_displayStringRowColumn(2, 0, "logging system");
    1698:	29 e8       	ldi	r18, 0x89	; 137
    169a:	30 e0       	ldi	r19, 0x00	; 0
    169c:	82 e0       	ldi	r24, 0x02	; 2
    169e:	60 e0       	ldi	r22, 0x00	; 0
    16a0:	a9 01       	movw	r20, r18
    16a2:	0e 94 89 0a 	call	0x1512	; 0x1512 <LCD_displayStringRowColumn>
	LCD_displayStringRowColumn(3, 0, "press 0 to start");
    16a6:	28 e9       	ldi	r18, 0x98	; 152
    16a8:	30 e0       	ldi	r19, 0x00	; 0
    16aa:	83 e0       	ldi	r24, 0x03	; 3
    16ac:	60 e0       	ldi	r22, 0x00	; 0
    16ae:	a9 01       	movw	r20, r18
    16b0:	0e 94 89 0a 	call	0x1512	; 0x1512 <LCD_displayStringRowColumn>
	/*this variable is used to switch between different cases of the switch
	 * counter used for displaying
	 * */
	uint8 cases;
	cases = KEYPAD_getPressedKey();
    16b4:	0e 94 d7 10 	call	0x21ae	; 0x21ae <KEYPAD_getPressedKey>
    16b8:	8b 87       	std	Y+11, r24	; 0x0b
	uint8 display = 1;
    16ba:	81 e0       	ldi	r24, 0x01	; 1
    16bc:	8a 87       	std	Y+10, r24	; 0x0a

	/*variables to store the date from control ECU
	 * */
	uint8 temp;
	uint8 dis;
	boolean win1 = FALSE;
    16be:	1e 82       	std	Y+6, r1	; 0x06
	boolean win2 = FALSE;
    16c0:	1d 82       	std	Y+5, r1	; 0x05

	while (1) {
		/*always sending to the control ECU the cases
		 * */

		UART_sendByte(cases);
    16c2:	8b 85       	ldd	r24, Y+11	; 0x0b
    16c4:	0e 94 5a 15 	call	0x2ab4	; 0x2ab4 <UART_sendByte>

		switch (cases) {
    16c8:	8b 85       	ldd	r24, Y+11	; 0x0b
    16ca:	e8 2f       	mov	r30, r24
    16cc:	f0 e0       	ldi	r31, 0x00	; 0
    16ce:	ff 8f       	std	Y+31, r31	; 0x1f
    16d0:	ee 8f       	std	Y+30, r30	; 0x1e
    16d2:	2e 8d       	ldd	r18, Y+30	; 0x1e
    16d4:	3f 8d       	ldd	r19, Y+31	; 0x1f
    16d6:	22 30       	cpi	r18, 0x02	; 2
    16d8:	31 05       	cpc	r19, r1
    16da:	09 f4       	brne	.+2      	; 0x16de <main+0x116>
    16dc:	4d c0       	rjmp	.+154    	; 0x1778 <main+0x1b0>
    16de:	8e 8d       	ldd	r24, Y+30	; 0x1e
    16e0:	9f 8d       	ldd	r25, Y+31	; 0x1f
    16e2:	83 30       	cpi	r24, 0x03	; 3
    16e4:	91 05       	cpc	r25, r1
    16e6:	5c f4       	brge	.+22     	; 0x16fe <main+0x136>
    16e8:	ee 8d       	ldd	r30, Y+30	; 0x1e
    16ea:	ff 8d       	ldd	r31, Y+31	; 0x1f
    16ec:	30 97       	sbiw	r30, 0x00	; 0
    16ee:	09 f4       	brne	.+2      	; 0x16f2 <main+0x12a>
    16f0:	e3 c1       	rjmp	.+966    	; 0x1ab8 <main+0x4f0>
    16f2:	2e 8d       	ldd	r18, Y+30	; 0x1e
    16f4:	3f 8d       	ldd	r19, Y+31	; 0x1f
    16f6:	21 30       	cpi	r18, 0x01	; 1
    16f8:	31 05       	cpc	r19, r1
    16fa:	71 f0       	breq	.+28     	; 0x1718 <main+0x150>
    16fc:	e2 cf       	rjmp	.-60     	; 0x16c2 <main+0xfa>
    16fe:	8e 8d       	ldd	r24, Y+30	; 0x1e
    1700:	9f 8d       	ldd	r25, Y+31	; 0x1f
    1702:	83 30       	cpi	r24, 0x03	; 3
    1704:	91 05       	cpc	r25, r1
    1706:	09 f4       	brne	.+2      	; 0x170a <main+0x142>
    1708:	08 c1       	rjmp	.+528    	; 0x191a <main+0x352>
    170a:	ee 8d       	ldd	r30, Y+30	; 0x1e
    170c:	ff 8d       	ldd	r31, Y+31	; 0x1f
    170e:	e4 30       	cpi	r30, 0x04	; 4
    1710:	f1 05       	cpc	r31, r1
    1712:	09 f4       	brne	.+2      	; 0x1716 <main+0x14e>
    1714:	a1 c1       	rjmp	.+834    	; 0x1a58 <main+0x490>
    1716:	d5 cf       	rjmp	.-86     	; 0x16c2 <main+0xfa>
		case 1:
			/*display the message
			 * */

			LCD_displayStringRowColumn(0, 0, "Operation        ");
    1718:	29 ea       	ldi	r18, 0xA9	; 169
    171a:	30 e0       	ldi	r19, 0x00	; 0
    171c:	80 e0       	ldi	r24, 0x00	; 0
    171e:	60 e0       	ldi	r22, 0x00	; 0
    1720:	a9 01       	movw	r20, r18
    1722:	0e 94 89 0a 	call	0x1512	; 0x1512 <LCD_displayStringRowColumn>
			LCD_displayStringRowColumn(1, 0, "Started!         ");
    1726:	2b eb       	ldi	r18, 0xBB	; 187
    1728:	30 e0       	ldi	r19, 0x00	; 0
    172a:	81 e0       	ldi	r24, 0x01	; 1
    172c:	60 e0       	ldi	r22, 0x00	; 0
    172e:	a9 01       	movw	r20, r18
    1730:	0e 94 89 0a 	call	0x1512	; 0x1512 <LCD_displayStringRowColumn>
			LCD_displayStringRowColumn(2, 0, "Monitoring       ");
    1734:	2d ec       	ldi	r18, 0xCD	; 205
    1736:	30 e0       	ldi	r19, 0x00	; 0
    1738:	82 e0       	ldi	r24, 0x02	; 2
    173a:	60 e0       	ldi	r22, 0x00	; 0
    173c:	a9 01       	movw	r20, r18
    173e:	0e 94 89 0a 	call	0x1512	; 0x1512 <LCD_displayStringRowColumn>
			LCD_displayStringRowColumn(3, 0, "Active..         ");
    1742:	2f ed       	ldi	r18, 0xDF	; 223
    1744:	30 e0       	ldi	r19, 0x00	; 0
    1746:	83 e0       	ldi	r24, 0x03	; 3
    1748:	60 e0       	ldi	r22, 0x00	; 0
    174a:	a9 01       	movw	r20, r18
    174c:	0e 94 89 0a 	call	0x1512	; 0x1512 <LCD_displayStringRowColumn>
			/*starting the timer and then waiting 10 sec and then stopping the timer
			 * */
			Timer_init(&timer_configurations);
    1750:	ce 01       	movw	r24, r28
    1752:	41 96       	adiw	r24, 0x11	; 17
    1754:	0e 94 94 13 	call	0x2728	; 0x2728 <Timer_init>
			while (flag == FALSE) {
    1758:	80 91 f3 02 	lds	r24, 0x02F3
    175c:	88 23       	and	r24, r24
    175e:	e1 f3       	breq	.-8      	; 0x1758 <main+0x190>
			}
			if (flag == TRUE) {
    1760:	80 91 f3 02 	lds	r24, 0x02F3
    1764:	81 30       	cpi	r24, 0x01	; 1
    1766:	09 f0       	breq	.+2      	; 0x176a <main+0x1a2>
    1768:	ac cf       	rjmp	.-168    	; 0x16c2 <main+0xfa>
				/*going to main case which it is the main menu
				 * */
				Timer_deInit(TIMER1);
    176a:	81 e0       	ldi	r24, 0x01	; 1
    176c:	0e 94 5a 14 	call	0x28b4	; 0x28b4 <Timer_deInit>
				cases = 0;
    1770:	1b 86       	std	Y+11, r1	; 0x0b
				flag = FALSE;
    1772:	10 92 f3 02 	sts	0x02F3, r1
    1776:	a5 cf       	rjmp	.-182    	; 0x16c2 <main+0xfa>

		case 2:
			/*starting the timer
			 * */

			Timer_init(&timer_configurations);
    1778:	ce 01       	movw	r24, r28
    177a:	41 96       	adiw	r24, 0x11	; 17
    177c:	0e 94 94 13 	call	0x2728	; 0x2728 <Timer_init>
    1780:	90 c0       	rjmp	.+288    	; 0x18a2 <main+0x2da>
				/*display the message
				 * */
				/*Receiving variables from the user with uart
				 * but first receive a flag and then temp, distance, win1,win2
				 * */
				while (UART_recieveByte() != HMI_READY)
    1782:	0e 94 71 15 	call	0x2ae2	; 0x2ae2 <UART_recieveByte>
    1786:	80 31       	cpi	r24, 0x10	; 16
    1788:	e1 f7       	brne	.-8      	; 0x1782 <main+0x1ba>
					;
				temp = UART_recieveByte();
    178a:	0e 94 71 15 	call	0x2ae2	; 0x2ae2 <UART_recieveByte>
    178e:	88 87       	std	Y+8, r24	; 0x08
				dis = UART_recieveByte();
    1790:	0e 94 71 15 	call	0x2ae2	; 0x2ae2 <UART_recieveByte>
    1794:	8f 83       	std	Y+7, r24	; 0x07
				win1_1 = UART_recieveByte();
    1796:	0e 94 71 15 	call	0x2ae2	; 0x2ae2 <UART_recieveByte>
    179a:	8c 83       	std	Y+4, r24	; 0x04
				win2_2 = UART_recieveByte();
    179c:	0e 94 71 15 	call	0x2ae2	; 0x2ae2 <UART_recieveByte>
    17a0:	8b 83       	std	Y+3, r24	; 0x03

				switch (win1_1) {
    17a2:	8c 81       	ldd	r24, Y+4	; 0x04
    17a4:	28 2f       	mov	r18, r24
    17a6:	30 e0       	ldi	r19, 0x00	; 0
    17a8:	3d 8f       	std	Y+29, r19	; 0x1d
    17aa:	2c 8f       	std	Y+28, r18	; 0x1c
    17ac:	8c 8d       	ldd	r24, Y+28	; 0x1c
    17ae:	9d 8d       	ldd	r25, Y+29	; 0x1d
    17b0:	00 97       	sbiw	r24, 0x00	; 0
    17b2:	41 f0       	breq	.+16     	; 0x17c4 <main+0x1fc>
    17b4:	ec 8d       	ldd	r30, Y+28	; 0x1c
    17b6:	fd 8d       	ldd	r31, Y+29	; 0x1d
    17b8:	e1 30       	cpi	r30, 0x01	; 1
    17ba:	f1 05       	cpc	r31, r1
    17bc:	21 f4       	brne	.+8      	; 0x17c6 <main+0x1fe>
				case 1:
					win1 = TRUE;
    17be:	81 e0       	ldi	r24, 0x01	; 1
    17c0:	8e 83       	std	Y+6, r24	; 0x06
    17c2:	01 c0       	rjmp	.+2      	; 0x17c6 <main+0x1fe>
					break;
				case 0:
					win1 = FALSE;
    17c4:	1e 82       	std	Y+6, r1	; 0x06
					break;
				default:

					break;
				}
				switch (win2_2) {
    17c6:	8b 81       	ldd	r24, Y+3	; 0x03
    17c8:	28 2f       	mov	r18, r24
    17ca:	30 e0       	ldi	r19, 0x00	; 0
    17cc:	3b 8f       	std	Y+27, r19	; 0x1b
    17ce:	2a 8f       	std	Y+26, r18	; 0x1a
    17d0:	8a 8d       	ldd	r24, Y+26	; 0x1a
    17d2:	9b 8d       	ldd	r25, Y+27	; 0x1b
    17d4:	00 97       	sbiw	r24, 0x00	; 0
    17d6:	41 f0       	breq	.+16     	; 0x17e8 <main+0x220>
    17d8:	ea 8d       	ldd	r30, Y+26	; 0x1a
    17da:	fb 8d       	ldd	r31, Y+27	; 0x1b
    17dc:	e1 30       	cpi	r30, 0x01	; 1
    17de:	f1 05       	cpc	r31, r1
    17e0:	21 f4       	brne	.+8      	; 0x17ea <main+0x222>
				case 1:
					win2 = TRUE;
    17e2:	81 e0       	ldi	r24, 0x01	; 1
    17e4:	8d 83       	std	Y+5, r24	; 0x05
    17e6:	01 c0       	rjmp	.+2      	; 0x17ea <main+0x222>
					break;
				case 0:
					win2 = FALSE;
    17e8:	1d 82       	std	Y+5, r1	; 0x05
					break;
				default:
					break;
				}

				LCD_displayStringRowColumn(0, 0, "Temp:");
    17ea:	21 ef       	ldi	r18, 0xF1	; 241
    17ec:	30 e0       	ldi	r19, 0x00	; 0
    17ee:	80 e0       	ldi	r24, 0x00	; 0
    17f0:	60 e0       	ldi	r22, 0x00	; 0
    17f2:	a9 01       	movw	r20, r18
    17f4:	0e 94 89 0a 	call	0x1512	; 0x1512 <LCD_displayStringRowColumn>
				LCD_intgerToString(temp);
    17f8:	88 85       	ldd	r24, Y+8	; 0x08
    17fa:	88 2f       	mov	r24, r24
    17fc:	90 e0       	ldi	r25, 0x00	; 0
    17fe:	0e 94 ac 0a 	call	0x1558	; 0x1558 <LCD_intgerToString>
				LCD_displayString("C               ");
    1802:	87 ef       	ldi	r24, 0xF7	; 247
    1804:	90 e0       	ldi	r25, 0x00	; 0
    1806:	0e 94 1d 0a 	call	0x143a	; 0x143a <LCD_displayString>

				LCD_displayStringRowColumn(1, 0, "Distance:");
    180a:	28 e0       	ldi	r18, 0x08	; 8
    180c:	31 e0       	ldi	r19, 0x01	; 1
    180e:	81 e0       	ldi	r24, 0x01	; 1
    1810:	60 e0       	ldi	r22, 0x00	; 0
    1812:	a9 01       	movw	r20, r18
    1814:	0e 94 89 0a 	call	0x1512	; 0x1512 <LCD_displayStringRowColumn>
				LCD_intgerToString(dis + 1);
    1818:	8f 81       	ldd	r24, Y+7	; 0x07
    181a:	88 2f       	mov	r24, r24
    181c:	90 e0       	ldi	r25, 0x00	; 0
    181e:	01 96       	adiw	r24, 0x01	; 1
    1820:	0e 94 ac 0a 	call	0x1558	; 0x1558 <LCD_intgerToString>
				LCD_displayString("cm               ");
    1824:	82 e1       	ldi	r24, 0x12	; 18
    1826:	91 e0       	ldi	r25, 0x01	; 1
    1828:	0e 94 1d 0a 	call	0x143a	; 0x143a <LCD_displayString>
				//distance
				LCD_displayStringRowColumn(2, 0, "Win1:                  ");
    182c:	24 e2       	ldi	r18, 0x24	; 36
    182e:	31 e0       	ldi	r19, 0x01	; 1
    1830:	82 e0       	ldi	r24, 0x02	; 2
    1832:	60 e0       	ldi	r22, 0x00	; 0
    1834:	a9 01       	movw	r20, r18
    1836:	0e 94 89 0a 	call	0x1512	; 0x1512 <LCD_displayStringRowColumn>
				if (win1 == TRUE) {
    183a:	8e 81       	ldd	r24, Y+6	; 0x06
    183c:	81 30       	cpi	r24, 0x01	; 1
    183e:	41 f4       	brne	.+16     	; 0x1850 <main+0x288>
					LCD_displayStringRowColumn(2, 5, "open");
    1840:	2c e3       	ldi	r18, 0x3C	; 60
    1842:	31 e0       	ldi	r19, 0x01	; 1
    1844:	82 e0       	ldi	r24, 0x02	; 2
    1846:	65 e0       	ldi	r22, 0x05	; 5
    1848:	a9 01       	movw	r20, r18
    184a:	0e 94 89 0a 	call	0x1512	; 0x1512 <LCD_displayStringRowColumn>
    184e:	0a c0       	rjmp	.+20     	; 0x1864 <main+0x29c>
				} else if (win1 == FALSE) {
    1850:	8e 81       	ldd	r24, Y+6	; 0x06
    1852:	88 23       	and	r24, r24
    1854:	39 f4       	brne	.+14     	; 0x1864 <main+0x29c>
					LCD_displayStringRowColumn(2, 5, "closed");
    1856:	21 e4       	ldi	r18, 0x41	; 65
    1858:	31 e0       	ldi	r19, 0x01	; 1
    185a:	82 e0       	ldi	r24, 0x02	; 2
    185c:	65 e0       	ldi	r22, 0x05	; 5
    185e:	a9 01       	movw	r20, r18
    1860:	0e 94 89 0a 	call	0x1512	; 0x1512 <LCD_displayStringRowColumn>
				}
				//win1
				LCD_displayStringRowColumn(3, 0, "Win2:                 ");
    1864:	28 e4       	ldi	r18, 0x48	; 72
    1866:	31 e0       	ldi	r19, 0x01	; 1
    1868:	83 e0       	ldi	r24, 0x03	; 3
    186a:	60 e0       	ldi	r22, 0x00	; 0
    186c:	a9 01       	movw	r20, r18
    186e:	0e 94 89 0a 	call	0x1512	; 0x1512 <LCD_displayStringRowColumn>
				if (win2 == TRUE) {
    1872:	8d 81       	ldd	r24, Y+5	; 0x05
    1874:	81 30       	cpi	r24, 0x01	; 1
    1876:	41 f4       	brne	.+16     	; 0x1888 <main+0x2c0>
					LCD_displayStringRowColumn(3, 5, "open");
    1878:	2c e3       	ldi	r18, 0x3C	; 60
    187a:	31 e0       	ldi	r19, 0x01	; 1
    187c:	83 e0       	ldi	r24, 0x03	; 3
    187e:	65 e0       	ldi	r22, 0x05	; 5
    1880:	a9 01       	movw	r20, r18
    1882:	0e 94 89 0a 	call	0x1512	; 0x1512 <LCD_displayStringRowColumn>
    1886:	0a c0       	rjmp	.+20     	; 0x189c <main+0x2d4>
				} else if (win2 == FALSE) {
    1888:	8d 81       	ldd	r24, Y+5	; 0x05
    188a:	88 23       	and	r24, r24
    188c:	39 f4       	brne	.+14     	; 0x189c <main+0x2d4>
					LCD_displayStringRowColumn(3, 5, "closed");
    188e:	21 e4       	ldi	r18, 0x41	; 65
    1890:	31 e0       	ldi	r19, 0x01	; 1
    1892:	83 e0       	ldi	r24, 0x03	; 3
    1894:	65 e0       	ldi	r22, 0x05	; 5
    1896:	a9 01       	movw	r20, r18
    1898:	0e 94 89 0a 	call	0x1512	; 0x1512 <LCD_displayStringRowColumn>
				}
				UART_sendByte(!HMI_STOP);
    189c:	80 e0       	ldi	r24, 0x00	; 0
    189e:	0e 94 5a 15 	call	0x2ab4	; 0x2ab4 <UART_sendByte>
			 * */

			Timer_init(&timer_configurations);
			/*waiting for the timer to count 10 sec.
			 * */
			while (flag == FALSE) {
    18a2:	80 91 f3 02 	lds	r24, 0x02F3
    18a6:	88 23       	and	r24, r24
    18a8:	09 f4       	brne	.+2      	; 0x18ac <main+0x2e4>
    18aa:	6b cf       	rjmp	.-298    	; 0x1782 <main+0x1ba>
				UART_sendByte(!HMI_STOP);

			}
			/*the timer finished 10 sec.
			 * */
			if (flag == TRUE) {
    18ac:	80 91 f3 02 	lds	r24, 0x02F3
    18b0:	81 30       	cpi	r24, 0x01	; 1
    18b2:	09 f0       	breq	.+2      	; 0x18b6 <main+0x2ee>
    18b4:	06 cf       	rjmp	.-500    	; 0x16c2 <main+0xfa>
				/*stopping the timer and then asking the user to display again or stop and
				 * return to the main menu
				 * */
				Timer_deInit(TIMER1);
    18b6:	81 e0       	ldi	r24, 0x01	; 1
    18b8:	0e 94 5a 14 	call	0x28b4	; 0x28b4 <Timer_deInit>
    18bc:	29 c0       	rjmp	.+82     	; 0x1910 <main+0x348>
				while (flag == TRUE) {
					/*ddisplaying the message
					 * */
					LCD_clearScreen();
    18be:	0e 94 a2 0a 	call	0x1544	; 0x1544 <LCD_clearScreen>
					LCD_displayStringRowColumn(0, 0, "Display again?");
    18c2:	2f e5       	ldi	r18, 0x5F	; 95
    18c4:	31 e0       	ldi	r19, 0x01	; 1
    18c6:	80 e0       	ldi	r24, 0x00	; 0
    18c8:	60 e0       	ldi	r22, 0x00	; 0
    18ca:	a9 01       	movw	r20, r18
    18cc:	0e 94 89 0a 	call	0x1512	; 0x1512 <LCD_displayStringRowColumn>
					LCD_displayStringRowColumn(1, 0, "press 2= YES");
    18d0:	2e e6       	ldi	r18, 0x6E	; 110
    18d2:	31 e0       	ldi	r19, 0x01	; 1
    18d4:	81 e0       	ldi	r24, 0x01	; 1
    18d6:	60 e0       	ldi	r22, 0x00	; 0
    18d8:	a9 01       	movw	r20, r18
    18da:	0e 94 89 0a 	call	0x1512	; 0x1512 <LCD_displayStringRowColumn>
					LCD_displayStringRowColumn(2, 0, "other key = Main menu");
    18de:	2b e7       	ldi	r18, 0x7B	; 123
    18e0:	31 e0       	ldi	r19, 0x01	; 1
    18e2:	82 e0       	ldi	r24, 0x02	; 2
    18e4:	60 e0       	ldi	r22, 0x00	; 0
    18e6:	a9 01       	movw	r20, r18
    18e8:	0e 94 89 0a 	call	0x1512	; 0x1512 <LCD_displayStringRowColumn>
					/*taking the decision  from the used
					 * */
					switch (KEYPAD_getPressedKey()) {
    18ec:	0e 94 d7 10 	call	0x21ae	; 0x21ae <KEYPAD_getPressedKey>
    18f0:	88 2f       	mov	r24, r24
    18f2:	90 e0       	ldi	r25, 0x00	; 0
    18f4:	82 30       	cpi	r24, 0x02	; 2
    18f6:	91 05       	cpc	r25, r1
    18f8:	29 f4       	brne	.+10     	; 0x1904 <main+0x33c>
					case 2:
						cases = 2;
    18fa:	82 e0       	ldi	r24, 0x02	; 2
    18fc:	8b 87       	std	Y+11, r24	; 0x0b
						flag = FALSE;
    18fe:	10 92 f3 02 	sts	0x02F3, r1
    1902:	06 c0       	rjmp	.+12     	; 0x1910 <main+0x348>
						break;
					default:
						cases = 0;
    1904:	1b 86       	std	Y+11, r1	; 0x0b
						UART_sendByte(HMI_STOP);
    1906:	81 e1       	ldi	r24, 0x11	; 17
    1908:	0e 94 5a 15 	call	0x2ab4	; 0x2ab4 <UART_sendByte>
						flag = FALSE;
    190c:	10 92 f3 02 	sts	0x02F3, r1
			if (flag == TRUE) {
				/*stopping the timer and then asking the user to display again or stop and
				 * return to the main menu
				 * */
				Timer_deInit(TIMER1);
				while (flag == TRUE) {
    1910:	80 91 f3 02 	lds	r24, 0x02F3
    1914:	81 30       	cpi	r24, 0x01	; 1
    1916:	99 f2       	breq	.-90     	; 0x18be <main+0x2f6>
    1918:	d4 ce       	rjmp	.-600    	; 0x16c2 <main+0xfa>
			}
			break;

		case 3:

			LCD_clearScreen();
    191a:	0e 94 a2 0a 	call	0x1544	; 0x1544 <LCD_clearScreen>
			display = 1; /* or 1 depending on your LCD row indexing*/
    191e:	81 e0       	ldi	r24, 0x01	; 1
    1920:	8a 87       	std	Y+10, r24	; 0x0a

			while (1) {
				uint8 incoming = UART_recieveByte(); /* blocking read for the next framing byte*/
    1922:	0e 94 71 15 	call	0x2ae2	; 0x2ae2 <UART_recieveByte>
    1926:	89 83       	std	Y+1, r24	; 0x01

				if (incoming == HMI_STOP) {
    1928:	89 81       	ldd	r24, Y+1	; 0x01
    192a:	81 31       	cpi	r24, 0x11	; 17
    192c:	09 f4       	brne	.+2      	; 0x1930 <main+0x368>
    192e:	53 c0       	rjmp	.+166    	; 0x19d6 <main+0x40e>
					break; /* end of list, exit loop*/
				}

				if (incoming == HMI_READY) {
    1930:	89 81       	ldd	r24, Y+1	; 0x01
    1932:	80 31       	cpi	r24, 0x10	; 16
    1934:	b1 f7       	brne	.-20     	; 0x1922 <main+0x35a>
					/*read payload bytes*/
					error_type = UART_recieveByte();
    1936:	0e 94 71 15 	call	0x2ae2	; 0x2ae2 <UART_recieveByte>
    193a:	8a 83       	std	Y+2, r24	; 0x02
					nummm = UART_recieveByte();
    193c:	0e 94 71 15 	call	0x2ae2	; 0x2ae2 <UART_recieveByte>
    1940:	89 87       	std	Y+9, r24	; 0x09

					/* show header once (or every time if you want)*/
					LCD_displayStringRowColumn(0, 0, "Logged faults       ");
    1942:	21 e9       	ldi	r18, 0x91	; 145
    1944:	31 e0       	ldi	r19, 0x01	; 1
    1946:	80 e0       	ldi	r24, 0x00	; 0
    1948:	60 e0       	ldi	r22, 0x00	; 0
    194a:	a9 01       	movw	r20, r18
    194c:	0e 94 89 0a 	call	0x1512	; 0x1512 <LCD_displayStringRowColumn>
					LCD_moveCursor(0, 15);
    1950:	80 e0       	ldi	r24, 0x00	; 0
    1952:	6f e0       	ldi	r22, 0x0F	; 15
    1954:	0e 94 46 0a 	call	0x148c	; 0x148c <LCD_moveCursor>
					LCD_intgerToString(nummm);
    1958:	89 85       	ldd	r24, Y+9	; 0x09
    195a:	88 2f       	mov	r24, r24
    195c:	90 e0       	ldi	r25, 0x00	; 0
    195e:	0e 94 ac 0a 	call	0x1558	; 0x1558 <LCD_intgerToString>

					/*show error on current display row*/
					switch (error_type) {
    1962:	8a 81       	ldd	r24, Y+2	; 0x02
    1964:	28 2f       	mov	r18, r24
    1966:	30 e0       	ldi	r19, 0x00	; 0
    1968:	39 8f       	std	Y+25, r19	; 0x19
    196a:	28 8f       	std	Y+24, r18	; 0x18
    196c:	88 8d       	ldd	r24, Y+24	; 0x18
    196e:	99 8d       	ldd	r25, Y+25	; 0x19
    1970:	81 30       	cpi	r24, 0x01	; 1
    1972:	91 05       	cpc	r25, r1
    1974:	31 f0       	breq	.+12     	; 0x1982 <main+0x3ba>
    1976:	e8 8d       	ldd	r30, Y+24	; 0x18
    1978:	f9 8d       	ldd	r31, Y+25	; 0x19
    197a:	e2 30       	cpi	r30, 0x02	; 2
    197c:	f1 05       	cpc	r31, r1
    197e:	49 f0       	breq	.+18     	; 0x1992 <main+0x3ca>
    1980:	10 c0       	rjmp	.+32     	; 0x19a2 <main+0x3da>
					case 1:
						LCD_displayStringRowColumn(display, 0,
    1982:	26 ea       	ldi	r18, 0xA6	; 166
    1984:	31 e0       	ldi	r19, 0x01	; 1
    1986:	8a 85       	ldd	r24, Y+10	; 0x0a
    1988:	60 e0       	ldi	r22, 0x00	; 0
    198a:	a9 01       	movw	r20, r18
    198c:	0e 94 89 0a 	call	0x1512	; 0x1512 <LCD_displayStringRowColumn>
    1990:	0f c0       	rjmp	.+30     	; 0x19b0 <main+0x3e8>
								"P001:DistanceTooClose");
						break;
					case 2:
						LCD_displayStringRowColumn(display, 0, "P002:Overheat");
    1992:	2c eb       	ldi	r18, 0xBC	; 188
    1994:	31 e0       	ldi	r19, 0x01	; 1
    1996:	8a 85       	ldd	r24, Y+10	; 0x0a
    1998:	60 e0       	ldi	r22, 0x00	; 0
    199a:	a9 01       	movw	r20, r18
    199c:	0e 94 89 0a 	call	0x1512	; 0x1512 <LCD_displayStringRowColumn>
    19a0:	07 c0       	rjmp	.+14     	; 0x19b0 <main+0x3e8>
						break;
					default:
						LCD_displayStringRowColumn(display, 0, "P001:DistanceTooClose");
    19a2:	26 ea       	ldi	r18, 0xA6	; 166
    19a4:	31 e0       	ldi	r19, 0x01	; 1
    19a6:	8a 85       	ldd	r24, Y+10	; 0x0a
    19a8:	60 e0       	ldi	r22, 0x00	; 0
    19aa:	a9 01       	movw	r20, r18
    19ac:	0e 94 89 0a 	call	0x1512	; 0x1512 <LCD_displayStringRowColumn>
						break;
					}

					/* show end marker always on last displayed row (or after loop)*/
					LCD_displayStringRowColumn(3, 0, "---End of list---");
    19b0:	2a ec       	ldi	r18, 0xCA	; 202
    19b2:	31 e0       	ldi	r19, 0x01	; 1
    19b4:	83 e0       	ldi	r24, 0x03	; 3
    19b6:	60 e0       	ldi	r22, 0x00	; 0
    19b8:	a9 01       	movw	r20, r18
    19ba:	0e 94 89 0a 	call	0x1512	; 0x1512 <LCD_displayStringRowColumn>

					/* prepare next display row (scroll)*/
					display++;
    19be:	8a 85       	ldd	r24, Y+10	; 0x0a
    19c0:	8f 5f       	subi	r24, 0xFF	; 255
    19c2:	8a 87       	std	Y+10, r24	; 0x0a
					if (display > 2)
    19c4:	8a 85       	ldd	r24, Y+10	; 0x0a
    19c6:	83 30       	cpi	r24, 0x03	; 3
    19c8:	10 f0       	brcs	.+4      	; 0x19ce <main+0x406>
						display = 1; /* keep rows 1..2 (adjust to your LCD indexing)*/
    19ca:	81 e0       	ldi	r24, 0x01	; 1
    19cc:	8a 87       	std	Y+10, r24	; 0x0a

					/* send ack so control can send next error*/
					UART_sendByte(SEND_AGAIN_ERROR);
    19ce:	82 e1       	ldi	r24, 0x12	; 18
    19d0:	0e 94 5a 15 	call	0x2ab4	; 0x2ab4 <UART_sendByte>
    19d4:	a6 cf       	rjmp	.-180    	; 0x1922 <main+0x35a>
				}
				/* else ignore unknown framing bytes or handle them*/
			} /* end while(1)*/
			Timer_init(&timer_configurations);
    19d6:	ce 01       	movw	r24, r28
    19d8:	41 96       	adiw	r24, 0x11	; 17
    19da:	0e 94 94 13 	call	0x2728	; 0x2728 <Timer_init>
			/*waiting for the timer to count 10 sec.
			 * */
			while (flag == FALSE) {
    19de:	80 91 f3 02 	lds	r24, 0x02F3
    19e2:	88 23       	and	r24, r24
    19e4:	e1 f3       	breq	.-8      	; 0x19de <main+0x416>
			}
			/*the timer finished 10 sec.
			 * */
			if (flag == TRUE) {
    19e6:	80 91 f3 02 	lds	r24, 0x02F3
    19ea:	81 30       	cpi	r24, 0x01	; 1
    19ec:	09 f0       	breq	.+2      	; 0x19f0 <main+0x428>
    19ee:	69 ce       	rjmp	.-814    	; 0x16c2 <main+0xfa>
				/*stopping the timer and then asking the user to display again or stop and
				 * return to the main menu
				 * */
				Timer_deInit(TIMER1);
    19f0:	81 e0       	ldi	r24, 0x01	; 1
    19f2:	0e 94 5a 14 	call	0x28b4	; 0x28b4 <Timer_deInit>
    19f6:	2b c0       	rjmp	.+86     	; 0x1a4e <main+0x486>
				while (flag == TRUE) {
					/*ddisplaying the message
					 * */
					LCD_displayStringRowColumn(0, 0, "Display again?       ");
    19f8:	2c ed       	ldi	r18, 0xDC	; 220
    19fa:	31 e0       	ldi	r19, 0x01	; 1
    19fc:	80 e0       	ldi	r24, 0x00	; 0
    19fe:	60 e0       	ldi	r22, 0x00	; 0
    1a00:	a9 01       	movw	r20, r18
    1a02:	0e 94 89 0a 	call	0x1512	; 0x1512 <LCD_displayStringRowColumn>
					LCD_displayStringRowColumn(1, 0, "press 3= YES         ");
    1a06:	22 ef       	ldi	r18, 0xF2	; 242
    1a08:	31 e0       	ldi	r19, 0x01	; 1
    1a0a:	81 e0       	ldi	r24, 0x01	; 1
    1a0c:	60 e0       	ldi	r22, 0x00	; 0
    1a0e:	a9 01       	movw	r20, r18
    1a10:	0e 94 89 0a 	call	0x1512	; 0x1512 <LCD_displayStringRowColumn>
					LCD_displayStringRowColumn(2, 0, "other key = Main       ");
    1a14:	28 e0       	ldi	r18, 0x08	; 8
    1a16:	32 e0       	ldi	r19, 0x02	; 2
    1a18:	82 e0       	ldi	r24, 0x02	; 2
    1a1a:	60 e0       	ldi	r22, 0x00	; 0
    1a1c:	a9 01       	movw	r20, r18
    1a1e:	0e 94 89 0a 	call	0x1512	; 0x1512 <LCD_displayStringRowColumn>
					LCD_displayStringRowColumn(3, 0, "menu               ");
    1a22:	20 e2       	ldi	r18, 0x20	; 32
    1a24:	32 e0       	ldi	r19, 0x02	; 2
    1a26:	83 e0       	ldi	r24, 0x03	; 3
    1a28:	60 e0       	ldi	r22, 0x00	; 0
    1a2a:	a9 01       	movw	r20, r18
    1a2c:	0e 94 89 0a 	call	0x1512	; 0x1512 <LCD_displayStringRowColumn>
					/*taking the decision  from the used
					 * */
					switch (KEYPAD_getPressedKey()) {
    1a30:	0e 94 d7 10 	call	0x21ae	; 0x21ae <KEYPAD_getPressedKey>
    1a34:	88 2f       	mov	r24, r24
    1a36:	90 e0       	ldi	r25, 0x00	; 0
    1a38:	83 30       	cpi	r24, 0x03	; 3
    1a3a:	91 05       	cpc	r25, r1
    1a3c:	29 f4       	brne	.+10     	; 0x1a48 <main+0x480>
					case 3:
						cases = 3;
    1a3e:	83 e0       	ldi	r24, 0x03	; 3
    1a40:	8b 87       	std	Y+11, r24	; 0x0b
						flag = FALSE;
    1a42:	10 92 f3 02 	sts	0x02F3, r1
    1a46:	03 c0       	rjmp	.+6      	; 0x1a4e <main+0x486>
						break;
					default:
						cases = 0;
    1a48:	1b 86       	std	Y+11, r1	; 0x0b
						flag = FALSE;
    1a4a:	10 92 f3 02 	sts	0x02F3, r1
			if (flag == TRUE) {
				/*stopping the timer and then asking the user to display again or stop and
				 * return to the main menu
				 * */
				Timer_deInit(TIMER1);
				while (flag == TRUE) {
    1a4e:	80 91 f3 02 	lds	r24, 0x02F3
    1a52:	81 30       	cpi	r24, 0x01	; 1
    1a54:	89 f2       	breq	.-94     	; 0x19f8 <main+0x430>
    1a56:	35 ce       	rjmp	.-918    	; 0x16c2 <main+0xfa>
			break;
		case 4:
			//sending the message with the uart
			/*display the message
			 * */
			LCD_displayStringRowColumn(0, 0, "System          ");
    1a58:	24 e3       	ldi	r18, 0x34	; 52
    1a5a:	32 e0       	ldi	r19, 0x02	; 2
    1a5c:	80 e0       	ldi	r24, 0x00	; 0
    1a5e:	60 e0       	ldi	r22, 0x00	; 0
    1a60:	a9 01       	movw	r20, r18
    1a62:	0e 94 89 0a 	call	0x1512	; 0x1512 <LCD_displayStringRowColumn>
			LCD_displayStringRowColumn(1, 0, "Monitoring         ");
    1a66:	25 e4       	ldi	r18, 0x45	; 69
    1a68:	32 e0       	ldi	r19, 0x02	; 2
    1a6a:	81 e0       	ldi	r24, 0x01	; 1
    1a6c:	60 e0       	ldi	r22, 0x00	; 0
    1a6e:	a9 01       	movw	r20, r18
    1a70:	0e 94 89 0a 	call	0x1512	; 0x1512 <LCD_displayStringRowColumn>
			LCD_displayStringRowColumn(2, 0, "Stopped!            ");
    1a74:	29 e5       	ldi	r18, 0x59	; 89
    1a76:	32 e0       	ldi	r19, 0x02	; 2
    1a78:	82 e0       	ldi	r24, 0x02	; 2
    1a7a:	60 e0       	ldi	r22, 0x00	; 0
    1a7c:	a9 01       	movw	r20, r18
    1a7e:	0e 94 89 0a 	call	0x1512	; 0x1512 <LCD_displayStringRowColumn>
			LCD_displayStringRowColumn(3, 0, "ReturningToMenu          ");
    1a82:	2e e6       	ldi	r18, 0x6E	; 110
    1a84:	32 e0       	ldi	r19, 0x02	; 2
    1a86:	83 e0       	ldi	r24, 0x03	; 3
    1a88:	60 e0       	ldi	r22, 0x00	; 0
    1a8a:	a9 01       	movw	r20, r18
    1a8c:	0e 94 89 0a 	call	0x1512	; 0x1512 <LCD_displayStringRowColumn>
			/*starting the timer and then waiting 10 sec and then stopping the timer
			 * */
			Timer_init(&timer_configurations);
    1a90:	ce 01       	movw	r24, r28
    1a92:	41 96       	adiw	r24, 0x11	; 17
    1a94:	0e 94 94 13 	call	0x2728	; 0x2728 <Timer_init>
			while (flag == FALSE) {
    1a98:	80 91 f3 02 	lds	r24, 0x02F3
    1a9c:	88 23       	and	r24, r24
    1a9e:	e1 f3       	breq	.-8      	; 0x1a98 <main+0x4d0>
			}
			if (flag == TRUE) {
    1aa0:	80 91 f3 02 	lds	r24, 0x02F3
    1aa4:	81 30       	cpi	r24, 0x01	; 1
    1aa6:	09 f0       	breq	.+2      	; 0x1aaa <main+0x4e2>
    1aa8:	0c ce       	rjmp	.-1000   	; 0x16c2 <main+0xfa>
				/*going to main case which it is the main menu
				 * */
				Timer_deInit(TIMER1);
    1aaa:	81 e0       	ldi	r24, 0x01	; 1
    1aac:	0e 94 5a 14 	call	0x28b4	; 0x28b4 <Timer_deInit>
				cases = 0;
    1ab0:	1b 86       	std	Y+11, r1	; 0x0b
				flag = FALSE;
    1ab2:	10 92 f3 02 	sts	0x02F3, r1
    1ab6:	05 ce       	rjmp	.-1014   	; 0x16c2 <main+0xfa>

			break;
		case 0:
			/*at the beginning to display the main menu
			 * */
			LCD_displayStringRowColumn(0, 0, "1Start Operation    ");
    1ab8:	28 e8       	ldi	r18, 0x88	; 136
    1aba:	32 e0       	ldi	r19, 0x02	; 2
    1abc:	80 e0       	ldi	r24, 0x00	; 0
    1abe:	60 e0       	ldi	r22, 0x00	; 0
    1ac0:	a9 01       	movw	r20, r18
    1ac2:	0e 94 89 0a 	call	0x1512	; 0x1512 <LCD_displayStringRowColumn>
			LCD_displayStringRowColumn(1, 0, "2Display Values     ");
    1ac6:	2d e9       	ldi	r18, 0x9D	; 157
    1ac8:	32 e0       	ldi	r19, 0x02	; 2
    1aca:	81 e0       	ldi	r24, 0x01	; 1
    1acc:	60 e0       	ldi	r22, 0x00	; 0
    1ace:	a9 01       	movw	r20, r18
    1ad0:	0e 94 89 0a 	call	0x1512	; 0x1512 <LCD_displayStringRowColumn>
			LCD_displayStringRowColumn(2, 0, "3Retrieve Faults    ");
    1ad4:	22 eb       	ldi	r18, 0xB2	; 178
    1ad6:	32 e0       	ldi	r19, 0x02	; 2
    1ad8:	82 e0       	ldi	r24, 0x02	; 2
    1ada:	60 e0       	ldi	r22, 0x00	; 0
    1adc:	a9 01       	movw	r20, r18
    1ade:	0e 94 89 0a 	call	0x1512	; 0x1512 <LCD_displayStringRowColumn>
			LCD_displayStringRowColumn(3, 0, "4stop Monitoring     ");
    1ae2:	27 ec       	ldi	r18, 0xC7	; 199
    1ae4:	32 e0       	ldi	r19, 0x02	; 2
    1ae6:	83 e0       	ldi	r24, 0x03	; 3
    1ae8:	60 e0       	ldi	r22, 0x00	; 0
    1aea:	a9 01       	movw	r20, r18
    1aec:	0e 94 89 0a 	call	0x1512	; 0x1512 <LCD_displayStringRowColumn>
			cases = KEYPAD_getPressedKey();
    1af0:	0e 94 d7 10 	call	0x21ae	; 0x21ae <KEYPAD_getPressedKey>
    1af4:	8b 87       	std	Y+11, r24	; 0x0b
    1af6:	e5 cd       	rjmp	.-1078   	; 0x16c2 <main+0xfa>

00001af8 <GPIO_setupPinDirection>:
 * Description :
 * Setup the direction of the required pin input/output.
 * If the input port number or pin number are not correct, The function will not handle the request.
 */
void GPIO_setupPinDirection(uint8 port_num, uint8 pin_num,
		GPIO_PinDirectionType direction) {
    1af8:	df 93       	push	r29
    1afa:	cf 93       	push	r28
    1afc:	00 d0       	rcall	.+0      	; 0x1afe <GPIO_setupPinDirection+0x6>
    1afe:	00 d0       	rcall	.+0      	; 0x1b00 <GPIO_setupPinDirection+0x8>
    1b00:	0f 92       	push	r0
    1b02:	cd b7       	in	r28, 0x3d	; 61
    1b04:	de b7       	in	r29, 0x3e	; 62
    1b06:	89 83       	std	Y+1, r24	; 0x01
    1b08:	6a 83       	std	Y+2, r22	; 0x02
    1b0a:	4b 83       	std	Y+3, r20	; 0x03
	/*
	 * Check if the input port number is greater than NUM_OF_PINS_PER_PORT value.
	 * Or if the input pin number is greater than NUM_OF_PINS_PER_PORT value.
	 * In this case the input is not valid port/pin number
	 */
	if ((pin_num >= NUM_OF_PINS_PER_PORT) || (port_num >= NUM_OF_PORTS)) {
    1b0c:	8a 81       	ldd	r24, Y+2	; 0x02
    1b0e:	88 30       	cpi	r24, 0x08	; 8
    1b10:	08 f0       	brcs	.+2      	; 0x1b14 <GPIO_setupPinDirection+0x1c>
    1b12:	d5 c0       	rjmp	.+426    	; 0x1cbe <GPIO_setupPinDirection+0x1c6>
    1b14:	89 81       	ldd	r24, Y+1	; 0x01
    1b16:	84 30       	cpi	r24, 0x04	; 4
    1b18:	08 f0       	brcs	.+2      	; 0x1b1c <GPIO_setupPinDirection+0x24>
    1b1a:	d1 c0       	rjmp	.+418    	; 0x1cbe <GPIO_setupPinDirection+0x1c6>
		/* Do Nothing and exits the function*/
		return;
	} else {
		/* Setup the pin direction as required */
		switch (port_num) {
    1b1c:	89 81       	ldd	r24, Y+1	; 0x01
    1b1e:	28 2f       	mov	r18, r24
    1b20:	30 e0       	ldi	r19, 0x00	; 0
    1b22:	3d 83       	std	Y+5, r19	; 0x05
    1b24:	2c 83       	std	Y+4, r18	; 0x04
    1b26:	8c 81       	ldd	r24, Y+4	; 0x04
    1b28:	9d 81       	ldd	r25, Y+5	; 0x05
    1b2a:	81 30       	cpi	r24, 0x01	; 1
    1b2c:	91 05       	cpc	r25, r1
    1b2e:	09 f4       	brne	.+2      	; 0x1b32 <GPIO_setupPinDirection+0x3a>
    1b30:	43 c0       	rjmp	.+134    	; 0x1bb8 <GPIO_setupPinDirection+0xc0>
    1b32:	2c 81       	ldd	r18, Y+4	; 0x04
    1b34:	3d 81       	ldd	r19, Y+5	; 0x05
    1b36:	22 30       	cpi	r18, 0x02	; 2
    1b38:	31 05       	cpc	r19, r1
    1b3a:	2c f4       	brge	.+10     	; 0x1b46 <GPIO_setupPinDirection+0x4e>
    1b3c:	8c 81       	ldd	r24, Y+4	; 0x04
    1b3e:	9d 81       	ldd	r25, Y+5	; 0x05
    1b40:	00 97       	sbiw	r24, 0x00	; 0
    1b42:	71 f0       	breq	.+28     	; 0x1b60 <GPIO_setupPinDirection+0x68>
    1b44:	bc c0       	rjmp	.+376    	; 0x1cbe <GPIO_setupPinDirection+0x1c6>
    1b46:	2c 81       	ldd	r18, Y+4	; 0x04
    1b48:	3d 81       	ldd	r19, Y+5	; 0x05
    1b4a:	22 30       	cpi	r18, 0x02	; 2
    1b4c:	31 05       	cpc	r19, r1
    1b4e:	09 f4       	brne	.+2      	; 0x1b52 <GPIO_setupPinDirection+0x5a>
    1b50:	5f c0       	rjmp	.+190    	; 0x1c10 <GPIO_setupPinDirection+0x118>
    1b52:	8c 81       	ldd	r24, Y+4	; 0x04
    1b54:	9d 81       	ldd	r25, Y+5	; 0x05
    1b56:	83 30       	cpi	r24, 0x03	; 3
    1b58:	91 05       	cpc	r25, r1
    1b5a:	09 f4       	brne	.+2      	; 0x1b5e <GPIO_setupPinDirection+0x66>
    1b5c:	85 c0       	rjmp	.+266    	; 0x1c68 <GPIO_setupPinDirection+0x170>
    1b5e:	af c0       	rjmp	.+350    	; 0x1cbe <GPIO_setupPinDirection+0x1c6>
		case PORTA_ID:
			if (direction == PIN_OUTPUT) {
    1b60:	8b 81       	ldd	r24, Y+3	; 0x03
    1b62:	81 30       	cpi	r24, 0x01	; 1
    1b64:	a1 f4       	brne	.+40     	; 0x1b8e <GPIO_setupPinDirection+0x96>
				SET_BIT(DDRA, pin_num);
    1b66:	aa e3       	ldi	r26, 0x3A	; 58
    1b68:	b0 e0       	ldi	r27, 0x00	; 0
    1b6a:	ea e3       	ldi	r30, 0x3A	; 58
    1b6c:	f0 e0       	ldi	r31, 0x00	; 0
    1b6e:	80 81       	ld	r24, Z
    1b70:	48 2f       	mov	r20, r24
    1b72:	8a 81       	ldd	r24, Y+2	; 0x02
    1b74:	28 2f       	mov	r18, r24
    1b76:	30 e0       	ldi	r19, 0x00	; 0
    1b78:	81 e0       	ldi	r24, 0x01	; 1
    1b7a:	90 e0       	ldi	r25, 0x00	; 0
    1b7c:	02 2e       	mov	r0, r18
    1b7e:	02 c0       	rjmp	.+4      	; 0x1b84 <GPIO_setupPinDirection+0x8c>
    1b80:	88 0f       	add	r24, r24
    1b82:	99 1f       	adc	r25, r25
    1b84:	0a 94       	dec	r0
    1b86:	e2 f7       	brpl	.-8      	; 0x1b80 <GPIO_setupPinDirection+0x88>
    1b88:	84 2b       	or	r24, r20
    1b8a:	8c 93       	st	X, r24
    1b8c:	98 c0       	rjmp	.+304    	; 0x1cbe <GPIO_setupPinDirection+0x1c6>
			} else {
				CLEAR_BIT(DDRA, pin_num);
    1b8e:	aa e3       	ldi	r26, 0x3A	; 58
    1b90:	b0 e0       	ldi	r27, 0x00	; 0
    1b92:	ea e3       	ldi	r30, 0x3A	; 58
    1b94:	f0 e0       	ldi	r31, 0x00	; 0
    1b96:	80 81       	ld	r24, Z
    1b98:	48 2f       	mov	r20, r24
    1b9a:	8a 81       	ldd	r24, Y+2	; 0x02
    1b9c:	28 2f       	mov	r18, r24
    1b9e:	30 e0       	ldi	r19, 0x00	; 0
    1ba0:	81 e0       	ldi	r24, 0x01	; 1
    1ba2:	90 e0       	ldi	r25, 0x00	; 0
    1ba4:	02 2e       	mov	r0, r18
    1ba6:	02 c0       	rjmp	.+4      	; 0x1bac <GPIO_setupPinDirection+0xb4>
    1ba8:	88 0f       	add	r24, r24
    1baa:	99 1f       	adc	r25, r25
    1bac:	0a 94       	dec	r0
    1bae:	e2 f7       	brpl	.-8      	; 0x1ba8 <GPIO_setupPinDirection+0xb0>
    1bb0:	80 95       	com	r24
    1bb2:	84 23       	and	r24, r20
    1bb4:	8c 93       	st	X, r24
    1bb6:	83 c0       	rjmp	.+262    	; 0x1cbe <GPIO_setupPinDirection+0x1c6>
			}
			break;
		case PORTB_ID:
			if (direction == PIN_OUTPUT) {
    1bb8:	8b 81       	ldd	r24, Y+3	; 0x03
    1bba:	81 30       	cpi	r24, 0x01	; 1
    1bbc:	a1 f4       	brne	.+40     	; 0x1be6 <GPIO_setupPinDirection+0xee>
				SET_BIT(DDRB, pin_num);
    1bbe:	a7 e3       	ldi	r26, 0x37	; 55
    1bc0:	b0 e0       	ldi	r27, 0x00	; 0
    1bc2:	e7 e3       	ldi	r30, 0x37	; 55
    1bc4:	f0 e0       	ldi	r31, 0x00	; 0
    1bc6:	80 81       	ld	r24, Z
    1bc8:	48 2f       	mov	r20, r24
    1bca:	8a 81       	ldd	r24, Y+2	; 0x02
    1bcc:	28 2f       	mov	r18, r24
    1bce:	30 e0       	ldi	r19, 0x00	; 0
    1bd0:	81 e0       	ldi	r24, 0x01	; 1
    1bd2:	90 e0       	ldi	r25, 0x00	; 0
    1bd4:	02 2e       	mov	r0, r18
    1bd6:	02 c0       	rjmp	.+4      	; 0x1bdc <GPIO_setupPinDirection+0xe4>
    1bd8:	88 0f       	add	r24, r24
    1bda:	99 1f       	adc	r25, r25
    1bdc:	0a 94       	dec	r0
    1bde:	e2 f7       	brpl	.-8      	; 0x1bd8 <GPIO_setupPinDirection+0xe0>
    1be0:	84 2b       	or	r24, r20
    1be2:	8c 93       	st	X, r24
    1be4:	6c c0       	rjmp	.+216    	; 0x1cbe <GPIO_setupPinDirection+0x1c6>
			} else {
				CLEAR_BIT(DDRB, pin_num);
    1be6:	a7 e3       	ldi	r26, 0x37	; 55
    1be8:	b0 e0       	ldi	r27, 0x00	; 0
    1bea:	e7 e3       	ldi	r30, 0x37	; 55
    1bec:	f0 e0       	ldi	r31, 0x00	; 0
    1bee:	80 81       	ld	r24, Z
    1bf0:	48 2f       	mov	r20, r24
    1bf2:	8a 81       	ldd	r24, Y+2	; 0x02
    1bf4:	28 2f       	mov	r18, r24
    1bf6:	30 e0       	ldi	r19, 0x00	; 0
    1bf8:	81 e0       	ldi	r24, 0x01	; 1
    1bfa:	90 e0       	ldi	r25, 0x00	; 0
    1bfc:	02 2e       	mov	r0, r18
    1bfe:	02 c0       	rjmp	.+4      	; 0x1c04 <GPIO_setupPinDirection+0x10c>
    1c00:	88 0f       	add	r24, r24
    1c02:	99 1f       	adc	r25, r25
    1c04:	0a 94       	dec	r0
    1c06:	e2 f7       	brpl	.-8      	; 0x1c00 <GPIO_setupPinDirection+0x108>
    1c08:	80 95       	com	r24
    1c0a:	84 23       	and	r24, r20
    1c0c:	8c 93       	st	X, r24
    1c0e:	57 c0       	rjmp	.+174    	; 0x1cbe <GPIO_setupPinDirection+0x1c6>
			}
			break;
		case PORTC_ID:
			if (direction == PIN_OUTPUT) {
    1c10:	8b 81       	ldd	r24, Y+3	; 0x03
    1c12:	81 30       	cpi	r24, 0x01	; 1
    1c14:	a1 f4       	brne	.+40     	; 0x1c3e <GPIO_setupPinDirection+0x146>
				SET_BIT(DDRC, pin_num);
    1c16:	a4 e3       	ldi	r26, 0x34	; 52
    1c18:	b0 e0       	ldi	r27, 0x00	; 0
    1c1a:	e4 e3       	ldi	r30, 0x34	; 52
    1c1c:	f0 e0       	ldi	r31, 0x00	; 0
    1c1e:	80 81       	ld	r24, Z
    1c20:	48 2f       	mov	r20, r24
    1c22:	8a 81       	ldd	r24, Y+2	; 0x02
    1c24:	28 2f       	mov	r18, r24
    1c26:	30 e0       	ldi	r19, 0x00	; 0
    1c28:	81 e0       	ldi	r24, 0x01	; 1
    1c2a:	90 e0       	ldi	r25, 0x00	; 0
    1c2c:	02 2e       	mov	r0, r18
    1c2e:	02 c0       	rjmp	.+4      	; 0x1c34 <GPIO_setupPinDirection+0x13c>
    1c30:	88 0f       	add	r24, r24
    1c32:	99 1f       	adc	r25, r25
    1c34:	0a 94       	dec	r0
    1c36:	e2 f7       	brpl	.-8      	; 0x1c30 <GPIO_setupPinDirection+0x138>
    1c38:	84 2b       	or	r24, r20
    1c3a:	8c 93       	st	X, r24
    1c3c:	40 c0       	rjmp	.+128    	; 0x1cbe <GPIO_setupPinDirection+0x1c6>
			} else {
				CLEAR_BIT(DDRC, pin_num);
    1c3e:	a4 e3       	ldi	r26, 0x34	; 52
    1c40:	b0 e0       	ldi	r27, 0x00	; 0
    1c42:	e4 e3       	ldi	r30, 0x34	; 52
    1c44:	f0 e0       	ldi	r31, 0x00	; 0
    1c46:	80 81       	ld	r24, Z
    1c48:	48 2f       	mov	r20, r24
    1c4a:	8a 81       	ldd	r24, Y+2	; 0x02
    1c4c:	28 2f       	mov	r18, r24
    1c4e:	30 e0       	ldi	r19, 0x00	; 0
    1c50:	81 e0       	ldi	r24, 0x01	; 1
    1c52:	90 e0       	ldi	r25, 0x00	; 0
    1c54:	02 2e       	mov	r0, r18
    1c56:	02 c0       	rjmp	.+4      	; 0x1c5c <GPIO_setupPinDirection+0x164>
    1c58:	88 0f       	add	r24, r24
    1c5a:	99 1f       	adc	r25, r25
    1c5c:	0a 94       	dec	r0
    1c5e:	e2 f7       	brpl	.-8      	; 0x1c58 <GPIO_setupPinDirection+0x160>
    1c60:	80 95       	com	r24
    1c62:	84 23       	and	r24, r20
    1c64:	8c 93       	st	X, r24
    1c66:	2b c0       	rjmp	.+86     	; 0x1cbe <GPIO_setupPinDirection+0x1c6>
			}
			break;
		case PORTD_ID:
			if (direction == PIN_OUTPUT) {
    1c68:	8b 81       	ldd	r24, Y+3	; 0x03
    1c6a:	81 30       	cpi	r24, 0x01	; 1
    1c6c:	a1 f4       	brne	.+40     	; 0x1c96 <GPIO_setupPinDirection+0x19e>
				SET_BIT(DDRD, pin_num);
    1c6e:	a1 e3       	ldi	r26, 0x31	; 49
    1c70:	b0 e0       	ldi	r27, 0x00	; 0
    1c72:	e1 e3       	ldi	r30, 0x31	; 49
    1c74:	f0 e0       	ldi	r31, 0x00	; 0
    1c76:	80 81       	ld	r24, Z
    1c78:	48 2f       	mov	r20, r24
    1c7a:	8a 81       	ldd	r24, Y+2	; 0x02
    1c7c:	28 2f       	mov	r18, r24
    1c7e:	30 e0       	ldi	r19, 0x00	; 0
    1c80:	81 e0       	ldi	r24, 0x01	; 1
    1c82:	90 e0       	ldi	r25, 0x00	; 0
    1c84:	02 2e       	mov	r0, r18
    1c86:	02 c0       	rjmp	.+4      	; 0x1c8c <GPIO_setupPinDirection+0x194>
    1c88:	88 0f       	add	r24, r24
    1c8a:	99 1f       	adc	r25, r25
    1c8c:	0a 94       	dec	r0
    1c8e:	e2 f7       	brpl	.-8      	; 0x1c88 <GPIO_setupPinDirection+0x190>
    1c90:	84 2b       	or	r24, r20
    1c92:	8c 93       	st	X, r24
    1c94:	14 c0       	rjmp	.+40     	; 0x1cbe <GPIO_setupPinDirection+0x1c6>
			} else {
				CLEAR_BIT(DDRD, pin_num);
    1c96:	a1 e3       	ldi	r26, 0x31	; 49
    1c98:	b0 e0       	ldi	r27, 0x00	; 0
    1c9a:	e1 e3       	ldi	r30, 0x31	; 49
    1c9c:	f0 e0       	ldi	r31, 0x00	; 0
    1c9e:	80 81       	ld	r24, Z
    1ca0:	48 2f       	mov	r20, r24
    1ca2:	8a 81       	ldd	r24, Y+2	; 0x02
    1ca4:	28 2f       	mov	r18, r24
    1ca6:	30 e0       	ldi	r19, 0x00	; 0
    1ca8:	81 e0       	ldi	r24, 0x01	; 1
    1caa:	90 e0       	ldi	r25, 0x00	; 0
    1cac:	02 2e       	mov	r0, r18
    1cae:	02 c0       	rjmp	.+4      	; 0x1cb4 <GPIO_setupPinDirection+0x1bc>
    1cb0:	88 0f       	add	r24, r24
    1cb2:	99 1f       	adc	r25, r25
    1cb4:	0a 94       	dec	r0
    1cb6:	e2 f7       	brpl	.-8      	; 0x1cb0 <GPIO_setupPinDirection+0x1b8>
    1cb8:	80 95       	com	r24
    1cba:	84 23       	and	r24, r20
    1cbc:	8c 93       	st	X, r24
			}
			break;
		}
	}
}
    1cbe:	0f 90       	pop	r0
    1cc0:	0f 90       	pop	r0
    1cc2:	0f 90       	pop	r0
    1cc4:	0f 90       	pop	r0
    1cc6:	0f 90       	pop	r0
    1cc8:	cf 91       	pop	r28
    1cca:	df 91       	pop	r29
    1ccc:	08 95       	ret

00001cce <GPIO_writePin>:
 * Description :
 * Write the value Logic High or Logic Low on the required pin.
 * If the input port number or pin number are not correct, The function will not handle the request.
 * If the pin is input, this function will enable/disable the internal pull-up resistor.
 */
void GPIO_writePin(uint8 port_num, uint8 pin_num, uint8 value) {
    1cce:	df 93       	push	r29
    1cd0:	cf 93       	push	r28
    1cd2:	00 d0       	rcall	.+0      	; 0x1cd4 <GPIO_writePin+0x6>
    1cd4:	00 d0       	rcall	.+0      	; 0x1cd6 <GPIO_writePin+0x8>
    1cd6:	0f 92       	push	r0
    1cd8:	cd b7       	in	r28, 0x3d	; 61
    1cda:	de b7       	in	r29, 0x3e	; 62
    1cdc:	89 83       	std	Y+1, r24	; 0x01
    1cde:	6a 83       	std	Y+2, r22	; 0x02
    1ce0:	4b 83       	std	Y+3, r20	; 0x03
	if ((port_num >= NUM_OF_PORTS) || (pin_num >= NUM_OF_PINS_PER_PORT)) {
    1ce2:	89 81       	ldd	r24, Y+1	; 0x01
    1ce4:	84 30       	cpi	r24, 0x04	; 4
    1ce6:	08 f0       	brcs	.+2      	; 0x1cea <GPIO_writePin+0x1c>
    1ce8:	d5 c0       	rjmp	.+426    	; 0x1e94 <GPIO_writePin+0x1c6>
    1cea:	8a 81       	ldd	r24, Y+2	; 0x02
    1cec:	88 30       	cpi	r24, 0x08	; 8
    1cee:	08 f0       	brcs	.+2      	; 0x1cf2 <GPIO_writePin+0x24>
    1cf0:	d1 c0       	rjmp	.+418    	; 0x1e94 <GPIO_writePin+0x1c6>
		/*if the number of ports or pins is greater so, do nothing an leave the function*/
		return;
	} else {
		/* check which port and then checks what is the value */
		switch (port_num) {
    1cf2:	89 81       	ldd	r24, Y+1	; 0x01
    1cf4:	28 2f       	mov	r18, r24
    1cf6:	30 e0       	ldi	r19, 0x00	; 0
    1cf8:	3d 83       	std	Y+5, r19	; 0x05
    1cfa:	2c 83       	std	Y+4, r18	; 0x04
    1cfc:	8c 81       	ldd	r24, Y+4	; 0x04
    1cfe:	9d 81       	ldd	r25, Y+5	; 0x05
    1d00:	81 30       	cpi	r24, 0x01	; 1
    1d02:	91 05       	cpc	r25, r1
    1d04:	09 f4       	brne	.+2      	; 0x1d08 <GPIO_writePin+0x3a>
    1d06:	43 c0       	rjmp	.+134    	; 0x1d8e <GPIO_writePin+0xc0>
    1d08:	2c 81       	ldd	r18, Y+4	; 0x04
    1d0a:	3d 81       	ldd	r19, Y+5	; 0x05
    1d0c:	22 30       	cpi	r18, 0x02	; 2
    1d0e:	31 05       	cpc	r19, r1
    1d10:	2c f4       	brge	.+10     	; 0x1d1c <GPIO_writePin+0x4e>
    1d12:	8c 81       	ldd	r24, Y+4	; 0x04
    1d14:	9d 81       	ldd	r25, Y+5	; 0x05
    1d16:	00 97       	sbiw	r24, 0x00	; 0
    1d18:	71 f0       	breq	.+28     	; 0x1d36 <GPIO_writePin+0x68>
    1d1a:	bc c0       	rjmp	.+376    	; 0x1e94 <GPIO_writePin+0x1c6>
    1d1c:	2c 81       	ldd	r18, Y+4	; 0x04
    1d1e:	3d 81       	ldd	r19, Y+5	; 0x05
    1d20:	22 30       	cpi	r18, 0x02	; 2
    1d22:	31 05       	cpc	r19, r1
    1d24:	09 f4       	brne	.+2      	; 0x1d28 <GPIO_writePin+0x5a>
    1d26:	5f c0       	rjmp	.+190    	; 0x1de6 <GPIO_writePin+0x118>
    1d28:	8c 81       	ldd	r24, Y+4	; 0x04
    1d2a:	9d 81       	ldd	r25, Y+5	; 0x05
    1d2c:	83 30       	cpi	r24, 0x03	; 3
    1d2e:	91 05       	cpc	r25, r1
    1d30:	09 f4       	brne	.+2      	; 0x1d34 <GPIO_writePin+0x66>
    1d32:	85 c0       	rjmp	.+266    	; 0x1e3e <GPIO_writePin+0x170>
    1d34:	af c0       	rjmp	.+350    	; 0x1e94 <GPIO_writePin+0x1c6>
		case PORTA_ID:
			if (value == TRUE) {
    1d36:	8b 81       	ldd	r24, Y+3	; 0x03
    1d38:	81 30       	cpi	r24, 0x01	; 1
    1d3a:	a1 f4       	brne	.+40     	; 0x1d64 <GPIO_writePin+0x96>
				SET_BIT(PORTA, pin_num);
    1d3c:	ab e3       	ldi	r26, 0x3B	; 59
    1d3e:	b0 e0       	ldi	r27, 0x00	; 0
    1d40:	eb e3       	ldi	r30, 0x3B	; 59
    1d42:	f0 e0       	ldi	r31, 0x00	; 0
    1d44:	80 81       	ld	r24, Z
    1d46:	48 2f       	mov	r20, r24
    1d48:	8a 81       	ldd	r24, Y+2	; 0x02
    1d4a:	28 2f       	mov	r18, r24
    1d4c:	30 e0       	ldi	r19, 0x00	; 0
    1d4e:	81 e0       	ldi	r24, 0x01	; 1
    1d50:	90 e0       	ldi	r25, 0x00	; 0
    1d52:	02 2e       	mov	r0, r18
    1d54:	02 c0       	rjmp	.+4      	; 0x1d5a <GPIO_writePin+0x8c>
    1d56:	88 0f       	add	r24, r24
    1d58:	99 1f       	adc	r25, r25
    1d5a:	0a 94       	dec	r0
    1d5c:	e2 f7       	brpl	.-8      	; 0x1d56 <GPIO_writePin+0x88>
    1d5e:	84 2b       	or	r24, r20
    1d60:	8c 93       	st	X, r24
    1d62:	98 c0       	rjmp	.+304    	; 0x1e94 <GPIO_writePin+0x1c6>
			} else {
				CLEAR_BIT(PORTA, pin_num);
    1d64:	ab e3       	ldi	r26, 0x3B	; 59
    1d66:	b0 e0       	ldi	r27, 0x00	; 0
    1d68:	eb e3       	ldi	r30, 0x3B	; 59
    1d6a:	f0 e0       	ldi	r31, 0x00	; 0
    1d6c:	80 81       	ld	r24, Z
    1d6e:	48 2f       	mov	r20, r24
    1d70:	8a 81       	ldd	r24, Y+2	; 0x02
    1d72:	28 2f       	mov	r18, r24
    1d74:	30 e0       	ldi	r19, 0x00	; 0
    1d76:	81 e0       	ldi	r24, 0x01	; 1
    1d78:	90 e0       	ldi	r25, 0x00	; 0
    1d7a:	02 2e       	mov	r0, r18
    1d7c:	02 c0       	rjmp	.+4      	; 0x1d82 <GPIO_writePin+0xb4>
    1d7e:	88 0f       	add	r24, r24
    1d80:	99 1f       	adc	r25, r25
    1d82:	0a 94       	dec	r0
    1d84:	e2 f7       	brpl	.-8      	; 0x1d7e <GPIO_writePin+0xb0>
    1d86:	80 95       	com	r24
    1d88:	84 23       	and	r24, r20
    1d8a:	8c 93       	st	X, r24
    1d8c:	83 c0       	rjmp	.+262    	; 0x1e94 <GPIO_writePin+0x1c6>
			}
			break;
		case PORTB_ID:
			if (value == TRUE) {
    1d8e:	8b 81       	ldd	r24, Y+3	; 0x03
    1d90:	81 30       	cpi	r24, 0x01	; 1
    1d92:	a1 f4       	brne	.+40     	; 0x1dbc <GPIO_writePin+0xee>
				SET_BIT(PORTB, pin_num);
    1d94:	a8 e3       	ldi	r26, 0x38	; 56
    1d96:	b0 e0       	ldi	r27, 0x00	; 0
    1d98:	e8 e3       	ldi	r30, 0x38	; 56
    1d9a:	f0 e0       	ldi	r31, 0x00	; 0
    1d9c:	80 81       	ld	r24, Z
    1d9e:	48 2f       	mov	r20, r24
    1da0:	8a 81       	ldd	r24, Y+2	; 0x02
    1da2:	28 2f       	mov	r18, r24
    1da4:	30 e0       	ldi	r19, 0x00	; 0
    1da6:	81 e0       	ldi	r24, 0x01	; 1
    1da8:	90 e0       	ldi	r25, 0x00	; 0
    1daa:	02 2e       	mov	r0, r18
    1dac:	02 c0       	rjmp	.+4      	; 0x1db2 <GPIO_writePin+0xe4>
    1dae:	88 0f       	add	r24, r24
    1db0:	99 1f       	adc	r25, r25
    1db2:	0a 94       	dec	r0
    1db4:	e2 f7       	brpl	.-8      	; 0x1dae <GPIO_writePin+0xe0>
    1db6:	84 2b       	or	r24, r20
    1db8:	8c 93       	st	X, r24
    1dba:	6c c0       	rjmp	.+216    	; 0x1e94 <GPIO_writePin+0x1c6>
			} else {
				CLEAR_BIT(PORTB, pin_num);
    1dbc:	a8 e3       	ldi	r26, 0x38	; 56
    1dbe:	b0 e0       	ldi	r27, 0x00	; 0
    1dc0:	e8 e3       	ldi	r30, 0x38	; 56
    1dc2:	f0 e0       	ldi	r31, 0x00	; 0
    1dc4:	80 81       	ld	r24, Z
    1dc6:	48 2f       	mov	r20, r24
    1dc8:	8a 81       	ldd	r24, Y+2	; 0x02
    1dca:	28 2f       	mov	r18, r24
    1dcc:	30 e0       	ldi	r19, 0x00	; 0
    1dce:	81 e0       	ldi	r24, 0x01	; 1
    1dd0:	90 e0       	ldi	r25, 0x00	; 0
    1dd2:	02 2e       	mov	r0, r18
    1dd4:	02 c0       	rjmp	.+4      	; 0x1dda <GPIO_writePin+0x10c>
    1dd6:	88 0f       	add	r24, r24
    1dd8:	99 1f       	adc	r25, r25
    1dda:	0a 94       	dec	r0
    1ddc:	e2 f7       	brpl	.-8      	; 0x1dd6 <GPIO_writePin+0x108>
    1dde:	80 95       	com	r24
    1de0:	84 23       	and	r24, r20
    1de2:	8c 93       	st	X, r24
    1de4:	57 c0       	rjmp	.+174    	; 0x1e94 <GPIO_writePin+0x1c6>
			}
			break;
		case PORTC_ID:
			if (value == TRUE) {
    1de6:	8b 81       	ldd	r24, Y+3	; 0x03
    1de8:	81 30       	cpi	r24, 0x01	; 1
    1dea:	a1 f4       	brne	.+40     	; 0x1e14 <GPIO_writePin+0x146>
				SET_BIT(PORTC, pin_num);
    1dec:	a5 e3       	ldi	r26, 0x35	; 53
    1dee:	b0 e0       	ldi	r27, 0x00	; 0
    1df0:	e5 e3       	ldi	r30, 0x35	; 53
    1df2:	f0 e0       	ldi	r31, 0x00	; 0
    1df4:	80 81       	ld	r24, Z
    1df6:	48 2f       	mov	r20, r24
    1df8:	8a 81       	ldd	r24, Y+2	; 0x02
    1dfa:	28 2f       	mov	r18, r24
    1dfc:	30 e0       	ldi	r19, 0x00	; 0
    1dfe:	81 e0       	ldi	r24, 0x01	; 1
    1e00:	90 e0       	ldi	r25, 0x00	; 0
    1e02:	02 2e       	mov	r0, r18
    1e04:	02 c0       	rjmp	.+4      	; 0x1e0a <GPIO_writePin+0x13c>
    1e06:	88 0f       	add	r24, r24
    1e08:	99 1f       	adc	r25, r25
    1e0a:	0a 94       	dec	r0
    1e0c:	e2 f7       	brpl	.-8      	; 0x1e06 <GPIO_writePin+0x138>
    1e0e:	84 2b       	or	r24, r20
    1e10:	8c 93       	st	X, r24
    1e12:	40 c0       	rjmp	.+128    	; 0x1e94 <GPIO_writePin+0x1c6>
			} else {
				CLEAR_BIT(PORTC, pin_num);
    1e14:	a5 e3       	ldi	r26, 0x35	; 53
    1e16:	b0 e0       	ldi	r27, 0x00	; 0
    1e18:	e5 e3       	ldi	r30, 0x35	; 53
    1e1a:	f0 e0       	ldi	r31, 0x00	; 0
    1e1c:	80 81       	ld	r24, Z
    1e1e:	48 2f       	mov	r20, r24
    1e20:	8a 81       	ldd	r24, Y+2	; 0x02
    1e22:	28 2f       	mov	r18, r24
    1e24:	30 e0       	ldi	r19, 0x00	; 0
    1e26:	81 e0       	ldi	r24, 0x01	; 1
    1e28:	90 e0       	ldi	r25, 0x00	; 0
    1e2a:	02 2e       	mov	r0, r18
    1e2c:	02 c0       	rjmp	.+4      	; 0x1e32 <GPIO_writePin+0x164>
    1e2e:	88 0f       	add	r24, r24
    1e30:	99 1f       	adc	r25, r25
    1e32:	0a 94       	dec	r0
    1e34:	e2 f7       	brpl	.-8      	; 0x1e2e <GPIO_writePin+0x160>
    1e36:	80 95       	com	r24
    1e38:	84 23       	and	r24, r20
    1e3a:	8c 93       	st	X, r24
    1e3c:	2b c0       	rjmp	.+86     	; 0x1e94 <GPIO_writePin+0x1c6>
			}
			break;
		case PORTD_ID:
			if (value == TRUE) {
    1e3e:	8b 81       	ldd	r24, Y+3	; 0x03
    1e40:	81 30       	cpi	r24, 0x01	; 1
    1e42:	a1 f4       	brne	.+40     	; 0x1e6c <GPIO_writePin+0x19e>
				SET_BIT(PORTD, pin_num);
    1e44:	a2 e3       	ldi	r26, 0x32	; 50
    1e46:	b0 e0       	ldi	r27, 0x00	; 0
    1e48:	e2 e3       	ldi	r30, 0x32	; 50
    1e4a:	f0 e0       	ldi	r31, 0x00	; 0
    1e4c:	80 81       	ld	r24, Z
    1e4e:	48 2f       	mov	r20, r24
    1e50:	8a 81       	ldd	r24, Y+2	; 0x02
    1e52:	28 2f       	mov	r18, r24
    1e54:	30 e0       	ldi	r19, 0x00	; 0
    1e56:	81 e0       	ldi	r24, 0x01	; 1
    1e58:	90 e0       	ldi	r25, 0x00	; 0
    1e5a:	02 2e       	mov	r0, r18
    1e5c:	02 c0       	rjmp	.+4      	; 0x1e62 <GPIO_writePin+0x194>
    1e5e:	88 0f       	add	r24, r24
    1e60:	99 1f       	adc	r25, r25
    1e62:	0a 94       	dec	r0
    1e64:	e2 f7       	brpl	.-8      	; 0x1e5e <GPIO_writePin+0x190>
    1e66:	84 2b       	or	r24, r20
    1e68:	8c 93       	st	X, r24
    1e6a:	14 c0       	rjmp	.+40     	; 0x1e94 <GPIO_writePin+0x1c6>
			} else {
				CLEAR_BIT(PORTD, pin_num);
    1e6c:	a2 e3       	ldi	r26, 0x32	; 50
    1e6e:	b0 e0       	ldi	r27, 0x00	; 0
    1e70:	e2 e3       	ldi	r30, 0x32	; 50
    1e72:	f0 e0       	ldi	r31, 0x00	; 0
    1e74:	80 81       	ld	r24, Z
    1e76:	48 2f       	mov	r20, r24
    1e78:	8a 81       	ldd	r24, Y+2	; 0x02
    1e7a:	28 2f       	mov	r18, r24
    1e7c:	30 e0       	ldi	r19, 0x00	; 0
    1e7e:	81 e0       	ldi	r24, 0x01	; 1
    1e80:	90 e0       	ldi	r25, 0x00	; 0
    1e82:	02 2e       	mov	r0, r18
    1e84:	02 c0       	rjmp	.+4      	; 0x1e8a <GPIO_writePin+0x1bc>
    1e86:	88 0f       	add	r24, r24
    1e88:	99 1f       	adc	r25, r25
    1e8a:	0a 94       	dec	r0
    1e8c:	e2 f7       	brpl	.-8      	; 0x1e86 <GPIO_writePin+0x1b8>
    1e8e:	80 95       	com	r24
    1e90:	84 23       	and	r24, r20
    1e92:	8c 93       	st	X, r24
			}
			break;

		}
	}
}
    1e94:	0f 90       	pop	r0
    1e96:	0f 90       	pop	r0
    1e98:	0f 90       	pop	r0
    1e9a:	0f 90       	pop	r0
    1e9c:	0f 90       	pop	r0
    1e9e:	cf 91       	pop	r28
    1ea0:	df 91       	pop	r29
    1ea2:	08 95       	ret

00001ea4 <GPIO_readPin>:
/*
 * Description :
 * Read and return the value for the required pin, it should be Logic High or Logic Low.
 * If the input port number or pin number are not correct, The function will return Logic Low.
 */
uint8 GPIO_readPin(uint8 port_num, uint8 pin_num) {
    1ea4:	df 93       	push	r29
    1ea6:	cf 93       	push	r28
    1ea8:	00 d0       	rcall	.+0      	; 0x1eaa <GPIO_readPin+0x6>
    1eaa:	00 d0       	rcall	.+0      	; 0x1eac <GPIO_readPin+0x8>
    1eac:	0f 92       	push	r0
    1eae:	cd b7       	in	r28, 0x3d	; 61
    1eb0:	de b7       	in	r29, 0x3e	; 62
    1eb2:	89 83       	std	Y+1, r24	; 0x01
    1eb4:	6a 83       	std	Y+2, r22	; 0x02
	if ((pin_num >= NUM_OF_PINS_PER_PORT) || (port_num >= NUM_OF_PORTS)) {
    1eb6:	8a 81       	ldd	r24, Y+2	; 0x02
    1eb8:	88 30       	cpi	r24, 0x08	; 8
    1eba:	18 f4       	brcc	.+6      	; 0x1ec2 <GPIO_readPin+0x1e>
    1ebc:	89 81       	ldd	r24, Y+1	; 0x01
    1ebe:	84 30       	cpi	r24, 0x04	; 4
    1ec0:	10 f0       	brcs	.+4      	; 0x1ec6 <GPIO_readPin+0x22>
		/* Do Nothing and exits the function*/
		return LOGIC_LOW;
    1ec2:	1d 82       	std	Y+5, r1	; 0x05
    1ec4:	9b c0       	rjmp	.+310    	; 0x1ffc <GPIO_readPin+0x158>
	} else {
		/*checks which port and then return the bit of the pin register*/
		switch (port_num) {
    1ec6:	89 81       	ldd	r24, Y+1	; 0x01
    1ec8:	28 2f       	mov	r18, r24
    1eca:	30 e0       	ldi	r19, 0x00	; 0
    1ecc:	3c 83       	std	Y+4, r19	; 0x04
    1ece:	2b 83       	std	Y+3, r18	; 0x03
    1ed0:	4b 81       	ldd	r20, Y+3	; 0x03
    1ed2:	5c 81       	ldd	r21, Y+4	; 0x04
    1ed4:	41 30       	cpi	r20, 0x01	; 1
    1ed6:	51 05       	cpc	r21, r1
    1ed8:	b1 f1       	breq	.+108    	; 0x1f46 <GPIO_readPin+0xa2>
    1eda:	8b 81       	ldd	r24, Y+3	; 0x03
    1edc:	9c 81       	ldd	r25, Y+4	; 0x04
    1ede:	82 30       	cpi	r24, 0x02	; 2
    1ee0:	91 05       	cpc	r25, r1
    1ee2:	34 f4       	brge	.+12     	; 0x1ef0 <GPIO_readPin+0x4c>
    1ee4:	2b 81       	ldd	r18, Y+3	; 0x03
    1ee6:	3c 81       	ldd	r19, Y+4	; 0x04
    1ee8:	21 15       	cp	r18, r1
    1eea:	31 05       	cpc	r19, r1
    1eec:	71 f0       	breq	.+28     	; 0x1f0a <GPIO_readPin+0x66>
    1eee:	85 c0       	rjmp	.+266    	; 0x1ffa <GPIO_readPin+0x156>
    1ef0:	4b 81       	ldd	r20, Y+3	; 0x03
    1ef2:	5c 81       	ldd	r21, Y+4	; 0x04
    1ef4:	42 30       	cpi	r20, 0x02	; 2
    1ef6:	51 05       	cpc	r21, r1
    1ef8:	09 f4       	brne	.+2      	; 0x1efc <GPIO_readPin+0x58>
    1efa:	43 c0       	rjmp	.+134    	; 0x1f82 <GPIO_readPin+0xde>
    1efc:	8b 81       	ldd	r24, Y+3	; 0x03
    1efe:	9c 81       	ldd	r25, Y+4	; 0x04
    1f00:	83 30       	cpi	r24, 0x03	; 3
    1f02:	91 05       	cpc	r25, r1
    1f04:	09 f4       	brne	.+2      	; 0x1f08 <GPIO_readPin+0x64>
    1f06:	5b c0       	rjmp	.+182    	; 0x1fbe <GPIO_readPin+0x11a>
    1f08:	78 c0       	rjmp	.+240    	; 0x1ffa <GPIO_readPin+0x156>
		case PORTA_ID:
			return GET_BIT(PINA, pin_num);
    1f0a:	e9 e3       	ldi	r30, 0x39	; 57
    1f0c:	f0 e0       	ldi	r31, 0x00	; 0
    1f0e:	80 81       	ld	r24, Z
    1f10:	48 2f       	mov	r20, r24
    1f12:	50 e0       	ldi	r21, 0x00	; 0
    1f14:	8a 81       	ldd	r24, Y+2	; 0x02
    1f16:	28 2f       	mov	r18, r24
    1f18:	30 e0       	ldi	r19, 0x00	; 0
    1f1a:	81 e0       	ldi	r24, 0x01	; 1
    1f1c:	90 e0       	ldi	r25, 0x00	; 0
    1f1e:	02 c0       	rjmp	.+4      	; 0x1f24 <GPIO_readPin+0x80>
    1f20:	88 0f       	add	r24, r24
    1f22:	99 1f       	adc	r25, r25
    1f24:	2a 95       	dec	r18
    1f26:	e2 f7       	brpl	.-8      	; 0x1f20 <GPIO_readPin+0x7c>
    1f28:	9a 01       	movw	r18, r20
    1f2a:	28 23       	and	r18, r24
    1f2c:	39 23       	and	r19, r25
    1f2e:	8a 81       	ldd	r24, Y+2	; 0x02
    1f30:	88 2f       	mov	r24, r24
    1f32:	90 e0       	ldi	r25, 0x00	; 0
    1f34:	a9 01       	movw	r20, r18
    1f36:	02 c0       	rjmp	.+4      	; 0x1f3c <GPIO_readPin+0x98>
    1f38:	55 95       	asr	r21
    1f3a:	47 95       	ror	r20
    1f3c:	8a 95       	dec	r24
    1f3e:	e2 f7       	brpl	.-8      	; 0x1f38 <GPIO_readPin+0x94>
    1f40:	ca 01       	movw	r24, r20
    1f42:	8d 83       	std	Y+5, r24	; 0x05
    1f44:	5b c0       	rjmp	.+182    	; 0x1ffc <GPIO_readPin+0x158>
			break;
		case PORTB_ID:
			return GET_BIT(PINB, pin_num);
    1f46:	e6 e3       	ldi	r30, 0x36	; 54
    1f48:	f0 e0       	ldi	r31, 0x00	; 0
    1f4a:	80 81       	ld	r24, Z
    1f4c:	48 2f       	mov	r20, r24
    1f4e:	50 e0       	ldi	r21, 0x00	; 0
    1f50:	8a 81       	ldd	r24, Y+2	; 0x02
    1f52:	28 2f       	mov	r18, r24
    1f54:	30 e0       	ldi	r19, 0x00	; 0
    1f56:	81 e0       	ldi	r24, 0x01	; 1
    1f58:	90 e0       	ldi	r25, 0x00	; 0
    1f5a:	02 c0       	rjmp	.+4      	; 0x1f60 <GPIO_readPin+0xbc>
    1f5c:	88 0f       	add	r24, r24
    1f5e:	99 1f       	adc	r25, r25
    1f60:	2a 95       	dec	r18
    1f62:	e2 f7       	brpl	.-8      	; 0x1f5c <GPIO_readPin+0xb8>
    1f64:	9a 01       	movw	r18, r20
    1f66:	28 23       	and	r18, r24
    1f68:	39 23       	and	r19, r25
    1f6a:	8a 81       	ldd	r24, Y+2	; 0x02
    1f6c:	88 2f       	mov	r24, r24
    1f6e:	90 e0       	ldi	r25, 0x00	; 0
    1f70:	a9 01       	movw	r20, r18
    1f72:	02 c0       	rjmp	.+4      	; 0x1f78 <GPIO_readPin+0xd4>
    1f74:	55 95       	asr	r21
    1f76:	47 95       	ror	r20
    1f78:	8a 95       	dec	r24
    1f7a:	e2 f7       	brpl	.-8      	; 0x1f74 <GPIO_readPin+0xd0>
    1f7c:	ca 01       	movw	r24, r20
    1f7e:	8d 83       	std	Y+5, r24	; 0x05
    1f80:	3d c0       	rjmp	.+122    	; 0x1ffc <GPIO_readPin+0x158>
			break;
		case PORTC_ID:
			return GET_BIT(PINC, pin_num);
    1f82:	e3 e3       	ldi	r30, 0x33	; 51
    1f84:	f0 e0       	ldi	r31, 0x00	; 0
    1f86:	80 81       	ld	r24, Z
    1f88:	48 2f       	mov	r20, r24
    1f8a:	50 e0       	ldi	r21, 0x00	; 0
    1f8c:	8a 81       	ldd	r24, Y+2	; 0x02
    1f8e:	28 2f       	mov	r18, r24
    1f90:	30 e0       	ldi	r19, 0x00	; 0
    1f92:	81 e0       	ldi	r24, 0x01	; 1
    1f94:	90 e0       	ldi	r25, 0x00	; 0
    1f96:	02 c0       	rjmp	.+4      	; 0x1f9c <GPIO_readPin+0xf8>
    1f98:	88 0f       	add	r24, r24
    1f9a:	99 1f       	adc	r25, r25
    1f9c:	2a 95       	dec	r18
    1f9e:	e2 f7       	brpl	.-8      	; 0x1f98 <GPIO_readPin+0xf4>
    1fa0:	9a 01       	movw	r18, r20
    1fa2:	28 23       	and	r18, r24
    1fa4:	39 23       	and	r19, r25
    1fa6:	8a 81       	ldd	r24, Y+2	; 0x02
    1fa8:	88 2f       	mov	r24, r24
    1faa:	90 e0       	ldi	r25, 0x00	; 0
    1fac:	a9 01       	movw	r20, r18
    1fae:	02 c0       	rjmp	.+4      	; 0x1fb4 <GPIO_readPin+0x110>
    1fb0:	55 95       	asr	r21
    1fb2:	47 95       	ror	r20
    1fb4:	8a 95       	dec	r24
    1fb6:	e2 f7       	brpl	.-8      	; 0x1fb0 <GPIO_readPin+0x10c>
    1fb8:	ca 01       	movw	r24, r20
    1fba:	8d 83       	std	Y+5, r24	; 0x05
    1fbc:	1f c0       	rjmp	.+62     	; 0x1ffc <GPIO_readPin+0x158>
			break;
		case PORTD_ID:
			return GET_BIT(PIND, pin_num);
    1fbe:	e0 e3       	ldi	r30, 0x30	; 48
    1fc0:	f0 e0       	ldi	r31, 0x00	; 0
    1fc2:	80 81       	ld	r24, Z
    1fc4:	48 2f       	mov	r20, r24
    1fc6:	50 e0       	ldi	r21, 0x00	; 0
    1fc8:	8a 81       	ldd	r24, Y+2	; 0x02
    1fca:	28 2f       	mov	r18, r24
    1fcc:	30 e0       	ldi	r19, 0x00	; 0
    1fce:	81 e0       	ldi	r24, 0x01	; 1
    1fd0:	90 e0       	ldi	r25, 0x00	; 0
    1fd2:	02 c0       	rjmp	.+4      	; 0x1fd8 <GPIO_readPin+0x134>
    1fd4:	88 0f       	add	r24, r24
    1fd6:	99 1f       	adc	r25, r25
    1fd8:	2a 95       	dec	r18
    1fda:	e2 f7       	brpl	.-8      	; 0x1fd4 <GPIO_readPin+0x130>
    1fdc:	9a 01       	movw	r18, r20
    1fde:	28 23       	and	r18, r24
    1fe0:	39 23       	and	r19, r25
    1fe2:	8a 81       	ldd	r24, Y+2	; 0x02
    1fe4:	88 2f       	mov	r24, r24
    1fe6:	90 e0       	ldi	r25, 0x00	; 0
    1fe8:	a9 01       	movw	r20, r18
    1fea:	02 c0       	rjmp	.+4      	; 0x1ff0 <GPIO_readPin+0x14c>
    1fec:	55 95       	asr	r21
    1fee:	47 95       	ror	r20
    1ff0:	8a 95       	dec	r24
    1ff2:	e2 f7       	brpl	.-8      	; 0x1fec <GPIO_readPin+0x148>
    1ff4:	ca 01       	movw	r24, r20
    1ff6:	8d 83       	std	Y+5, r24	; 0x05
    1ff8:	01 c0       	rjmp	.+2      	; 0x1ffc <GPIO_readPin+0x158>
			break;
		}
		/*if any case didn't match (which it isn't impossible) it will return logical low */
		return LOGIC_LOW;
    1ffa:	1d 82       	std	Y+5, r1	; 0x05
    1ffc:	8d 81       	ldd	r24, Y+5	; 0x05
	}

}
    1ffe:	0f 90       	pop	r0
    2000:	0f 90       	pop	r0
    2002:	0f 90       	pop	r0
    2004:	0f 90       	pop	r0
    2006:	0f 90       	pop	r0
    2008:	cf 91       	pop	r28
    200a:	df 91       	pop	r29
    200c:	08 95       	ret

0000200e <GPIO_setupPortDirection>:
 * Setup the direction of the required port all pins input/output.
 * If the direction value is PORT_INPUT all pins in this port should be input pins.
 * If the direction value is PORT_OUTPUT all pins in this port should be output pins.
 * If the input port number is not correct, The function will not handle the request.
 */
void GPIO_setupPortDirection(uint8 port_num, GPIO_PortDirectionType direction) {
    200e:	df 93       	push	r29
    2010:	cf 93       	push	r28
    2012:	00 d0       	rcall	.+0      	; 0x2014 <GPIO_setupPortDirection+0x6>
    2014:	00 d0       	rcall	.+0      	; 0x2016 <GPIO_setupPortDirection+0x8>
    2016:	cd b7       	in	r28, 0x3d	; 61
    2018:	de b7       	in	r29, 0x3e	; 62
    201a:	89 83       	std	Y+1, r24	; 0x01
    201c:	6a 83       	std	Y+2, r22	; 0x02
	/*
	 * Check if the input number is greater than NUM_OF_PORTS value.
	 * In this case the input is not valid port number
	 */
	if (port_num >= NUM_OF_PORTS) {
    201e:	89 81       	ldd	r24, Y+1	; 0x01
    2020:	84 30       	cpi	r24, 0x04	; 4
    2022:	90 f5       	brcc	.+100    	; 0x2088 <GPIO_setupPortDirection+0x7a>
		/* Do Nothing */
	} else {
		/* Setup the port direction as required */
		switch (port_num) {
    2024:	89 81       	ldd	r24, Y+1	; 0x01
    2026:	28 2f       	mov	r18, r24
    2028:	30 e0       	ldi	r19, 0x00	; 0
    202a:	3c 83       	std	Y+4, r19	; 0x04
    202c:	2b 83       	std	Y+3, r18	; 0x03
    202e:	8b 81       	ldd	r24, Y+3	; 0x03
    2030:	9c 81       	ldd	r25, Y+4	; 0x04
    2032:	81 30       	cpi	r24, 0x01	; 1
    2034:	91 05       	cpc	r25, r1
    2036:	d1 f0       	breq	.+52     	; 0x206c <GPIO_setupPortDirection+0x5e>
    2038:	2b 81       	ldd	r18, Y+3	; 0x03
    203a:	3c 81       	ldd	r19, Y+4	; 0x04
    203c:	22 30       	cpi	r18, 0x02	; 2
    203e:	31 05       	cpc	r19, r1
    2040:	2c f4       	brge	.+10     	; 0x204c <GPIO_setupPortDirection+0x3e>
    2042:	8b 81       	ldd	r24, Y+3	; 0x03
    2044:	9c 81       	ldd	r25, Y+4	; 0x04
    2046:	00 97       	sbiw	r24, 0x00	; 0
    2048:	61 f0       	breq	.+24     	; 0x2062 <GPIO_setupPortDirection+0x54>
    204a:	1e c0       	rjmp	.+60     	; 0x2088 <GPIO_setupPortDirection+0x7a>
    204c:	2b 81       	ldd	r18, Y+3	; 0x03
    204e:	3c 81       	ldd	r19, Y+4	; 0x04
    2050:	22 30       	cpi	r18, 0x02	; 2
    2052:	31 05       	cpc	r19, r1
    2054:	81 f0       	breq	.+32     	; 0x2076 <GPIO_setupPortDirection+0x68>
    2056:	8b 81       	ldd	r24, Y+3	; 0x03
    2058:	9c 81       	ldd	r25, Y+4	; 0x04
    205a:	83 30       	cpi	r24, 0x03	; 3
    205c:	91 05       	cpc	r25, r1
    205e:	81 f0       	breq	.+32     	; 0x2080 <GPIO_setupPortDirection+0x72>
    2060:	13 c0       	rjmp	.+38     	; 0x2088 <GPIO_setupPortDirection+0x7a>
		case PORTA_ID:
			DDRA = direction;
    2062:	ea e3       	ldi	r30, 0x3A	; 58
    2064:	f0 e0       	ldi	r31, 0x00	; 0
    2066:	8a 81       	ldd	r24, Y+2	; 0x02
    2068:	80 83       	st	Z, r24
    206a:	0e c0       	rjmp	.+28     	; 0x2088 <GPIO_setupPortDirection+0x7a>
			break;
		case PORTB_ID:
			DDRB = direction;
    206c:	e7 e3       	ldi	r30, 0x37	; 55
    206e:	f0 e0       	ldi	r31, 0x00	; 0
    2070:	8a 81       	ldd	r24, Y+2	; 0x02
    2072:	80 83       	st	Z, r24
    2074:	09 c0       	rjmp	.+18     	; 0x2088 <GPIO_setupPortDirection+0x7a>
			break;
		case PORTC_ID:
			DDRC = direction;
    2076:	e4 e3       	ldi	r30, 0x34	; 52
    2078:	f0 e0       	ldi	r31, 0x00	; 0
    207a:	8a 81       	ldd	r24, Y+2	; 0x02
    207c:	80 83       	st	Z, r24
    207e:	04 c0       	rjmp	.+8      	; 0x2088 <GPIO_setupPortDirection+0x7a>
			break;
		case PORTD_ID:
			DDRD = direction;
    2080:	e1 e3       	ldi	r30, 0x31	; 49
    2082:	f0 e0       	ldi	r31, 0x00	; 0
    2084:	8a 81       	ldd	r24, Y+2	; 0x02
    2086:	80 83       	st	Z, r24
			break;
		}
	}
}
    2088:	0f 90       	pop	r0
    208a:	0f 90       	pop	r0
    208c:	0f 90       	pop	r0
    208e:	0f 90       	pop	r0
    2090:	cf 91       	pop	r28
    2092:	df 91       	pop	r29
    2094:	08 95       	ret

00002096 <GPIO_writePort>:
 * Write the value on the required port.
 * If any pin in the port is output pin the value will be written.
 * If any pin in the port is input pin this will activate/deactivate the internal pull-up resistor.
 * If the input port number is not correct, The function will not handle the request.
 */
void GPIO_writePort(uint8 port_num, uint8 value) {
    2096:	df 93       	push	r29
    2098:	cf 93       	push	r28
    209a:	00 d0       	rcall	.+0      	; 0x209c <GPIO_writePort+0x6>
    209c:	00 d0       	rcall	.+0      	; 0x209e <GPIO_writePort+0x8>
    209e:	cd b7       	in	r28, 0x3d	; 61
    20a0:	de b7       	in	r29, 0x3e	; 62
    20a2:	89 83       	std	Y+1, r24	; 0x01
    20a4:	6a 83       	std	Y+2, r22	; 0x02
	if ((port_num >= NUM_OF_PORTS)) {
    20a6:	89 81       	ldd	r24, Y+1	; 0x01
    20a8:	84 30       	cpi	r24, 0x04	; 4
    20aa:	90 f5       	brcc	.+100    	; 0x2110 <GPIO_writePort+0x7a>
		/* Do Nothing and exits the function*/
		return;
	} else {
		/*checks which port and then return the bit of the pin register*/
		switch (port_num) {
    20ac:	89 81       	ldd	r24, Y+1	; 0x01
    20ae:	28 2f       	mov	r18, r24
    20b0:	30 e0       	ldi	r19, 0x00	; 0
    20b2:	3c 83       	std	Y+4, r19	; 0x04
    20b4:	2b 83       	std	Y+3, r18	; 0x03
    20b6:	8b 81       	ldd	r24, Y+3	; 0x03
    20b8:	9c 81       	ldd	r25, Y+4	; 0x04
    20ba:	81 30       	cpi	r24, 0x01	; 1
    20bc:	91 05       	cpc	r25, r1
    20be:	d1 f0       	breq	.+52     	; 0x20f4 <GPIO_writePort+0x5e>
    20c0:	2b 81       	ldd	r18, Y+3	; 0x03
    20c2:	3c 81       	ldd	r19, Y+4	; 0x04
    20c4:	22 30       	cpi	r18, 0x02	; 2
    20c6:	31 05       	cpc	r19, r1
    20c8:	2c f4       	brge	.+10     	; 0x20d4 <GPIO_writePort+0x3e>
    20ca:	8b 81       	ldd	r24, Y+3	; 0x03
    20cc:	9c 81       	ldd	r25, Y+4	; 0x04
    20ce:	00 97       	sbiw	r24, 0x00	; 0
    20d0:	61 f0       	breq	.+24     	; 0x20ea <GPIO_writePort+0x54>
    20d2:	1e c0       	rjmp	.+60     	; 0x2110 <GPIO_writePort+0x7a>
    20d4:	2b 81       	ldd	r18, Y+3	; 0x03
    20d6:	3c 81       	ldd	r19, Y+4	; 0x04
    20d8:	22 30       	cpi	r18, 0x02	; 2
    20da:	31 05       	cpc	r19, r1
    20dc:	81 f0       	breq	.+32     	; 0x20fe <GPIO_writePort+0x68>
    20de:	8b 81       	ldd	r24, Y+3	; 0x03
    20e0:	9c 81       	ldd	r25, Y+4	; 0x04
    20e2:	83 30       	cpi	r24, 0x03	; 3
    20e4:	91 05       	cpc	r25, r1
    20e6:	81 f0       	breq	.+32     	; 0x2108 <GPIO_writePort+0x72>
    20e8:	13 c0       	rjmp	.+38     	; 0x2110 <GPIO_writePort+0x7a>
		case PORTA_ID:
			PORTA = value;
    20ea:	eb e3       	ldi	r30, 0x3B	; 59
    20ec:	f0 e0       	ldi	r31, 0x00	; 0
    20ee:	8a 81       	ldd	r24, Y+2	; 0x02
    20f0:	80 83       	st	Z, r24
    20f2:	0e c0       	rjmp	.+28     	; 0x2110 <GPIO_writePort+0x7a>
			break;
		case PORTB_ID:
			PORTB = value;
    20f4:	e8 e3       	ldi	r30, 0x38	; 56
    20f6:	f0 e0       	ldi	r31, 0x00	; 0
    20f8:	8a 81       	ldd	r24, Y+2	; 0x02
    20fa:	80 83       	st	Z, r24
    20fc:	09 c0       	rjmp	.+18     	; 0x2110 <GPIO_writePort+0x7a>
			break;
		case PORTC_ID:
			PORTC = value;
    20fe:	e5 e3       	ldi	r30, 0x35	; 53
    2100:	f0 e0       	ldi	r31, 0x00	; 0
    2102:	8a 81       	ldd	r24, Y+2	; 0x02
    2104:	80 83       	st	Z, r24
    2106:	04 c0       	rjmp	.+8      	; 0x2110 <GPIO_writePort+0x7a>
			break;
		case PORTD_ID:
			PORTD = value;
    2108:	e2 e3       	ldi	r30, 0x32	; 50
    210a:	f0 e0       	ldi	r31, 0x00	; 0
    210c:	8a 81       	ldd	r24, Y+2	; 0x02
    210e:	80 83       	st	Z, r24
			break;
		}

	}
}
    2110:	0f 90       	pop	r0
    2112:	0f 90       	pop	r0
    2114:	0f 90       	pop	r0
    2116:	0f 90       	pop	r0
    2118:	cf 91       	pop	r28
    211a:	df 91       	pop	r29
    211c:	08 95       	ret

0000211e <GPIO_readPort>:
/*
 * Description :
 * Read and return the value of the required port.
 * If the input port number is not correct, The function will return ZERO value.
 */
uint8 GPIO_readPort(uint8 port_num) {
    211e:	df 93       	push	r29
    2120:	cf 93       	push	r28
    2122:	00 d0       	rcall	.+0      	; 0x2124 <GPIO_readPort+0x6>
    2124:	00 d0       	rcall	.+0      	; 0x2126 <GPIO_readPort+0x8>
    2126:	cd b7       	in	r28, 0x3d	; 61
    2128:	de b7       	in	r29, 0x3e	; 62
    212a:	89 83       	std	Y+1, r24	; 0x01
	if ((port_num >= NUM_OF_PORTS)) { /* Do Nothing and exits the function*/
    212c:	89 81       	ldd	r24, Y+1	; 0x01
    212e:	84 30       	cpi	r24, 0x04	; 4
    2130:	10 f0       	brcs	.+4      	; 0x2136 <GPIO_readPort+0x18>
		return LOGIC_LOW;
    2132:	1c 82       	std	Y+4, r1	; 0x04
    2134:	34 c0       	rjmp	.+104    	; 0x219e <GPIO_readPort+0x80>
	} else {
		/*checks which port and then return the bit of the pin register*/
		switch (port_num) {
    2136:	89 81       	ldd	r24, Y+1	; 0x01
    2138:	28 2f       	mov	r18, r24
    213a:	30 e0       	ldi	r19, 0x00	; 0
    213c:	3b 83       	std	Y+3, r19	; 0x03
    213e:	2a 83       	std	Y+2, r18	; 0x02
    2140:	8a 81       	ldd	r24, Y+2	; 0x02
    2142:	9b 81       	ldd	r25, Y+3	; 0x03
    2144:	81 30       	cpi	r24, 0x01	; 1
    2146:	91 05       	cpc	r25, r1
    2148:	d1 f0       	breq	.+52     	; 0x217e <GPIO_readPort+0x60>
    214a:	2a 81       	ldd	r18, Y+2	; 0x02
    214c:	3b 81       	ldd	r19, Y+3	; 0x03
    214e:	22 30       	cpi	r18, 0x02	; 2
    2150:	31 05       	cpc	r19, r1
    2152:	2c f4       	brge	.+10     	; 0x215e <GPIO_readPort+0x40>
    2154:	8a 81       	ldd	r24, Y+2	; 0x02
    2156:	9b 81       	ldd	r25, Y+3	; 0x03
    2158:	00 97       	sbiw	r24, 0x00	; 0
    215a:	61 f0       	breq	.+24     	; 0x2174 <GPIO_readPort+0x56>
    215c:	1f c0       	rjmp	.+62     	; 0x219c <GPIO_readPort+0x7e>
    215e:	2a 81       	ldd	r18, Y+2	; 0x02
    2160:	3b 81       	ldd	r19, Y+3	; 0x03
    2162:	22 30       	cpi	r18, 0x02	; 2
    2164:	31 05       	cpc	r19, r1
    2166:	81 f0       	breq	.+32     	; 0x2188 <GPIO_readPort+0x6a>
    2168:	8a 81       	ldd	r24, Y+2	; 0x02
    216a:	9b 81       	ldd	r25, Y+3	; 0x03
    216c:	83 30       	cpi	r24, 0x03	; 3
    216e:	91 05       	cpc	r25, r1
    2170:	81 f0       	breq	.+32     	; 0x2192 <GPIO_readPort+0x74>
    2172:	14 c0       	rjmp	.+40     	; 0x219c <GPIO_readPort+0x7e>
		case PORTA_ID:
			return PINA;
    2174:	e9 e3       	ldi	r30, 0x39	; 57
    2176:	f0 e0       	ldi	r31, 0x00	; 0
    2178:	90 81       	ld	r25, Z
    217a:	9c 83       	std	Y+4, r25	; 0x04
    217c:	10 c0       	rjmp	.+32     	; 0x219e <GPIO_readPort+0x80>
			break;
		case PORTB_ID:
			return PINB;
    217e:	e6 e3       	ldi	r30, 0x36	; 54
    2180:	f0 e0       	ldi	r31, 0x00	; 0
    2182:	20 81       	ld	r18, Z
    2184:	2c 83       	std	Y+4, r18	; 0x04
    2186:	0b c0       	rjmp	.+22     	; 0x219e <GPIO_readPort+0x80>
			break;
		case PORTC_ID:
			return PORTC;
    2188:	e5 e3       	ldi	r30, 0x35	; 53
    218a:	f0 e0       	ldi	r31, 0x00	; 0
    218c:	30 81       	ld	r19, Z
    218e:	3c 83       	std	Y+4, r19	; 0x04
    2190:	06 c0       	rjmp	.+12     	; 0x219e <GPIO_readPort+0x80>
			break;
		case PORTD_ID:
			return PORTD;
    2192:	e2 e3       	ldi	r30, 0x32	; 50
    2194:	f0 e0       	ldi	r31, 0x00	; 0
    2196:	80 81       	ld	r24, Z
    2198:	8c 83       	std	Y+4, r24	; 0x04
    219a:	01 c0       	rjmp	.+2      	; 0x219e <GPIO_readPort+0x80>
			break;
		}
		/*if any case didn't match (which it isn't impossible) it will return logical low */
		return LOGIC_LOW;
    219c:	1c 82       	std	Y+4, r1	; 0x04
    219e:	8c 81       	ldd	r24, Y+4	; 0x04
	}
}
    21a0:	0f 90       	pop	r0
    21a2:	0f 90       	pop	r0
    21a4:	0f 90       	pop	r0
    21a6:	0f 90       	pop	r0
    21a8:	cf 91       	pop	r28
    21aa:	df 91       	pop	r29
    21ac:	08 95       	ret

000021ae <KEYPAD_getPressedKey>:
	/*this function is for keypad adjustment in case 4*3 */
	static uint8 KEYPAD_4x3_adjustKeyNumber(uint8 button_number);
#endif

/*this function is responsible for returning the key that is pressed  */
uint8 KEYPAD_getPressedKey(void) {
    21ae:	df 93       	push	r29
    21b0:	cf 93       	push	r28
    21b2:	cd b7       	in	r28, 0x3d	; 61
    21b4:	de b7       	in	r29, 0x3e	; 62
    21b6:	60 97       	sbiw	r28, 0x10	; 16
    21b8:	0f b6       	in	r0, 0x3f	; 63
    21ba:	f8 94       	cli
    21bc:	de bf       	out	0x3e, r29	; 62
    21be:	0f be       	out	0x3f, r0	; 63
    21c0:	cd bf       	out	0x3d, r28	; 61
	uint8 row, col; /*these variables are for the key detection*/
	/*setting the row into inputs*/
	GPIO_setupPinDirection(ROW_START_PORT, ROW_START_PIN, PIN_INPUT);
    21c2:	80 e0       	ldi	r24, 0x00	; 0
    21c4:	60 e0       	ldi	r22, 0x00	; 0
    21c6:	40 e0       	ldi	r20, 0x00	; 0
    21c8:	0e 94 7c 0d 	call	0x1af8	; 0x1af8 <GPIO_setupPinDirection>
	GPIO_setupPinDirection(ROW_START_PORT, ROW_START_PIN + 1, PIN_INPUT);
    21cc:	80 e0       	ldi	r24, 0x00	; 0
    21ce:	61 e0       	ldi	r22, 0x01	; 1
    21d0:	40 e0       	ldi	r20, 0x00	; 0
    21d2:	0e 94 7c 0d 	call	0x1af8	; 0x1af8 <GPIO_setupPinDirection>
	GPIO_setupPinDirection(ROW_START_PORT, ROW_START_PIN + 2, PIN_INPUT);
    21d6:	80 e0       	ldi	r24, 0x00	; 0
    21d8:	62 e0       	ldi	r22, 0x02	; 2
    21da:	40 e0       	ldi	r20, 0x00	; 0
    21dc:	0e 94 7c 0d 	call	0x1af8	; 0x1af8 <GPIO_setupPinDirection>
	GPIO_setupPinDirection(ROW_START_PORT, ROW_START_PIN + 3, PIN_INPUT);
    21e0:	80 e0       	ldi	r24, 0x00	; 0
    21e2:	63 e0       	ldi	r22, 0x03	; 3
    21e4:	40 e0       	ldi	r20, 0x00	; 0
    21e6:	0e 94 7c 0d 	call	0x1af8	; 0x1af8 <GPIO_setupPinDirection>

	/*setting the column into inputs*/
	GPIO_setupPinDirection(COLUMN_START_PORT, COLUMN_START_PIN, PIN_INPUT);
    21ea:	80 e0       	ldi	r24, 0x00	; 0
    21ec:	64 e0       	ldi	r22, 0x04	; 4
    21ee:	40 e0       	ldi	r20, 0x00	; 0
    21f0:	0e 94 7c 0d 	call	0x1af8	; 0x1af8 <GPIO_setupPinDirection>
	GPIO_setupPinDirection(COLUMN_START_PORT, COLUMN_START_PIN + 1, PIN_INPUT);
    21f4:	80 e0       	ldi	r24, 0x00	; 0
    21f6:	65 e0       	ldi	r22, 0x05	; 5
    21f8:	40 e0       	ldi	r20, 0x00	; 0
    21fa:	0e 94 7c 0d 	call	0x1af8	; 0x1af8 <GPIO_setupPinDirection>
	GPIO_setupPinDirection(COLUMN_START_PORT,COLUMN_START_PIN + 2, PIN_INPUT);
    21fe:	80 e0       	ldi	r24, 0x00	; 0
    2200:	66 e0       	ldi	r22, 0x06	; 6
    2202:	40 e0       	ldi	r20, 0x00	; 0
    2204:	0e 94 7c 0d 	call	0x1af8	; 0x1af8 <GPIO_setupPinDirection>
#if (NUMBER_OF_COLUMNS==4)
	/*if the keypad is 4*4 then we will adjust the last column */
	GPIO_setupPinDirection(COLUMN_START_PORT, COLUMN_START_PIN + 3, PIN_INPUT);
    2208:	80 e0       	ldi	r24, 0x00	; 0
    220a:	67 e0       	ldi	r22, 0x07	; 7
    220c:	40 e0       	ldi	r20, 0x00	; 0
    220e:	0e 94 7c 0d 	call	0x1af8	; 0x1af8 <GPIO_setupPinDirection>
#endif

	while(1)
	{

		for (row = 0; row < NUMBER_OF_ROWS; row++) {
    2212:	18 8a       	std	Y+16, r1	; 0x10
    2214:	ab c0       	rjmp	.+342    	; 0x236c <KEYPAD_getPressedKey+0x1be>
			/*setting the row pin into output and then set it with key_pressed */
			GPIO_setupPinDirection(ROW_START_PORT, ROW_START_PIN + row,
    2216:	80 e0       	ldi	r24, 0x00	; 0
    2218:	68 89       	ldd	r22, Y+16	; 0x10
    221a:	41 e0       	ldi	r20, 0x01	; 1
    221c:	0e 94 7c 0d 	call	0x1af8	; 0x1af8 <GPIO_setupPinDirection>
					PIN_OUTPUT);
			GPIO_writePin(ROW_START_PORT, ROW_START_PIN + row,
    2220:	80 e0       	ldi	r24, 0x00	; 0
    2222:	68 89       	ldd	r22, Y+16	; 0x10
    2224:	40 e0       	ldi	r20, 0x00	; 0
    2226:	0e 94 67 0e 	call	0x1cce	; 0x1cce <GPIO_writePin>
			KEY_PRESSED);
			for (col = 0; col <NUMBER_OF_COLUMNS; col++) {
    222a:	1f 86       	std	Y+15, r1	; 0x0f
    222c:	22 c0       	rjmp	.+68     	; 0x2272 <KEYPAD_getPressedKey+0xc4>
				/* looping along all columns and check if the key is pressed or not*/
				if (GPIO_readPin(COLUMN_START_PORT,COLUMN_START_PIN+col)==KEY_PRESSED) {
    222e:	8f 85       	ldd	r24, Y+15	; 0x0f
    2230:	98 2f       	mov	r25, r24
    2232:	9c 5f       	subi	r25, 0xFC	; 252
    2234:	80 e0       	ldi	r24, 0x00	; 0
    2236:	69 2f       	mov	r22, r25
    2238:	0e 94 52 0f 	call	0x1ea4	; 0x1ea4 <GPIO_readPin>
    223c:	88 23       	and	r24, r24
    223e:	b1 f4       	brne	.+44     	; 0x226c <KEYPAD_getPressedKey+0xbe>
					#if (NUMBER_OF_COLUMNS==4)
					/* adjusting the output depending on the type of the keypad */
					return KEYPAD_4x4_adjustKeyNumber(
    2240:	88 89       	ldd	r24, Y+16	; 0x10
    2242:	88 2f       	mov	r24, r24
    2244:	90 e0       	ldi	r25, 0x00	; 0
    2246:	88 0f       	add	r24, r24
    2248:	99 1f       	adc	r25, r25
    224a:	88 0f       	add	r24, r24
    224c:	99 1f       	adc	r25, r25
    224e:	98 2f       	mov	r25, r24
    2250:	8f 85       	ldd	r24, Y+15	; 0x0f
    2252:	89 0f       	add	r24, r25
    2254:	8f 5f       	subi	r24, 0xFF	; 255
    2256:	0e 94 bb 11 	call	0x2376	; 0x2376 <KEYPAD_4x4_adjustKeyNumber>
					PIN_INPUT);
			_delay_ms(10); /*delaying for Proutues error */
		}

	}
}
    225a:	60 96       	adiw	r28, 0x10	; 16
    225c:	0f b6       	in	r0, 0x3f	; 63
    225e:	f8 94       	cli
    2260:	de bf       	out	0x3e, r29	; 62
    2262:	0f be       	out	0x3f, r0	; 63
    2264:	cd bf       	out	0x3d, r28	; 61
    2266:	cf 91       	pop	r28
    2268:	df 91       	pop	r29
    226a:	08 95       	ret
			/*setting the row pin into output and then set it with key_pressed */
			GPIO_setupPinDirection(ROW_START_PORT, ROW_START_PIN + row,
					PIN_OUTPUT);
			GPIO_writePin(ROW_START_PORT, ROW_START_PIN + row,
			KEY_PRESSED);
			for (col = 0; col <NUMBER_OF_COLUMNS; col++) {
    226c:	8f 85       	ldd	r24, Y+15	; 0x0f
    226e:	8f 5f       	subi	r24, 0xFF	; 255
    2270:	8f 87       	std	Y+15, r24	; 0x0f
    2272:	8f 85       	ldd	r24, Y+15	; 0x0f
    2274:	84 30       	cpi	r24, 0x04	; 4
    2276:	d8 f2       	brcs	.-74     	; 0x222e <KEYPAD_getPressedKey+0x80>
					#endif
				}

			}
			/* if the key is not in this row so, it will change this row into input and then go to the next row  */
			GPIO_setupPinDirection(ROW_START_PORT, ROW_START_PIN + row,
    2278:	80 e0       	ldi	r24, 0x00	; 0
    227a:	68 89       	ldd	r22, Y+16	; 0x10
    227c:	40 e0       	ldi	r20, 0x00	; 0
    227e:	0e 94 7c 0d 	call	0x1af8	; 0x1af8 <GPIO_setupPinDirection>
    2282:	80 e0       	ldi	r24, 0x00	; 0
    2284:	90 e0       	ldi	r25, 0x00	; 0
    2286:	a0 e2       	ldi	r26, 0x20	; 32
    2288:	b1 e4       	ldi	r27, 0x41	; 65
    228a:	8b 87       	std	Y+11, r24	; 0x0b
    228c:	9c 87       	std	Y+12, r25	; 0x0c
    228e:	ad 87       	std	Y+13, r26	; 0x0d
    2290:	be 87       	std	Y+14, r27	; 0x0e
 */
void
_delay_ms(double __ms)
{
	uint16_t __ticks;
	double __tmp = ((F_CPU) / 4e3) * __ms;
    2292:	6b 85       	ldd	r22, Y+11	; 0x0b
    2294:	7c 85       	ldd	r23, Y+12	; 0x0c
    2296:	8d 85       	ldd	r24, Y+13	; 0x0d
    2298:	9e 85       	ldd	r25, Y+14	; 0x0e
    229a:	20 e0       	ldi	r18, 0x00	; 0
    229c:	30 e0       	ldi	r19, 0x00	; 0
    229e:	4a ef       	ldi	r20, 0xFA	; 250
    22a0:	54 e4       	ldi	r21, 0x44	; 68
    22a2:	0e 94 1f 02 	call	0x43e	; 0x43e <__mulsf3>
    22a6:	dc 01       	movw	r26, r24
    22a8:	cb 01       	movw	r24, r22
    22aa:	8f 83       	std	Y+7, r24	; 0x07
    22ac:	98 87       	std	Y+8, r25	; 0x08
    22ae:	a9 87       	std	Y+9, r26	; 0x09
    22b0:	ba 87       	std	Y+10, r27	; 0x0a
	if (__tmp < 1.0)
    22b2:	6f 81       	ldd	r22, Y+7	; 0x07
    22b4:	78 85       	ldd	r23, Y+8	; 0x08
    22b6:	89 85       	ldd	r24, Y+9	; 0x09
    22b8:	9a 85       	ldd	r25, Y+10	; 0x0a
    22ba:	20 e0       	ldi	r18, 0x00	; 0
    22bc:	30 e0       	ldi	r19, 0x00	; 0
    22be:	40 e8       	ldi	r20, 0x80	; 128
    22c0:	5f e3       	ldi	r21, 0x3F	; 63
    22c2:	0e 94 79 03 	call	0x6f2	; 0x6f2 <__ltsf2>
    22c6:	88 23       	and	r24, r24
    22c8:	2c f4       	brge	.+10     	; 0x22d4 <KEYPAD_getPressedKey+0x126>
		__ticks = 1;
    22ca:	81 e0       	ldi	r24, 0x01	; 1
    22cc:	90 e0       	ldi	r25, 0x00	; 0
    22ce:	9e 83       	std	Y+6, r25	; 0x06
    22d0:	8d 83       	std	Y+5, r24	; 0x05
    22d2:	3f c0       	rjmp	.+126    	; 0x2352 <KEYPAD_getPressedKey+0x1a4>
	else if (__tmp > 65535)
    22d4:	6f 81       	ldd	r22, Y+7	; 0x07
    22d6:	78 85       	ldd	r23, Y+8	; 0x08
    22d8:	89 85       	ldd	r24, Y+9	; 0x09
    22da:	9a 85       	ldd	r25, Y+10	; 0x0a
    22dc:	20 e0       	ldi	r18, 0x00	; 0
    22de:	3f ef       	ldi	r19, 0xFF	; 255
    22e0:	4f e7       	ldi	r20, 0x7F	; 127
    22e2:	57 e4       	ldi	r21, 0x47	; 71
    22e4:	0e 94 19 03 	call	0x632	; 0x632 <__gtsf2>
    22e8:	18 16       	cp	r1, r24
    22ea:	4c f5       	brge	.+82     	; 0x233e <KEYPAD_getPressedKey+0x190>
	{
		//	__ticks = requested delay in 1/10 ms
		__ticks = (uint16_t) (__ms * 10.0);
    22ec:	6b 85       	ldd	r22, Y+11	; 0x0b
    22ee:	7c 85       	ldd	r23, Y+12	; 0x0c
    22f0:	8d 85       	ldd	r24, Y+13	; 0x0d
    22f2:	9e 85       	ldd	r25, Y+14	; 0x0e
    22f4:	20 e0       	ldi	r18, 0x00	; 0
    22f6:	30 e0       	ldi	r19, 0x00	; 0
    22f8:	40 e2       	ldi	r20, 0x20	; 32
    22fa:	51 e4       	ldi	r21, 0x41	; 65
    22fc:	0e 94 1f 02 	call	0x43e	; 0x43e <__mulsf3>
    2300:	dc 01       	movw	r26, r24
    2302:	cb 01       	movw	r24, r22
    2304:	bc 01       	movw	r22, r24
    2306:	cd 01       	movw	r24, r26
    2308:	0e 94 49 00 	call	0x92	; 0x92 <__fixunssfsi>
    230c:	dc 01       	movw	r26, r24
    230e:	cb 01       	movw	r24, r22
    2310:	9e 83       	std	Y+6, r25	; 0x06
    2312:	8d 83       	std	Y+5, r24	; 0x05
    2314:	0f c0       	rjmp	.+30     	; 0x2334 <KEYPAD_getPressedKey+0x186>
    2316:	88 ec       	ldi	r24, 0xC8	; 200
    2318:	90 e0       	ldi	r25, 0x00	; 0
    231a:	9c 83       	std	Y+4, r25	; 0x04
    231c:	8b 83       	std	Y+3, r24	; 0x03
    231e:	8b 81       	ldd	r24, Y+3	; 0x03
    2320:	9c 81       	ldd	r25, Y+4	; 0x04
    2322:	01 97       	sbiw	r24, 0x01	; 1
    2324:	f1 f7       	brne	.-4      	; 0x2322 <KEYPAD_getPressedKey+0x174>
    2326:	9c 83       	std	Y+4, r25	; 0x04
    2328:	8b 83       	std	Y+3, r24	; 0x03
		while(__ticks)
		{
			// wait 1/10 ms
			_delay_loop_2(((F_CPU) / 4e3) / 10);
			__ticks --;
    232a:	8d 81       	ldd	r24, Y+5	; 0x05
    232c:	9e 81       	ldd	r25, Y+6	; 0x06
    232e:	01 97       	sbiw	r24, 0x01	; 1
    2330:	9e 83       	std	Y+6, r25	; 0x06
    2332:	8d 83       	std	Y+5, r24	; 0x05
		__ticks = 1;
	else if (__tmp > 65535)
	{
		//	__ticks = requested delay in 1/10 ms
		__ticks = (uint16_t) (__ms * 10.0);
		while(__ticks)
    2334:	8d 81       	ldd	r24, Y+5	; 0x05
    2336:	9e 81       	ldd	r25, Y+6	; 0x06
    2338:	00 97       	sbiw	r24, 0x00	; 0
    233a:	69 f7       	brne	.-38     	; 0x2316 <KEYPAD_getPressedKey+0x168>
    233c:	14 c0       	rjmp	.+40     	; 0x2366 <KEYPAD_getPressedKey+0x1b8>
			__ticks --;
		}
		return;
	}
	else
		__ticks = (uint16_t)__tmp;
    233e:	6f 81       	ldd	r22, Y+7	; 0x07
    2340:	78 85       	ldd	r23, Y+8	; 0x08
    2342:	89 85       	ldd	r24, Y+9	; 0x09
    2344:	9a 85       	ldd	r25, Y+10	; 0x0a
    2346:	0e 94 49 00 	call	0x92	; 0x92 <__fixunssfsi>
    234a:	dc 01       	movw	r26, r24
    234c:	cb 01       	movw	r24, r22
    234e:	9e 83       	std	Y+6, r25	; 0x06
    2350:	8d 83       	std	Y+5, r24	; 0x05
    2352:	8d 81       	ldd	r24, Y+5	; 0x05
    2354:	9e 81       	ldd	r25, Y+6	; 0x06
    2356:	9a 83       	std	Y+2, r25	; 0x02
    2358:	89 83       	std	Y+1, r24	; 0x01
    235a:	89 81       	ldd	r24, Y+1	; 0x01
    235c:	9a 81       	ldd	r25, Y+2	; 0x02
    235e:	01 97       	sbiw	r24, 0x01	; 1
    2360:	f1 f7       	brne	.-4      	; 0x235e <KEYPAD_getPressedKey+0x1b0>
    2362:	9a 83       	std	Y+2, r25	; 0x02
    2364:	89 83       	std	Y+1, r24	; 0x01
#endif

	while(1)
	{

		for (row = 0; row < NUMBER_OF_ROWS; row++) {
    2366:	88 89       	ldd	r24, Y+16	; 0x10
    2368:	8f 5f       	subi	r24, 0xFF	; 255
    236a:	88 8b       	std	Y+16, r24	; 0x10
    236c:	88 89       	ldd	r24, Y+16	; 0x10
    236e:	84 30       	cpi	r24, 0x04	; 4
    2370:	08 f4       	brcc	.+2      	; 0x2374 <KEYPAD_getPressedKey+0x1c6>
    2372:	51 cf       	rjmp	.-350    	; 0x2216 <KEYPAD_getPressedKey+0x68>
    2374:	4e cf       	rjmp	.-356    	; 0x2212 <KEYPAD_getPressedKey+0x64>

00002376 <KEYPAD_4x4_adjustKeyNumber>:
/*
 * Description :
 * Update the keypad pressed button value with the correct one in keypad 4x4 shape
 */
static uint8 KEYPAD_4x4_adjustKeyNumber(uint8 button_number)
{
    2376:	df 93       	push	r29
    2378:	cf 93       	push	r28
    237a:	00 d0       	rcall	.+0      	; 0x237c <KEYPAD_4x4_adjustKeyNumber+0x6>
    237c:	00 d0       	rcall	.+0      	; 0x237e <KEYPAD_4x4_adjustKeyNumber+0x8>
    237e:	cd b7       	in	r28, 0x3d	; 61
    2380:	de b7       	in	r29, 0x3e	; 62
    2382:	8a 83       	std	Y+2, r24	; 0x02
	uint8 keypad_button = 0;
    2384:	19 82       	std	Y+1, r1	; 0x01
	switch(button_number)
    2386:	8a 81       	ldd	r24, Y+2	; 0x02
    2388:	28 2f       	mov	r18, r24
    238a:	30 e0       	ldi	r19, 0x00	; 0
    238c:	3c 83       	std	Y+4, r19	; 0x04
    238e:	2b 83       	std	Y+3, r18	; 0x03
    2390:	8b 81       	ldd	r24, Y+3	; 0x03
    2392:	9c 81       	ldd	r25, Y+4	; 0x04
    2394:	88 30       	cpi	r24, 0x08	; 8
    2396:	91 05       	cpc	r25, r1
    2398:	09 f4       	brne	.+2      	; 0x239c <KEYPAD_4x4_adjustKeyNumber+0x26>
    239a:	70 c0       	rjmp	.+224    	; 0x247c <KEYPAD_4x4_adjustKeyNumber+0x106>
    239c:	2b 81       	ldd	r18, Y+3	; 0x03
    239e:	3c 81       	ldd	r19, Y+4	; 0x04
    23a0:	29 30       	cpi	r18, 0x09	; 9
    23a2:	31 05       	cpc	r19, r1
    23a4:	5c f5       	brge	.+86     	; 0x23fc <KEYPAD_4x4_adjustKeyNumber+0x86>
    23a6:	8b 81       	ldd	r24, Y+3	; 0x03
    23a8:	9c 81       	ldd	r25, Y+4	; 0x04
    23aa:	84 30       	cpi	r24, 0x04	; 4
    23ac:	91 05       	cpc	r25, r1
    23ae:	09 f4       	brne	.+2      	; 0x23b2 <KEYPAD_4x4_adjustKeyNumber+0x3c>
    23b0:	59 c0       	rjmp	.+178    	; 0x2464 <KEYPAD_4x4_adjustKeyNumber+0xee>
    23b2:	2b 81       	ldd	r18, Y+3	; 0x03
    23b4:	3c 81       	ldd	r19, Y+4	; 0x04
    23b6:	25 30       	cpi	r18, 0x05	; 5
    23b8:	31 05       	cpc	r19, r1
    23ba:	9c f4       	brge	.+38     	; 0x23e2 <KEYPAD_4x4_adjustKeyNumber+0x6c>
    23bc:	8b 81       	ldd	r24, Y+3	; 0x03
    23be:	9c 81       	ldd	r25, Y+4	; 0x04
    23c0:	82 30       	cpi	r24, 0x02	; 2
    23c2:	91 05       	cpc	r25, r1
    23c4:	09 f4       	brne	.+2      	; 0x23c8 <KEYPAD_4x4_adjustKeyNumber+0x52>
    23c6:	48 c0       	rjmp	.+144    	; 0x2458 <KEYPAD_4x4_adjustKeyNumber+0xe2>
    23c8:	2b 81       	ldd	r18, Y+3	; 0x03
    23ca:	3c 81       	ldd	r19, Y+4	; 0x04
    23cc:	23 30       	cpi	r18, 0x03	; 3
    23ce:	31 05       	cpc	r19, r1
    23d0:	0c f0       	brlt	.+2      	; 0x23d4 <KEYPAD_4x4_adjustKeyNumber+0x5e>
    23d2:	45 c0       	rjmp	.+138    	; 0x245e <KEYPAD_4x4_adjustKeyNumber+0xe8>
    23d4:	8b 81       	ldd	r24, Y+3	; 0x03
    23d6:	9c 81       	ldd	r25, Y+4	; 0x04
    23d8:	81 30       	cpi	r24, 0x01	; 1
    23da:	91 05       	cpc	r25, r1
    23dc:	09 f4       	brne	.+2      	; 0x23e0 <KEYPAD_4x4_adjustKeyNumber+0x6a>
    23de:	39 c0       	rjmp	.+114    	; 0x2452 <KEYPAD_4x4_adjustKeyNumber+0xdc>
    23e0:	67 c0       	rjmp	.+206    	; 0x24b0 <KEYPAD_4x4_adjustKeyNumber+0x13a>
    23e2:	2b 81       	ldd	r18, Y+3	; 0x03
    23e4:	3c 81       	ldd	r19, Y+4	; 0x04
    23e6:	26 30       	cpi	r18, 0x06	; 6
    23e8:	31 05       	cpc	r19, r1
    23ea:	09 f4       	brne	.+2      	; 0x23ee <KEYPAD_4x4_adjustKeyNumber+0x78>
    23ec:	41 c0       	rjmp	.+130    	; 0x2470 <KEYPAD_4x4_adjustKeyNumber+0xfa>
    23ee:	8b 81       	ldd	r24, Y+3	; 0x03
    23f0:	9c 81       	ldd	r25, Y+4	; 0x04
    23f2:	87 30       	cpi	r24, 0x07	; 7
    23f4:	91 05       	cpc	r25, r1
    23f6:	0c f0       	brlt	.+2      	; 0x23fa <KEYPAD_4x4_adjustKeyNumber+0x84>
    23f8:	3e c0       	rjmp	.+124    	; 0x2476 <KEYPAD_4x4_adjustKeyNumber+0x100>
    23fa:	37 c0       	rjmp	.+110    	; 0x246a <KEYPAD_4x4_adjustKeyNumber+0xf4>
    23fc:	2b 81       	ldd	r18, Y+3	; 0x03
    23fe:	3c 81       	ldd	r19, Y+4	; 0x04
    2400:	2c 30       	cpi	r18, 0x0C	; 12
    2402:	31 05       	cpc	r19, r1
    2404:	09 f4       	brne	.+2      	; 0x2408 <KEYPAD_4x4_adjustKeyNumber+0x92>
    2406:	46 c0       	rjmp	.+140    	; 0x2494 <KEYPAD_4x4_adjustKeyNumber+0x11e>
    2408:	8b 81       	ldd	r24, Y+3	; 0x03
    240a:	9c 81       	ldd	r25, Y+4	; 0x04
    240c:	8d 30       	cpi	r24, 0x0D	; 13
    240e:	91 05       	cpc	r25, r1
    2410:	5c f4       	brge	.+22     	; 0x2428 <KEYPAD_4x4_adjustKeyNumber+0xb2>
    2412:	2b 81       	ldd	r18, Y+3	; 0x03
    2414:	3c 81       	ldd	r19, Y+4	; 0x04
    2416:	2a 30       	cpi	r18, 0x0A	; 10
    2418:	31 05       	cpc	r19, r1
    241a:	b1 f1       	breq	.+108    	; 0x2488 <KEYPAD_4x4_adjustKeyNumber+0x112>
    241c:	8b 81       	ldd	r24, Y+3	; 0x03
    241e:	9c 81       	ldd	r25, Y+4	; 0x04
    2420:	8b 30       	cpi	r24, 0x0B	; 11
    2422:	91 05       	cpc	r25, r1
    2424:	a4 f5       	brge	.+104    	; 0x248e <KEYPAD_4x4_adjustKeyNumber+0x118>
    2426:	2d c0       	rjmp	.+90     	; 0x2482 <KEYPAD_4x4_adjustKeyNumber+0x10c>
    2428:	2b 81       	ldd	r18, Y+3	; 0x03
    242a:	3c 81       	ldd	r19, Y+4	; 0x04
    242c:	2e 30       	cpi	r18, 0x0E	; 14
    242e:	31 05       	cpc	r19, r1
    2430:	b9 f1       	breq	.+110    	; 0x24a0 <KEYPAD_4x4_adjustKeyNumber+0x12a>
    2432:	8b 81       	ldd	r24, Y+3	; 0x03
    2434:	9c 81       	ldd	r25, Y+4	; 0x04
    2436:	8e 30       	cpi	r24, 0x0E	; 14
    2438:	91 05       	cpc	r25, r1
    243a:	7c f1       	brlt	.+94     	; 0x249a <KEYPAD_4x4_adjustKeyNumber+0x124>
    243c:	2b 81       	ldd	r18, Y+3	; 0x03
    243e:	3c 81       	ldd	r19, Y+4	; 0x04
    2440:	2f 30       	cpi	r18, 0x0F	; 15
    2442:	31 05       	cpc	r19, r1
    2444:	79 f1       	breq	.+94     	; 0x24a4 <KEYPAD_4x4_adjustKeyNumber+0x12e>
    2446:	8b 81       	ldd	r24, Y+3	; 0x03
    2448:	9c 81       	ldd	r25, Y+4	; 0x04
    244a:	80 31       	cpi	r24, 0x10	; 16
    244c:	91 05       	cpc	r25, r1
    244e:	69 f1       	breq	.+90     	; 0x24aa <KEYPAD_4x4_adjustKeyNumber+0x134>
    2450:	2f c0       	rjmp	.+94     	; 0x24b0 <KEYPAD_4x4_adjustKeyNumber+0x13a>
	{
		case 1: keypad_button = 7;
    2452:	87 e0       	ldi	r24, 0x07	; 7
    2454:	89 83       	std	Y+1, r24	; 0x01
    2456:	2e c0       	rjmp	.+92     	; 0x24b4 <KEYPAD_4x4_adjustKeyNumber+0x13e>
				break;
		case 2: keypad_button = 8;
    2458:	88 e0       	ldi	r24, 0x08	; 8
    245a:	89 83       	std	Y+1, r24	; 0x01
    245c:	2b c0       	rjmp	.+86     	; 0x24b4 <KEYPAD_4x4_adjustKeyNumber+0x13e>
				break;
		case 3: keypad_button = 9;
    245e:	89 e0       	ldi	r24, 0x09	; 9
    2460:	89 83       	std	Y+1, r24	; 0x01
    2462:	28 c0       	rjmp	.+80     	; 0x24b4 <KEYPAD_4x4_adjustKeyNumber+0x13e>
				break;
		case 4: keypad_button = '%'; // ASCII Code of %
    2464:	85 e2       	ldi	r24, 0x25	; 37
    2466:	89 83       	std	Y+1, r24	; 0x01
    2468:	25 c0       	rjmp	.+74     	; 0x24b4 <KEYPAD_4x4_adjustKeyNumber+0x13e>
				break;
		case 5: keypad_button = 4;
    246a:	84 e0       	ldi	r24, 0x04	; 4
    246c:	89 83       	std	Y+1, r24	; 0x01
    246e:	22 c0       	rjmp	.+68     	; 0x24b4 <KEYPAD_4x4_adjustKeyNumber+0x13e>
				break;
		case 6: keypad_button = 5;
    2470:	85 e0       	ldi	r24, 0x05	; 5
    2472:	89 83       	std	Y+1, r24	; 0x01
    2474:	1f c0       	rjmp	.+62     	; 0x24b4 <KEYPAD_4x4_adjustKeyNumber+0x13e>
				break;
		case 7: keypad_button = 6;
    2476:	86 e0       	ldi	r24, 0x06	; 6
    2478:	89 83       	std	Y+1, r24	; 0x01
    247a:	1c c0       	rjmp	.+56     	; 0x24b4 <KEYPAD_4x4_adjustKeyNumber+0x13e>
				break;
		case 8: keypad_button = '*'; /* ASCII Code of '*' */
    247c:	8a e2       	ldi	r24, 0x2A	; 42
    247e:	89 83       	std	Y+1, r24	; 0x01
    2480:	19 c0       	rjmp	.+50     	; 0x24b4 <KEYPAD_4x4_adjustKeyNumber+0x13e>
				break;
		case 9: keypad_button = 1;
    2482:	81 e0       	ldi	r24, 0x01	; 1
    2484:	89 83       	std	Y+1, r24	; 0x01
    2486:	16 c0       	rjmp	.+44     	; 0x24b4 <KEYPAD_4x4_adjustKeyNumber+0x13e>
				break;
		case 10: keypad_button = 2;
    2488:	82 e0       	ldi	r24, 0x02	; 2
    248a:	89 83       	std	Y+1, r24	; 0x01
    248c:	13 c0       	rjmp	.+38     	; 0x24b4 <KEYPAD_4x4_adjustKeyNumber+0x13e>
				break;
		case 11: keypad_button = 3;
    248e:	83 e0       	ldi	r24, 0x03	; 3
    2490:	89 83       	std	Y+1, r24	; 0x01
    2492:	10 c0       	rjmp	.+32     	; 0x24b4 <KEYPAD_4x4_adjustKeyNumber+0x13e>
				break;
		case 12: keypad_button = '-'; /* ASCII Code of '-' */
    2494:	8d e2       	ldi	r24, 0x2D	; 45
    2496:	89 83       	std	Y+1, r24	; 0x01
    2498:	0d c0       	rjmp	.+26     	; 0x24b4 <KEYPAD_4x4_adjustKeyNumber+0x13e>
				break;
		case 13: keypad_button = 13;  /* ASCII of Enter */
    249a:	8d e0       	ldi	r24, 0x0D	; 13
    249c:	89 83       	std	Y+1, r24	; 0x01
    249e:	0a c0       	rjmp	.+20     	; 0x24b4 <KEYPAD_4x4_adjustKeyNumber+0x13e>
				break;
		case 14: keypad_button = 0;
    24a0:	19 82       	std	Y+1, r1	; 0x01
    24a2:	08 c0       	rjmp	.+16     	; 0x24b4 <KEYPAD_4x4_adjustKeyNumber+0x13e>
				break;
		case 15: keypad_button = '='; /* ASCII Code of '=' */
    24a4:	8d e3       	ldi	r24, 0x3D	; 61
    24a6:	89 83       	std	Y+1, r24	; 0x01
    24a8:	05 c0       	rjmp	.+10     	; 0x24b4 <KEYPAD_4x4_adjustKeyNumber+0x13e>
				break;
		case 16: keypad_button = '+'; /* ASCII Code of '+' */
    24aa:	8b e2       	ldi	r24, 0x2B	; 43
    24ac:	89 83       	std	Y+1, r24	; 0x01
    24ae:	02 c0       	rjmp	.+4      	; 0x24b4 <KEYPAD_4x4_adjustKeyNumber+0x13e>
				break;
		default: keypad_button = button_number;
    24b0:	8a 81       	ldd	r24, Y+2	; 0x02
    24b2:	89 83       	std	Y+1, r24	; 0x01
				break;
	}
	return keypad_button;
    24b4:	89 81       	ldd	r24, Y+1	; 0x01
}
    24b6:	0f 90       	pop	r0
    24b8:	0f 90       	pop	r0
    24ba:	0f 90       	pop	r0
    24bc:	0f 90       	pop	r0
    24be:	cf 91       	pop	r28
    24c0:	df 91       	pop	r29
    24c2:	08 95       	ret

000024c4 <__vector_7>:



/*ISR for timer 1 compare com a
 * */
ISR (TIMER1_COMPA_vect) {
    24c4:	1f 92       	push	r1
    24c6:	0f 92       	push	r0
    24c8:	0f b6       	in	r0, 0x3f	; 63
    24ca:	0f 92       	push	r0
    24cc:	11 24       	eor	r1, r1
    24ce:	2f 93       	push	r18
    24d0:	3f 93       	push	r19
    24d2:	4f 93       	push	r20
    24d4:	5f 93       	push	r21
    24d6:	6f 93       	push	r22
    24d8:	7f 93       	push	r23
    24da:	8f 93       	push	r24
    24dc:	9f 93       	push	r25
    24de:	af 93       	push	r26
    24e0:	bf 93       	push	r27
    24e2:	ef 93       	push	r30
    24e4:	ff 93       	push	r31
    24e6:	df 93       	push	r29
    24e8:	cf 93       	push	r28
    24ea:	cd b7       	in	r28, 0x3d	; 61
    24ec:	de b7       	in	r29, 0x3e	; 62

	if(g_callBackPtr_TIMER1 != NULL_PTR){
    24ee:	80 91 f6 02 	lds	r24, 0x02F6
    24f2:	90 91 f7 02 	lds	r25, 0x02F7
    24f6:	00 97       	sbiw	r24, 0x00	; 0
    24f8:	29 f0       	breq	.+10     	; 0x2504 <__vector_7+0x40>
			/* Call the Call Back function in the application after the edge is detected */
		(*g_callBackPtr_TIMER1)(); /* another method to call the function using pointer to function g_callBackPtr(); */
    24fa:	e0 91 f6 02 	lds	r30, 0x02F6
    24fe:	f0 91 f7 02 	lds	r31, 0x02F7
    2502:	09 95       	icall

	}
}
    2504:	cf 91       	pop	r28
    2506:	df 91       	pop	r29
    2508:	ff 91       	pop	r31
    250a:	ef 91       	pop	r30
    250c:	bf 91       	pop	r27
    250e:	af 91       	pop	r26
    2510:	9f 91       	pop	r25
    2512:	8f 91       	pop	r24
    2514:	7f 91       	pop	r23
    2516:	6f 91       	pop	r22
    2518:	5f 91       	pop	r21
    251a:	4f 91       	pop	r20
    251c:	3f 91       	pop	r19
    251e:	2f 91       	pop	r18
    2520:	0f 90       	pop	r0
    2522:	0f be       	out	0x3f, r0	; 63
    2524:	0f 90       	pop	r0
    2526:	1f 90       	pop	r1
    2528:	18 95       	reti

0000252a <__vector_9>:

/*ISR for timer 1 overflow
 * */
ISR (TIMER1_OVF_vect) {
    252a:	1f 92       	push	r1
    252c:	0f 92       	push	r0
    252e:	0f b6       	in	r0, 0x3f	; 63
    2530:	0f 92       	push	r0
    2532:	11 24       	eor	r1, r1
    2534:	2f 93       	push	r18
    2536:	3f 93       	push	r19
    2538:	4f 93       	push	r20
    253a:	5f 93       	push	r21
    253c:	6f 93       	push	r22
    253e:	7f 93       	push	r23
    2540:	8f 93       	push	r24
    2542:	9f 93       	push	r25
    2544:	af 93       	push	r26
    2546:	bf 93       	push	r27
    2548:	ef 93       	push	r30
    254a:	ff 93       	push	r31
    254c:	df 93       	push	r29
    254e:	cf 93       	push	r28
    2550:	cd b7       	in	r28, 0x3d	; 61
    2552:	de b7       	in	r29, 0x3e	; 62

	if(g_callBackPtr_TIMER1 != NULL_PTR){
    2554:	80 91 f6 02 	lds	r24, 0x02F6
    2558:	90 91 f7 02 	lds	r25, 0x02F7
    255c:	00 97       	sbiw	r24, 0x00	; 0
    255e:	29 f0       	breq	.+10     	; 0x256a <__vector_9+0x40>
				/* Call the Call Back function in the application after the edge is detected */
			(*g_callBackPtr_TIMER1)(); /* another method to call the function using pointer to function g_callBackPtr(); */
    2560:	e0 91 f6 02 	lds	r30, 0x02F6
    2564:	f0 91 f7 02 	lds	r31, 0x02F7
    2568:	09 95       	icall

		}

}
    256a:	cf 91       	pop	r28
    256c:	df 91       	pop	r29
    256e:	ff 91       	pop	r31
    2570:	ef 91       	pop	r30
    2572:	bf 91       	pop	r27
    2574:	af 91       	pop	r26
    2576:	9f 91       	pop	r25
    2578:	8f 91       	pop	r24
    257a:	7f 91       	pop	r23
    257c:	6f 91       	pop	r22
    257e:	5f 91       	pop	r21
    2580:	4f 91       	pop	r20
    2582:	3f 91       	pop	r19
    2584:	2f 91       	pop	r18
    2586:	0f 90       	pop	r0
    2588:	0f be       	out	0x3f, r0	; 63
    258a:	0f 90       	pop	r0
    258c:	1f 90       	pop	r1
    258e:	18 95       	reti

00002590 <__vector_10>:
/*ISR for timer 0 compare
 * */
ISR (TIMER0_COMP_vect) {
    2590:	1f 92       	push	r1
    2592:	0f 92       	push	r0
    2594:	0f b6       	in	r0, 0x3f	; 63
    2596:	0f 92       	push	r0
    2598:	11 24       	eor	r1, r1
    259a:	2f 93       	push	r18
    259c:	3f 93       	push	r19
    259e:	4f 93       	push	r20
    25a0:	5f 93       	push	r21
    25a2:	6f 93       	push	r22
    25a4:	7f 93       	push	r23
    25a6:	8f 93       	push	r24
    25a8:	9f 93       	push	r25
    25aa:	af 93       	push	r26
    25ac:	bf 93       	push	r27
    25ae:	ef 93       	push	r30
    25b0:	ff 93       	push	r31
    25b2:	df 93       	push	r29
    25b4:	cf 93       	push	r28
    25b6:	cd b7       	in	r28, 0x3d	; 61
    25b8:	de b7       	in	r29, 0x3e	; 62
	if (g_callBackPtr_TIMER0 != NULL_PTR) {
    25ba:	80 91 f4 02 	lds	r24, 0x02F4
    25be:	90 91 f5 02 	lds	r25, 0x02F5
    25c2:	00 97       	sbiw	r24, 0x00	; 0
    25c4:	29 f0       	breq	.+10     	; 0x25d0 <__vector_10+0x40>
		/* Call the Call Back function in the application after the edge is detected */
		(*g_callBackPtr_TIMER0)(); /* another method to call the function using pointer to function g_callBackPtr(); */
    25c6:	e0 91 f4 02 	lds	r30, 0x02F4
    25ca:	f0 91 f5 02 	lds	r31, 0x02F5
    25ce:	09 95       	icall

	}

}
    25d0:	cf 91       	pop	r28
    25d2:	df 91       	pop	r29
    25d4:	ff 91       	pop	r31
    25d6:	ef 91       	pop	r30
    25d8:	bf 91       	pop	r27
    25da:	af 91       	pop	r26
    25dc:	9f 91       	pop	r25
    25de:	8f 91       	pop	r24
    25e0:	7f 91       	pop	r23
    25e2:	6f 91       	pop	r22
    25e4:	5f 91       	pop	r21
    25e6:	4f 91       	pop	r20
    25e8:	3f 91       	pop	r19
    25ea:	2f 91       	pop	r18
    25ec:	0f 90       	pop	r0
    25ee:	0f be       	out	0x3f, r0	; 63
    25f0:	0f 90       	pop	r0
    25f2:	1f 90       	pop	r1
    25f4:	18 95       	reti

000025f6 <__vector_11>:
/*ISR for timer 0 overflow mode
 * */
ISR (TIMER0_OVF_vect) {
    25f6:	1f 92       	push	r1
    25f8:	0f 92       	push	r0
    25fa:	0f b6       	in	r0, 0x3f	; 63
    25fc:	0f 92       	push	r0
    25fe:	11 24       	eor	r1, r1
    2600:	2f 93       	push	r18
    2602:	3f 93       	push	r19
    2604:	4f 93       	push	r20
    2606:	5f 93       	push	r21
    2608:	6f 93       	push	r22
    260a:	7f 93       	push	r23
    260c:	8f 93       	push	r24
    260e:	9f 93       	push	r25
    2610:	af 93       	push	r26
    2612:	bf 93       	push	r27
    2614:	ef 93       	push	r30
    2616:	ff 93       	push	r31
    2618:	df 93       	push	r29
    261a:	cf 93       	push	r28
    261c:	cd b7       	in	r28, 0x3d	; 61
    261e:	de b7       	in	r29, 0x3e	; 62

	if (g_callBackPtr_TIMER0 != NULL_PTR) {
    2620:	80 91 f4 02 	lds	r24, 0x02F4
    2624:	90 91 f5 02 	lds	r25, 0x02F5
    2628:	00 97       	sbiw	r24, 0x00	; 0
    262a:	29 f0       	breq	.+10     	; 0x2636 <__vector_11+0x40>
		/* Call the Call Back function in the application after the edge is detected */
		(*g_callBackPtr_TIMER0)(); /* another method to call the function using pointer to function g_callBackPtr(); */
    262c:	e0 91 f4 02 	lds	r30, 0x02F4
    2630:	f0 91 f5 02 	lds	r31, 0x02F5
    2634:	09 95       	icall

	}

}
    2636:	cf 91       	pop	r28
    2638:	df 91       	pop	r29
    263a:	ff 91       	pop	r31
    263c:	ef 91       	pop	r30
    263e:	bf 91       	pop	r27
    2640:	af 91       	pop	r26
    2642:	9f 91       	pop	r25
    2644:	8f 91       	pop	r24
    2646:	7f 91       	pop	r23
    2648:	6f 91       	pop	r22
    264a:	5f 91       	pop	r21
    264c:	4f 91       	pop	r20
    264e:	3f 91       	pop	r19
    2650:	2f 91       	pop	r18
    2652:	0f 90       	pop	r0
    2654:	0f be       	out	0x3f, r0	; 63
    2656:	0f 90       	pop	r0
    2658:	1f 90       	pop	r1
    265a:	18 95       	reti

0000265c <__vector_4>:
/*ISR for timer 2 compare mode
 * */
ISR (TIMER2_COMP_vect) {
    265c:	1f 92       	push	r1
    265e:	0f 92       	push	r0
    2660:	0f b6       	in	r0, 0x3f	; 63
    2662:	0f 92       	push	r0
    2664:	11 24       	eor	r1, r1
    2666:	2f 93       	push	r18
    2668:	3f 93       	push	r19
    266a:	4f 93       	push	r20
    266c:	5f 93       	push	r21
    266e:	6f 93       	push	r22
    2670:	7f 93       	push	r23
    2672:	8f 93       	push	r24
    2674:	9f 93       	push	r25
    2676:	af 93       	push	r26
    2678:	bf 93       	push	r27
    267a:	ef 93       	push	r30
    267c:	ff 93       	push	r31
    267e:	df 93       	push	r29
    2680:	cf 93       	push	r28
    2682:	cd b7       	in	r28, 0x3d	; 61
    2684:	de b7       	in	r29, 0x3e	; 62
	if (g_callBackPtr_TIMER2 != NULL_PTR) {
    2686:	80 91 f8 02 	lds	r24, 0x02F8
    268a:	90 91 f9 02 	lds	r25, 0x02F9
    268e:	00 97       	sbiw	r24, 0x00	; 0
    2690:	29 f0       	breq	.+10     	; 0x269c <__vector_4+0x40>
		/* Call the Call Back function in the application after the edge is detected */
		(*g_callBackPtr_TIMER2)(); /* another method to call the function using pointer to function g_callBackPtr(); */
    2692:	e0 91 f8 02 	lds	r30, 0x02F8
    2696:	f0 91 f9 02 	lds	r31, 0x02F9
    269a:	09 95       	icall

	}


}
    269c:	cf 91       	pop	r28
    269e:	df 91       	pop	r29
    26a0:	ff 91       	pop	r31
    26a2:	ef 91       	pop	r30
    26a4:	bf 91       	pop	r27
    26a6:	af 91       	pop	r26
    26a8:	9f 91       	pop	r25
    26aa:	8f 91       	pop	r24
    26ac:	7f 91       	pop	r23
    26ae:	6f 91       	pop	r22
    26b0:	5f 91       	pop	r21
    26b2:	4f 91       	pop	r20
    26b4:	3f 91       	pop	r19
    26b6:	2f 91       	pop	r18
    26b8:	0f 90       	pop	r0
    26ba:	0f be       	out	0x3f, r0	; 63
    26bc:	0f 90       	pop	r0
    26be:	1f 90       	pop	r1
    26c0:	18 95       	reti

000026c2 <__vector_5>:

/*ISR for timer 2 overflow
 * */
ISR (TIMER2_OVF_vect) {
    26c2:	1f 92       	push	r1
    26c4:	0f 92       	push	r0
    26c6:	0f b6       	in	r0, 0x3f	; 63
    26c8:	0f 92       	push	r0
    26ca:	11 24       	eor	r1, r1
    26cc:	2f 93       	push	r18
    26ce:	3f 93       	push	r19
    26d0:	4f 93       	push	r20
    26d2:	5f 93       	push	r21
    26d4:	6f 93       	push	r22
    26d6:	7f 93       	push	r23
    26d8:	8f 93       	push	r24
    26da:	9f 93       	push	r25
    26dc:	af 93       	push	r26
    26de:	bf 93       	push	r27
    26e0:	ef 93       	push	r30
    26e2:	ff 93       	push	r31
    26e4:	df 93       	push	r29
    26e6:	cf 93       	push	r28
    26e8:	cd b7       	in	r28, 0x3d	; 61
    26ea:	de b7       	in	r29, 0x3e	; 62
	if (g_callBackPtr_TIMER2 != NULL_PTR) {
    26ec:	80 91 f8 02 	lds	r24, 0x02F8
    26f0:	90 91 f9 02 	lds	r25, 0x02F9
    26f4:	00 97       	sbiw	r24, 0x00	; 0
    26f6:	29 f0       	breq	.+10     	; 0x2702 <__vector_5+0x40>
		/* Call the Call Back function in the application after the edge is detected */
		(*g_callBackPtr_TIMER2)(); /* another method to call the function using pointer to function g_callBackPtr(); */
    26f8:	e0 91 f8 02 	lds	r30, 0x02F8
    26fc:	f0 91 f9 02 	lds	r31, 0x02F9
    2700:	09 95       	icall

	}
}
    2702:	cf 91       	pop	r28
    2704:	df 91       	pop	r29
    2706:	ff 91       	pop	r31
    2708:	ef 91       	pop	r30
    270a:	bf 91       	pop	r27
    270c:	af 91       	pop	r26
    270e:	9f 91       	pop	r25
    2710:	8f 91       	pop	r24
    2712:	7f 91       	pop	r23
    2714:	6f 91       	pop	r22
    2716:	5f 91       	pop	r21
    2718:	4f 91       	pop	r20
    271a:	3f 91       	pop	r19
    271c:	2f 91       	pop	r18
    271e:	0f 90       	pop	r0
    2720:	0f be       	out	0x3f, r0	; 63
    2722:	0f 90       	pop	r0
    2724:	1f 90       	pop	r1
    2726:	18 95       	reti

00002728 <Timer_init>:

/*Description: Function to initialize the Timer driver
 * Inputs: pointer to the configuration structure with type Timer_ConfigType.
 * Return: None
 * */
void Timer_init(const Timer_ConfigType *Config_Ptr) {
    2728:	df 93       	push	r29
    272a:	cf 93       	push	r28
    272c:	00 d0       	rcall	.+0      	; 0x272e <Timer_init+0x6>
    272e:	cd b7       	in	r28, 0x3d	; 61
    2730:	de b7       	in	r29, 0x3e	; 62
    2732:	9a 83       	std	Y+2, r25	; 0x02
    2734:	89 83       	std	Y+1, r24	; 0x01
	SREG |= (1 << 7);     //Enable global interrupts in MC by setting the I-Bit.
    2736:	af e5       	ldi	r26, 0x5F	; 95
    2738:	b0 e0       	ldi	r27, 0x00	; 0
    273a:	ef e5       	ldi	r30, 0x5F	; 95
    273c:	f0 e0       	ldi	r31, 0x00	; 0
    273e:	80 81       	ld	r24, Z
    2740:	80 68       	ori	r24, 0x80	; 128
    2742:	8c 93       	st	X, r24
	if (Config_Ptr->timer_ID == TIMER0) {
    2744:	e9 81       	ldd	r30, Y+1	; 0x01
    2746:	fa 81       	ldd	r31, Y+2	; 0x02
    2748:	84 81       	ldd	r24, Z+4	; 0x04
    274a:	88 23       	and	r24, r24
    274c:	b9 f5       	brne	.+110    	; 0x27bc <Timer_init+0x94>
		/*FOCO0 is active for non PWM
		 * setting the mode in WGM01 as WGN00 is zero in both cases
		 * inserting prescaler
		 * */
		TCCR0 = (1 << FOC0) | ((Config_Ptr->timer_mode) << 3)
    274e:	a3 e5       	ldi	r26, 0x53	; 83
    2750:	b0 e0       	ldi	r27, 0x00	; 0
    2752:	e9 81       	ldd	r30, Y+1	; 0x01
    2754:	fa 81       	ldd	r31, Y+2	; 0x02
    2756:	86 81       	ldd	r24, Z+6	; 0x06
    2758:	88 2f       	mov	r24, r24
    275a:	90 e0       	ldi	r25, 0x00	; 0
    275c:	88 0f       	add	r24, r24
    275e:	99 1f       	adc	r25, r25
    2760:	88 0f       	add	r24, r24
    2762:	99 1f       	adc	r25, r25
    2764:	88 0f       	add	r24, r24
    2766:	99 1f       	adc	r25, r25
    2768:	98 2f       	mov	r25, r24
    276a:	90 68       	ori	r25, 0x80	; 128
    276c:	e9 81       	ldd	r30, Y+1	; 0x01
    276e:	fa 81       	ldd	r31, Y+2	; 0x02
    2770:	85 81       	ldd	r24, Z+5	; 0x05
    2772:	89 2b       	or	r24, r25
    2774:	8c 93       	st	X, r24
				| (Config_Ptr->timer_clock);
		/*initializing the timer
		 * */
		TCNT0 = Config_Ptr->timer_InitialValue;
    2776:	a2 e5       	ldi	r26, 0x52	; 82
    2778:	b0 e0       	ldi	r27, 0x00	; 0
    277a:	e9 81       	ldd	r30, Y+1	; 0x01
    277c:	fa 81       	ldd	r31, Y+2	; 0x02
    277e:	80 81       	ld	r24, Z
    2780:	91 81       	ldd	r25, Z+1	; 0x01
    2782:	8c 93       	st	X, r24
		if (Config_Ptr->timer_mode == CTC) {
    2784:	e9 81       	ldd	r30, Y+1	; 0x01
    2786:	fa 81       	ldd	r31, Y+2	; 0x02
    2788:	86 81       	ldd	r24, Z+6	; 0x06
    278a:	81 30       	cpi	r24, 0x01	; 1
    278c:	61 f4       	brne	.+24     	; 0x27a6 <Timer_init+0x7e>
			/* putting the compare match in the register
			 * enabling the interrupt for compare mode
			 * */
			OCR0 = Config_Ptr->timer_compare_MatchValue;
    278e:	ac e5       	ldi	r26, 0x5C	; 92
    2790:	b0 e0       	ldi	r27, 0x00	; 0
    2792:	e9 81       	ldd	r30, Y+1	; 0x01
    2794:	fa 81       	ldd	r31, Y+2	; 0x02
    2796:	82 81       	ldd	r24, Z+2	; 0x02
    2798:	93 81       	ldd	r25, Z+3	; 0x03
    279a:	8c 93       	st	X, r24
			TIMSK = (1 << OCIE0);
    279c:	e9 e5       	ldi	r30, 0x59	; 89
    279e:	f0 e0       	ldi	r31, 0x00	; 0
    27a0:	82 e0       	ldi	r24, 0x02	; 2
    27a2:	80 83       	st	Z, r24
    27a4:	82 c0       	rjmp	.+260    	; 0x28aa <Timer_init+0x182>
		} else if (Config_Ptr->timer_mode == NORMAL) {
    27a6:	e9 81       	ldd	r30, Y+1	; 0x01
    27a8:	fa 81       	ldd	r31, Y+2	; 0x02
    27aa:	86 81       	ldd	r24, Z+6	; 0x06
    27ac:	88 23       	and	r24, r24
    27ae:	09 f0       	breq	.+2      	; 0x27b2 <Timer_init+0x8a>
    27b0:	7c c0       	rjmp	.+248    	; 0x28aa <Timer_init+0x182>
			/* enabling the interrupt for overflow mode
			 * */
			TIMSK = (1 << TOIE0);
    27b2:	e9 e5       	ldi	r30, 0x59	; 89
    27b4:	f0 e0       	ldi	r31, 0x00	; 0
    27b6:	81 e0       	ldi	r24, 0x01	; 1
    27b8:	80 83       	st	Z, r24
    27ba:	77 c0       	rjmp	.+238    	; 0x28aa <Timer_init+0x182>

		}

	} else if (Config_Ptr->timer_ID == TIMER1) {
    27bc:	e9 81       	ldd	r30, Y+1	; 0x01
    27be:	fa 81       	ldd	r31, Y+2	; 0x02
    27c0:	84 81       	ldd	r24, Z+4	; 0x04
    27c2:	81 30       	cpi	r24, 0x01	; 1
    27c4:	c1 f5       	brne	.+112    	; 0x2836 <Timer_init+0x10e>
		/*FOC1A and FOC1B are always active for non PWM
		 * inserting the prescaler in the register
		 * */
		TCCR1A = (1 << FOC1A) | (1 << FOC1B);
    27c6:	ef e4       	ldi	r30, 0x4F	; 79
    27c8:	f0 e0       	ldi	r31, 0x00	; 0
    27ca:	8c e0       	ldi	r24, 0x0C	; 12
    27cc:	80 83       	st	Z, r24
		TCCR1B = Config_Ptr->timer_clock;
    27ce:	ae e4       	ldi	r26, 0x4E	; 78
    27d0:	b0 e0       	ldi	r27, 0x00	; 0
    27d2:	e9 81       	ldd	r30, Y+1	; 0x01
    27d4:	fa 81       	ldd	r31, Y+2	; 0x02
    27d6:	85 81       	ldd	r24, Z+5	; 0x05
    27d8:	8c 93       	st	X, r24
		/*initializing the timer
				 * */
		TCNT1 = Config_Ptr->timer_InitialValue;
    27da:	ac e4       	ldi	r26, 0x4C	; 76
    27dc:	b0 e0       	ldi	r27, 0x00	; 0
    27de:	e9 81       	ldd	r30, Y+1	; 0x01
    27e0:	fa 81       	ldd	r31, Y+2	; 0x02
    27e2:	80 81       	ld	r24, Z
    27e4:	91 81       	ldd	r25, Z+1	; 0x01
    27e6:	11 96       	adiw	r26, 0x01	; 1
    27e8:	9c 93       	st	X, r25
    27ea:	8e 93       	st	-X, r24
		if (Config_Ptr->timer_mode == CTC) {
    27ec:	e9 81       	ldd	r30, Y+1	; 0x01
    27ee:	fa 81       	ldd	r31, Y+2	; 0x02
    27f0:	86 81       	ldd	r24, Z+6	; 0x06
    27f2:	81 30       	cpi	r24, 0x01	; 1
    27f4:	a9 f4       	brne	.+42     	; 0x2820 <Timer_init+0xf8>
			/* setting the timer to compare mode
			 * putting the compare value in output compare register
			 * enabling interrupt for the module
			 * */
			TCCR1B |= (1 << WGM12);
    27f6:	ae e4       	ldi	r26, 0x4E	; 78
    27f8:	b0 e0       	ldi	r27, 0x00	; 0
    27fa:	ee e4       	ldi	r30, 0x4E	; 78
    27fc:	f0 e0       	ldi	r31, 0x00	; 0
    27fe:	80 81       	ld	r24, Z
    2800:	88 60       	ori	r24, 0x08	; 8
    2802:	8c 93       	st	X, r24
			OCR1A = Config_Ptr->timer_compare_MatchValue;
    2804:	aa e4       	ldi	r26, 0x4A	; 74
    2806:	b0 e0       	ldi	r27, 0x00	; 0
    2808:	e9 81       	ldd	r30, Y+1	; 0x01
    280a:	fa 81       	ldd	r31, Y+2	; 0x02
    280c:	82 81       	ldd	r24, Z+2	; 0x02
    280e:	93 81       	ldd	r25, Z+3	; 0x03
    2810:	11 96       	adiw	r26, 0x01	; 1
    2812:	9c 93       	st	X, r25
    2814:	8e 93       	st	-X, r24
			TIMSK = (1 << OCIE1A);
    2816:	e9 e5       	ldi	r30, 0x59	; 89
    2818:	f0 e0       	ldi	r31, 0x00	; 0
    281a:	80 e1       	ldi	r24, 0x10	; 16
    281c:	80 83       	st	Z, r24
    281e:	45 c0       	rjmp	.+138    	; 0x28aa <Timer_init+0x182>

		} else if (Config_Ptr->timer_mode == NORMAL) {
    2820:	e9 81       	ldd	r30, Y+1	; 0x01
    2822:	fa 81       	ldd	r31, Y+2	; 0x02
    2824:	86 81       	ldd	r24, Z+6	; 0x06
    2826:	88 23       	and	r24, r24
    2828:	09 f0       	breq	.+2      	; 0x282c <Timer_init+0x104>
    282a:	3f c0       	rjmp	.+126    	; 0x28aa <Timer_init+0x182>
			/* enabling interrupt for the module
			 * */
			TIMSK = (1 << TOIE1);
    282c:	e9 e5       	ldi	r30, 0x59	; 89
    282e:	f0 e0       	ldi	r31, 0x00	; 0
    2830:	84 e0       	ldi	r24, 0x04	; 4
    2832:	80 83       	st	Z, r24
    2834:	3a c0       	rjmp	.+116    	; 0x28aa <Timer_init+0x182>

		}

	}
	else if (Config_Ptr->timer_ID == TIMER2) {
    2836:	e9 81       	ldd	r30, Y+1	; 0x01
    2838:	fa 81       	ldd	r31, Y+2	; 0x02
    283a:	84 81       	ldd	r24, Z+4	; 0x04
    283c:	82 30       	cpi	r24, 0x02	; 2
    283e:	a9 f5       	brne	.+106    	; 0x28aa <Timer_init+0x182>
		/*FOC2 is active for non pwm
		 * setting the mode in WGM21 as WGN20 is zero in both cases
		 * setting prescaler
		 * */
		TCCR2 = (1 << FOC2) | ((Config_Ptr->timer_mode) << 3)
    2840:	a5 e4       	ldi	r26, 0x45	; 69
    2842:	b0 e0       	ldi	r27, 0x00	; 0
    2844:	e9 81       	ldd	r30, Y+1	; 0x01
    2846:	fa 81       	ldd	r31, Y+2	; 0x02
    2848:	86 81       	ldd	r24, Z+6	; 0x06
    284a:	88 2f       	mov	r24, r24
    284c:	90 e0       	ldi	r25, 0x00	; 0
    284e:	88 0f       	add	r24, r24
    2850:	99 1f       	adc	r25, r25
    2852:	88 0f       	add	r24, r24
    2854:	99 1f       	adc	r25, r25
    2856:	88 0f       	add	r24, r24
    2858:	99 1f       	adc	r25, r25
    285a:	98 2f       	mov	r25, r24
    285c:	90 68       	ori	r25, 0x80	; 128
    285e:	e9 81       	ldd	r30, Y+1	; 0x01
    2860:	fa 81       	ldd	r31, Y+2	; 0x02
    2862:	85 81       	ldd	r24, Z+5	; 0x05
    2864:	89 2b       	or	r24, r25
    2866:	8c 93       	st	X, r24
				| (Config_Ptr->timer_clock);
		/*initializing the timer
				 * */
		TCNT2=Config_Ptr->timer_InitialValue;
    2868:	a4 e4       	ldi	r26, 0x44	; 68
    286a:	b0 e0       	ldi	r27, 0x00	; 0
    286c:	e9 81       	ldd	r30, Y+1	; 0x01
    286e:	fa 81       	ldd	r31, Y+2	; 0x02
    2870:	80 81       	ld	r24, Z
    2872:	91 81       	ldd	r25, Z+1	; 0x01
    2874:	8c 93       	st	X, r24
		if (Config_Ptr->timer_mode == CTC) {
    2876:	e9 81       	ldd	r30, Y+1	; 0x01
    2878:	fa 81       	ldd	r31, Y+2	; 0x02
    287a:	86 81       	ldd	r24, Z+6	; 0x06
    287c:	81 30       	cpi	r24, 0x01	; 1
    287e:	61 f4       	brne	.+24     	; 0x2898 <Timer_init+0x170>
			/*putting compare value in the register
			 * enabling interrupt for the module
			 * */
			OCR2=Config_Ptr->timer_compare_MatchValue;
    2880:	a3 e4       	ldi	r26, 0x43	; 67
    2882:	b0 e0       	ldi	r27, 0x00	; 0
    2884:	e9 81       	ldd	r30, Y+1	; 0x01
    2886:	fa 81       	ldd	r31, Y+2	; 0x02
    2888:	82 81       	ldd	r24, Z+2	; 0x02
    288a:	93 81       	ldd	r25, Z+3	; 0x03
    288c:	8c 93       	st	X, r24
			TIMSK=(1<<OCIE2);
    288e:	e9 e5       	ldi	r30, 0x59	; 89
    2890:	f0 e0       	ldi	r31, 0x00	; 0
    2892:	80 e8       	ldi	r24, 0x80	; 128
    2894:	80 83       	st	Z, r24
    2896:	09 c0       	rjmp	.+18     	; 0x28aa <Timer_init+0x182>


		} else if (Config_Ptr->timer_mode == NORMAL) {
    2898:	e9 81       	ldd	r30, Y+1	; 0x01
    289a:	fa 81       	ldd	r31, Y+2	; 0x02
    289c:	86 81       	ldd	r24, Z+6	; 0x06
    289e:	88 23       	and	r24, r24
    28a0:	21 f4       	brne	.+8      	; 0x28aa <Timer_init+0x182>
			/* enabling interrupt for the module
			 * */
			TIMSK=(1<<TOIE2);
    28a2:	e9 e5       	ldi	r30, 0x59	; 89
    28a4:	f0 e0       	ldi	r31, 0x00	; 0
    28a6:	80 e4       	ldi	r24, 0x40	; 64
    28a8:	80 83       	st	Z, r24
		}


	}

}
    28aa:	0f 90       	pop	r0
    28ac:	0f 90       	pop	r0
    28ae:	cf 91       	pop	r28
    28b0:	df 91       	pop	r29
    28b2:	08 95       	ret

000028b4 <Timer_deInit>:

/*Description: Function to disable the Timer via Timer_ID.
 * Inputs: Timer_ID
 * Return: None
 * */
void Timer_deInit(Timer_ID_Type timer_type) {
    28b4:	df 93       	push	r29
    28b6:	cf 93       	push	r28
    28b8:	0f 92       	push	r0
    28ba:	cd b7       	in	r28, 0x3d	; 61
    28bc:	de b7       	in	r29, 0x3e	; 62
    28be:	89 83       	std	Y+1, r24	; 0x01
	if(timer_type== TIMER0){
    28c0:	89 81       	ldd	r24, Y+1	; 0x01
    28c2:	88 23       	and	r24, r24
    28c4:	c1 f4       	brne	.+48     	; 0x28f6 <Timer_deInit+0x42>
		/*clearing all timer 0 registers
		 * */
		TCCR0=0;
    28c6:	e3 e5       	ldi	r30, 0x53	; 83
    28c8:	f0 e0       	ldi	r31, 0x00	; 0
    28ca:	10 82       	st	Z, r1
		TCNT0=0;
    28cc:	e2 e5       	ldi	r30, 0x52	; 82
    28ce:	f0 e0       	ldi	r31, 0x00	; 0
    28d0:	10 82       	st	Z, r1
		OCR0=0;
    28d2:	ec e5       	ldi	r30, 0x5C	; 92
    28d4:	f0 e0       	ldi	r31, 0x00	; 0
    28d6:	10 82       	st	Z, r1
		/*disabling interrupts
		 * */
		TIMSK&=~(1<<TOIE0);
    28d8:	a9 e5       	ldi	r26, 0x59	; 89
    28da:	b0 e0       	ldi	r27, 0x00	; 0
    28dc:	e9 e5       	ldi	r30, 0x59	; 89
    28de:	f0 e0       	ldi	r31, 0x00	; 0
    28e0:	80 81       	ld	r24, Z
    28e2:	8e 7f       	andi	r24, 0xFE	; 254
    28e4:	8c 93       	st	X, r24
		TIMSK&=~(1<<OCIE0);
    28e6:	a9 e5       	ldi	r26, 0x59	; 89
    28e8:	b0 e0       	ldi	r27, 0x00	; 0
    28ea:	e9 e5       	ldi	r30, 0x59	; 89
    28ec:	f0 e0       	ldi	r31, 0x00	; 0
    28ee:	80 81       	ld	r24, Z
    28f0:	8d 7f       	andi	r24, 0xFD	; 253
    28f2:	8c 93       	st	X, r24
    28f4:	45 c0       	rjmp	.+138    	; 0x2980 <Timer_deInit+0xcc>
		/*resting the ISR function
		 * */


	}
	else if(timer_type==TIMER1){
    28f6:	89 81       	ldd	r24, Y+1	; 0x01
    28f8:	81 30       	cpi	r24, 0x01	; 1
    28fa:	41 f5       	brne	.+80     	; 0x294c <Timer_deInit+0x98>
		/*clearing all timer 1 registers
		 * */
		TCCR1A = 0;
    28fc:	ef e4       	ldi	r30, 0x4F	; 79
    28fe:	f0 e0       	ldi	r31, 0x00	; 0
    2900:	10 82       	st	Z, r1
		TCCR1B = 0;
    2902:	ee e4       	ldi	r30, 0x4E	; 78
    2904:	f0 e0       	ldi	r31, 0x00	; 0
    2906:	10 82       	st	Z, r1
		TCNT1 = 0;
    2908:	ec e4       	ldi	r30, 0x4C	; 76
    290a:	f0 e0       	ldi	r31, 0x00	; 0
    290c:	11 82       	std	Z+1, r1	; 0x01
    290e:	10 82       	st	Z, r1
		OCR1A = 0;
    2910:	ea e4       	ldi	r30, 0x4A	; 74
    2912:	f0 e0       	ldi	r31, 0x00	; 0
    2914:	11 82       	std	Z+1, r1	; 0x01
    2916:	10 82       	st	Z, r1
		OCR1B = 0;
    2918:	e8 e4       	ldi	r30, 0x48	; 72
    291a:	f0 e0       	ldi	r31, 0x00	; 0
    291c:	11 82       	std	Z+1, r1	; 0x01
    291e:	10 82       	st	Z, r1
		/*disabling interrupts
		 * */
		TIMSK &= ~(1 << TOIE1);
    2920:	a9 e5       	ldi	r26, 0x59	; 89
    2922:	b0 e0       	ldi	r27, 0x00	; 0
    2924:	e9 e5       	ldi	r30, 0x59	; 89
    2926:	f0 e0       	ldi	r31, 0x00	; 0
    2928:	80 81       	ld	r24, Z
    292a:	8b 7f       	andi	r24, 0xFB	; 251
    292c:	8c 93       	st	X, r24
		TIMSK &= ~(1 << OCIE1A);
    292e:	a9 e5       	ldi	r26, 0x59	; 89
    2930:	b0 e0       	ldi	r27, 0x00	; 0
    2932:	e9 e5       	ldi	r30, 0x59	; 89
    2934:	f0 e0       	ldi	r31, 0x00	; 0
    2936:	80 81       	ld	r24, Z
    2938:	8f 7e       	andi	r24, 0xEF	; 239
    293a:	8c 93       	st	X, r24
		TIMSK &= ~(1 << OCIE1B);
    293c:	a9 e5       	ldi	r26, 0x59	; 89
    293e:	b0 e0       	ldi	r27, 0x00	; 0
    2940:	e9 e5       	ldi	r30, 0x59	; 89
    2942:	f0 e0       	ldi	r31, 0x00	; 0
    2944:	80 81       	ld	r24, Z
    2946:	87 7f       	andi	r24, 0xF7	; 247
    2948:	8c 93       	st	X, r24
    294a:	1a c0       	rjmp	.+52     	; 0x2980 <Timer_deInit+0xcc>
		/*resting the ISR function
		 * */

	}
	else if(timer_type==TIMER2){
    294c:	89 81       	ldd	r24, Y+1	; 0x01
    294e:	82 30       	cpi	r24, 0x02	; 2
    2950:	b9 f4       	brne	.+46     	; 0x2980 <Timer_deInit+0xcc>
		/*clearing all timer 1 registers
		 * */
		TCCR2 = 0;
    2952:	e5 e4       	ldi	r30, 0x45	; 69
    2954:	f0 e0       	ldi	r31, 0x00	; 0
    2956:	10 82       	st	Z, r1
		TCNT2 = 0;
    2958:	e4 e4       	ldi	r30, 0x44	; 68
    295a:	f0 e0       	ldi	r31, 0x00	; 0
    295c:	10 82       	st	Z, r1
		OCR2 = 0;
    295e:	e3 e4       	ldi	r30, 0x43	; 67
    2960:	f0 e0       	ldi	r31, 0x00	; 0
    2962:	10 82       	st	Z, r1
		/*disabling interrupts
		 * */
		TIMSK &= ~(1 << TOIE2);
    2964:	a9 e5       	ldi	r26, 0x59	; 89
    2966:	b0 e0       	ldi	r27, 0x00	; 0
    2968:	e9 e5       	ldi	r30, 0x59	; 89
    296a:	f0 e0       	ldi	r31, 0x00	; 0
    296c:	80 81       	ld	r24, Z
    296e:	8f 7b       	andi	r24, 0xBF	; 191
    2970:	8c 93       	st	X, r24
		TIMSK &= ~(1 << OCIE2);
    2972:	a9 e5       	ldi	r26, 0x59	; 89
    2974:	b0 e0       	ldi	r27, 0x00	; 0
    2976:	e9 e5       	ldi	r30, 0x59	; 89
    2978:	f0 e0       	ldi	r31, 0x00	; 0
    297a:	80 81       	ld	r24, Z
    297c:	8f 77       	andi	r24, 0x7F	; 127
    297e:	8c 93       	st	X, r24
		/*resting the ISR function
		 * */
	}


}
    2980:	0f 90       	pop	r0
    2982:	cf 91       	pop	r28
    2984:	df 91       	pop	r29
    2986:	08 95       	ret

00002988 <Timer_setCallBack>:

/* Description: Function to set the Call Back function address to the required Timer.
 * Inputs: pointer to Call Back function and Timer Id you want to set The Callback to it.
 *  Return: None
 * */
void Timer_setCallBack(void (*a_ptr)(void), Timer_ID_Type a_timer_ID) {
    2988:	df 93       	push	r29
    298a:	cf 93       	push	r28
    298c:	00 d0       	rcall	.+0      	; 0x298e <Timer_setCallBack+0x6>
    298e:	0f 92       	push	r0
    2990:	cd b7       	in	r28, 0x3d	; 61
    2992:	de b7       	in	r29, 0x3e	; 62
    2994:	9a 83       	std	Y+2, r25	; 0x02
    2996:	89 83       	std	Y+1, r24	; 0x01
    2998:	6b 83       	std	Y+3, r22	; 0x03
	if(a_timer_ID==TIMER0){
    299a:	8b 81       	ldd	r24, Y+3	; 0x03
    299c:	88 23       	and	r24, r24
    299e:	39 f4       	brne	.+14     	; 0x29ae <Timer_setCallBack+0x26>
		/* Save the address of the Call back function in a global variable */
		g_callBackPtr_TIMER0=a_ptr;
    29a0:	89 81       	ldd	r24, Y+1	; 0x01
    29a2:	9a 81       	ldd	r25, Y+2	; 0x02
    29a4:	90 93 f5 02 	sts	0x02F5, r25
    29a8:	80 93 f4 02 	sts	0x02F4, r24
    29ac:	13 c0       	rjmp	.+38     	; 0x29d4 <Timer_setCallBack+0x4c>
	}
	else if (a_timer_ID==TIMER1){
    29ae:	8b 81       	ldd	r24, Y+3	; 0x03
    29b0:	81 30       	cpi	r24, 0x01	; 1
    29b2:	39 f4       	brne	.+14     	; 0x29c2 <Timer_setCallBack+0x3a>
		/* Save the address of the Call back function in a global variable */
		g_callBackPtr_TIMER1 = a_ptr;
    29b4:	89 81       	ldd	r24, Y+1	; 0x01
    29b6:	9a 81       	ldd	r25, Y+2	; 0x02
    29b8:	90 93 f7 02 	sts	0x02F7, r25
    29bc:	80 93 f6 02 	sts	0x02F6, r24
    29c0:	09 c0       	rjmp	.+18     	; 0x29d4 <Timer_setCallBack+0x4c>

	}
	else if (a_timer_ID==TIMER2){
    29c2:	8b 81       	ldd	r24, Y+3	; 0x03
    29c4:	82 30       	cpi	r24, 0x02	; 2
    29c6:	31 f4       	brne	.+12     	; 0x29d4 <Timer_setCallBack+0x4c>
		/* Save the address of the Call back function in a global variable */
		g_callBackPtr_TIMER2 = a_ptr;
    29c8:	89 81       	ldd	r24, Y+1	; 0x01
    29ca:	9a 81       	ldd	r25, Y+2	; 0x02
    29cc:	90 93 f9 02 	sts	0x02F9, r25
    29d0:	80 93 f8 02 	sts	0x02F8, r24
	}

}
    29d4:	0f 90       	pop	r0
    29d6:	0f 90       	pop	r0
    29d8:	0f 90       	pop	r0
    29da:	cf 91       	pop	r28
    29dc:	df 91       	pop	r29
    29de:	08 95       	ret

000029e0 <UART_init>:
 * 1. Setup the Frame format like number of data bits, parity bit type and number of stop bits.
 * 2. Enable the UART.
 * 3. Setup the UART baud rate.
 */
void UART_init(const UART_ConfigType* Confi_Ptr)
{
    29e0:	df 93       	push	r29
    29e2:	cf 93       	push	r28
    29e4:	00 d0       	rcall	.+0      	; 0x29e6 <UART_init+0x6>
    29e6:	00 d0       	rcall	.+0      	; 0x29e8 <UART_init+0x8>
    29e8:	cd b7       	in	r28, 0x3d	; 61
    29ea:	de b7       	in	r29, 0x3e	; 62
    29ec:	9c 83       	std	Y+4, r25	; 0x04
    29ee:	8b 83       	std	Y+3, r24	; 0x03
	uint16 ubrr_value = 0;
    29f0:	1a 82       	std	Y+2, r1	; 0x02
    29f2:	19 82       	std	Y+1, r1	; 0x01

	/* U2X = 1 for double transmission speed */
	UCSRA = (1<<U2X);
    29f4:	eb e2       	ldi	r30, 0x2B	; 43
    29f6:	f0 e0       	ldi	r31, 0x00	; 0
    29f8:	82 e0       	ldi	r24, 0x02	; 2
    29fa:	80 83       	st	Z, r24
	 * RXEN  = 1 Receiver Enable
	 * RXEN  = 1 Transmitter Enable
	 * UCSZ2 = 0 For 8-bit data mode
	 * RXB8 & TXB8 not used for 8-bit data mode
	 ***********************************************************************/ 
	UCSRB = (1<<RXEN) | (1<<TXEN);
    29fc:	ea e2       	ldi	r30, 0x2A	; 42
    29fe:	f0 e0       	ldi	r31, 0x00	; 0
    2a00:	88 e1       	ldi	r24, 0x18	; 24
    2a02:	80 83       	st	Z, r24
	 * UPM1:0  =  parity bit
	 * USBS    =  One stop bit
	 * UCSZ1:0 = For data mode
	 * UCPOL   = 0 Used with the Synchronous operation only
	 ***********************************************************************/ 	
	UCSRC = (1<<URSEL) | ((Confi_Ptr->parity)<<4)| ((Confi_Ptr->stop_bit)<<3) | ((Confi_Ptr->bit_data)<<1);
    2a04:	a0 e4       	ldi	r26, 0x40	; 64
    2a06:	b0 e0       	ldi	r27, 0x00	; 0
    2a08:	eb 81       	ldd	r30, Y+3	; 0x03
    2a0a:	fc 81       	ldd	r31, Y+4	; 0x04
    2a0c:	81 81       	ldd	r24, Z+1	; 0x01
    2a0e:	88 2f       	mov	r24, r24
    2a10:	90 e0       	ldi	r25, 0x00	; 0
    2a12:	82 95       	swap	r24
    2a14:	92 95       	swap	r25
    2a16:	90 7f       	andi	r25, 0xF0	; 240
    2a18:	98 27       	eor	r25, r24
    2a1a:	80 7f       	andi	r24, 0xF0	; 240
    2a1c:	98 27       	eor	r25, r24
    2a1e:	28 2f       	mov	r18, r24
    2a20:	20 68       	ori	r18, 0x80	; 128
    2a22:	eb 81       	ldd	r30, Y+3	; 0x03
    2a24:	fc 81       	ldd	r31, Y+4	; 0x04
    2a26:	82 81       	ldd	r24, Z+2	; 0x02
    2a28:	88 2f       	mov	r24, r24
    2a2a:	90 e0       	ldi	r25, 0x00	; 0
    2a2c:	88 0f       	add	r24, r24
    2a2e:	99 1f       	adc	r25, r25
    2a30:	88 0f       	add	r24, r24
    2a32:	99 1f       	adc	r25, r25
    2a34:	88 0f       	add	r24, r24
    2a36:	99 1f       	adc	r25, r25
    2a38:	28 2b       	or	r18, r24
    2a3a:	eb 81       	ldd	r30, Y+3	; 0x03
    2a3c:	fc 81       	ldd	r31, Y+4	; 0x04
    2a3e:	80 81       	ld	r24, Z
    2a40:	88 2f       	mov	r24, r24
    2a42:	90 e0       	ldi	r25, 0x00	; 0
    2a44:	88 0f       	add	r24, r24
    2a46:	99 1f       	adc	r25, r25
    2a48:	82 2b       	or	r24, r18
    2a4a:	8c 93       	st	X, r24
	
	/* Calculate the UBRR register value */
	ubrr_value = (uint16)(((F_CPU / (Confi_Ptr->baud_rate * 8UL))) - 1);
    2a4c:	eb 81       	ldd	r30, Y+3	; 0x03
    2a4e:	fc 81       	ldd	r31, Y+4	; 0x04
    2a50:	83 81       	ldd	r24, Z+3	; 0x03
    2a52:	94 81       	ldd	r25, Z+4	; 0x04
    2a54:	cc 01       	movw	r24, r24
    2a56:	a0 e0       	ldi	r26, 0x00	; 0
    2a58:	b0 e0       	ldi	r27, 0x00	; 0
    2a5a:	88 0f       	add	r24, r24
    2a5c:	99 1f       	adc	r25, r25
    2a5e:	aa 1f       	adc	r26, r26
    2a60:	bb 1f       	adc	r27, r27
    2a62:	88 0f       	add	r24, r24
    2a64:	99 1f       	adc	r25, r25
    2a66:	aa 1f       	adc	r26, r26
    2a68:	bb 1f       	adc	r27, r27
    2a6a:	88 0f       	add	r24, r24
    2a6c:	99 1f       	adc	r25, r25
    2a6e:	aa 1f       	adc	r26, r26
    2a70:	bb 1f       	adc	r27, r27
    2a72:	9c 01       	movw	r18, r24
    2a74:	ad 01       	movw	r20, r26
    2a76:	80 e0       	ldi	r24, 0x00	; 0
    2a78:	92 e1       	ldi	r25, 0x12	; 18
    2a7a:	aa e7       	ldi	r26, 0x7A	; 122
    2a7c:	b0 e0       	ldi	r27, 0x00	; 0
    2a7e:	bc 01       	movw	r22, r24
    2a80:	cd 01       	movw	r24, r26
    2a82:	0e 94 ec 15 	call	0x2bd8	; 0x2bd8 <__udivmodsi4>
    2a86:	da 01       	movw	r26, r20
    2a88:	c9 01       	movw	r24, r18
    2a8a:	01 97       	sbiw	r24, 0x01	; 1
    2a8c:	9a 83       	std	Y+2, r25	; 0x02
    2a8e:	89 83       	std	Y+1, r24	; 0x01

	/* First 8 bits from the BAUD_PRESCALE inside UBRRL and last 4 bits in UBRRH*/
	UBRRH = ubrr_value>>8;
    2a90:	e0 e4       	ldi	r30, 0x40	; 64
    2a92:	f0 e0       	ldi	r31, 0x00	; 0
    2a94:	89 81       	ldd	r24, Y+1	; 0x01
    2a96:	9a 81       	ldd	r25, Y+2	; 0x02
    2a98:	89 2f       	mov	r24, r25
    2a9a:	99 27       	eor	r25, r25
    2a9c:	80 83       	st	Z, r24
	UBRRL = ubrr_value;
    2a9e:	e9 e2       	ldi	r30, 0x29	; 41
    2aa0:	f0 e0       	ldi	r31, 0x00	; 0
    2aa2:	89 81       	ldd	r24, Y+1	; 0x01
    2aa4:	80 83       	st	Z, r24
}
    2aa6:	0f 90       	pop	r0
    2aa8:	0f 90       	pop	r0
    2aaa:	0f 90       	pop	r0
    2aac:	0f 90       	pop	r0
    2aae:	cf 91       	pop	r28
    2ab0:	df 91       	pop	r29
    2ab2:	08 95       	ret

00002ab4 <UART_sendByte>:
/*
 * Description :
 * Functional responsible for send byte to another UART device.
 */
void UART_sendByte(const uint8 data)
{
    2ab4:	df 93       	push	r29
    2ab6:	cf 93       	push	r28
    2ab8:	0f 92       	push	r0
    2aba:	cd b7       	in	r28, 0x3d	; 61
    2abc:	de b7       	in	r29, 0x3e	; 62
    2abe:	89 83       	std	Y+1, r24	; 0x01
	/*
	 * UDRE flag is set when the Tx buffer (UDR) is empty and ready for
	 * transmitting a new byte so wait until this flag is set to one
	 */
	while(BIT_IS_CLEAR(UCSRA,UDRE)){}
    2ac0:	eb e2       	ldi	r30, 0x2B	; 43
    2ac2:	f0 e0       	ldi	r31, 0x00	; 0
    2ac4:	80 81       	ld	r24, Z
    2ac6:	88 2f       	mov	r24, r24
    2ac8:	90 e0       	ldi	r25, 0x00	; 0
    2aca:	80 72       	andi	r24, 0x20	; 32
    2acc:	90 70       	andi	r25, 0x00	; 0
    2ace:	00 97       	sbiw	r24, 0x00	; 0
    2ad0:	b9 f3       	breq	.-18     	; 0x2ac0 <UART_sendByte+0xc>

	/*
	 * Put the required data in the UDR register and it also clear the UDRE flag as
	 * the UDR register is not empty now
	 */
	UDR = data;
    2ad2:	ec e2       	ldi	r30, 0x2C	; 44
    2ad4:	f0 e0       	ldi	r31, 0x00	; 0
    2ad6:	89 81       	ldd	r24, Y+1	; 0x01
    2ad8:	80 83       	st	Z, r24
	/************************* Another Method *************************
	UDR = data;
	while(BIT_IS_CLEAR(UCSRA,TXC)){} // Wait until the transmission is complete TXC = 1
	SET_BIT(UCSRA,TXC); // Clear the TXC flag
	*******************************************************************/
}
    2ada:	0f 90       	pop	r0
    2adc:	cf 91       	pop	r28
    2ade:	df 91       	pop	r29
    2ae0:	08 95       	ret

00002ae2 <UART_recieveByte>:
/*
 * Description :
 * Functional responsible for receive byte from another UART device.
 */
uint8 UART_recieveByte(void)
{
    2ae2:	df 93       	push	r29
    2ae4:	cf 93       	push	r28
    2ae6:	cd b7       	in	r28, 0x3d	; 61
    2ae8:	de b7       	in	r29, 0x3e	; 62
	/* RXC flag is set when the UART receive data so wait until this flag is set to one */
	while(BIT_IS_CLEAR(UCSRA,RXC)){}
    2aea:	eb e2       	ldi	r30, 0x2B	; 43
    2aec:	f0 e0       	ldi	r31, 0x00	; 0
    2aee:	80 81       	ld	r24, Z
    2af0:	88 23       	and	r24, r24
    2af2:	dc f7       	brge	.-10     	; 0x2aea <UART_recieveByte+0x8>

	/*
	 * Read the received data from the Rx buffer (UDR)
	 * The RXC flag will be cleared after read the data
	 */
    return UDR;		
    2af4:	ec e2       	ldi	r30, 0x2C	; 44
    2af6:	f0 e0       	ldi	r31, 0x00	; 0
    2af8:	80 81       	ld	r24, Z
}
    2afa:	cf 91       	pop	r28
    2afc:	df 91       	pop	r29
    2afe:	08 95       	ret

00002b00 <UART_sendString>:
/*
 * Description :
 * Send the required string through UART to the other UART device.
 */
void UART_sendString(const uint8 *Str)
{
    2b00:	df 93       	push	r29
    2b02:	cf 93       	push	r28
    2b04:	00 d0       	rcall	.+0      	; 0x2b06 <UART_sendString+0x6>
    2b06:	0f 92       	push	r0
    2b08:	cd b7       	in	r28, 0x3d	; 61
    2b0a:	de b7       	in	r29, 0x3e	; 62
    2b0c:	9b 83       	std	Y+3, r25	; 0x03
    2b0e:	8a 83       	std	Y+2, r24	; 0x02
	uint8 i = 0;
    2b10:	19 82       	std	Y+1, r1	; 0x01
    2b12:	0e c0       	rjmp	.+28     	; 0x2b30 <UART_sendString+0x30>

	/* Send the whole string */
	while(Str[i] != '\0')
	{
		UART_sendByte(Str[i]);
    2b14:	89 81       	ldd	r24, Y+1	; 0x01
    2b16:	28 2f       	mov	r18, r24
    2b18:	30 e0       	ldi	r19, 0x00	; 0
    2b1a:	8a 81       	ldd	r24, Y+2	; 0x02
    2b1c:	9b 81       	ldd	r25, Y+3	; 0x03
    2b1e:	fc 01       	movw	r30, r24
    2b20:	e2 0f       	add	r30, r18
    2b22:	f3 1f       	adc	r31, r19
    2b24:	80 81       	ld	r24, Z
    2b26:	0e 94 5a 15 	call	0x2ab4	; 0x2ab4 <UART_sendByte>
		i++;
    2b2a:	89 81       	ldd	r24, Y+1	; 0x01
    2b2c:	8f 5f       	subi	r24, 0xFF	; 255
    2b2e:	89 83       	std	Y+1, r24	; 0x01
void UART_sendString(const uint8 *Str)
{
	uint8 i = 0;

	/* Send the whole string */
	while(Str[i] != '\0')
    2b30:	89 81       	ldd	r24, Y+1	; 0x01
    2b32:	28 2f       	mov	r18, r24
    2b34:	30 e0       	ldi	r19, 0x00	; 0
    2b36:	8a 81       	ldd	r24, Y+2	; 0x02
    2b38:	9b 81       	ldd	r25, Y+3	; 0x03
    2b3a:	fc 01       	movw	r30, r24
    2b3c:	e2 0f       	add	r30, r18
    2b3e:	f3 1f       	adc	r31, r19
    2b40:	80 81       	ld	r24, Z
    2b42:	88 23       	and	r24, r24
    2b44:	39 f7       	brne	.-50     	; 0x2b14 <UART_sendString+0x14>
	{
		UART_sendByte(*Str);
		Str++;
	}		
	*******************************************************************/
}
    2b46:	0f 90       	pop	r0
    2b48:	0f 90       	pop	r0
    2b4a:	0f 90       	pop	r0
    2b4c:	cf 91       	pop	r28
    2b4e:	df 91       	pop	r29
    2b50:	08 95       	ret

00002b52 <UART_receiveString>:
/*
 * Description :
 * Receive the required string until the '#' symbol through UART from the other UART device.
 */
void UART_receiveString(uint8 *Str)
{
    2b52:	0f 93       	push	r16
    2b54:	1f 93       	push	r17
    2b56:	df 93       	push	r29
    2b58:	cf 93       	push	r28
    2b5a:	00 d0       	rcall	.+0      	; 0x2b5c <UART_receiveString+0xa>
    2b5c:	0f 92       	push	r0
    2b5e:	cd b7       	in	r28, 0x3d	; 61
    2b60:	de b7       	in	r29, 0x3e	; 62
    2b62:	9b 83       	std	Y+3, r25	; 0x03
    2b64:	8a 83       	std	Y+2, r24	; 0x02
	uint8 i = 0;
    2b66:	19 82       	std	Y+1, r1	; 0x01

	/* Receive the first byte */
	Str[i] = UART_recieveByte();
    2b68:	89 81       	ldd	r24, Y+1	; 0x01
    2b6a:	28 2f       	mov	r18, r24
    2b6c:	30 e0       	ldi	r19, 0x00	; 0
    2b6e:	8a 81       	ldd	r24, Y+2	; 0x02
    2b70:	9b 81       	ldd	r25, Y+3	; 0x03
    2b72:	8c 01       	movw	r16, r24
    2b74:	02 0f       	add	r16, r18
    2b76:	13 1f       	adc	r17, r19
    2b78:	0e 94 71 15 	call	0x2ae2	; 0x2ae2 <UART_recieveByte>
    2b7c:	f8 01       	movw	r30, r16
    2b7e:	80 83       	st	Z, r24
    2b80:	0f c0       	rjmp	.+30     	; 0x2ba0 <UART_receiveString+0x4e>

	/* Receive the whole string until the '#' */
	while(Str[i] != '#')
	{
		i++;
    2b82:	89 81       	ldd	r24, Y+1	; 0x01
    2b84:	8f 5f       	subi	r24, 0xFF	; 255
    2b86:	89 83       	std	Y+1, r24	; 0x01
		Str[i] = UART_recieveByte();
    2b88:	89 81       	ldd	r24, Y+1	; 0x01
    2b8a:	28 2f       	mov	r18, r24
    2b8c:	30 e0       	ldi	r19, 0x00	; 0
    2b8e:	8a 81       	ldd	r24, Y+2	; 0x02
    2b90:	9b 81       	ldd	r25, Y+3	; 0x03
    2b92:	8c 01       	movw	r16, r24
    2b94:	02 0f       	add	r16, r18
    2b96:	13 1f       	adc	r17, r19
    2b98:	0e 94 71 15 	call	0x2ae2	; 0x2ae2 <UART_recieveByte>
    2b9c:	f8 01       	movw	r30, r16
    2b9e:	80 83       	st	Z, r24

	/* Receive the first byte */
	Str[i] = UART_recieveByte();

	/* Receive the whole string until the '#' */
	while(Str[i] != '#')
    2ba0:	89 81       	ldd	r24, Y+1	; 0x01
    2ba2:	28 2f       	mov	r18, r24
    2ba4:	30 e0       	ldi	r19, 0x00	; 0
    2ba6:	8a 81       	ldd	r24, Y+2	; 0x02
    2ba8:	9b 81       	ldd	r25, Y+3	; 0x03
    2baa:	fc 01       	movw	r30, r24
    2bac:	e2 0f       	add	r30, r18
    2bae:	f3 1f       	adc	r31, r19
    2bb0:	80 81       	ld	r24, Z
    2bb2:	83 32       	cpi	r24, 0x23	; 35
    2bb4:	31 f7       	brne	.-52     	; 0x2b82 <UART_receiveString+0x30>
		i++;
		Str[i] = UART_recieveByte();
	}

	/* After receiving the whole string plus the '#', replace the '#' with '\0' */
	Str[i] = '\0';
    2bb6:	89 81       	ldd	r24, Y+1	; 0x01
    2bb8:	28 2f       	mov	r18, r24
    2bba:	30 e0       	ldi	r19, 0x00	; 0
    2bbc:	8a 81       	ldd	r24, Y+2	; 0x02
    2bbe:	9b 81       	ldd	r25, Y+3	; 0x03
    2bc0:	fc 01       	movw	r30, r24
    2bc2:	e2 0f       	add	r30, r18
    2bc4:	f3 1f       	adc	r31, r19
    2bc6:	10 82       	st	Z, r1
}
    2bc8:	0f 90       	pop	r0
    2bca:	0f 90       	pop	r0
    2bcc:	0f 90       	pop	r0
    2bce:	cf 91       	pop	r28
    2bd0:	df 91       	pop	r29
    2bd2:	1f 91       	pop	r17
    2bd4:	0f 91       	pop	r16
    2bd6:	08 95       	ret

00002bd8 <__udivmodsi4>:
    2bd8:	a1 e2       	ldi	r26, 0x21	; 33
    2bda:	1a 2e       	mov	r1, r26
    2bdc:	aa 1b       	sub	r26, r26
    2bde:	bb 1b       	sub	r27, r27
    2be0:	fd 01       	movw	r30, r26
    2be2:	0d c0       	rjmp	.+26     	; 0x2bfe <__udivmodsi4_ep>

00002be4 <__udivmodsi4_loop>:
    2be4:	aa 1f       	adc	r26, r26
    2be6:	bb 1f       	adc	r27, r27
    2be8:	ee 1f       	adc	r30, r30
    2bea:	ff 1f       	adc	r31, r31
    2bec:	a2 17       	cp	r26, r18
    2bee:	b3 07       	cpc	r27, r19
    2bf0:	e4 07       	cpc	r30, r20
    2bf2:	f5 07       	cpc	r31, r21
    2bf4:	20 f0       	brcs	.+8      	; 0x2bfe <__udivmodsi4_ep>
    2bf6:	a2 1b       	sub	r26, r18
    2bf8:	b3 0b       	sbc	r27, r19
    2bfa:	e4 0b       	sbc	r30, r20
    2bfc:	f5 0b       	sbc	r31, r21

00002bfe <__udivmodsi4_ep>:
    2bfe:	66 1f       	adc	r22, r22
    2c00:	77 1f       	adc	r23, r23
    2c02:	88 1f       	adc	r24, r24
    2c04:	99 1f       	adc	r25, r25
    2c06:	1a 94       	dec	r1
    2c08:	69 f7       	brne	.-38     	; 0x2be4 <__udivmodsi4_loop>
    2c0a:	60 95       	com	r22
    2c0c:	70 95       	com	r23
    2c0e:	80 95       	com	r24
    2c10:	90 95       	com	r25
    2c12:	9b 01       	movw	r18, r22
    2c14:	ac 01       	movw	r20, r24
    2c16:	bd 01       	movw	r22, r26
    2c18:	cf 01       	movw	r24, r30
    2c1a:	08 95       	ret

00002c1c <__prologue_saves__>:
    2c1c:	2f 92       	push	r2
    2c1e:	3f 92       	push	r3
    2c20:	4f 92       	push	r4
    2c22:	5f 92       	push	r5
    2c24:	6f 92       	push	r6
    2c26:	7f 92       	push	r7
    2c28:	8f 92       	push	r8
    2c2a:	9f 92       	push	r9
    2c2c:	af 92       	push	r10
    2c2e:	bf 92       	push	r11
    2c30:	cf 92       	push	r12
    2c32:	df 92       	push	r13
    2c34:	ef 92       	push	r14
    2c36:	ff 92       	push	r15
    2c38:	0f 93       	push	r16
    2c3a:	1f 93       	push	r17
    2c3c:	cf 93       	push	r28
    2c3e:	df 93       	push	r29
    2c40:	cd b7       	in	r28, 0x3d	; 61
    2c42:	de b7       	in	r29, 0x3e	; 62
    2c44:	ca 1b       	sub	r28, r26
    2c46:	db 0b       	sbc	r29, r27
    2c48:	0f b6       	in	r0, 0x3f	; 63
    2c4a:	f8 94       	cli
    2c4c:	de bf       	out	0x3e, r29	; 62
    2c4e:	0f be       	out	0x3f, r0	; 63
    2c50:	cd bf       	out	0x3d, r28	; 61
    2c52:	09 94       	ijmp

00002c54 <__epilogue_restores__>:
    2c54:	2a 88       	ldd	r2, Y+18	; 0x12
    2c56:	39 88       	ldd	r3, Y+17	; 0x11
    2c58:	48 88       	ldd	r4, Y+16	; 0x10
    2c5a:	5f 84       	ldd	r5, Y+15	; 0x0f
    2c5c:	6e 84       	ldd	r6, Y+14	; 0x0e
    2c5e:	7d 84       	ldd	r7, Y+13	; 0x0d
    2c60:	8c 84       	ldd	r8, Y+12	; 0x0c
    2c62:	9b 84       	ldd	r9, Y+11	; 0x0b
    2c64:	aa 84       	ldd	r10, Y+10	; 0x0a
    2c66:	b9 84       	ldd	r11, Y+9	; 0x09
    2c68:	c8 84       	ldd	r12, Y+8	; 0x08
    2c6a:	df 80       	ldd	r13, Y+7	; 0x07
    2c6c:	ee 80       	ldd	r14, Y+6	; 0x06
    2c6e:	fd 80       	ldd	r15, Y+5	; 0x05
    2c70:	0c 81       	ldd	r16, Y+4	; 0x04
    2c72:	1b 81       	ldd	r17, Y+3	; 0x03
    2c74:	aa 81       	ldd	r26, Y+2	; 0x02
    2c76:	b9 81       	ldd	r27, Y+1	; 0x01
    2c78:	ce 0f       	add	r28, r30
    2c7a:	d1 1d       	adc	r29, r1
    2c7c:	0f b6       	in	r0, 0x3f	; 63
    2c7e:	f8 94       	cli
    2c80:	de bf       	out	0x3e, r29	; 62
    2c82:	0f be       	out	0x3f, r0	; 63
    2c84:	cd bf       	out	0x3d, r28	; 61
    2c86:	ed 01       	movw	r28, r26
    2c88:	08 95       	ret

00002c8a <itoa>:
    2c8a:	fb 01       	movw	r30, r22
    2c8c:	9f 01       	movw	r18, r30
    2c8e:	e8 94       	clt
    2c90:	42 30       	cpi	r20, 0x02	; 2
    2c92:	c4 f0       	brlt	.+48     	; 0x2cc4 <itoa+0x3a>
    2c94:	45 32       	cpi	r20, 0x25	; 37
    2c96:	b4 f4       	brge	.+44     	; 0x2cc4 <itoa+0x3a>
    2c98:	4a 30       	cpi	r20, 0x0A	; 10
    2c9a:	29 f4       	brne	.+10     	; 0x2ca6 <itoa+0x1c>
    2c9c:	97 fb       	bst	r25, 7
    2c9e:	1e f4       	brtc	.+6      	; 0x2ca6 <itoa+0x1c>
    2ca0:	90 95       	com	r25
    2ca2:	81 95       	neg	r24
    2ca4:	9f 4f       	sbci	r25, 0xFF	; 255
    2ca6:	64 2f       	mov	r22, r20
    2ca8:	77 27       	eor	r23, r23
    2caa:	0e 94 76 16 	call	0x2cec	; 0x2cec <__udivmodhi4>
    2cae:	80 5d       	subi	r24, 0xD0	; 208
    2cb0:	8a 33       	cpi	r24, 0x3A	; 58
    2cb2:	0c f0       	brlt	.+2      	; 0x2cb6 <itoa+0x2c>
    2cb4:	89 5d       	subi	r24, 0xD9	; 217
    2cb6:	81 93       	st	Z+, r24
    2cb8:	cb 01       	movw	r24, r22
    2cba:	00 97       	sbiw	r24, 0x00	; 0
    2cbc:	a1 f7       	brne	.-24     	; 0x2ca6 <itoa+0x1c>
    2cbe:	16 f4       	brtc	.+4      	; 0x2cc4 <itoa+0x3a>
    2cc0:	5d e2       	ldi	r21, 0x2D	; 45
    2cc2:	51 93       	st	Z+, r21
    2cc4:	10 82       	st	Z, r1
    2cc6:	c9 01       	movw	r24, r18
    2cc8:	0c 94 66 16 	jmp	0x2ccc	; 0x2ccc <strrev>

00002ccc <strrev>:
    2ccc:	dc 01       	movw	r26, r24
    2cce:	fc 01       	movw	r30, r24
    2cd0:	67 2f       	mov	r22, r23
    2cd2:	71 91       	ld	r23, Z+
    2cd4:	77 23       	and	r23, r23
    2cd6:	e1 f7       	brne	.-8      	; 0x2cd0 <strrev+0x4>
    2cd8:	32 97       	sbiw	r30, 0x02	; 2
    2cda:	04 c0       	rjmp	.+8      	; 0x2ce4 <strrev+0x18>
    2cdc:	7c 91       	ld	r23, X
    2cde:	6d 93       	st	X+, r22
    2ce0:	70 83       	st	Z, r23
    2ce2:	62 91       	ld	r22, -Z
    2ce4:	ae 17       	cp	r26, r30
    2ce6:	bf 07       	cpc	r27, r31
    2ce8:	c8 f3       	brcs	.-14     	; 0x2cdc <strrev+0x10>
    2cea:	08 95       	ret

00002cec <__udivmodhi4>:
    2cec:	aa 1b       	sub	r26, r26
    2cee:	bb 1b       	sub	r27, r27
    2cf0:	51 e1       	ldi	r21, 0x11	; 17
    2cf2:	07 c0       	rjmp	.+14     	; 0x2d02 <__udivmodhi4_ep>

00002cf4 <__udivmodhi4_loop>:
    2cf4:	aa 1f       	adc	r26, r26
    2cf6:	bb 1f       	adc	r27, r27
    2cf8:	a6 17       	cp	r26, r22
    2cfa:	b7 07       	cpc	r27, r23
    2cfc:	10 f0       	brcs	.+4      	; 0x2d02 <__udivmodhi4_ep>
    2cfe:	a6 1b       	sub	r26, r22
    2d00:	b7 0b       	sbc	r27, r23

00002d02 <__udivmodhi4_ep>:
    2d02:	88 1f       	adc	r24, r24
    2d04:	99 1f       	adc	r25, r25
    2d06:	5a 95       	dec	r21
    2d08:	a9 f7       	brne	.-22     	; 0x2cf4 <__udivmodhi4_loop>
    2d0a:	80 95       	com	r24
    2d0c:	90 95       	com	r25
    2d0e:	bc 01       	movw	r22, r24
    2d10:	cd 01       	movw	r24, r26
    2d12:	08 95       	ret

00002d14 <_exit>:
    2d14:	f8 94       	cli

00002d16 <__stop_program>:
    2d16:	ff cf       	rjmp	.-2      	; 0x2d16 <__stop_program>
