
car_parking_sensor_project.elf:     file format elf32-avr

Sections:
Idx Name          Size      VMA       LMA       File off  Algn
  0 .text         00003376  00000000  00000000  00000094  2**1
                  CONTENTS, ALLOC, LOAD, READONLY, CODE
  1 .data         00000130  00800060  00003376  0000340a  2**0
                  CONTENTS, ALLOC, LOAD, DATA
  2 .bss          00000005  00800190  00800190  0000353a  2**0
                  ALLOC
  3 .stab         00002808  00000000  00000000  0000353c  2**2
                  CONTENTS, READONLY, DEBUGGING
  4 .stabstr      00000ed7  00000000  00000000  00005d44  2**0
                  CONTENTS, READONLY, DEBUGGING
  5 .debug_aranges 000001a0  00000000  00000000  00006c1b  2**0
                  CONTENTS, READONLY, DEBUGGING
  6 .debug_pubnames 000001f2  00000000  00000000  00006dbb  2**0
                  CONTENTS, READONLY, DEBUGGING
  7 .debug_info   0000240b  00000000  00000000  00006fad  2**0
                  CONTENTS, READONLY, DEBUGGING
  8 .debug_abbrev 00001386  00000000  00000000  000093b8  2**0
                  CONTENTS, READONLY, DEBUGGING
  9 .debug_line   000011d6  00000000  00000000  0000a73e  2**0
                  CONTENTS, READONLY, DEBUGGING
 10 .debug_frame  000001c0  00000000  00000000  0000b914  2**2
                  CONTENTS, READONLY, DEBUGGING
 11 .debug_str    000002f6  00000000  00000000  0000bad4  2**0
                  CONTENTS, READONLY, DEBUGGING
 12 .debug_loc    0000096e  00000000  00000000  0000bdca  2**0
                  CONTENTS, READONLY, DEBUGGING
 13 .debug_ranges 00000050  00000000  00000000  0000c738  2**0
                  CONTENTS, READONLY, DEBUGGING

Disassembly of section .text:

00000000 <__vectors>:
       0:	0c 94 2a 00 	jmp	0x54	; 0x54 <__ctors_end>
       4:	0c 94 47 00 	jmp	0x8e	; 0x8e <__bad_interrupt>
       8:	0c 94 47 00 	jmp	0x8e	; 0x8e <__bad_interrupt>
       c:	0c 94 47 00 	jmp	0x8e	; 0x8e <__bad_interrupt>
      10:	0c 94 47 00 	jmp	0x8e	; 0x8e <__bad_interrupt>
      14:	0c 94 47 00 	jmp	0x8e	; 0x8e <__bad_interrupt>
      18:	0c 94 12 17 	jmp	0x2e24	; 0x2e24 <__vector_6>
      1c:	0c 94 47 00 	jmp	0x8e	; 0x8e <__bad_interrupt>
      20:	0c 94 47 00 	jmp	0x8e	; 0x8e <__bad_interrupt>
      24:	0c 94 47 00 	jmp	0x8e	; 0x8e <__bad_interrupt>
      28:	0c 94 47 00 	jmp	0x8e	; 0x8e <__bad_interrupt>
      2c:	0c 94 47 00 	jmp	0x8e	; 0x8e <__bad_interrupt>
      30:	0c 94 47 00 	jmp	0x8e	; 0x8e <__bad_interrupt>
      34:	0c 94 47 00 	jmp	0x8e	; 0x8e <__bad_interrupt>
      38:	0c 94 47 00 	jmp	0x8e	; 0x8e <__bad_interrupt>
      3c:	0c 94 47 00 	jmp	0x8e	; 0x8e <__bad_interrupt>
      40:	0c 94 47 00 	jmp	0x8e	; 0x8e <__bad_interrupt>
      44:	0c 94 47 00 	jmp	0x8e	; 0x8e <__bad_interrupt>
      48:	0c 94 47 00 	jmp	0x8e	; 0x8e <__bad_interrupt>
      4c:	0c 94 47 00 	jmp	0x8e	; 0x8e <__bad_interrupt>
      50:	0c 94 47 00 	jmp	0x8e	; 0x8e <__bad_interrupt>

00000054 <__ctors_end>:
      54:	11 24       	eor	r1, r1
      56:	1f be       	out	0x3f, r1	; 63
      58:	cf e5       	ldi	r28, 0x5F	; 95
      5a:	d8 e0       	ldi	r29, 0x08	; 8
      5c:	de bf       	out	0x3e, r29	; 62
      5e:	cd bf       	out	0x3d, r28	; 61

00000060 <__do_copy_data>:
      60:	11 e0       	ldi	r17, 0x01	; 1
      62:	a0 e6       	ldi	r26, 0x60	; 96
      64:	b0 e0       	ldi	r27, 0x00	; 0
      66:	e6 e7       	ldi	r30, 0x76	; 118
      68:	f3 e3       	ldi	r31, 0x33	; 51
      6a:	02 c0       	rjmp	.+4      	; 0x70 <.do_copy_data_start>

0000006c <.do_copy_data_loop>:
      6c:	05 90       	lpm	r0, Z+
      6e:	0d 92       	st	X+, r0

00000070 <.do_copy_data_start>:
      70:	a0 39       	cpi	r26, 0x90	; 144
      72:	b1 07       	cpc	r27, r17
      74:	d9 f7       	brne	.-10     	; 0x6c <.do_copy_data_loop>

00000076 <__do_clear_bss>:
      76:	11 e0       	ldi	r17, 0x01	; 1
      78:	a0 e9       	ldi	r26, 0x90	; 144
      7a:	b1 e0       	ldi	r27, 0x01	; 1
      7c:	01 c0       	rjmp	.+2      	; 0x80 <.do_clear_bss_start>

0000007e <.do_clear_bss_loop>:
      7e:	1d 92       	st	X+, r1

00000080 <.do_clear_bss_start>:
      80:	a5 39       	cpi	r26, 0x95	; 149
      82:	b1 07       	cpc	r27, r17
      84:	e1 f7       	brne	.-8      	; 0x7e <.do_clear_bss_loop>
      86:	0e 94 fa 11 	call	0x23f4	; 0x23f4 <main>
      8a:	0c 94 b9 19 	jmp	0x3372	; 0x3372 <_exit>

0000008e <__bad_interrupt>:
      8e:	0c 94 00 00 	jmp	0	; 0x0 <__vectors>

00000092 <__fixunssfsi>:
      92:	ef 92       	push	r14
      94:	ff 92       	push	r15
      96:	0f 93       	push	r16
      98:	1f 93       	push	r17
      9a:	7b 01       	movw	r14, r22
      9c:	8c 01       	movw	r16, r24
      9e:	20 e0       	ldi	r18, 0x00	; 0
      a0:	30 e0       	ldi	r19, 0x00	; 0
      a2:	40 e0       	ldi	r20, 0x00	; 0
      a4:	5f e4       	ldi	r21, 0x4F	; 79
      a6:	0e 94 f5 03 	call	0x7ea	; 0x7ea <__gesf2>
      aa:	88 23       	and	r24, r24
      ac:	8c f0       	brlt	.+34     	; 0xd0 <__fixunssfsi+0x3e>
      ae:	c8 01       	movw	r24, r16
      b0:	b7 01       	movw	r22, r14
      b2:	20 e0       	ldi	r18, 0x00	; 0
      b4:	30 e0       	ldi	r19, 0x00	; 0
      b6:	40 e0       	ldi	r20, 0x00	; 0
      b8:	5f e4       	ldi	r21, 0x4F	; 79
      ba:	0e 94 c1 01 	call	0x382	; 0x382 <__subsf3>
      be:	0e 94 55 04 	call	0x8aa	; 0x8aa <__fixsfsi>
      c2:	9b 01       	movw	r18, r22
      c4:	ac 01       	movw	r20, r24
      c6:	20 50       	subi	r18, 0x00	; 0
      c8:	30 40       	sbci	r19, 0x00	; 0
      ca:	40 40       	sbci	r20, 0x00	; 0
      cc:	50 48       	sbci	r21, 0x80	; 128
      ce:	06 c0       	rjmp	.+12     	; 0xdc <__fixunssfsi+0x4a>
      d0:	c8 01       	movw	r24, r16
      d2:	b7 01       	movw	r22, r14
      d4:	0e 94 55 04 	call	0x8aa	; 0x8aa <__fixsfsi>
      d8:	9b 01       	movw	r18, r22
      da:	ac 01       	movw	r20, r24
      dc:	b9 01       	movw	r22, r18
      de:	ca 01       	movw	r24, r20
      e0:	1f 91       	pop	r17
      e2:	0f 91       	pop	r16
      e4:	ff 90       	pop	r15
      e6:	ef 90       	pop	r14
      e8:	08 95       	ret

000000ea <_fpadd_parts>:
      ea:	a0 e0       	ldi	r26, 0x00	; 0
      ec:	b0 e0       	ldi	r27, 0x00	; 0
      ee:	eb e7       	ldi	r30, 0x7B	; 123
      f0:	f0 e0       	ldi	r31, 0x00	; 0
      f2:	0c 94 3d 19 	jmp	0x327a	; 0x327a <__prologue_saves__>
      f6:	dc 01       	movw	r26, r24
      f8:	2b 01       	movw	r4, r22
      fa:	fa 01       	movw	r30, r20
      fc:	9c 91       	ld	r25, X
      fe:	92 30       	cpi	r25, 0x02	; 2
     100:	08 f4       	brcc	.+2      	; 0x104 <_fpadd_parts+0x1a>
     102:	39 c1       	rjmp	.+626    	; 0x376 <_fpadd_parts+0x28c>
     104:	eb 01       	movw	r28, r22
     106:	88 81       	ld	r24, Y
     108:	82 30       	cpi	r24, 0x02	; 2
     10a:	08 f4       	brcc	.+2      	; 0x10e <_fpadd_parts+0x24>
     10c:	33 c1       	rjmp	.+614    	; 0x374 <_fpadd_parts+0x28a>
     10e:	94 30       	cpi	r25, 0x04	; 4
     110:	69 f4       	brne	.+26     	; 0x12c <_fpadd_parts+0x42>
     112:	84 30       	cpi	r24, 0x04	; 4
     114:	09 f0       	breq	.+2      	; 0x118 <_fpadd_parts+0x2e>
     116:	2f c1       	rjmp	.+606    	; 0x376 <_fpadd_parts+0x28c>
     118:	11 96       	adiw	r26, 0x01	; 1
     11a:	9c 91       	ld	r25, X
     11c:	11 97       	sbiw	r26, 0x01	; 1
     11e:	89 81       	ldd	r24, Y+1	; 0x01
     120:	98 17       	cp	r25, r24
     122:	09 f4       	brne	.+2      	; 0x126 <_fpadd_parts+0x3c>
     124:	28 c1       	rjmp	.+592    	; 0x376 <_fpadd_parts+0x28c>
     126:	a7 e8       	ldi	r26, 0x87	; 135
     128:	b0 e0       	ldi	r27, 0x00	; 0
     12a:	25 c1       	rjmp	.+586    	; 0x376 <_fpadd_parts+0x28c>
     12c:	84 30       	cpi	r24, 0x04	; 4
     12e:	09 f4       	brne	.+2      	; 0x132 <_fpadd_parts+0x48>
     130:	21 c1       	rjmp	.+578    	; 0x374 <_fpadd_parts+0x28a>
     132:	82 30       	cpi	r24, 0x02	; 2
     134:	a9 f4       	brne	.+42     	; 0x160 <_fpadd_parts+0x76>
     136:	92 30       	cpi	r25, 0x02	; 2
     138:	09 f0       	breq	.+2      	; 0x13c <_fpadd_parts+0x52>
     13a:	1d c1       	rjmp	.+570    	; 0x376 <_fpadd_parts+0x28c>
     13c:	9a 01       	movw	r18, r20
     13e:	ad 01       	movw	r20, r26
     140:	88 e0       	ldi	r24, 0x08	; 8
     142:	ea 01       	movw	r28, r20
     144:	09 90       	ld	r0, Y+
     146:	ae 01       	movw	r20, r28
     148:	e9 01       	movw	r28, r18
     14a:	09 92       	st	Y+, r0
     14c:	9e 01       	movw	r18, r28
     14e:	81 50       	subi	r24, 0x01	; 1
     150:	c1 f7       	brne	.-16     	; 0x142 <_fpadd_parts+0x58>
     152:	e2 01       	movw	r28, r4
     154:	89 81       	ldd	r24, Y+1	; 0x01
     156:	11 96       	adiw	r26, 0x01	; 1
     158:	9c 91       	ld	r25, X
     15a:	89 23       	and	r24, r25
     15c:	81 83       	std	Z+1, r24	; 0x01
     15e:	08 c1       	rjmp	.+528    	; 0x370 <_fpadd_parts+0x286>
     160:	92 30       	cpi	r25, 0x02	; 2
     162:	09 f4       	brne	.+2      	; 0x166 <_fpadd_parts+0x7c>
     164:	07 c1       	rjmp	.+526    	; 0x374 <_fpadd_parts+0x28a>
     166:	12 96       	adiw	r26, 0x02	; 2
     168:	2d 90       	ld	r2, X+
     16a:	3c 90       	ld	r3, X
     16c:	13 97       	sbiw	r26, 0x03	; 3
     16e:	eb 01       	movw	r28, r22
     170:	8a 81       	ldd	r24, Y+2	; 0x02
     172:	9b 81       	ldd	r25, Y+3	; 0x03
     174:	14 96       	adiw	r26, 0x04	; 4
     176:	ad 90       	ld	r10, X+
     178:	bd 90       	ld	r11, X+
     17a:	cd 90       	ld	r12, X+
     17c:	dc 90       	ld	r13, X
     17e:	17 97       	sbiw	r26, 0x07	; 7
     180:	ec 80       	ldd	r14, Y+4	; 0x04
     182:	fd 80       	ldd	r15, Y+5	; 0x05
     184:	0e 81       	ldd	r16, Y+6	; 0x06
     186:	1f 81       	ldd	r17, Y+7	; 0x07
     188:	91 01       	movw	r18, r2
     18a:	28 1b       	sub	r18, r24
     18c:	39 0b       	sbc	r19, r25
     18e:	b9 01       	movw	r22, r18
     190:	37 ff       	sbrs	r19, 7
     192:	04 c0       	rjmp	.+8      	; 0x19c <_fpadd_parts+0xb2>
     194:	66 27       	eor	r22, r22
     196:	77 27       	eor	r23, r23
     198:	62 1b       	sub	r22, r18
     19a:	73 0b       	sbc	r23, r19
     19c:	60 32       	cpi	r22, 0x20	; 32
     19e:	71 05       	cpc	r23, r1
     1a0:	0c f0       	brlt	.+2      	; 0x1a4 <_fpadd_parts+0xba>
     1a2:	61 c0       	rjmp	.+194    	; 0x266 <_fpadd_parts+0x17c>
     1a4:	12 16       	cp	r1, r18
     1a6:	13 06       	cpc	r1, r19
     1a8:	6c f5       	brge	.+90     	; 0x204 <_fpadd_parts+0x11a>
     1aa:	37 01       	movw	r6, r14
     1ac:	48 01       	movw	r8, r16
     1ae:	06 2e       	mov	r0, r22
     1b0:	04 c0       	rjmp	.+8      	; 0x1ba <_fpadd_parts+0xd0>
     1b2:	96 94       	lsr	r9
     1b4:	87 94       	ror	r8
     1b6:	77 94       	ror	r7
     1b8:	67 94       	ror	r6
     1ba:	0a 94       	dec	r0
     1bc:	d2 f7       	brpl	.-12     	; 0x1b2 <_fpadd_parts+0xc8>
     1be:	21 e0       	ldi	r18, 0x01	; 1
     1c0:	30 e0       	ldi	r19, 0x00	; 0
     1c2:	40 e0       	ldi	r20, 0x00	; 0
     1c4:	50 e0       	ldi	r21, 0x00	; 0
     1c6:	04 c0       	rjmp	.+8      	; 0x1d0 <_fpadd_parts+0xe6>
     1c8:	22 0f       	add	r18, r18
     1ca:	33 1f       	adc	r19, r19
     1cc:	44 1f       	adc	r20, r20
     1ce:	55 1f       	adc	r21, r21
     1d0:	6a 95       	dec	r22
     1d2:	d2 f7       	brpl	.-12     	; 0x1c8 <_fpadd_parts+0xde>
     1d4:	21 50       	subi	r18, 0x01	; 1
     1d6:	30 40       	sbci	r19, 0x00	; 0
     1d8:	40 40       	sbci	r20, 0x00	; 0
     1da:	50 40       	sbci	r21, 0x00	; 0
     1dc:	2e 21       	and	r18, r14
     1de:	3f 21       	and	r19, r15
     1e0:	40 23       	and	r20, r16
     1e2:	51 23       	and	r21, r17
     1e4:	21 15       	cp	r18, r1
     1e6:	31 05       	cpc	r19, r1
     1e8:	41 05       	cpc	r20, r1
     1ea:	51 05       	cpc	r21, r1
     1ec:	21 f0       	breq	.+8      	; 0x1f6 <_fpadd_parts+0x10c>
     1ee:	21 e0       	ldi	r18, 0x01	; 1
     1f0:	30 e0       	ldi	r19, 0x00	; 0
     1f2:	40 e0       	ldi	r20, 0x00	; 0
     1f4:	50 e0       	ldi	r21, 0x00	; 0
     1f6:	79 01       	movw	r14, r18
     1f8:	8a 01       	movw	r16, r20
     1fa:	e6 28       	or	r14, r6
     1fc:	f7 28       	or	r15, r7
     1fe:	08 29       	or	r16, r8
     200:	19 29       	or	r17, r9
     202:	3c c0       	rjmp	.+120    	; 0x27c <_fpadd_parts+0x192>
     204:	23 2b       	or	r18, r19
     206:	d1 f1       	breq	.+116    	; 0x27c <_fpadd_parts+0x192>
     208:	26 0e       	add	r2, r22
     20a:	37 1e       	adc	r3, r23
     20c:	35 01       	movw	r6, r10
     20e:	46 01       	movw	r8, r12
     210:	06 2e       	mov	r0, r22
     212:	04 c0       	rjmp	.+8      	; 0x21c <_fpadd_parts+0x132>
     214:	96 94       	lsr	r9
     216:	87 94       	ror	r8
     218:	77 94       	ror	r7
     21a:	67 94       	ror	r6
     21c:	0a 94       	dec	r0
     21e:	d2 f7       	brpl	.-12     	; 0x214 <_fpadd_parts+0x12a>
     220:	21 e0       	ldi	r18, 0x01	; 1
     222:	30 e0       	ldi	r19, 0x00	; 0
     224:	40 e0       	ldi	r20, 0x00	; 0
     226:	50 e0       	ldi	r21, 0x00	; 0
     228:	04 c0       	rjmp	.+8      	; 0x232 <_fpadd_parts+0x148>
     22a:	22 0f       	add	r18, r18
     22c:	33 1f       	adc	r19, r19
     22e:	44 1f       	adc	r20, r20
     230:	55 1f       	adc	r21, r21
     232:	6a 95       	dec	r22
     234:	d2 f7       	brpl	.-12     	; 0x22a <_fpadd_parts+0x140>
     236:	21 50       	subi	r18, 0x01	; 1
     238:	30 40       	sbci	r19, 0x00	; 0
     23a:	40 40       	sbci	r20, 0x00	; 0
     23c:	50 40       	sbci	r21, 0x00	; 0
     23e:	2a 21       	and	r18, r10
     240:	3b 21       	and	r19, r11
     242:	4c 21       	and	r20, r12
     244:	5d 21       	and	r21, r13
     246:	21 15       	cp	r18, r1
     248:	31 05       	cpc	r19, r1
     24a:	41 05       	cpc	r20, r1
     24c:	51 05       	cpc	r21, r1
     24e:	21 f0       	breq	.+8      	; 0x258 <_fpadd_parts+0x16e>
     250:	21 e0       	ldi	r18, 0x01	; 1
     252:	30 e0       	ldi	r19, 0x00	; 0
     254:	40 e0       	ldi	r20, 0x00	; 0
     256:	50 e0       	ldi	r21, 0x00	; 0
     258:	59 01       	movw	r10, r18
     25a:	6a 01       	movw	r12, r20
     25c:	a6 28       	or	r10, r6
     25e:	b7 28       	or	r11, r7
     260:	c8 28       	or	r12, r8
     262:	d9 28       	or	r13, r9
     264:	0b c0       	rjmp	.+22     	; 0x27c <_fpadd_parts+0x192>
     266:	82 15       	cp	r24, r2
     268:	93 05       	cpc	r25, r3
     26a:	2c f0       	brlt	.+10     	; 0x276 <_fpadd_parts+0x18c>
     26c:	1c 01       	movw	r2, r24
     26e:	aa 24       	eor	r10, r10
     270:	bb 24       	eor	r11, r11
     272:	65 01       	movw	r12, r10
     274:	03 c0       	rjmp	.+6      	; 0x27c <_fpadd_parts+0x192>
     276:	ee 24       	eor	r14, r14
     278:	ff 24       	eor	r15, r15
     27a:	87 01       	movw	r16, r14
     27c:	11 96       	adiw	r26, 0x01	; 1
     27e:	9c 91       	ld	r25, X
     280:	d2 01       	movw	r26, r4
     282:	11 96       	adiw	r26, 0x01	; 1
     284:	8c 91       	ld	r24, X
     286:	98 17       	cp	r25, r24
     288:	09 f4       	brne	.+2      	; 0x28c <_fpadd_parts+0x1a2>
     28a:	45 c0       	rjmp	.+138    	; 0x316 <_fpadd_parts+0x22c>
     28c:	99 23       	and	r25, r25
     28e:	39 f0       	breq	.+14     	; 0x29e <_fpadd_parts+0x1b4>
     290:	a8 01       	movw	r20, r16
     292:	97 01       	movw	r18, r14
     294:	2a 19       	sub	r18, r10
     296:	3b 09       	sbc	r19, r11
     298:	4c 09       	sbc	r20, r12
     29a:	5d 09       	sbc	r21, r13
     29c:	06 c0       	rjmp	.+12     	; 0x2aa <_fpadd_parts+0x1c0>
     29e:	a6 01       	movw	r20, r12
     2a0:	95 01       	movw	r18, r10
     2a2:	2e 19       	sub	r18, r14
     2a4:	3f 09       	sbc	r19, r15
     2a6:	40 0b       	sbc	r20, r16
     2a8:	51 0b       	sbc	r21, r17
     2aa:	57 fd       	sbrc	r21, 7
     2ac:	08 c0       	rjmp	.+16     	; 0x2be <_fpadd_parts+0x1d4>
     2ae:	11 82       	std	Z+1, r1	; 0x01
     2b0:	33 82       	std	Z+3, r3	; 0x03
     2b2:	22 82       	std	Z+2, r2	; 0x02
     2b4:	24 83       	std	Z+4, r18	; 0x04
     2b6:	35 83       	std	Z+5, r19	; 0x05
     2b8:	46 83       	std	Z+6, r20	; 0x06
     2ba:	57 83       	std	Z+7, r21	; 0x07
     2bc:	1d c0       	rjmp	.+58     	; 0x2f8 <_fpadd_parts+0x20e>
     2be:	81 e0       	ldi	r24, 0x01	; 1
     2c0:	81 83       	std	Z+1, r24	; 0x01
     2c2:	33 82       	std	Z+3, r3	; 0x03
     2c4:	22 82       	std	Z+2, r2	; 0x02
     2c6:	88 27       	eor	r24, r24
     2c8:	99 27       	eor	r25, r25
     2ca:	dc 01       	movw	r26, r24
     2cc:	82 1b       	sub	r24, r18
     2ce:	93 0b       	sbc	r25, r19
     2d0:	a4 0b       	sbc	r26, r20
     2d2:	b5 0b       	sbc	r27, r21
     2d4:	84 83       	std	Z+4, r24	; 0x04
     2d6:	95 83       	std	Z+5, r25	; 0x05
     2d8:	a6 83       	std	Z+6, r26	; 0x06
     2da:	b7 83       	std	Z+7, r27	; 0x07
     2dc:	0d c0       	rjmp	.+26     	; 0x2f8 <_fpadd_parts+0x20e>
     2de:	22 0f       	add	r18, r18
     2e0:	33 1f       	adc	r19, r19
     2e2:	44 1f       	adc	r20, r20
     2e4:	55 1f       	adc	r21, r21
     2e6:	24 83       	std	Z+4, r18	; 0x04
     2e8:	35 83       	std	Z+5, r19	; 0x05
     2ea:	46 83       	std	Z+6, r20	; 0x06
     2ec:	57 83       	std	Z+7, r21	; 0x07
     2ee:	82 81       	ldd	r24, Z+2	; 0x02
     2f0:	93 81       	ldd	r25, Z+3	; 0x03
     2f2:	01 97       	sbiw	r24, 0x01	; 1
     2f4:	93 83       	std	Z+3, r25	; 0x03
     2f6:	82 83       	std	Z+2, r24	; 0x02
     2f8:	24 81       	ldd	r18, Z+4	; 0x04
     2fa:	35 81       	ldd	r19, Z+5	; 0x05
     2fc:	46 81       	ldd	r20, Z+6	; 0x06
     2fe:	57 81       	ldd	r21, Z+7	; 0x07
     300:	da 01       	movw	r26, r20
     302:	c9 01       	movw	r24, r18
     304:	01 97       	sbiw	r24, 0x01	; 1
     306:	a1 09       	sbc	r26, r1
     308:	b1 09       	sbc	r27, r1
     30a:	8f 5f       	subi	r24, 0xFF	; 255
     30c:	9f 4f       	sbci	r25, 0xFF	; 255
     30e:	af 4f       	sbci	r26, 0xFF	; 255
     310:	bf 43       	sbci	r27, 0x3F	; 63
     312:	28 f3       	brcs	.-54     	; 0x2de <_fpadd_parts+0x1f4>
     314:	0b c0       	rjmp	.+22     	; 0x32c <_fpadd_parts+0x242>
     316:	91 83       	std	Z+1, r25	; 0x01
     318:	33 82       	std	Z+3, r3	; 0x03
     31a:	22 82       	std	Z+2, r2	; 0x02
     31c:	ea 0c       	add	r14, r10
     31e:	fb 1c       	adc	r15, r11
     320:	0c 1d       	adc	r16, r12
     322:	1d 1d       	adc	r17, r13
     324:	e4 82       	std	Z+4, r14	; 0x04
     326:	f5 82       	std	Z+5, r15	; 0x05
     328:	06 83       	std	Z+6, r16	; 0x06
     32a:	17 83       	std	Z+7, r17	; 0x07
     32c:	83 e0       	ldi	r24, 0x03	; 3
     32e:	80 83       	st	Z, r24
     330:	24 81       	ldd	r18, Z+4	; 0x04
     332:	35 81       	ldd	r19, Z+5	; 0x05
     334:	46 81       	ldd	r20, Z+6	; 0x06
     336:	57 81       	ldd	r21, Z+7	; 0x07
     338:	57 ff       	sbrs	r21, 7
     33a:	1a c0       	rjmp	.+52     	; 0x370 <_fpadd_parts+0x286>
     33c:	c9 01       	movw	r24, r18
     33e:	aa 27       	eor	r26, r26
     340:	97 fd       	sbrc	r25, 7
     342:	a0 95       	com	r26
     344:	ba 2f       	mov	r27, r26
     346:	81 70       	andi	r24, 0x01	; 1
     348:	90 70       	andi	r25, 0x00	; 0
     34a:	a0 70       	andi	r26, 0x00	; 0
     34c:	b0 70       	andi	r27, 0x00	; 0
     34e:	56 95       	lsr	r21
     350:	47 95       	ror	r20
     352:	37 95       	ror	r19
     354:	27 95       	ror	r18
     356:	82 2b       	or	r24, r18
     358:	93 2b       	or	r25, r19
     35a:	a4 2b       	or	r26, r20
     35c:	b5 2b       	or	r27, r21
     35e:	84 83       	std	Z+4, r24	; 0x04
     360:	95 83       	std	Z+5, r25	; 0x05
     362:	a6 83       	std	Z+6, r26	; 0x06
     364:	b7 83       	std	Z+7, r27	; 0x07
     366:	82 81       	ldd	r24, Z+2	; 0x02
     368:	93 81       	ldd	r25, Z+3	; 0x03
     36a:	01 96       	adiw	r24, 0x01	; 1
     36c:	93 83       	std	Z+3, r25	; 0x03
     36e:	82 83       	std	Z+2, r24	; 0x02
     370:	df 01       	movw	r26, r30
     372:	01 c0       	rjmp	.+2      	; 0x376 <_fpadd_parts+0x28c>
     374:	d2 01       	movw	r26, r4
     376:	cd 01       	movw	r24, r26
     378:	cd b7       	in	r28, 0x3d	; 61
     37a:	de b7       	in	r29, 0x3e	; 62
     37c:	e2 e1       	ldi	r30, 0x12	; 18
     37e:	0c 94 59 19 	jmp	0x32b2	; 0x32b2 <__epilogue_restores__>

00000382 <__subsf3>:
     382:	a0 e2       	ldi	r26, 0x20	; 32
     384:	b0 e0       	ldi	r27, 0x00	; 0
     386:	e7 ec       	ldi	r30, 0xC7	; 199
     388:	f1 e0       	ldi	r31, 0x01	; 1
     38a:	0c 94 49 19 	jmp	0x3292	; 0x3292 <__prologue_saves__+0x18>
     38e:	69 83       	std	Y+1, r22	; 0x01
     390:	7a 83       	std	Y+2, r23	; 0x02
     392:	8b 83       	std	Y+3, r24	; 0x03
     394:	9c 83       	std	Y+4, r25	; 0x04
     396:	2d 83       	std	Y+5, r18	; 0x05
     398:	3e 83       	std	Y+6, r19	; 0x06
     39a:	4f 83       	std	Y+7, r20	; 0x07
     39c:	58 87       	std	Y+8, r21	; 0x08
     39e:	e9 e0       	ldi	r30, 0x09	; 9
     3a0:	ee 2e       	mov	r14, r30
     3a2:	f1 2c       	mov	r15, r1
     3a4:	ec 0e       	add	r14, r28
     3a6:	fd 1e       	adc	r15, r29
     3a8:	ce 01       	movw	r24, r28
     3aa:	01 96       	adiw	r24, 0x01	; 1
     3ac:	b7 01       	movw	r22, r14
     3ae:	0e 94 46 06 	call	0xc8c	; 0xc8c <__unpack_f>
     3b2:	8e 01       	movw	r16, r28
     3b4:	0f 5e       	subi	r16, 0xEF	; 239
     3b6:	1f 4f       	sbci	r17, 0xFF	; 255
     3b8:	ce 01       	movw	r24, r28
     3ba:	05 96       	adiw	r24, 0x05	; 5
     3bc:	b8 01       	movw	r22, r16
     3be:	0e 94 46 06 	call	0xc8c	; 0xc8c <__unpack_f>
     3c2:	8a 89       	ldd	r24, Y+18	; 0x12
     3c4:	91 e0       	ldi	r25, 0x01	; 1
     3c6:	89 27       	eor	r24, r25
     3c8:	8a 8b       	std	Y+18, r24	; 0x12
     3ca:	c7 01       	movw	r24, r14
     3cc:	b8 01       	movw	r22, r16
     3ce:	ae 01       	movw	r20, r28
     3d0:	47 5e       	subi	r20, 0xE7	; 231
     3d2:	5f 4f       	sbci	r21, 0xFF	; 255
     3d4:	0e 94 75 00 	call	0xea	; 0xea <_fpadd_parts>
     3d8:	0e 94 71 05 	call	0xae2	; 0xae2 <__pack_f>
     3dc:	a0 96       	adiw	r28, 0x20	; 32
     3de:	e6 e0       	ldi	r30, 0x06	; 6
     3e0:	0c 94 65 19 	jmp	0x32ca	; 0x32ca <__epilogue_restores__+0x18>

000003e4 <__addsf3>:
     3e4:	a0 e2       	ldi	r26, 0x20	; 32
     3e6:	b0 e0       	ldi	r27, 0x00	; 0
     3e8:	e8 ef       	ldi	r30, 0xF8	; 248
     3ea:	f1 e0       	ldi	r31, 0x01	; 1
     3ec:	0c 94 49 19 	jmp	0x3292	; 0x3292 <__prologue_saves__+0x18>
     3f0:	69 83       	std	Y+1, r22	; 0x01
     3f2:	7a 83       	std	Y+2, r23	; 0x02
     3f4:	8b 83       	std	Y+3, r24	; 0x03
     3f6:	9c 83       	std	Y+4, r25	; 0x04
     3f8:	2d 83       	std	Y+5, r18	; 0x05
     3fa:	3e 83       	std	Y+6, r19	; 0x06
     3fc:	4f 83       	std	Y+7, r20	; 0x07
     3fe:	58 87       	std	Y+8, r21	; 0x08
     400:	f9 e0       	ldi	r31, 0x09	; 9
     402:	ef 2e       	mov	r14, r31
     404:	f1 2c       	mov	r15, r1
     406:	ec 0e       	add	r14, r28
     408:	fd 1e       	adc	r15, r29
     40a:	ce 01       	movw	r24, r28
     40c:	01 96       	adiw	r24, 0x01	; 1
     40e:	b7 01       	movw	r22, r14
     410:	0e 94 46 06 	call	0xc8c	; 0xc8c <__unpack_f>
     414:	8e 01       	movw	r16, r28
     416:	0f 5e       	subi	r16, 0xEF	; 239
     418:	1f 4f       	sbci	r17, 0xFF	; 255
     41a:	ce 01       	movw	r24, r28
     41c:	05 96       	adiw	r24, 0x05	; 5
     41e:	b8 01       	movw	r22, r16
     420:	0e 94 46 06 	call	0xc8c	; 0xc8c <__unpack_f>
     424:	c7 01       	movw	r24, r14
     426:	b8 01       	movw	r22, r16
     428:	ae 01       	movw	r20, r28
     42a:	47 5e       	subi	r20, 0xE7	; 231
     42c:	5f 4f       	sbci	r21, 0xFF	; 255
     42e:	0e 94 75 00 	call	0xea	; 0xea <_fpadd_parts>
     432:	0e 94 71 05 	call	0xae2	; 0xae2 <__pack_f>
     436:	a0 96       	adiw	r28, 0x20	; 32
     438:	e6 e0       	ldi	r30, 0x06	; 6
     43a:	0c 94 65 19 	jmp	0x32ca	; 0x32ca <__epilogue_restores__+0x18>

0000043e <__mulsf3>:
     43e:	a0 e2       	ldi	r26, 0x20	; 32
     440:	b0 e0       	ldi	r27, 0x00	; 0
     442:	e5 e2       	ldi	r30, 0x25	; 37
     444:	f2 e0       	ldi	r31, 0x02	; 2
     446:	0c 94 3d 19 	jmp	0x327a	; 0x327a <__prologue_saves__>
     44a:	69 83       	std	Y+1, r22	; 0x01
     44c:	7a 83       	std	Y+2, r23	; 0x02
     44e:	8b 83       	std	Y+3, r24	; 0x03
     450:	9c 83       	std	Y+4, r25	; 0x04
     452:	2d 83       	std	Y+5, r18	; 0x05
     454:	3e 83       	std	Y+6, r19	; 0x06
     456:	4f 83       	std	Y+7, r20	; 0x07
     458:	58 87       	std	Y+8, r21	; 0x08
     45a:	ce 01       	movw	r24, r28
     45c:	01 96       	adiw	r24, 0x01	; 1
     45e:	be 01       	movw	r22, r28
     460:	67 5f       	subi	r22, 0xF7	; 247
     462:	7f 4f       	sbci	r23, 0xFF	; 255
     464:	0e 94 46 06 	call	0xc8c	; 0xc8c <__unpack_f>
     468:	ce 01       	movw	r24, r28
     46a:	05 96       	adiw	r24, 0x05	; 5
     46c:	be 01       	movw	r22, r28
     46e:	6f 5e       	subi	r22, 0xEF	; 239
     470:	7f 4f       	sbci	r23, 0xFF	; 255
     472:	0e 94 46 06 	call	0xc8c	; 0xc8c <__unpack_f>
     476:	99 85       	ldd	r25, Y+9	; 0x09
     478:	92 30       	cpi	r25, 0x02	; 2
     47a:	88 f0       	brcs	.+34     	; 0x49e <__mulsf3+0x60>
     47c:	89 89       	ldd	r24, Y+17	; 0x11
     47e:	82 30       	cpi	r24, 0x02	; 2
     480:	c8 f0       	brcs	.+50     	; 0x4b4 <__mulsf3+0x76>
     482:	94 30       	cpi	r25, 0x04	; 4
     484:	19 f4       	brne	.+6      	; 0x48c <__mulsf3+0x4e>
     486:	82 30       	cpi	r24, 0x02	; 2
     488:	51 f4       	brne	.+20     	; 0x49e <__mulsf3+0x60>
     48a:	04 c0       	rjmp	.+8      	; 0x494 <__mulsf3+0x56>
     48c:	84 30       	cpi	r24, 0x04	; 4
     48e:	29 f4       	brne	.+10     	; 0x49a <__mulsf3+0x5c>
     490:	92 30       	cpi	r25, 0x02	; 2
     492:	81 f4       	brne	.+32     	; 0x4b4 <__mulsf3+0x76>
     494:	87 e8       	ldi	r24, 0x87	; 135
     496:	90 e0       	ldi	r25, 0x00	; 0
     498:	c6 c0       	rjmp	.+396    	; 0x626 <__mulsf3+0x1e8>
     49a:	92 30       	cpi	r25, 0x02	; 2
     49c:	49 f4       	brne	.+18     	; 0x4b0 <__mulsf3+0x72>
     49e:	20 e0       	ldi	r18, 0x00	; 0
     4a0:	9a 85       	ldd	r25, Y+10	; 0x0a
     4a2:	8a 89       	ldd	r24, Y+18	; 0x12
     4a4:	98 13       	cpse	r25, r24
     4a6:	21 e0       	ldi	r18, 0x01	; 1
     4a8:	2a 87       	std	Y+10, r18	; 0x0a
     4aa:	ce 01       	movw	r24, r28
     4ac:	09 96       	adiw	r24, 0x09	; 9
     4ae:	bb c0       	rjmp	.+374    	; 0x626 <__mulsf3+0x1e8>
     4b0:	82 30       	cpi	r24, 0x02	; 2
     4b2:	49 f4       	brne	.+18     	; 0x4c6 <__mulsf3+0x88>
     4b4:	20 e0       	ldi	r18, 0x00	; 0
     4b6:	9a 85       	ldd	r25, Y+10	; 0x0a
     4b8:	8a 89       	ldd	r24, Y+18	; 0x12
     4ba:	98 13       	cpse	r25, r24
     4bc:	21 e0       	ldi	r18, 0x01	; 1
     4be:	2a 8b       	std	Y+18, r18	; 0x12
     4c0:	ce 01       	movw	r24, r28
     4c2:	41 96       	adiw	r24, 0x11	; 17
     4c4:	b0 c0       	rjmp	.+352    	; 0x626 <__mulsf3+0x1e8>
     4c6:	2d 84       	ldd	r2, Y+13	; 0x0d
     4c8:	3e 84       	ldd	r3, Y+14	; 0x0e
     4ca:	4f 84       	ldd	r4, Y+15	; 0x0f
     4cc:	58 88       	ldd	r5, Y+16	; 0x10
     4ce:	6d 88       	ldd	r6, Y+21	; 0x15
     4d0:	7e 88       	ldd	r7, Y+22	; 0x16
     4d2:	8f 88       	ldd	r8, Y+23	; 0x17
     4d4:	98 8c       	ldd	r9, Y+24	; 0x18
     4d6:	ee 24       	eor	r14, r14
     4d8:	ff 24       	eor	r15, r15
     4da:	87 01       	movw	r16, r14
     4dc:	aa 24       	eor	r10, r10
     4de:	bb 24       	eor	r11, r11
     4e0:	65 01       	movw	r12, r10
     4e2:	40 e0       	ldi	r20, 0x00	; 0
     4e4:	50 e0       	ldi	r21, 0x00	; 0
     4e6:	60 e0       	ldi	r22, 0x00	; 0
     4e8:	70 e0       	ldi	r23, 0x00	; 0
     4ea:	e0 e0       	ldi	r30, 0x00	; 0
     4ec:	f0 e0       	ldi	r31, 0x00	; 0
     4ee:	c1 01       	movw	r24, r2
     4f0:	81 70       	andi	r24, 0x01	; 1
     4f2:	90 70       	andi	r25, 0x00	; 0
     4f4:	89 2b       	or	r24, r25
     4f6:	e9 f0       	breq	.+58     	; 0x532 <__mulsf3+0xf4>
     4f8:	e6 0c       	add	r14, r6
     4fa:	f7 1c       	adc	r15, r7
     4fc:	08 1d       	adc	r16, r8
     4fe:	19 1d       	adc	r17, r9
     500:	9a 01       	movw	r18, r20
     502:	ab 01       	movw	r20, r22
     504:	2a 0d       	add	r18, r10
     506:	3b 1d       	adc	r19, r11
     508:	4c 1d       	adc	r20, r12
     50a:	5d 1d       	adc	r21, r13
     50c:	80 e0       	ldi	r24, 0x00	; 0
     50e:	90 e0       	ldi	r25, 0x00	; 0
     510:	a0 e0       	ldi	r26, 0x00	; 0
     512:	b0 e0       	ldi	r27, 0x00	; 0
     514:	e6 14       	cp	r14, r6
     516:	f7 04       	cpc	r15, r7
     518:	08 05       	cpc	r16, r8
     51a:	19 05       	cpc	r17, r9
     51c:	20 f4       	brcc	.+8      	; 0x526 <__mulsf3+0xe8>
     51e:	81 e0       	ldi	r24, 0x01	; 1
     520:	90 e0       	ldi	r25, 0x00	; 0
     522:	a0 e0       	ldi	r26, 0x00	; 0
     524:	b0 e0       	ldi	r27, 0x00	; 0
     526:	ba 01       	movw	r22, r20
     528:	a9 01       	movw	r20, r18
     52a:	48 0f       	add	r20, r24
     52c:	59 1f       	adc	r21, r25
     52e:	6a 1f       	adc	r22, r26
     530:	7b 1f       	adc	r23, r27
     532:	aa 0c       	add	r10, r10
     534:	bb 1c       	adc	r11, r11
     536:	cc 1c       	adc	r12, r12
     538:	dd 1c       	adc	r13, r13
     53a:	97 fe       	sbrs	r9, 7
     53c:	08 c0       	rjmp	.+16     	; 0x54e <__mulsf3+0x110>
     53e:	81 e0       	ldi	r24, 0x01	; 1
     540:	90 e0       	ldi	r25, 0x00	; 0
     542:	a0 e0       	ldi	r26, 0x00	; 0
     544:	b0 e0       	ldi	r27, 0x00	; 0
     546:	a8 2a       	or	r10, r24
     548:	b9 2a       	or	r11, r25
     54a:	ca 2a       	or	r12, r26
     54c:	db 2a       	or	r13, r27
     54e:	31 96       	adiw	r30, 0x01	; 1
     550:	e0 32       	cpi	r30, 0x20	; 32
     552:	f1 05       	cpc	r31, r1
     554:	49 f0       	breq	.+18     	; 0x568 <__mulsf3+0x12a>
     556:	66 0c       	add	r6, r6
     558:	77 1c       	adc	r7, r7
     55a:	88 1c       	adc	r8, r8
     55c:	99 1c       	adc	r9, r9
     55e:	56 94       	lsr	r5
     560:	47 94       	ror	r4
     562:	37 94       	ror	r3
     564:	27 94       	ror	r2
     566:	c3 cf       	rjmp	.-122    	; 0x4ee <__mulsf3+0xb0>
     568:	fa 85       	ldd	r31, Y+10	; 0x0a
     56a:	ea 89       	ldd	r30, Y+18	; 0x12
     56c:	2b 89       	ldd	r18, Y+19	; 0x13
     56e:	3c 89       	ldd	r19, Y+20	; 0x14
     570:	8b 85       	ldd	r24, Y+11	; 0x0b
     572:	9c 85       	ldd	r25, Y+12	; 0x0c
     574:	28 0f       	add	r18, r24
     576:	39 1f       	adc	r19, r25
     578:	2e 5f       	subi	r18, 0xFE	; 254
     57a:	3f 4f       	sbci	r19, 0xFF	; 255
     57c:	17 c0       	rjmp	.+46     	; 0x5ac <__mulsf3+0x16e>
     57e:	ca 01       	movw	r24, r20
     580:	81 70       	andi	r24, 0x01	; 1
     582:	90 70       	andi	r25, 0x00	; 0
     584:	89 2b       	or	r24, r25
     586:	61 f0       	breq	.+24     	; 0x5a0 <__mulsf3+0x162>
     588:	16 95       	lsr	r17
     58a:	07 95       	ror	r16
     58c:	f7 94       	ror	r15
     58e:	e7 94       	ror	r14
     590:	80 e0       	ldi	r24, 0x00	; 0
     592:	90 e0       	ldi	r25, 0x00	; 0
     594:	a0 e0       	ldi	r26, 0x00	; 0
     596:	b0 e8       	ldi	r27, 0x80	; 128
     598:	e8 2a       	or	r14, r24
     59a:	f9 2a       	or	r15, r25
     59c:	0a 2b       	or	r16, r26
     59e:	1b 2b       	or	r17, r27
     5a0:	76 95       	lsr	r23
     5a2:	67 95       	ror	r22
     5a4:	57 95       	ror	r21
     5a6:	47 95       	ror	r20
     5a8:	2f 5f       	subi	r18, 0xFF	; 255
     5aa:	3f 4f       	sbci	r19, 0xFF	; 255
     5ac:	77 fd       	sbrc	r23, 7
     5ae:	e7 cf       	rjmp	.-50     	; 0x57e <__mulsf3+0x140>
     5b0:	0c c0       	rjmp	.+24     	; 0x5ca <__mulsf3+0x18c>
     5b2:	44 0f       	add	r20, r20
     5b4:	55 1f       	adc	r21, r21
     5b6:	66 1f       	adc	r22, r22
     5b8:	77 1f       	adc	r23, r23
     5ba:	17 fd       	sbrc	r17, 7
     5bc:	41 60       	ori	r20, 0x01	; 1
     5be:	ee 0c       	add	r14, r14
     5c0:	ff 1c       	adc	r15, r15
     5c2:	00 1f       	adc	r16, r16
     5c4:	11 1f       	adc	r17, r17
     5c6:	21 50       	subi	r18, 0x01	; 1
     5c8:	30 40       	sbci	r19, 0x00	; 0
     5ca:	40 30       	cpi	r20, 0x00	; 0
     5cc:	90 e0       	ldi	r25, 0x00	; 0
     5ce:	59 07       	cpc	r21, r25
     5d0:	90 e0       	ldi	r25, 0x00	; 0
     5d2:	69 07       	cpc	r22, r25
     5d4:	90 e4       	ldi	r25, 0x40	; 64
     5d6:	79 07       	cpc	r23, r25
     5d8:	60 f3       	brcs	.-40     	; 0x5b2 <__mulsf3+0x174>
     5da:	2b 8f       	std	Y+27, r18	; 0x1b
     5dc:	3c 8f       	std	Y+28, r19	; 0x1c
     5de:	db 01       	movw	r26, r22
     5e0:	ca 01       	movw	r24, r20
     5e2:	8f 77       	andi	r24, 0x7F	; 127
     5e4:	90 70       	andi	r25, 0x00	; 0
     5e6:	a0 70       	andi	r26, 0x00	; 0
     5e8:	b0 70       	andi	r27, 0x00	; 0
     5ea:	80 34       	cpi	r24, 0x40	; 64
     5ec:	91 05       	cpc	r25, r1
     5ee:	a1 05       	cpc	r26, r1
     5f0:	b1 05       	cpc	r27, r1
     5f2:	61 f4       	brne	.+24     	; 0x60c <__mulsf3+0x1ce>
     5f4:	47 fd       	sbrc	r20, 7
     5f6:	0a c0       	rjmp	.+20     	; 0x60c <__mulsf3+0x1ce>
     5f8:	e1 14       	cp	r14, r1
     5fa:	f1 04       	cpc	r15, r1
     5fc:	01 05       	cpc	r16, r1
     5fe:	11 05       	cpc	r17, r1
     600:	29 f0       	breq	.+10     	; 0x60c <__mulsf3+0x1ce>
     602:	40 5c       	subi	r20, 0xC0	; 192
     604:	5f 4f       	sbci	r21, 0xFF	; 255
     606:	6f 4f       	sbci	r22, 0xFF	; 255
     608:	7f 4f       	sbci	r23, 0xFF	; 255
     60a:	40 78       	andi	r20, 0x80	; 128
     60c:	1a 8e       	std	Y+26, r1	; 0x1a
     60e:	fe 17       	cp	r31, r30
     610:	11 f0       	breq	.+4      	; 0x616 <__mulsf3+0x1d8>
     612:	81 e0       	ldi	r24, 0x01	; 1
     614:	8a 8f       	std	Y+26, r24	; 0x1a
     616:	4d 8f       	std	Y+29, r20	; 0x1d
     618:	5e 8f       	std	Y+30, r21	; 0x1e
     61a:	6f 8f       	std	Y+31, r22	; 0x1f
     61c:	78 a3       	std	Y+32, r23	; 0x20
     61e:	83 e0       	ldi	r24, 0x03	; 3
     620:	89 8f       	std	Y+25, r24	; 0x19
     622:	ce 01       	movw	r24, r28
     624:	49 96       	adiw	r24, 0x19	; 25
     626:	0e 94 71 05 	call	0xae2	; 0xae2 <__pack_f>
     62a:	a0 96       	adiw	r28, 0x20	; 32
     62c:	e2 e1       	ldi	r30, 0x12	; 18
     62e:	0c 94 59 19 	jmp	0x32b2	; 0x32b2 <__epilogue_restores__>

00000632 <__divsf3>:
     632:	a8 e1       	ldi	r26, 0x18	; 24
     634:	b0 e0       	ldi	r27, 0x00	; 0
     636:	ef e1       	ldi	r30, 0x1F	; 31
     638:	f3 e0       	ldi	r31, 0x03	; 3
     63a:	0c 94 45 19 	jmp	0x328a	; 0x328a <__prologue_saves__+0x10>
     63e:	69 83       	std	Y+1, r22	; 0x01
     640:	7a 83       	std	Y+2, r23	; 0x02
     642:	8b 83       	std	Y+3, r24	; 0x03
     644:	9c 83       	std	Y+4, r25	; 0x04
     646:	2d 83       	std	Y+5, r18	; 0x05
     648:	3e 83       	std	Y+6, r19	; 0x06
     64a:	4f 83       	std	Y+7, r20	; 0x07
     64c:	58 87       	std	Y+8, r21	; 0x08
     64e:	b9 e0       	ldi	r27, 0x09	; 9
     650:	eb 2e       	mov	r14, r27
     652:	f1 2c       	mov	r15, r1
     654:	ec 0e       	add	r14, r28
     656:	fd 1e       	adc	r15, r29
     658:	ce 01       	movw	r24, r28
     65a:	01 96       	adiw	r24, 0x01	; 1
     65c:	b7 01       	movw	r22, r14
     65e:	0e 94 46 06 	call	0xc8c	; 0xc8c <__unpack_f>
     662:	8e 01       	movw	r16, r28
     664:	0f 5e       	subi	r16, 0xEF	; 239
     666:	1f 4f       	sbci	r17, 0xFF	; 255
     668:	ce 01       	movw	r24, r28
     66a:	05 96       	adiw	r24, 0x05	; 5
     66c:	b8 01       	movw	r22, r16
     66e:	0e 94 46 06 	call	0xc8c	; 0xc8c <__unpack_f>
     672:	29 85       	ldd	r18, Y+9	; 0x09
     674:	22 30       	cpi	r18, 0x02	; 2
     676:	08 f4       	brcc	.+2      	; 0x67a <__divsf3+0x48>
     678:	7e c0       	rjmp	.+252    	; 0x776 <__divsf3+0x144>
     67a:	39 89       	ldd	r19, Y+17	; 0x11
     67c:	32 30       	cpi	r19, 0x02	; 2
     67e:	10 f4       	brcc	.+4      	; 0x684 <__divsf3+0x52>
     680:	b8 01       	movw	r22, r16
     682:	7c c0       	rjmp	.+248    	; 0x77c <__divsf3+0x14a>
     684:	8a 85       	ldd	r24, Y+10	; 0x0a
     686:	9a 89       	ldd	r25, Y+18	; 0x12
     688:	89 27       	eor	r24, r25
     68a:	8a 87       	std	Y+10, r24	; 0x0a
     68c:	24 30       	cpi	r18, 0x04	; 4
     68e:	11 f0       	breq	.+4      	; 0x694 <__divsf3+0x62>
     690:	22 30       	cpi	r18, 0x02	; 2
     692:	31 f4       	brne	.+12     	; 0x6a0 <__divsf3+0x6e>
     694:	23 17       	cp	r18, r19
     696:	09 f0       	breq	.+2      	; 0x69a <__divsf3+0x68>
     698:	6e c0       	rjmp	.+220    	; 0x776 <__divsf3+0x144>
     69a:	67 e8       	ldi	r22, 0x87	; 135
     69c:	70 e0       	ldi	r23, 0x00	; 0
     69e:	6e c0       	rjmp	.+220    	; 0x77c <__divsf3+0x14a>
     6a0:	34 30       	cpi	r19, 0x04	; 4
     6a2:	39 f4       	brne	.+14     	; 0x6b2 <__divsf3+0x80>
     6a4:	1d 86       	std	Y+13, r1	; 0x0d
     6a6:	1e 86       	std	Y+14, r1	; 0x0e
     6a8:	1f 86       	std	Y+15, r1	; 0x0f
     6aa:	18 8a       	std	Y+16, r1	; 0x10
     6ac:	1c 86       	std	Y+12, r1	; 0x0c
     6ae:	1b 86       	std	Y+11, r1	; 0x0b
     6b0:	04 c0       	rjmp	.+8      	; 0x6ba <__divsf3+0x88>
     6b2:	32 30       	cpi	r19, 0x02	; 2
     6b4:	21 f4       	brne	.+8      	; 0x6be <__divsf3+0x8c>
     6b6:	84 e0       	ldi	r24, 0x04	; 4
     6b8:	89 87       	std	Y+9, r24	; 0x09
     6ba:	b7 01       	movw	r22, r14
     6bc:	5f c0       	rjmp	.+190    	; 0x77c <__divsf3+0x14a>
     6be:	2b 85       	ldd	r18, Y+11	; 0x0b
     6c0:	3c 85       	ldd	r19, Y+12	; 0x0c
     6c2:	8b 89       	ldd	r24, Y+19	; 0x13
     6c4:	9c 89       	ldd	r25, Y+20	; 0x14
     6c6:	28 1b       	sub	r18, r24
     6c8:	39 0b       	sbc	r19, r25
     6ca:	3c 87       	std	Y+12, r19	; 0x0c
     6cc:	2b 87       	std	Y+11, r18	; 0x0b
     6ce:	ed 84       	ldd	r14, Y+13	; 0x0d
     6d0:	fe 84       	ldd	r15, Y+14	; 0x0e
     6d2:	0f 85       	ldd	r16, Y+15	; 0x0f
     6d4:	18 89       	ldd	r17, Y+16	; 0x10
     6d6:	ad 88       	ldd	r10, Y+21	; 0x15
     6d8:	be 88       	ldd	r11, Y+22	; 0x16
     6da:	cf 88       	ldd	r12, Y+23	; 0x17
     6dc:	d8 8c       	ldd	r13, Y+24	; 0x18
     6de:	ea 14       	cp	r14, r10
     6e0:	fb 04       	cpc	r15, r11
     6e2:	0c 05       	cpc	r16, r12
     6e4:	1d 05       	cpc	r17, r13
     6e6:	40 f4       	brcc	.+16     	; 0x6f8 <__divsf3+0xc6>
     6e8:	ee 0c       	add	r14, r14
     6ea:	ff 1c       	adc	r15, r15
     6ec:	00 1f       	adc	r16, r16
     6ee:	11 1f       	adc	r17, r17
     6f0:	21 50       	subi	r18, 0x01	; 1
     6f2:	30 40       	sbci	r19, 0x00	; 0
     6f4:	3c 87       	std	Y+12, r19	; 0x0c
     6f6:	2b 87       	std	Y+11, r18	; 0x0b
     6f8:	20 e0       	ldi	r18, 0x00	; 0
     6fa:	30 e0       	ldi	r19, 0x00	; 0
     6fc:	40 e0       	ldi	r20, 0x00	; 0
     6fe:	50 e0       	ldi	r21, 0x00	; 0
     700:	80 e0       	ldi	r24, 0x00	; 0
     702:	90 e0       	ldi	r25, 0x00	; 0
     704:	a0 e0       	ldi	r26, 0x00	; 0
     706:	b0 e4       	ldi	r27, 0x40	; 64
     708:	60 e0       	ldi	r22, 0x00	; 0
     70a:	70 e0       	ldi	r23, 0x00	; 0
     70c:	ea 14       	cp	r14, r10
     70e:	fb 04       	cpc	r15, r11
     710:	0c 05       	cpc	r16, r12
     712:	1d 05       	cpc	r17, r13
     714:	40 f0       	brcs	.+16     	; 0x726 <__divsf3+0xf4>
     716:	28 2b       	or	r18, r24
     718:	39 2b       	or	r19, r25
     71a:	4a 2b       	or	r20, r26
     71c:	5b 2b       	or	r21, r27
     71e:	ea 18       	sub	r14, r10
     720:	fb 08       	sbc	r15, r11
     722:	0c 09       	sbc	r16, r12
     724:	1d 09       	sbc	r17, r13
     726:	b6 95       	lsr	r27
     728:	a7 95       	ror	r26
     72a:	97 95       	ror	r25
     72c:	87 95       	ror	r24
     72e:	ee 0c       	add	r14, r14
     730:	ff 1c       	adc	r15, r15
     732:	00 1f       	adc	r16, r16
     734:	11 1f       	adc	r17, r17
     736:	6f 5f       	subi	r22, 0xFF	; 255
     738:	7f 4f       	sbci	r23, 0xFF	; 255
     73a:	6f 31       	cpi	r22, 0x1F	; 31
     73c:	71 05       	cpc	r23, r1
     73e:	31 f7       	brne	.-52     	; 0x70c <__divsf3+0xda>
     740:	da 01       	movw	r26, r20
     742:	c9 01       	movw	r24, r18
     744:	8f 77       	andi	r24, 0x7F	; 127
     746:	90 70       	andi	r25, 0x00	; 0
     748:	a0 70       	andi	r26, 0x00	; 0
     74a:	b0 70       	andi	r27, 0x00	; 0
     74c:	80 34       	cpi	r24, 0x40	; 64
     74e:	91 05       	cpc	r25, r1
     750:	a1 05       	cpc	r26, r1
     752:	b1 05       	cpc	r27, r1
     754:	61 f4       	brne	.+24     	; 0x76e <__divsf3+0x13c>
     756:	27 fd       	sbrc	r18, 7
     758:	0a c0       	rjmp	.+20     	; 0x76e <__divsf3+0x13c>
     75a:	e1 14       	cp	r14, r1
     75c:	f1 04       	cpc	r15, r1
     75e:	01 05       	cpc	r16, r1
     760:	11 05       	cpc	r17, r1
     762:	29 f0       	breq	.+10     	; 0x76e <__divsf3+0x13c>
     764:	20 5c       	subi	r18, 0xC0	; 192
     766:	3f 4f       	sbci	r19, 0xFF	; 255
     768:	4f 4f       	sbci	r20, 0xFF	; 255
     76a:	5f 4f       	sbci	r21, 0xFF	; 255
     76c:	20 78       	andi	r18, 0x80	; 128
     76e:	2d 87       	std	Y+13, r18	; 0x0d
     770:	3e 87       	std	Y+14, r19	; 0x0e
     772:	4f 87       	std	Y+15, r20	; 0x0f
     774:	58 8b       	std	Y+16, r21	; 0x10
     776:	be 01       	movw	r22, r28
     778:	67 5f       	subi	r22, 0xF7	; 247
     77a:	7f 4f       	sbci	r23, 0xFF	; 255
     77c:	cb 01       	movw	r24, r22
     77e:	0e 94 71 05 	call	0xae2	; 0xae2 <__pack_f>
     782:	68 96       	adiw	r28, 0x18	; 24
     784:	ea e0       	ldi	r30, 0x0A	; 10
     786:	0c 94 61 19 	jmp	0x32c2	; 0x32c2 <__epilogue_restores__+0x10>

0000078a <__gtsf2>:
     78a:	a8 e1       	ldi	r26, 0x18	; 24
     78c:	b0 e0       	ldi	r27, 0x00	; 0
     78e:	eb ec       	ldi	r30, 0xCB	; 203
     790:	f3 e0       	ldi	r31, 0x03	; 3
     792:	0c 94 49 19 	jmp	0x3292	; 0x3292 <__prologue_saves__+0x18>
     796:	69 83       	std	Y+1, r22	; 0x01
     798:	7a 83       	std	Y+2, r23	; 0x02
     79a:	8b 83       	std	Y+3, r24	; 0x03
     79c:	9c 83       	std	Y+4, r25	; 0x04
     79e:	2d 83       	std	Y+5, r18	; 0x05
     7a0:	3e 83       	std	Y+6, r19	; 0x06
     7a2:	4f 83       	std	Y+7, r20	; 0x07
     7a4:	58 87       	std	Y+8, r21	; 0x08
     7a6:	89 e0       	ldi	r24, 0x09	; 9
     7a8:	e8 2e       	mov	r14, r24
     7aa:	f1 2c       	mov	r15, r1
     7ac:	ec 0e       	add	r14, r28
     7ae:	fd 1e       	adc	r15, r29
     7b0:	ce 01       	movw	r24, r28
     7b2:	01 96       	adiw	r24, 0x01	; 1
     7b4:	b7 01       	movw	r22, r14
     7b6:	0e 94 46 06 	call	0xc8c	; 0xc8c <__unpack_f>
     7ba:	8e 01       	movw	r16, r28
     7bc:	0f 5e       	subi	r16, 0xEF	; 239
     7be:	1f 4f       	sbci	r17, 0xFF	; 255
     7c0:	ce 01       	movw	r24, r28
     7c2:	05 96       	adiw	r24, 0x05	; 5
     7c4:	b8 01       	movw	r22, r16
     7c6:	0e 94 46 06 	call	0xc8c	; 0xc8c <__unpack_f>
     7ca:	89 85       	ldd	r24, Y+9	; 0x09
     7cc:	82 30       	cpi	r24, 0x02	; 2
     7ce:	40 f0       	brcs	.+16     	; 0x7e0 <__gtsf2+0x56>
     7d0:	89 89       	ldd	r24, Y+17	; 0x11
     7d2:	82 30       	cpi	r24, 0x02	; 2
     7d4:	28 f0       	brcs	.+10     	; 0x7e0 <__gtsf2+0x56>
     7d6:	c7 01       	movw	r24, r14
     7d8:	b8 01       	movw	r22, r16
     7da:	0e 94 be 06 	call	0xd7c	; 0xd7c <__fpcmp_parts_f>
     7de:	01 c0       	rjmp	.+2      	; 0x7e2 <__gtsf2+0x58>
     7e0:	8f ef       	ldi	r24, 0xFF	; 255
     7e2:	68 96       	adiw	r28, 0x18	; 24
     7e4:	e6 e0       	ldi	r30, 0x06	; 6
     7e6:	0c 94 65 19 	jmp	0x32ca	; 0x32ca <__epilogue_restores__+0x18>

000007ea <__gesf2>:
     7ea:	a8 e1       	ldi	r26, 0x18	; 24
     7ec:	b0 e0       	ldi	r27, 0x00	; 0
     7ee:	eb ef       	ldi	r30, 0xFB	; 251
     7f0:	f3 e0       	ldi	r31, 0x03	; 3
     7f2:	0c 94 49 19 	jmp	0x3292	; 0x3292 <__prologue_saves__+0x18>
     7f6:	69 83       	std	Y+1, r22	; 0x01
     7f8:	7a 83       	std	Y+2, r23	; 0x02
     7fa:	8b 83       	std	Y+3, r24	; 0x03
     7fc:	9c 83       	std	Y+4, r25	; 0x04
     7fe:	2d 83       	std	Y+5, r18	; 0x05
     800:	3e 83       	std	Y+6, r19	; 0x06
     802:	4f 83       	std	Y+7, r20	; 0x07
     804:	58 87       	std	Y+8, r21	; 0x08
     806:	89 e0       	ldi	r24, 0x09	; 9
     808:	e8 2e       	mov	r14, r24
     80a:	f1 2c       	mov	r15, r1
     80c:	ec 0e       	add	r14, r28
     80e:	fd 1e       	adc	r15, r29
     810:	ce 01       	movw	r24, r28
     812:	01 96       	adiw	r24, 0x01	; 1
     814:	b7 01       	movw	r22, r14
     816:	0e 94 46 06 	call	0xc8c	; 0xc8c <__unpack_f>
     81a:	8e 01       	movw	r16, r28
     81c:	0f 5e       	subi	r16, 0xEF	; 239
     81e:	1f 4f       	sbci	r17, 0xFF	; 255
     820:	ce 01       	movw	r24, r28
     822:	05 96       	adiw	r24, 0x05	; 5
     824:	b8 01       	movw	r22, r16
     826:	0e 94 46 06 	call	0xc8c	; 0xc8c <__unpack_f>
     82a:	89 85       	ldd	r24, Y+9	; 0x09
     82c:	82 30       	cpi	r24, 0x02	; 2
     82e:	40 f0       	brcs	.+16     	; 0x840 <__gesf2+0x56>
     830:	89 89       	ldd	r24, Y+17	; 0x11
     832:	82 30       	cpi	r24, 0x02	; 2
     834:	28 f0       	brcs	.+10     	; 0x840 <__gesf2+0x56>
     836:	c7 01       	movw	r24, r14
     838:	b8 01       	movw	r22, r16
     83a:	0e 94 be 06 	call	0xd7c	; 0xd7c <__fpcmp_parts_f>
     83e:	01 c0       	rjmp	.+2      	; 0x842 <__gesf2+0x58>
     840:	8f ef       	ldi	r24, 0xFF	; 255
     842:	68 96       	adiw	r28, 0x18	; 24
     844:	e6 e0       	ldi	r30, 0x06	; 6
     846:	0c 94 65 19 	jmp	0x32ca	; 0x32ca <__epilogue_restores__+0x18>

0000084a <__ltsf2>:
     84a:	a8 e1       	ldi	r26, 0x18	; 24
     84c:	b0 e0       	ldi	r27, 0x00	; 0
     84e:	eb e2       	ldi	r30, 0x2B	; 43
     850:	f4 e0       	ldi	r31, 0x04	; 4
     852:	0c 94 49 19 	jmp	0x3292	; 0x3292 <__prologue_saves__+0x18>
     856:	69 83       	std	Y+1, r22	; 0x01
     858:	7a 83       	std	Y+2, r23	; 0x02
     85a:	8b 83       	std	Y+3, r24	; 0x03
     85c:	9c 83       	std	Y+4, r25	; 0x04
     85e:	2d 83       	std	Y+5, r18	; 0x05
     860:	3e 83       	std	Y+6, r19	; 0x06
     862:	4f 83       	std	Y+7, r20	; 0x07
     864:	58 87       	std	Y+8, r21	; 0x08
     866:	89 e0       	ldi	r24, 0x09	; 9
     868:	e8 2e       	mov	r14, r24
     86a:	f1 2c       	mov	r15, r1
     86c:	ec 0e       	add	r14, r28
     86e:	fd 1e       	adc	r15, r29
     870:	ce 01       	movw	r24, r28
     872:	01 96       	adiw	r24, 0x01	; 1
     874:	b7 01       	movw	r22, r14
     876:	0e 94 46 06 	call	0xc8c	; 0xc8c <__unpack_f>
     87a:	8e 01       	movw	r16, r28
     87c:	0f 5e       	subi	r16, 0xEF	; 239
     87e:	1f 4f       	sbci	r17, 0xFF	; 255
     880:	ce 01       	movw	r24, r28
     882:	05 96       	adiw	r24, 0x05	; 5
     884:	b8 01       	movw	r22, r16
     886:	0e 94 46 06 	call	0xc8c	; 0xc8c <__unpack_f>
     88a:	89 85       	ldd	r24, Y+9	; 0x09
     88c:	82 30       	cpi	r24, 0x02	; 2
     88e:	40 f0       	brcs	.+16     	; 0x8a0 <__stack+0x41>
     890:	89 89       	ldd	r24, Y+17	; 0x11
     892:	82 30       	cpi	r24, 0x02	; 2
     894:	28 f0       	brcs	.+10     	; 0x8a0 <__stack+0x41>
     896:	c7 01       	movw	r24, r14
     898:	b8 01       	movw	r22, r16
     89a:	0e 94 be 06 	call	0xd7c	; 0xd7c <__fpcmp_parts_f>
     89e:	01 c0       	rjmp	.+2      	; 0x8a2 <__stack+0x43>
     8a0:	81 e0       	ldi	r24, 0x01	; 1
     8a2:	68 96       	adiw	r28, 0x18	; 24
     8a4:	e6 e0       	ldi	r30, 0x06	; 6
     8a6:	0c 94 65 19 	jmp	0x32ca	; 0x32ca <__epilogue_restores__+0x18>

000008aa <__fixsfsi>:
     8aa:	ac e0       	ldi	r26, 0x0C	; 12
     8ac:	b0 e0       	ldi	r27, 0x00	; 0
     8ae:	eb e5       	ldi	r30, 0x5B	; 91
     8b0:	f4 e0       	ldi	r31, 0x04	; 4
     8b2:	0c 94 4d 19 	jmp	0x329a	; 0x329a <__prologue_saves__+0x20>
     8b6:	69 83       	std	Y+1, r22	; 0x01
     8b8:	7a 83       	std	Y+2, r23	; 0x02
     8ba:	8b 83       	std	Y+3, r24	; 0x03
     8bc:	9c 83       	std	Y+4, r25	; 0x04
     8be:	ce 01       	movw	r24, r28
     8c0:	01 96       	adiw	r24, 0x01	; 1
     8c2:	be 01       	movw	r22, r28
     8c4:	6b 5f       	subi	r22, 0xFB	; 251
     8c6:	7f 4f       	sbci	r23, 0xFF	; 255
     8c8:	0e 94 46 06 	call	0xc8c	; 0xc8c <__unpack_f>
     8cc:	8d 81       	ldd	r24, Y+5	; 0x05
     8ce:	82 30       	cpi	r24, 0x02	; 2
     8d0:	61 f1       	breq	.+88     	; 0x92a <__fixsfsi+0x80>
     8d2:	82 30       	cpi	r24, 0x02	; 2
     8d4:	50 f1       	brcs	.+84     	; 0x92a <__fixsfsi+0x80>
     8d6:	84 30       	cpi	r24, 0x04	; 4
     8d8:	21 f4       	brne	.+8      	; 0x8e2 <__fixsfsi+0x38>
     8da:	8e 81       	ldd	r24, Y+6	; 0x06
     8dc:	88 23       	and	r24, r24
     8de:	51 f1       	breq	.+84     	; 0x934 <__fixsfsi+0x8a>
     8e0:	2e c0       	rjmp	.+92     	; 0x93e <__fixsfsi+0x94>
     8e2:	2f 81       	ldd	r18, Y+7	; 0x07
     8e4:	38 85       	ldd	r19, Y+8	; 0x08
     8e6:	37 fd       	sbrc	r19, 7
     8e8:	20 c0       	rjmp	.+64     	; 0x92a <__fixsfsi+0x80>
     8ea:	6e 81       	ldd	r22, Y+6	; 0x06
     8ec:	2f 31       	cpi	r18, 0x1F	; 31
     8ee:	31 05       	cpc	r19, r1
     8f0:	1c f0       	brlt	.+6      	; 0x8f8 <__fixsfsi+0x4e>
     8f2:	66 23       	and	r22, r22
     8f4:	f9 f0       	breq	.+62     	; 0x934 <__fixsfsi+0x8a>
     8f6:	23 c0       	rjmp	.+70     	; 0x93e <__fixsfsi+0x94>
     8f8:	8e e1       	ldi	r24, 0x1E	; 30
     8fa:	90 e0       	ldi	r25, 0x00	; 0
     8fc:	82 1b       	sub	r24, r18
     8fe:	93 0b       	sbc	r25, r19
     900:	29 85       	ldd	r18, Y+9	; 0x09
     902:	3a 85       	ldd	r19, Y+10	; 0x0a
     904:	4b 85       	ldd	r20, Y+11	; 0x0b
     906:	5c 85       	ldd	r21, Y+12	; 0x0c
     908:	04 c0       	rjmp	.+8      	; 0x912 <__fixsfsi+0x68>
     90a:	56 95       	lsr	r21
     90c:	47 95       	ror	r20
     90e:	37 95       	ror	r19
     910:	27 95       	ror	r18
     912:	8a 95       	dec	r24
     914:	d2 f7       	brpl	.-12     	; 0x90a <__fixsfsi+0x60>
     916:	66 23       	and	r22, r22
     918:	b1 f0       	breq	.+44     	; 0x946 <__fixsfsi+0x9c>
     91a:	50 95       	com	r21
     91c:	40 95       	com	r20
     91e:	30 95       	com	r19
     920:	21 95       	neg	r18
     922:	3f 4f       	sbci	r19, 0xFF	; 255
     924:	4f 4f       	sbci	r20, 0xFF	; 255
     926:	5f 4f       	sbci	r21, 0xFF	; 255
     928:	0e c0       	rjmp	.+28     	; 0x946 <__fixsfsi+0x9c>
     92a:	20 e0       	ldi	r18, 0x00	; 0
     92c:	30 e0       	ldi	r19, 0x00	; 0
     92e:	40 e0       	ldi	r20, 0x00	; 0
     930:	50 e0       	ldi	r21, 0x00	; 0
     932:	09 c0       	rjmp	.+18     	; 0x946 <__fixsfsi+0x9c>
     934:	2f ef       	ldi	r18, 0xFF	; 255
     936:	3f ef       	ldi	r19, 0xFF	; 255
     938:	4f ef       	ldi	r20, 0xFF	; 255
     93a:	5f e7       	ldi	r21, 0x7F	; 127
     93c:	04 c0       	rjmp	.+8      	; 0x946 <__fixsfsi+0x9c>
     93e:	20 e0       	ldi	r18, 0x00	; 0
     940:	30 e0       	ldi	r19, 0x00	; 0
     942:	40 e0       	ldi	r20, 0x00	; 0
     944:	50 e8       	ldi	r21, 0x80	; 128
     946:	b9 01       	movw	r22, r18
     948:	ca 01       	movw	r24, r20
     94a:	2c 96       	adiw	r28, 0x0c	; 12
     94c:	e2 e0       	ldi	r30, 0x02	; 2
     94e:	0c 94 69 19 	jmp	0x32d2	; 0x32d2 <__epilogue_restores__+0x20>

00000952 <__floatunsisf>:
     952:	a8 e0       	ldi	r26, 0x08	; 8
     954:	b0 e0       	ldi	r27, 0x00	; 0
     956:	ef ea       	ldi	r30, 0xAF	; 175
     958:	f4 e0       	ldi	r31, 0x04	; 4
     95a:	0c 94 45 19 	jmp	0x328a	; 0x328a <__prologue_saves__+0x10>
     95e:	7b 01       	movw	r14, r22
     960:	8c 01       	movw	r16, r24
     962:	61 15       	cp	r22, r1
     964:	71 05       	cpc	r23, r1
     966:	81 05       	cpc	r24, r1
     968:	91 05       	cpc	r25, r1
     96a:	19 f4       	brne	.+6      	; 0x972 <__floatunsisf+0x20>
     96c:	82 e0       	ldi	r24, 0x02	; 2
     96e:	89 83       	std	Y+1, r24	; 0x01
     970:	60 c0       	rjmp	.+192    	; 0xa32 <__floatunsisf+0xe0>
     972:	83 e0       	ldi	r24, 0x03	; 3
     974:	89 83       	std	Y+1, r24	; 0x01
     976:	8e e1       	ldi	r24, 0x1E	; 30
     978:	c8 2e       	mov	r12, r24
     97a:	d1 2c       	mov	r13, r1
     97c:	dc 82       	std	Y+4, r13	; 0x04
     97e:	cb 82       	std	Y+3, r12	; 0x03
     980:	ed 82       	std	Y+5, r14	; 0x05
     982:	fe 82       	std	Y+6, r15	; 0x06
     984:	0f 83       	std	Y+7, r16	; 0x07
     986:	18 87       	std	Y+8, r17	; 0x08
     988:	c8 01       	movw	r24, r16
     98a:	b7 01       	movw	r22, r14
     98c:	0e 94 22 05 	call	0xa44	; 0xa44 <__clzsi2>
     990:	fc 01       	movw	r30, r24
     992:	31 97       	sbiw	r30, 0x01	; 1
     994:	f7 ff       	sbrs	r31, 7
     996:	3b c0       	rjmp	.+118    	; 0xa0e <__floatunsisf+0xbc>
     998:	22 27       	eor	r18, r18
     99a:	33 27       	eor	r19, r19
     99c:	2e 1b       	sub	r18, r30
     99e:	3f 0b       	sbc	r19, r31
     9a0:	57 01       	movw	r10, r14
     9a2:	68 01       	movw	r12, r16
     9a4:	02 2e       	mov	r0, r18
     9a6:	04 c0       	rjmp	.+8      	; 0x9b0 <__floatunsisf+0x5e>
     9a8:	d6 94       	lsr	r13
     9aa:	c7 94       	ror	r12
     9ac:	b7 94       	ror	r11
     9ae:	a7 94       	ror	r10
     9b0:	0a 94       	dec	r0
     9b2:	d2 f7       	brpl	.-12     	; 0x9a8 <__floatunsisf+0x56>
     9b4:	40 e0       	ldi	r20, 0x00	; 0
     9b6:	50 e0       	ldi	r21, 0x00	; 0
     9b8:	60 e0       	ldi	r22, 0x00	; 0
     9ba:	70 e0       	ldi	r23, 0x00	; 0
     9bc:	81 e0       	ldi	r24, 0x01	; 1
     9be:	90 e0       	ldi	r25, 0x00	; 0
     9c0:	a0 e0       	ldi	r26, 0x00	; 0
     9c2:	b0 e0       	ldi	r27, 0x00	; 0
     9c4:	04 c0       	rjmp	.+8      	; 0x9ce <__floatunsisf+0x7c>
     9c6:	88 0f       	add	r24, r24
     9c8:	99 1f       	adc	r25, r25
     9ca:	aa 1f       	adc	r26, r26
     9cc:	bb 1f       	adc	r27, r27
     9ce:	2a 95       	dec	r18
     9d0:	d2 f7       	brpl	.-12     	; 0x9c6 <__floatunsisf+0x74>
     9d2:	01 97       	sbiw	r24, 0x01	; 1
     9d4:	a1 09       	sbc	r26, r1
     9d6:	b1 09       	sbc	r27, r1
     9d8:	8e 21       	and	r24, r14
     9da:	9f 21       	and	r25, r15
     9dc:	a0 23       	and	r26, r16
     9de:	b1 23       	and	r27, r17
     9e0:	00 97       	sbiw	r24, 0x00	; 0
     9e2:	a1 05       	cpc	r26, r1
     9e4:	b1 05       	cpc	r27, r1
     9e6:	21 f0       	breq	.+8      	; 0x9f0 <__floatunsisf+0x9e>
     9e8:	41 e0       	ldi	r20, 0x01	; 1
     9ea:	50 e0       	ldi	r21, 0x00	; 0
     9ec:	60 e0       	ldi	r22, 0x00	; 0
     9ee:	70 e0       	ldi	r23, 0x00	; 0
     9f0:	4a 29       	or	r20, r10
     9f2:	5b 29       	or	r21, r11
     9f4:	6c 29       	or	r22, r12
     9f6:	7d 29       	or	r23, r13
     9f8:	4d 83       	std	Y+5, r20	; 0x05
     9fa:	5e 83       	std	Y+6, r21	; 0x06
     9fc:	6f 83       	std	Y+7, r22	; 0x07
     9fe:	78 87       	std	Y+8, r23	; 0x08
     a00:	8e e1       	ldi	r24, 0x1E	; 30
     a02:	90 e0       	ldi	r25, 0x00	; 0
     a04:	8e 1b       	sub	r24, r30
     a06:	9f 0b       	sbc	r25, r31
     a08:	9c 83       	std	Y+4, r25	; 0x04
     a0a:	8b 83       	std	Y+3, r24	; 0x03
     a0c:	12 c0       	rjmp	.+36     	; 0xa32 <__floatunsisf+0xe0>
     a0e:	30 97       	sbiw	r30, 0x00	; 0
     a10:	81 f0       	breq	.+32     	; 0xa32 <__floatunsisf+0xe0>
     a12:	0e 2e       	mov	r0, r30
     a14:	04 c0       	rjmp	.+8      	; 0xa1e <__floatunsisf+0xcc>
     a16:	ee 0c       	add	r14, r14
     a18:	ff 1c       	adc	r15, r15
     a1a:	00 1f       	adc	r16, r16
     a1c:	11 1f       	adc	r17, r17
     a1e:	0a 94       	dec	r0
     a20:	d2 f7       	brpl	.-12     	; 0xa16 <__floatunsisf+0xc4>
     a22:	ed 82       	std	Y+5, r14	; 0x05
     a24:	fe 82       	std	Y+6, r15	; 0x06
     a26:	0f 83       	std	Y+7, r16	; 0x07
     a28:	18 87       	std	Y+8, r17	; 0x08
     a2a:	ce 1a       	sub	r12, r30
     a2c:	df 0a       	sbc	r13, r31
     a2e:	dc 82       	std	Y+4, r13	; 0x04
     a30:	cb 82       	std	Y+3, r12	; 0x03
     a32:	1a 82       	std	Y+2, r1	; 0x02
     a34:	ce 01       	movw	r24, r28
     a36:	01 96       	adiw	r24, 0x01	; 1
     a38:	0e 94 71 05 	call	0xae2	; 0xae2 <__pack_f>
     a3c:	28 96       	adiw	r28, 0x08	; 8
     a3e:	ea e0       	ldi	r30, 0x0A	; 10
     a40:	0c 94 61 19 	jmp	0x32c2	; 0x32c2 <__epilogue_restores__+0x10>

00000a44 <__clzsi2>:
     a44:	ef 92       	push	r14
     a46:	ff 92       	push	r15
     a48:	0f 93       	push	r16
     a4a:	1f 93       	push	r17
     a4c:	7b 01       	movw	r14, r22
     a4e:	8c 01       	movw	r16, r24
     a50:	80 e0       	ldi	r24, 0x00	; 0
     a52:	e8 16       	cp	r14, r24
     a54:	80 e0       	ldi	r24, 0x00	; 0
     a56:	f8 06       	cpc	r15, r24
     a58:	81 e0       	ldi	r24, 0x01	; 1
     a5a:	08 07       	cpc	r16, r24
     a5c:	80 e0       	ldi	r24, 0x00	; 0
     a5e:	18 07       	cpc	r17, r24
     a60:	88 f4       	brcc	.+34     	; 0xa84 <__clzsi2+0x40>
     a62:	8f ef       	ldi	r24, 0xFF	; 255
     a64:	e8 16       	cp	r14, r24
     a66:	f1 04       	cpc	r15, r1
     a68:	01 05       	cpc	r16, r1
     a6a:	11 05       	cpc	r17, r1
     a6c:	31 f0       	breq	.+12     	; 0xa7a <__clzsi2+0x36>
     a6e:	28 f0       	brcs	.+10     	; 0xa7a <__clzsi2+0x36>
     a70:	88 e0       	ldi	r24, 0x08	; 8
     a72:	90 e0       	ldi	r25, 0x00	; 0
     a74:	a0 e0       	ldi	r26, 0x00	; 0
     a76:	b0 e0       	ldi	r27, 0x00	; 0
     a78:	17 c0       	rjmp	.+46     	; 0xaa8 <__clzsi2+0x64>
     a7a:	80 e0       	ldi	r24, 0x00	; 0
     a7c:	90 e0       	ldi	r25, 0x00	; 0
     a7e:	a0 e0       	ldi	r26, 0x00	; 0
     a80:	b0 e0       	ldi	r27, 0x00	; 0
     a82:	12 c0       	rjmp	.+36     	; 0xaa8 <__clzsi2+0x64>
     a84:	80 e0       	ldi	r24, 0x00	; 0
     a86:	e8 16       	cp	r14, r24
     a88:	80 e0       	ldi	r24, 0x00	; 0
     a8a:	f8 06       	cpc	r15, r24
     a8c:	80 e0       	ldi	r24, 0x00	; 0
     a8e:	08 07       	cpc	r16, r24
     a90:	81 e0       	ldi	r24, 0x01	; 1
     a92:	18 07       	cpc	r17, r24
     a94:	28 f0       	brcs	.+10     	; 0xaa0 <__clzsi2+0x5c>
     a96:	88 e1       	ldi	r24, 0x18	; 24
     a98:	90 e0       	ldi	r25, 0x00	; 0
     a9a:	a0 e0       	ldi	r26, 0x00	; 0
     a9c:	b0 e0       	ldi	r27, 0x00	; 0
     a9e:	04 c0       	rjmp	.+8      	; 0xaa8 <__clzsi2+0x64>
     aa0:	80 e1       	ldi	r24, 0x10	; 16
     aa2:	90 e0       	ldi	r25, 0x00	; 0
     aa4:	a0 e0       	ldi	r26, 0x00	; 0
     aa6:	b0 e0       	ldi	r27, 0x00	; 0
     aa8:	20 e2       	ldi	r18, 0x20	; 32
     aaa:	30 e0       	ldi	r19, 0x00	; 0
     aac:	40 e0       	ldi	r20, 0x00	; 0
     aae:	50 e0       	ldi	r21, 0x00	; 0
     ab0:	28 1b       	sub	r18, r24
     ab2:	39 0b       	sbc	r19, r25
     ab4:	4a 0b       	sbc	r20, r26
     ab6:	5b 0b       	sbc	r21, r27
     ab8:	04 c0       	rjmp	.+8      	; 0xac2 <__clzsi2+0x7e>
     aba:	16 95       	lsr	r17
     abc:	07 95       	ror	r16
     abe:	f7 94       	ror	r15
     ac0:	e7 94       	ror	r14
     ac2:	8a 95       	dec	r24
     ac4:	d2 f7       	brpl	.-12     	; 0xaba <__clzsi2+0x76>
     ac6:	f7 01       	movw	r30, r14
     ac8:	e1 57       	subi	r30, 0x71	; 113
     aca:	ff 4f       	sbci	r31, 0xFF	; 255
     acc:	80 81       	ld	r24, Z
     ace:	28 1b       	sub	r18, r24
     ad0:	31 09       	sbc	r19, r1
     ad2:	41 09       	sbc	r20, r1
     ad4:	51 09       	sbc	r21, r1
     ad6:	c9 01       	movw	r24, r18
     ad8:	1f 91       	pop	r17
     ada:	0f 91       	pop	r16
     adc:	ff 90       	pop	r15
     ade:	ef 90       	pop	r14
     ae0:	08 95       	ret

00000ae2 <__pack_f>:
     ae2:	df 92       	push	r13
     ae4:	ef 92       	push	r14
     ae6:	ff 92       	push	r15
     ae8:	0f 93       	push	r16
     aea:	1f 93       	push	r17
     aec:	fc 01       	movw	r30, r24
     aee:	e4 80       	ldd	r14, Z+4	; 0x04
     af0:	f5 80       	ldd	r15, Z+5	; 0x05
     af2:	06 81       	ldd	r16, Z+6	; 0x06
     af4:	17 81       	ldd	r17, Z+7	; 0x07
     af6:	d1 80       	ldd	r13, Z+1	; 0x01
     af8:	80 81       	ld	r24, Z
     afa:	82 30       	cpi	r24, 0x02	; 2
     afc:	48 f4       	brcc	.+18     	; 0xb10 <__pack_f+0x2e>
     afe:	80 e0       	ldi	r24, 0x00	; 0
     b00:	90 e0       	ldi	r25, 0x00	; 0
     b02:	a0 e1       	ldi	r26, 0x10	; 16
     b04:	b0 e0       	ldi	r27, 0x00	; 0
     b06:	e8 2a       	or	r14, r24
     b08:	f9 2a       	or	r15, r25
     b0a:	0a 2b       	or	r16, r26
     b0c:	1b 2b       	or	r17, r27
     b0e:	a5 c0       	rjmp	.+330    	; 0xc5a <__pack_f+0x178>
     b10:	84 30       	cpi	r24, 0x04	; 4
     b12:	09 f4       	brne	.+2      	; 0xb16 <__pack_f+0x34>
     b14:	9f c0       	rjmp	.+318    	; 0xc54 <__pack_f+0x172>
     b16:	82 30       	cpi	r24, 0x02	; 2
     b18:	21 f4       	brne	.+8      	; 0xb22 <__pack_f+0x40>
     b1a:	ee 24       	eor	r14, r14
     b1c:	ff 24       	eor	r15, r15
     b1e:	87 01       	movw	r16, r14
     b20:	05 c0       	rjmp	.+10     	; 0xb2c <__pack_f+0x4a>
     b22:	e1 14       	cp	r14, r1
     b24:	f1 04       	cpc	r15, r1
     b26:	01 05       	cpc	r16, r1
     b28:	11 05       	cpc	r17, r1
     b2a:	19 f4       	brne	.+6      	; 0xb32 <__pack_f+0x50>
     b2c:	e0 e0       	ldi	r30, 0x00	; 0
     b2e:	f0 e0       	ldi	r31, 0x00	; 0
     b30:	96 c0       	rjmp	.+300    	; 0xc5e <__pack_f+0x17c>
     b32:	62 81       	ldd	r22, Z+2	; 0x02
     b34:	73 81       	ldd	r23, Z+3	; 0x03
     b36:	9f ef       	ldi	r25, 0xFF	; 255
     b38:	62 38       	cpi	r22, 0x82	; 130
     b3a:	79 07       	cpc	r23, r25
     b3c:	0c f0       	brlt	.+2      	; 0xb40 <__pack_f+0x5e>
     b3e:	5b c0       	rjmp	.+182    	; 0xbf6 <__pack_f+0x114>
     b40:	22 e8       	ldi	r18, 0x82	; 130
     b42:	3f ef       	ldi	r19, 0xFF	; 255
     b44:	26 1b       	sub	r18, r22
     b46:	37 0b       	sbc	r19, r23
     b48:	2a 31       	cpi	r18, 0x1A	; 26
     b4a:	31 05       	cpc	r19, r1
     b4c:	2c f0       	brlt	.+10     	; 0xb58 <__pack_f+0x76>
     b4e:	20 e0       	ldi	r18, 0x00	; 0
     b50:	30 e0       	ldi	r19, 0x00	; 0
     b52:	40 e0       	ldi	r20, 0x00	; 0
     b54:	50 e0       	ldi	r21, 0x00	; 0
     b56:	2a c0       	rjmp	.+84     	; 0xbac <__pack_f+0xca>
     b58:	b8 01       	movw	r22, r16
     b5a:	a7 01       	movw	r20, r14
     b5c:	02 2e       	mov	r0, r18
     b5e:	04 c0       	rjmp	.+8      	; 0xb68 <__pack_f+0x86>
     b60:	76 95       	lsr	r23
     b62:	67 95       	ror	r22
     b64:	57 95       	ror	r21
     b66:	47 95       	ror	r20
     b68:	0a 94       	dec	r0
     b6a:	d2 f7       	brpl	.-12     	; 0xb60 <__pack_f+0x7e>
     b6c:	81 e0       	ldi	r24, 0x01	; 1
     b6e:	90 e0       	ldi	r25, 0x00	; 0
     b70:	a0 e0       	ldi	r26, 0x00	; 0
     b72:	b0 e0       	ldi	r27, 0x00	; 0
     b74:	04 c0       	rjmp	.+8      	; 0xb7e <__pack_f+0x9c>
     b76:	88 0f       	add	r24, r24
     b78:	99 1f       	adc	r25, r25
     b7a:	aa 1f       	adc	r26, r26
     b7c:	bb 1f       	adc	r27, r27
     b7e:	2a 95       	dec	r18
     b80:	d2 f7       	brpl	.-12     	; 0xb76 <__pack_f+0x94>
     b82:	01 97       	sbiw	r24, 0x01	; 1
     b84:	a1 09       	sbc	r26, r1
     b86:	b1 09       	sbc	r27, r1
     b88:	8e 21       	and	r24, r14
     b8a:	9f 21       	and	r25, r15
     b8c:	a0 23       	and	r26, r16
     b8e:	b1 23       	and	r27, r17
     b90:	00 97       	sbiw	r24, 0x00	; 0
     b92:	a1 05       	cpc	r26, r1
     b94:	b1 05       	cpc	r27, r1
     b96:	21 f0       	breq	.+8      	; 0xba0 <__pack_f+0xbe>
     b98:	81 e0       	ldi	r24, 0x01	; 1
     b9a:	90 e0       	ldi	r25, 0x00	; 0
     b9c:	a0 e0       	ldi	r26, 0x00	; 0
     b9e:	b0 e0       	ldi	r27, 0x00	; 0
     ba0:	9a 01       	movw	r18, r20
     ba2:	ab 01       	movw	r20, r22
     ba4:	28 2b       	or	r18, r24
     ba6:	39 2b       	or	r19, r25
     ba8:	4a 2b       	or	r20, r26
     baa:	5b 2b       	or	r21, r27
     bac:	da 01       	movw	r26, r20
     bae:	c9 01       	movw	r24, r18
     bb0:	8f 77       	andi	r24, 0x7F	; 127
     bb2:	90 70       	andi	r25, 0x00	; 0
     bb4:	a0 70       	andi	r26, 0x00	; 0
     bb6:	b0 70       	andi	r27, 0x00	; 0
     bb8:	80 34       	cpi	r24, 0x40	; 64
     bba:	91 05       	cpc	r25, r1
     bbc:	a1 05       	cpc	r26, r1
     bbe:	b1 05       	cpc	r27, r1
     bc0:	39 f4       	brne	.+14     	; 0xbd0 <__pack_f+0xee>
     bc2:	27 ff       	sbrs	r18, 7
     bc4:	09 c0       	rjmp	.+18     	; 0xbd8 <__pack_f+0xf6>
     bc6:	20 5c       	subi	r18, 0xC0	; 192
     bc8:	3f 4f       	sbci	r19, 0xFF	; 255
     bca:	4f 4f       	sbci	r20, 0xFF	; 255
     bcc:	5f 4f       	sbci	r21, 0xFF	; 255
     bce:	04 c0       	rjmp	.+8      	; 0xbd8 <__pack_f+0xf6>
     bd0:	21 5c       	subi	r18, 0xC1	; 193
     bd2:	3f 4f       	sbci	r19, 0xFF	; 255
     bd4:	4f 4f       	sbci	r20, 0xFF	; 255
     bd6:	5f 4f       	sbci	r21, 0xFF	; 255
     bd8:	e0 e0       	ldi	r30, 0x00	; 0
     bda:	f0 e0       	ldi	r31, 0x00	; 0
     bdc:	20 30       	cpi	r18, 0x00	; 0
     bde:	a0 e0       	ldi	r26, 0x00	; 0
     be0:	3a 07       	cpc	r19, r26
     be2:	a0 e0       	ldi	r26, 0x00	; 0
     be4:	4a 07       	cpc	r20, r26
     be6:	a0 e4       	ldi	r26, 0x40	; 64
     be8:	5a 07       	cpc	r21, r26
     bea:	10 f0       	brcs	.+4      	; 0xbf0 <__pack_f+0x10e>
     bec:	e1 e0       	ldi	r30, 0x01	; 1
     bee:	f0 e0       	ldi	r31, 0x00	; 0
     bf0:	79 01       	movw	r14, r18
     bf2:	8a 01       	movw	r16, r20
     bf4:	27 c0       	rjmp	.+78     	; 0xc44 <__pack_f+0x162>
     bf6:	60 38       	cpi	r22, 0x80	; 128
     bf8:	71 05       	cpc	r23, r1
     bfa:	64 f5       	brge	.+88     	; 0xc54 <__pack_f+0x172>
     bfc:	fb 01       	movw	r30, r22
     bfe:	e1 58       	subi	r30, 0x81	; 129
     c00:	ff 4f       	sbci	r31, 0xFF	; 255
     c02:	d8 01       	movw	r26, r16
     c04:	c7 01       	movw	r24, r14
     c06:	8f 77       	andi	r24, 0x7F	; 127
     c08:	90 70       	andi	r25, 0x00	; 0
     c0a:	a0 70       	andi	r26, 0x00	; 0
     c0c:	b0 70       	andi	r27, 0x00	; 0
     c0e:	80 34       	cpi	r24, 0x40	; 64
     c10:	91 05       	cpc	r25, r1
     c12:	a1 05       	cpc	r26, r1
     c14:	b1 05       	cpc	r27, r1
     c16:	39 f4       	brne	.+14     	; 0xc26 <__pack_f+0x144>
     c18:	e7 fe       	sbrs	r14, 7
     c1a:	0d c0       	rjmp	.+26     	; 0xc36 <__pack_f+0x154>
     c1c:	80 e4       	ldi	r24, 0x40	; 64
     c1e:	90 e0       	ldi	r25, 0x00	; 0
     c20:	a0 e0       	ldi	r26, 0x00	; 0
     c22:	b0 e0       	ldi	r27, 0x00	; 0
     c24:	04 c0       	rjmp	.+8      	; 0xc2e <__pack_f+0x14c>
     c26:	8f e3       	ldi	r24, 0x3F	; 63
     c28:	90 e0       	ldi	r25, 0x00	; 0
     c2a:	a0 e0       	ldi	r26, 0x00	; 0
     c2c:	b0 e0       	ldi	r27, 0x00	; 0
     c2e:	e8 0e       	add	r14, r24
     c30:	f9 1e       	adc	r15, r25
     c32:	0a 1f       	adc	r16, r26
     c34:	1b 1f       	adc	r17, r27
     c36:	17 ff       	sbrs	r17, 7
     c38:	05 c0       	rjmp	.+10     	; 0xc44 <__pack_f+0x162>
     c3a:	16 95       	lsr	r17
     c3c:	07 95       	ror	r16
     c3e:	f7 94       	ror	r15
     c40:	e7 94       	ror	r14
     c42:	31 96       	adiw	r30, 0x01	; 1
     c44:	87 e0       	ldi	r24, 0x07	; 7
     c46:	16 95       	lsr	r17
     c48:	07 95       	ror	r16
     c4a:	f7 94       	ror	r15
     c4c:	e7 94       	ror	r14
     c4e:	8a 95       	dec	r24
     c50:	d1 f7       	brne	.-12     	; 0xc46 <__pack_f+0x164>
     c52:	05 c0       	rjmp	.+10     	; 0xc5e <__pack_f+0x17c>
     c54:	ee 24       	eor	r14, r14
     c56:	ff 24       	eor	r15, r15
     c58:	87 01       	movw	r16, r14
     c5a:	ef ef       	ldi	r30, 0xFF	; 255
     c5c:	f0 e0       	ldi	r31, 0x00	; 0
     c5e:	6e 2f       	mov	r22, r30
     c60:	67 95       	ror	r22
     c62:	66 27       	eor	r22, r22
     c64:	67 95       	ror	r22
     c66:	90 2f       	mov	r25, r16
     c68:	9f 77       	andi	r25, 0x7F	; 127
     c6a:	d7 94       	ror	r13
     c6c:	dd 24       	eor	r13, r13
     c6e:	d7 94       	ror	r13
     c70:	8e 2f       	mov	r24, r30
     c72:	86 95       	lsr	r24
     c74:	49 2f       	mov	r20, r25
     c76:	46 2b       	or	r20, r22
     c78:	58 2f       	mov	r21, r24
     c7a:	5d 29       	or	r21, r13
     c7c:	b7 01       	movw	r22, r14
     c7e:	ca 01       	movw	r24, r20
     c80:	1f 91       	pop	r17
     c82:	0f 91       	pop	r16
     c84:	ff 90       	pop	r15
     c86:	ef 90       	pop	r14
     c88:	df 90       	pop	r13
     c8a:	08 95       	ret

00000c8c <__unpack_f>:
     c8c:	fc 01       	movw	r30, r24
     c8e:	db 01       	movw	r26, r22
     c90:	40 81       	ld	r20, Z
     c92:	51 81       	ldd	r21, Z+1	; 0x01
     c94:	22 81       	ldd	r18, Z+2	; 0x02
     c96:	62 2f       	mov	r22, r18
     c98:	6f 77       	andi	r22, 0x7F	; 127
     c9a:	70 e0       	ldi	r23, 0x00	; 0
     c9c:	22 1f       	adc	r18, r18
     c9e:	22 27       	eor	r18, r18
     ca0:	22 1f       	adc	r18, r18
     ca2:	93 81       	ldd	r25, Z+3	; 0x03
     ca4:	89 2f       	mov	r24, r25
     ca6:	88 0f       	add	r24, r24
     ca8:	82 2b       	or	r24, r18
     caa:	28 2f       	mov	r18, r24
     cac:	30 e0       	ldi	r19, 0x00	; 0
     cae:	99 1f       	adc	r25, r25
     cb0:	99 27       	eor	r25, r25
     cb2:	99 1f       	adc	r25, r25
     cb4:	11 96       	adiw	r26, 0x01	; 1
     cb6:	9c 93       	st	X, r25
     cb8:	11 97       	sbiw	r26, 0x01	; 1
     cba:	21 15       	cp	r18, r1
     cbc:	31 05       	cpc	r19, r1
     cbe:	a9 f5       	brne	.+106    	; 0xd2a <__unpack_f+0x9e>
     cc0:	41 15       	cp	r20, r1
     cc2:	51 05       	cpc	r21, r1
     cc4:	61 05       	cpc	r22, r1
     cc6:	71 05       	cpc	r23, r1
     cc8:	11 f4       	brne	.+4      	; 0xcce <__unpack_f+0x42>
     cca:	82 e0       	ldi	r24, 0x02	; 2
     ccc:	37 c0       	rjmp	.+110    	; 0xd3c <__unpack_f+0xb0>
     cce:	82 e8       	ldi	r24, 0x82	; 130
     cd0:	9f ef       	ldi	r25, 0xFF	; 255
     cd2:	13 96       	adiw	r26, 0x03	; 3
     cd4:	9c 93       	st	X, r25
     cd6:	8e 93       	st	-X, r24
     cd8:	12 97       	sbiw	r26, 0x02	; 2
     cda:	9a 01       	movw	r18, r20
     cdc:	ab 01       	movw	r20, r22
     cde:	67 e0       	ldi	r22, 0x07	; 7
     ce0:	22 0f       	add	r18, r18
     ce2:	33 1f       	adc	r19, r19
     ce4:	44 1f       	adc	r20, r20
     ce6:	55 1f       	adc	r21, r21
     ce8:	6a 95       	dec	r22
     cea:	d1 f7       	brne	.-12     	; 0xce0 <__unpack_f+0x54>
     cec:	83 e0       	ldi	r24, 0x03	; 3
     cee:	8c 93       	st	X, r24
     cf0:	0d c0       	rjmp	.+26     	; 0xd0c <__unpack_f+0x80>
     cf2:	22 0f       	add	r18, r18
     cf4:	33 1f       	adc	r19, r19
     cf6:	44 1f       	adc	r20, r20
     cf8:	55 1f       	adc	r21, r21
     cfa:	12 96       	adiw	r26, 0x02	; 2
     cfc:	8d 91       	ld	r24, X+
     cfe:	9c 91       	ld	r25, X
     d00:	13 97       	sbiw	r26, 0x03	; 3
     d02:	01 97       	sbiw	r24, 0x01	; 1
     d04:	13 96       	adiw	r26, 0x03	; 3
     d06:	9c 93       	st	X, r25
     d08:	8e 93       	st	-X, r24
     d0a:	12 97       	sbiw	r26, 0x02	; 2
     d0c:	20 30       	cpi	r18, 0x00	; 0
     d0e:	80 e0       	ldi	r24, 0x00	; 0
     d10:	38 07       	cpc	r19, r24
     d12:	80 e0       	ldi	r24, 0x00	; 0
     d14:	48 07       	cpc	r20, r24
     d16:	80 e4       	ldi	r24, 0x40	; 64
     d18:	58 07       	cpc	r21, r24
     d1a:	58 f3       	brcs	.-42     	; 0xcf2 <__unpack_f+0x66>
     d1c:	14 96       	adiw	r26, 0x04	; 4
     d1e:	2d 93       	st	X+, r18
     d20:	3d 93       	st	X+, r19
     d22:	4d 93       	st	X+, r20
     d24:	5c 93       	st	X, r21
     d26:	17 97       	sbiw	r26, 0x07	; 7
     d28:	08 95       	ret
     d2a:	2f 3f       	cpi	r18, 0xFF	; 255
     d2c:	31 05       	cpc	r19, r1
     d2e:	79 f4       	brne	.+30     	; 0xd4e <__unpack_f+0xc2>
     d30:	41 15       	cp	r20, r1
     d32:	51 05       	cpc	r21, r1
     d34:	61 05       	cpc	r22, r1
     d36:	71 05       	cpc	r23, r1
     d38:	19 f4       	brne	.+6      	; 0xd40 <__unpack_f+0xb4>
     d3a:	84 e0       	ldi	r24, 0x04	; 4
     d3c:	8c 93       	st	X, r24
     d3e:	08 95       	ret
     d40:	64 ff       	sbrs	r22, 4
     d42:	03 c0       	rjmp	.+6      	; 0xd4a <__unpack_f+0xbe>
     d44:	81 e0       	ldi	r24, 0x01	; 1
     d46:	8c 93       	st	X, r24
     d48:	12 c0       	rjmp	.+36     	; 0xd6e <__unpack_f+0xe2>
     d4a:	1c 92       	st	X, r1
     d4c:	10 c0       	rjmp	.+32     	; 0xd6e <__unpack_f+0xe2>
     d4e:	2f 57       	subi	r18, 0x7F	; 127
     d50:	30 40       	sbci	r19, 0x00	; 0
     d52:	13 96       	adiw	r26, 0x03	; 3
     d54:	3c 93       	st	X, r19
     d56:	2e 93       	st	-X, r18
     d58:	12 97       	sbiw	r26, 0x02	; 2
     d5a:	83 e0       	ldi	r24, 0x03	; 3
     d5c:	8c 93       	st	X, r24
     d5e:	87 e0       	ldi	r24, 0x07	; 7
     d60:	44 0f       	add	r20, r20
     d62:	55 1f       	adc	r21, r21
     d64:	66 1f       	adc	r22, r22
     d66:	77 1f       	adc	r23, r23
     d68:	8a 95       	dec	r24
     d6a:	d1 f7       	brne	.-12     	; 0xd60 <__unpack_f+0xd4>
     d6c:	70 64       	ori	r23, 0x40	; 64
     d6e:	14 96       	adiw	r26, 0x04	; 4
     d70:	4d 93       	st	X+, r20
     d72:	5d 93       	st	X+, r21
     d74:	6d 93       	st	X+, r22
     d76:	7c 93       	st	X, r23
     d78:	17 97       	sbiw	r26, 0x07	; 7
     d7a:	08 95       	ret

00000d7c <__fpcmp_parts_f>:
     d7c:	1f 93       	push	r17
     d7e:	dc 01       	movw	r26, r24
     d80:	fb 01       	movw	r30, r22
     d82:	9c 91       	ld	r25, X
     d84:	92 30       	cpi	r25, 0x02	; 2
     d86:	08 f4       	brcc	.+2      	; 0xd8a <__fpcmp_parts_f+0xe>
     d88:	47 c0       	rjmp	.+142    	; 0xe18 <__fpcmp_parts_f+0x9c>
     d8a:	80 81       	ld	r24, Z
     d8c:	82 30       	cpi	r24, 0x02	; 2
     d8e:	08 f4       	brcc	.+2      	; 0xd92 <__fpcmp_parts_f+0x16>
     d90:	43 c0       	rjmp	.+134    	; 0xe18 <__fpcmp_parts_f+0x9c>
     d92:	94 30       	cpi	r25, 0x04	; 4
     d94:	51 f4       	brne	.+20     	; 0xdaa <__fpcmp_parts_f+0x2e>
     d96:	11 96       	adiw	r26, 0x01	; 1
     d98:	1c 91       	ld	r17, X
     d9a:	84 30       	cpi	r24, 0x04	; 4
     d9c:	99 f5       	brne	.+102    	; 0xe04 <__fpcmp_parts_f+0x88>
     d9e:	81 81       	ldd	r24, Z+1	; 0x01
     da0:	68 2f       	mov	r22, r24
     da2:	70 e0       	ldi	r23, 0x00	; 0
     da4:	61 1b       	sub	r22, r17
     da6:	71 09       	sbc	r23, r1
     da8:	3f c0       	rjmp	.+126    	; 0xe28 <__fpcmp_parts_f+0xac>
     daa:	84 30       	cpi	r24, 0x04	; 4
     dac:	21 f0       	breq	.+8      	; 0xdb6 <__fpcmp_parts_f+0x3a>
     dae:	92 30       	cpi	r25, 0x02	; 2
     db0:	31 f4       	brne	.+12     	; 0xdbe <__fpcmp_parts_f+0x42>
     db2:	82 30       	cpi	r24, 0x02	; 2
     db4:	b9 f1       	breq	.+110    	; 0xe24 <__fpcmp_parts_f+0xa8>
     db6:	81 81       	ldd	r24, Z+1	; 0x01
     db8:	88 23       	and	r24, r24
     dba:	89 f1       	breq	.+98     	; 0xe1e <__fpcmp_parts_f+0xa2>
     dbc:	2d c0       	rjmp	.+90     	; 0xe18 <__fpcmp_parts_f+0x9c>
     dbe:	11 96       	adiw	r26, 0x01	; 1
     dc0:	1c 91       	ld	r17, X
     dc2:	11 97       	sbiw	r26, 0x01	; 1
     dc4:	82 30       	cpi	r24, 0x02	; 2
     dc6:	f1 f0       	breq	.+60     	; 0xe04 <__fpcmp_parts_f+0x88>
     dc8:	81 81       	ldd	r24, Z+1	; 0x01
     dca:	18 17       	cp	r17, r24
     dcc:	d9 f4       	brne	.+54     	; 0xe04 <__fpcmp_parts_f+0x88>
     dce:	12 96       	adiw	r26, 0x02	; 2
     dd0:	2d 91       	ld	r18, X+
     dd2:	3c 91       	ld	r19, X
     dd4:	13 97       	sbiw	r26, 0x03	; 3
     dd6:	82 81       	ldd	r24, Z+2	; 0x02
     dd8:	93 81       	ldd	r25, Z+3	; 0x03
     dda:	82 17       	cp	r24, r18
     ddc:	93 07       	cpc	r25, r19
     dde:	94 f0       	brlt	.+36     	; 0xe04 <__fpcmp_parts_f+0x88>
     de0:	28 17       	cp	r18, r24
     de2:	39 07       	cpc	r19, r25
     de4:	bc f0       	brlt	.+46     	; 0xe14 <__fpcmp_parts_f+0x98>
     de6:	14 96       	adiw	r26, 0x04	; 4
     de8:	8d 91       	ld	r24, X+
     dea:	9d 91       	ld	r25, X+
     dec:	0d 90       	ld	r0, X+
     dee:	bc 91       	ld	r27, X
     df0:	a0 2d       	mov	r26, r0
     df2:	24 81       	ldd	r18, Z+4	; 0x04
     df4:	35 81       	ldd	r19, Z+5	; 0x05
     df6:	46 81       	ldd	r20, Z+6	; 0x06
     df8:	57 81       	ldd	r21, Z+7	; 0x07
     dfa:	28 17       	cp	r18, r24
     dfc:	39 07       	cpc	r19, r25
     dfe:	4a 07       	cpc	r20, r26
     e00:	5b 07       	cpc	r21, r27
     e02:	18 f4       	brcc	.+6      	; 0xe0a <__fpcmp_parts_f+0x8e>
     e04:	11 23       	and	r17, r17
     e06:	41 f0       	breq	.+16     	; 0xe18 <__fpcmp_parts_f+0x9c>
     e08:	0a c0       	rjmp	.+20     	; 0xe1e <__fpcmp_parts_f+0xa2>
     e0a:	82 17       	cp	r24, r18
     e0c:	93 07       	cpc	r25, r19
     e0e:	a4 07       	cpc	r26, r20
     e10:	b5 07       	cpc	r27, r21
     e12:	40 f4       	brcc	.+16     	; 0xe24 <__fpcmp_parts_f+0xa8>
     e14:	11 23       	and	r17, r17
     e16:	19 f0       	breq	.+6      	; 0xe1e <__fpcmp_parts_f+0xa2>
     e18:	61 e0       	ldi	r22, 0x01	; 1
     e1a:	70 e0       	ldi	r23, 0x00	; 0
     e1c:	05 c0       	rjmp	.+10     	; 0xe28 <__fpcmp_parts_f+0xac>
     e1e:	6f ef       	ldi	r22, 0xFF	; 255
     e20:	7f ef       	ldi	r23, 0xFF	; 255
     e22:	02 c0       	rjmp	.+4      	; 0xe28 <__fpcmp_parts_f+0xac>
     e24:	60 e0       	ldi	r22, 0x00	; 0
     e26:	70 e0       	ldi	r23, 0x00	; 0
     e28:	cb 01       	movw	r24, r22
     e2a:	1f 91       	pop	r17
     e2c:	08 95       	ret

00000e2e <LCD_sendCommand>:

/*
 * Description :
 * Display the required character on the screen
 */
void LCD_sendCommand(uint8 command) {
     e2e:	0f 93       	push	r16
     e30:	1f 93       	push	r17
     e32:	df 93       	push	r29
     e34:	cf 93       	push	r28
     e36:	cd b7       	in	r28, 0x3d	; 61
     e38:	de b7       	in	r29, 0x3e	; 62
     e3a:	c3 56       	subi	r28, 0x63	; 99
     e3c:	d0 40       	sbci	r29, 0x00	; 0
     e3e:	0f b6       	in	r0, 0x3f	; 63
     e40:	f8 94       	cli
     e42:	de bf       	out	0x3e, r29	; 62
     e44:	0f be       	out	0x3f, r0	; 63
     e46:	cd bf       	out	0x3d, r28	; 61
     e48:	fe 01       	movw	r30, r28
     e4a:	ed 59       	subi	r30, 0x9D	; 157
     e4c:	ff 4f       	sbci	r31, 0xFF	; 255
     e4e:	80 83       	st	Z, r24
	GPIO_writePin(LCD_RS_PORT_ID, LCD_RS_PIN_ID, LOGIC_LOW);
     e50:	80 e0       	ldi	r24, 0x00	; 0
     e52:	61 e0       	ldi	r22, 0x01	; 1
     e54:	40 e0       	ldi	r20, 0x00	; 0
     e56:	0e 94 a2 14 	call	0x2944	; 0x2944 <GPIO_writePin>
     e5a:	fe 01       	movw	r30, r28
     e5c:	e1 5a       	subi	r30, 0xA1	; 161
     e5e:	ff 4f       	sbci	r31, 0xFF	; 255
     e60:	80 e0       	ldi	r24, 0x00	; 0
     e62:	90 e0       	ldi	r25, 0x00	; 0
     e64:	a0 e8       	ldi	r26, 0x80	; 128
     e66:	bf e3       	ldi	r27, 0x3F	; 63
     e68:	80 83       	st	Z, r24
     e6a:	91 83       	std	Z+1, r25	; 0x01
     e6c:	a2 83       	std	Z+2, r26	; 0x02
     e6e:	b3 83       	std	Z+3, r27	; 0x03
 */
void
_delay_ms(double __ms)
{
	uint16_t __ticks;
	double __tmp = ((F_CPU) / 4e3) * __ms;
     e70:	8e 01       	movw	r16, r28
     e72:	05 5a       	subi	r16, 0xA5	; 165
     e74:	1f 4f       	sbci	r17, 0xFF	; 255
     e76:	fe 01       	movw	r30, r28
     e78:	e1 5a       	subi	r30, 0xA1	; 161
     e7a:	ff 4f       	sbci	r31, 0xFF	; 255
     e7c:	60 81       	ld	r22, Z
     e7e:	71 81       	ldd	r23, Z+1	; 0x01
     e80:	82 81       	ldd	r24, Z+2	; 0x02
     e82:	93 81       	ldd	r25, Z+3	; 0x03
     e84:	20 e0       	ldi	r18, 0x00	; 0
     e86:	30 e0       	ldi	r19, 0x00	; 0
     e88:	4a e7       	ldi	r20, 0x7A	; 122
     e8a:	55 e4       	ldi	r21, 0x45	; 69
     e8c:	0e 94 1f 02 	call	0x43e	; 0x43e <__mulsf3>
     e90:	dc 01       	movw	r26, r24
     e92:	cb 01       	movw	r24, r22
     e94:	f8 01       	movw	r30, r16
     e96:	80 83       	st	Z, r24
     e98:	91 83       	std	Z+1, r25	; 0x01
     e9a:	a2 83       	std	Z+2, r26	; 0x02
     e9c:	b3 83       	std	Z+3, r27	; 0x03
	if (__tmp < 1.0)
     e9e:	fe 01       	movw	r30, r28
     ea0:	e5 5a       	subi	r30, 0xA5	; 165
     ea2:	ff 4f       	sbci	r31, 0xFF	; 255
     ea4:	60 81       	ld	r22, Z
     ea6:	71 81       	ldd	r23, Z+1	; 0x01
     ea8:	82 81       	ldd	r24, Z+2	; 0x02
     eaa:	93 81       	ldd	r25, Z+3	; 0x03
     eac:	20 e0       	ldi	r18, 0x00	; 0
     eae:	30 e0       	ldi	r19, 0x00	; 0
     eb0:	40 e8       	ldi	r20, 0x80	; 128
     eb2:	5f e3       	ldi	r21, 0x3F	; 63
     eb4:	0e 94 25 04 	call	0x84a	; 0x84a <__ltsf2>
     eb8:	88 23       	and	r24, r24
     eba:	44 f4       	brge	.+16     	; 0xecc <LCD_sendCommand+0x9e>
		__ticks = 1;
     ebc:	fe 01       	movw	r30, r28
     ebe:	e7 5a       	subi	r30, 0xA7	; 167
     ec0:	ff 4f       	sbci	r31, 0xFF	; 255
     ec2:	81 e0       	ldi	r24, 0x01	; 1
     ec4:	90 e0       	ldi	r25, 0x00	; 0
     ec6:	91 83       	std	Z+1, r25	; 0x01
     ec8:	80 83       	st	Z, r24
     eca:	64 c0       	rjmp	.+200    	; 0xf94 <LCD_sendCommand+0x166>
	else if (__tmp > 65535)
     ecc:	fe 01       	movw	r30, r28
     ece:	e5 5a       	subi	r30, 0xA5	; 165
     ed0:	ff 4f       	sbci	r31, 0xFF	; 255
     ed2:	60 81       	ld	r22, Z
     ed4:	71 81       	ldd	r23, Z+1	; 0x01
     ed6:	82 81       	ldd	r24, Z+2	; 0x02
     ed8:	93 81       	ldd	r25, Z+3	; 0x03
     eda:	20 e0       	ldi	r18, 0x00	; 0
     edc:	3f ef       	ldi	r19, 0xFF	; 255
     ede:	4f e7       	ldi	r20, 0x7F	; 127
     ee0:	57 e4       	ldi	r21, 0x47	; 71
     ee2:	0e 94 c5 03 	call	0x78a	; 0x78a <__gtsf2>
     ee6:	18 16       	cp	r1, r24
     ee8:	0c f0       	brlt	.+2      	; 0xeec <LCD_sendCommand+0xbe>
     eea:	43 c0       	rjmp	.+134    	; 0xf72 <LCD_sendCommand+0x144>
	{
		//	__ticks = requested delay in 1/10 ms
		__ticks = (uint16_t) (__ms * 10.0);
     eec:	fe 01       	movw	r30, r28
     eee:	e1 5a       	subi	r30, 0xA1	; 161
     ef0:	ff 4f       	sbci	r31, 0xFF	; 255
     ef2:	60 81       	ld	r22, Z
     ef4:	71 81       	ldd	r23, Z+1	; 0x01
     ef6:	82 81       	ldd	r24, Z+2	; 0x02
     ef8:	93 81       	ldd	r25, Z+3	; 0x03
     efa:	20 e0       	ldi	r18, 0x00	; 0
     efc:	30 e0       	ldi	r19, 0x00	; 0
     efe:	40 e2       	ldi	r20, 0x20	; 32
     f00:	51 e4       	ldi	r21, 0x41	; 65
     f02:	0e 94 1f 02 	call	0x43e	; 0x43e <__mulsf3>
     f06:	dc 01       	movw	r26, r24
     f08:	cb 01       	movw	r24, r22
     f0a:	8e 01       	movw	r16, r28
     f0c:	07 5a       	subi	r16, 0xA7	; 167
     f0e:	1f 4f       	sbci	r17, 0xFF	; 255
     f10:	bc 01       	movw	r22, r24
     f12:	cd 01       	movw	r24, r26
     f14:	0e 94 49 00 	call	0x92	; 0x92 <__fixunssfsi>
     f18:	dc 01       	movw	r26, r24
     f1a:	cb 01       	movw	r24, r22
     f1c:	f8 01       	movw	r30, r16
     f1e:	91 83       	std	Z+1, r25	; 0x01
     f20:	80 83       	st	Z, r24
     f22:	1f c0       	rjmp	.+62     	; 0xf62 <LCD_sendCommand+0x134>
     f24:	fe 01       	movw	r30, r28
     f26:	e9 5a       	subi	r30, 0xA9	; 169
     f28:	ff 4f       	sbci	r31, 0xFF	; 255
     f2a:	80 e9       	ldi	r24, 0x90	; 144
     f2c:	91 e0       	ldi	r25, 0x01	; 1
     f2e:	91 83       	std	Z+1, r25	; 0x01
     f30:	80 83       	st	Z, r24
    milliseconds can be achieved.
 */
void
_delay_loop_2(uint16_t __count)
{
	__asm__ volatile (
     f32:	fe 01       	movw	r30, r28
     f34:	e9 5a       	subi	r30, 0xA9	; 169
     f36:	ff 4f       	sbci	r31, 0xFF	; 255
     f38:	80 81       	ld	r24, Z
     f3a:	91 81       	ldd	r25, Z+1	; 0x01
     f3c:	01 97       	sbiw	r24, 0x01	; 1
     f3e:	f1 f7       	brne	.-4      	; 0xf3c <LCD_sendCommand+0x10e>
     f40:	fe 01       	movw	r30, r28
     f42:	e9 5a       	subi	r30, 0xA9	; 169
     f44:	ff 4f       	sbci	r31, 0xFF	; 255
     f46:	91 83       	std	Z+1, r25	; 0x01
     f48:	80 83       	st	Z, r24
		while(__ticks)
		{
			// wait 1/10 ms
			_delay_loop_2(((F_CPU) / 4e3) / 10);
			__ticks --;
     f4a:	de 01       	movw	r26, r28
     f4c:	a7 5a       	subi	r26, 0xA7	; 167
     f4e:	bf 4f       	sbci	r27, 0xFF	; 255
     f50:	fe 01       	movw	r30, r28
     f52:	e7 5a       	subi	r30, 0xA7	; 167
     f54:	ff 4f       	sbci	r31, 0xFF	; 255
     f56:	80 81       	ld	r24, Z
     f58:	91 81       	ldd	r25, Z+1	; 0x01
     f5a:	01 97       	sbiw	r24, 0x01	; 1
     f5c:	11 96       	adiw	r26, 0x01	; 1
     f5e:	9c 93       	st	X, r25
     f60:	8e 93       	st	-X, r24
		__ticks = 1;
	else if (__tmp > 65535)
	{
		//	__ticks = requested delay in 1/10 ms
		__ticks = (uint16_t) (__ms * 10.0);
		while(__ticks)
     f62:	fe 01       	movw	r30, r28
     f64:	e7 5a       	subi	r30, 0xA7	; 167
     f66:	ff 4f       	sbci	r31, 0xFF	; 255
     f68:	80 81       	ld	r24, Z
     f6a:	91 81       	ldd	r25, Z+1	; 0x01
     f6c:	00 97       	sbiw	r24, 0x00	; 0
     f6e:	d1 f6       	brne	.-76     	; 0xf24 <LCD_sendCommand+0xf6>
     f70:	27 c0       	rjmp	.+78     	; 0xfc0 <LCD_sendCommand+0x192>
			__ticks --;
		}
		return;
	}
	else
		__ticks = (uint16_t)__tmp;
     f72:	8e 01       	movw	r16, r28
     f74:	07 5a       	subi	r16, 0xA7	; 167
     f76:	1f 4f       	sbci	r17, 0xFF	; 255
     f78:	fe 01       	movw	r30, r28
     f7a:	e5 5a       	subi	r30, 0xA5	; 165
     f7c:	ff 4f       	sbci	r31, 0xFF	; 255
     f7e:	60 81       	ld	r22, Z
     f80:	71 81       	ldd	r23, Z+1	; 0x01
     f82:	82 81       	ldd	r24, Z+2	; 0x02
     f84:	93 81       	ldd	r25, Z+3	; 0x03
     f86:	0e 94 49 00 	call	0x92	; 0x92 <__fixunssfsi>
     f8a:	dc 01       	movw	r26, r24
     f8c:	cb 01       	movw	r24, r22
     f8e:	f8 01       	movw	r30, r16
     f90:	91 83       	std	Z+1, r25	; 0x01
     f92:	80 83       	st	Z, r24
     f94:	de 01       	movw	r26, r28
     f96:	ab 5a       	subi	r26, 0xAB	; 171
     f98:	bf 4f       	sbci	r27, 0xFF	; 255
     f9a:	fe 01       	movw	r30, r28
     f9c:	e7 5a       	subi	r30, 0xA7	; 167
     f9e:	ff 4f       	sbci	r31, 0xFF	; 255
     fa0:	80 81       	ld	r24, Z
     fa2:	91 81       	ldd	r25, Z+1	; 0x01
     fa4:	8d 93       	st	X+, r24
     fa6:	9c 93       	st	X, r25
     fa8:	fe 01       	movw	r30, r28
     faa:	eb 5a       	subi	r30, 0xAB	; 171
     fac:	ff 4f       	sbci	r31, 0xFF	; 255
     fae:	80 81       	ld	r24, Z
     fb0:	91 81       	ldd	r25, Z+1	; 0x01
     fb2:	01 97       	sbiw	r24, 0x01	; 1
     fb4:	f1 f7       	brne	.-4      	; 0xfb2 <LCD_sendCommand+0x184>
     fb6:	fe 01       	movw	r30, r28
     fb8:	eb 5a       	subi	r30, 0xAB	; 171
     fba:	ff 4f       	sbci	r31, 0xFF	; 255
     fbc:	91 83       	std	Z+1, r25	; 0x01
     fbe:	80 83       	st	Z, r24
	_delay_ms(1);
	GPIO_writePin(LCD_E_PORT_ID, LCD_E_PIN_ID, LOGIC_HIGH);
     fc0:	80 e0       	ldi	r24, 0x00	; 0
     fc2:	62 e0       	ldi	r22, 0x02	; 2
     fc4:	41 e0       	ldi	r20, 0x01	; 1
     fc6:	0e 94 a2 14 	call	0x2944	; 0x2944 <GPIO_writePin>
     fca:	fe 01       	movw	r30, r28
     fcc:	ef 5a       	subi	r30, 0xAF	; 175
     fce:	ff 4f       	sbci	r31, 0xFF	; 255
     fd0:	80 e0       	ldi	r24, 0x00	; 0
     fd2:	90 e0       	ldi	r25, 0x00	; 0
     fd4:	a0 e8       	ldi	r26, 0x80	; 128
     fd6:	bf e3       	ldi	r27, 0x3F	; 63
     fd8:	80 83       	st	Z, r24
     fda:	91 83       	std	Z+1, r25	; 0x01
     fdc:	a2 83       	std	Z+2, r26	; 0x02
     fde:	b3 83       	std	Z+3, r27	; 0x03
 */
void
_delay_ms(double __ms)
{
	uint16_t __ticks;
	double __tmp = ((F_CPU) / 4e3) * __ms;
     fe0:	8e 01       	movw	r16, r28
     fe2:	03 5b       	subi	r16, 0xB3	; 179
     fe4:	1f 4f       	sbci	r17, 0xFF	; 255
     fe6:	fe 01       	movw	r30, r28
     fe8:	ef 5a       	subi	r30, 0xAF	; 175
     fea:	ff 4f       	sbci	r31, 0xFF	; 255
     fec:	60 81       	ld	r22, Z
     fee:	71 81       	ldd	r23, Z+1	; 0x01
     ff0:	82 81       	ldd	r24, Z+2	; 0x02
     ff2:	93 81       	ldd	r25, Z+3	; 0x03
     ff4:	20 e0       	ldi	r18, 0x00	; 0
     ff6:	30 e0       	ldi	r19, 0x00	; 0
     ff8:	4a e7       	ldi	r20, 0x7A	; 122
     ffa:	55 e4       	ldi	r21, 0x45	; 69
     ffc:	0e 94 1f 02 	call	0x43e	; 0x43e <__mulsf3>
    1000:	dc 01       	movw	r26, r24
    1002:	cb 01       	movw	r24, r22
    1004:	f8 01       	movw	r30, r16
    1006:	80 83       	st	Z, r24
    1008:	91 83       	std	Z+1, r25	; 0x01
    100a:	a2 83       	std	Z+2, r26	; 0x02
    100c:	b3 83       	std	Z+3, r27	; 0x03
	if (__tmp < 1.0)
    100e:	fe 01       	movw	r30, r28
    1010:	e3 5b       	subi	r30, 0xB3	; 179
    1012:	ff 4f       	sbci	r31, 0xFF	; 255
    1014:	60 81       	ld	r22, Z
    1016:	71 81       	ldd	r23, Z+1	; 0x01
    1018:	82 81       	ldd	r24, Z+2	; 0x02
    101a:	93 81       	ldd	r25, Z+3	; 0x03
    101c:	20 e0       	ldi	r18, 0x00	; 0
    101e:	30 e0       	ldi	r19, 0x00	; 0
    1020:	40 e8       	ldi	r20, 0x80	; 128
    1022:	5f e3       	ldi	r21, 0x3F	; 63
    1024:	0e 94 25 04 	call	0x84a	; 0x84a <__ltsf2>
    1028:	88 23       	and	r24, r24
    102a:	44 f4       	brge	.+16     	; 0x103c <LCD_sendCommand+0x20e>
		__ticks = 1;
    102c:	fe 01       	movw	r30, r28
    102e:	e5 5b       	subi	r30, 0xB5	; 181
    1030:	ff 4f       	sbci	r31, 0xFF	; 255
    1032:	81 e0       	ldi	r24, 0x01	; 1
    1034:	90 e0       	ldi	r25, 0x00	; 0
    1036:	91 83       	std	Z+1, r25	; 0x01
    1038:	80 83       	st	Z, r24
    103a:	64 c0       	rjmp	.+200    	; 0x1104 <LCD_sendCommand+0x2d6>
	else if (__tmp > 65535)
    103c:	fe 01       	movw	r30, r28
    103e:	e3 5b       	subi	r30, 0xB3	; 179
    1040:	ff 4f       	sbci	r31, 0xFF	; 255
    1042:	60 81       	ld	r22, Z
    1044:	71 81       	ldd	r23, Z+1	; 0x01
    1046:	82 81       	ldd	r24, Z+2	; 0x02
    1048:	93 81       	ldd	r25, Z+3	; 0x03
    104a:	20 e0       	ldi	r18, 0x00	; 0
    104c:	3f ef       	ldi	r19, 0xFF	; 255
    104e:	4f e7       	ldi	r20, 0x7F	; 127
    1050:	57 e4       	ldi	r21, 0x47	; 71
    1052:	0e 94 c5 03 	call	0x78a	; 0x78a <__gtsf2>
    1056:	18 16       	cp	r1, r24
    1058:	0c f0       	brlt	.+2      	; 0x105c <LCD_sendCommand+0x22e>
    105a:	43 c0       	rjmp	.+134    	; 0x10e2 <LCD_sendCommand+0x2b4>
	{
		//	__ticks = requested delay in 1/10 ms
		__ticks = (uint16_t) (__ms * 10.0);
    105c:	fe 01       	movw	r30, r28
    105e:	ef 5a       	subi	r30, 0xAF	; 175
    1060:	ff 4f       	sbci	r31, 0xFF	; 255
    1062:	60 81       	ld	r22, Z
    1064:	71 81       	ldd	r23, Z+1	; 0x01
    1066:	82 81       	ldd	r24, Z+2	; 0x02
    1068:	93 81       	ldd	r25, Z+3	; 0x03
    106a:	20 e0       	ldi	r18, 0x00	; 0
    106c:	30 e0       	ldi	r19, 0x00	; 0
    106e:	40 e2       	ldi	r20, 0x20	; 32
    1070:	51 e4       	ldi	r21, 0x41	; 65
    1072:	0e 94 1f 02 	call	0x43e	; 0x43e <__mulsf3>
    1076:	dc 01       	movw	r26, r24
    1078:	cb 01       	movw	r24, r22
    107a:	8e 01       	movw	r16, r28
    107c:	05 5b       	subi	r16, 0xB5	; 181
    107e:	1f 4f       	sbci	r17, 0xFF	; 255
    1080:	bc 01       	movw	r22, r24
    1082:	cd 01       	movw	r24, r26
    1084:	0e 94 49 00 	call	0x92	; 0x92 <__fixunssfsi>
    1088:	dc 01       	movw	r26, r24
    108a:	cb 01       	movw	r24, r22
    108c:	f8 01       	movw	r30, r16
    108e:	91 83       	std	Z+1, r25	; 0x01
    1090:	80 83       	st	Z, r24
    1092:	1f c0       	rjmp	.+62     	; 0x10d2 <LCD_sendCommand+0x2a4>
    1094:	fe 01       	movw	r30, r28
    1096:	e7 5b       	subi	r30, 0xB7	; 183
    1098:	ff 4f       	sbci	r31, 0xFF	; 255
    109a:	80 e9       	ldi	r24, 0x90	; 144
    109c:	91 e0       	ldi	r25, 0x01	; 1
    109e:	91 83       	std	Z+1, r25	; 0x01
    10a0:	80 83       	st	Z, r24
    10a2:	fe 01       	movw	r30, r28
    10a4:	e7 5b       	subi	r30, 0xB7	; 183
    10a6:	ff 4f       	sbci	r31, 0xFF	; 255
    10a8:	80 81       	ld	r24, Z
    10aa:	91 81       	ldd	r25, Z+1	; 0x01
    10ac:	01 97       	sbiw	r24, 0x01	; 1
    10ae:	f1 f7       	brne	.-4      	; 0x10ac <LCD_sendCommand+0x27e>
    10b0:	fe 01       	movw	r30, r28
    10b2:	e7 5b       	subi	r30, 0xB7	; 183
    10b4:	ff 4f       	sbci	r31, 0xFF	; 255
    10b6:	91 83       	std	Z+1, r25	; 0x01
    10b8:	80 83       	st	Z, r24
		while(__ticks)
		{
			// wait 1/10 ms
			_delay_loop_2(((F_CPU) / 4e3) / 10);
			__ticks --;
    10ba:	de 01       	movw	r26, r28
    10bc:	a5 5b       	subi	r26, 0xB5	; 181
    10be:	bf 4f       	sbci	r27, 0xFF	; 255
    10c0:	fe 01       	movw	r30, r28
    10c2:	e5 5b       	subi	r30, 0xB5	; 181
    10c4:	ff 4f       	sbci	r31, 0xFF	; 255
    10c6:	80 81       	ld	r24, Z
    10c8:	91 81       	ldd	r25, Z+1	; 0x01
    10ca:	01 97       	sbiw	r24, 0x01	; 1
    10cc:	11 96       	adiw	r26, 0x01	; 1
    10ce:	9c 93       	st	X, r25
    10d0:	8e 93       	st	-X, r24
		__ticks = 1;
	else if (__tmp > 65535)
	{
		//	__ticks = requested delay in 1/10 ms
		__ticks = (uint16_t) (__ms * 10.0);
		while(__ticks)
    10d2:	fe 01       	movw	r30, r28
    10d4:	e5 5b       	subi	r30, 0xB5	; 181
    10d6:	ff 4f       	sbci	r31, 0xFF	; 255
    10d8:	80 81       	ld	r24, Z
    10da:	91 81       	ldd	r25, Z+1	; 0x01
    10dc:	00 97       	sbiw	r24, 0x00	; 0
    10de:	d1 f6       	brne	.-76     	; 0x1094 <LCD_sendCommand+0x266>
    10e0:	27 c0       	rjmp	.+78     	; 0x1130 <LCD_sendCommand+0x302>
			__ticks --;
		}
		return;
	}
	else
		__ticks = (uint16_t)__tmp;
    10e2:	8e 01       	movw	r16, r28
    10e4:	05 5b       	subi	r16, 0xB5	; 181
    10e6:	1f 4f       	sbci	r17, 0xFF	; 255
    10e8:	fe 01       	movw	r30, r28
    10ea:	e3 5b       	subi	r30, 0xB3	; 179
    10ec:	ff 4f       	sbci	r31, 0xFF	; 255
    10ee:	60 81       	ld	r22, Z
    10f0:	71 81       	ldd	r23, Z+1	; 0x01
    10f2:	82 81       	ldd	r24, Z+2	; 0x02
    10f4:	93 81       	ldd	r25, Z+3	; 0x03
    10f6:	0e 94 49 00 	call	0x92	; 0x92 <__fixunssfsi>
    10fa:	dc 01       	movw	r26, r24
    10fc:	cb 01       	movw	r24, r22
    10fe:	f8 01       	movw	r30, r16
    1100:	91 83       	std	Z+1, r25	; 0x01
    1102:	80 83       	st	Z, r24
    1104:	de 01       	movw	r26, r28
    1106:	a9 5b       	subi	r26, 0xB9	; 185
    1108:	bf 4f       	sbci	r27, 0xFF	; 255
    110a:	fe 01       	movw	r30, r28
    110c:	e5 5b       	subi	r30, 0xB5	; 181
    110e:	ff 4f       	sbci	r31, 0xFF	; 255
    1110:	80 81       	ld	r24, Z
    1112:	91 81       	ldd	r25, Z+1	; 0x01
    1114:	8d 93       	st	X+, r24
    1116:	9c 93       	st	X, r25
    1118:	fe 01       	movw	r30, r28
    111a:	e9 5b       	subi	r30, 0xB9	; 185
    111c:	ff 4f       	sbci	r31, 0xFF	; 255
    111e:	80 81       	ld	r24, Z
    1120:	91 81       	ldd	r25, Z+1	; 0x01
    1122:	01 97       	sbiw	r24, 0x01	; 1
    1124:	f1 f7       	brne	.-4      	; 0x1122 <LCD_sendCommand+0x2f4>
    1126:	fe 01       	movw	r30, r28
    1128:	e9 5b       	subi	r30, 0xB9	; 185
    112a:	ff 4f       	sbci	r31, 0xFF	; 255
    112c:	91 83       	std	Z+1, r25	; 0x01
    112e:	80 83       	st	Z, r24
	GPIO_writePort(LCD_DATA_PORT_ID, command);
	_delay_ms(1);
	GPIO_writePin(LCD_E_PORT_ID, LCD_E_PIN_ID, LOGIC_LOW);
	_delay_ms(1);
#elif (LCD_MODE==4)
	GPIO_writePin(LCD_DATA_PORT_ID, LCD_D4_PIN_ID, GET_BIT(command, 4));
    1130:	fe 01       	movw	r30, r28
    1132:	ed 59       	subi	r30, 0x9D	; 157
    1134:	ff 4f       	sbci	r31, 0xFF	; 255
    1136:	80 81       	ld	r24, Z
    1138:	88 2f       	mov	r24, r24
    113a:	90 e0       	ldi	r25, 0x00	; 0
    113c:	80 71       	andi	r24, 0x10	; 16
    113e:	90 70       	andi	r25, 0x00	; 0
    1140:	95 95       	asr	r25
    1142:	87 95       	ror	r24
    1144:	95 95       	asr	r25
    1146:	87 95       	ror	r24
    1148:	95 95       	asr	r25
    114a:	87 95       	ror	r24
    114c:	95 95       	asr	r25
    114e:	87 95       	ror	r24
    1150:	98 2f       	mov	r25, r24
    1152:	80 e0       	ldi	r24, 0x00	; 0
    1154:	63 e0       	ldi	r22, 0x03	; 3
    1156:	49 2f       	mov	r20, r25
    1158:	0e 94 a2 14 	call	0x2944	; 0x2944 <GPIO_writePin>
	GPIO_writePin(LCD_DATA_PORT_ID, LCD_D5_PIN_ID, GET_BIT(command, 5));
    115c:	fe 01       	movw	r30, r28
    115e:	ed 59       	subi	r30, 0x9D	; 157
    1160:	ff 4f       	sbci	r31, 0xFF	; 255
    1162:	80 81       	ld	r24, Z
    1164:	88 2f       	mov	r24, r24
    1166:	90 e0       	ldi	r25, 0x00	; 0
    1168:	80 72       	andi	r24, 0x20	; 32
    116a:	90 70       	andi	r25, 0x00	; 0
    116c:	95 95       	asr	r25
    116e:	87 95       	ror	r24
    1170:	95 95       	asr	r25
    1172:	87 95       	ror	r24
    1174:	95 95       	asr	r25
    1176:	87 95       	ror	r24
    1178:	95 95       	asr	r25
    117a:	87 95       	ror	r24
    117c:	95 95       	asr	r25
    117e:	87 95       	ror	r24
    1180:	98 2f       	mov	r25, r24
    1182:	80 e0       	ldi	r24, 0x00	; 0
    1184:	64 e0       	ldi	r22, 0x04	; 4
    1186:	49 2f       	mov	r20, r25
    1188:	0e 94 a2 14 	call	0x2944	; 0x2944 <GPIO_writePin>
	GPIO_writePin(LCD_DATA_PORT_ID, LCD_D6_PIN_ID, GET_BIT(command, 6));
    118c:	fe 01       	movw	r30, r28
    118e:	ed 59       	subi	r30, 0x9D	; 157
    1190:	ff 4f       	sbci	r31, 0xFF	; 255
    1192:	80 81       	ld	r24, Z
    1194:	88 2f       	mov	r24, r24
    1196:	90 e0       	ldi	r25, 0x00	; 0
    1198:	80 74       	andi	r24, 0x40	; 64
    119a:	90 70       	andi	r25, 0x00	; 0
    119c:	08 2e       	mov	r0, r24
    119e:	89 2f       	mov	r24, r25
    11a0:	00 0c       	add	r0, r0
    11a2:	88 1f       	adc	r24, r24
    11a4:	99 0b       	sbc	r25, r25
    11a6:	00 0c       	add	r0, r0
    11a8:	88 1f       	adc	r24, r24
    11aa:	99 1f       	adc	r25, r25
    11ac:	98 2f       	mov	r25, r24
    11ae:	80 e0       	ldi	r24, 0x00	; 0
    11b0:	65 e0       	ldi	r22, 0x05	; 5
    11b2:	49 2f       	mov	r20, r25
    11b4:	0e 94 a2 14 	call	0x2944	; 0x2944 <GPIO_writePin>
	GPIO_writePin(LCD_DATA_PORT_ID, LCD_D7_PIN_ID, GET_BIT(command, 7));
    11b8:	fe 01       	movw	r30, r28
    11ba:	ed 59       	subi	r30, 0x9D	; 157
    11bc:	ff 4f       	sbci	r31, 0xFF	; 255
    11be:	80 81       	ld	r24, Z
    11c0:	98 2f       	mov	r25, r24
    11c2:	99 1f       	adc	r25, r25
    11c4:	99 27       	eor	r25, r25
    11c6:	99 1f       	adc	r25, r25
    11c8:	80 e0       	ldi	r24, 0x00	; 0
    11ca:	66 e0       	ldi	r22, 0x06	; 6
    11cc:	49 2f       	mov	r20, r25
    11ce:	0e 94 a2 14 	call	0x2944	; 0x2944 <GPIO_writePin>
    11d2:	fe 01       	movw	r30, r28
    11d4:	ed 5b       	subi	r30, 0xBD	; 189
    11d6:	ff 4f       	sbci	r31, 0xFF	; 255
    11d8:	80 e0       	ldi	r24, 0x00	; 0
    11da:	90 e0       	ldi	r25, 0x00	; 0
    11dc:	a0 e8       	ldi	r26, 0x80	; 128
    11de:	bf e3       	ldi	r27, 0x3F	; 63
    11e0:	80 83       	st	Z, r24
    11e2:	91 83       	std	Z+1, r25	; 0x01
    11e4:	a2 83       	std	Z+2, r26	; 0x02
    11e6:	b3 83       	std	Z+3, r27	; 0x03
 */
void
_delay_ms(double __ms)
{
	uint16_t __ticks;
	double __tmp = ((F_CPU) / 4e3) * __ms;
    11e8:	8e 01       	movw	r16, r28
    11ea:	01 5c       	subi	r16, 0xC1	; 193
    11ec:	1f 4f       	sbci	r17, 0xFF	; 255
    11ee:	fe 01       	movw	r30, r28
    11f0:	ed 5b       	subi	r30, 0xBD	; 189
    11f2:	ff 4f       	sbci	r31, 0xFF	; 255
    11f4:	60 81       	ld	r22, Z
    11f6:	71 81       	ldd	r23, Z+1	; 0x01
    11f8:	82 81       	ldd	r24, Z+2	; 0x02
    11fa:	93 81       	ldd	r25, Z+3	; 0x03
    11fc:	20 e0       	ldi	r18, 0x00	; 0
    11fe:	30 e0       	ldi	r19, 0x00	; 0
    1200:	4a e7       	ldi	r20, 0x7A	; 122
    1202:	55 e4       	ldi	r21, 0x45	; 69
    1204:	0e 94 1f 02 	call	0x43e	; 0x43e <__mulsf3>
    1208:	dc 01       	movw	r26, r24
    120a:	cb 01       	movw	r24, r22
    120c:	f8 01       	movw	r30, r16
    120e:	80 83       	st	Z, r24
    1210:	91 83       	std	Z+1, r25	; 0x01
    1212:	a2 83       	std	Z+2, r26	; 0x02
    1214:	b3 83       	std	Z+3, r27	; 0x03
	if (__tmp < 1.0)
    1216:	fe 01       	movw	r30, r28
    1218:	ff 96       	adiw	r30, 0x3f	; 63
    121a:	60 81       	ld	r22, Z
    121c:	71 81       	ldd	r23, Z+1	; 0x01
    121e:	82 81       	ldd	r24, Z+2	; 0x02
    1220:	93 81       	ldd	r25, Z+3	; 0x03
    1222:	20 e0       	ldi	r18, 0x00	; 0
    1224:	30 e0       	ldi	r19, 0x00	; 0
    1226:	40 e8       	ldi	r20, 0x80	; 128
    1228:	5f e3       	ldi	r21, 0x3F	; 63
    122a:	0e 94 25 04 	call	0x84a	; 0x84a <__ltsf2>
    122e:	88 23       	and	r24, r24
    1230:	2c f4       	brge	.+10     	; 0x123c <LCD_sendCommand+0x40e>
		__ticks = 1;
    1232:	81 e0       	ldi	r24, 0x01	; 1
    1234:	90 e0       	ldi	r25, 0x00	; 0
    1236:	9e af       	std	Y+62, r25	; 0x3e
    1238:	8d af       	std	Y+61, r24	; 0x3d
    123a:	46 c0       	rjmp	.+140    	; 0x12c8 <LCD_sendCommand+0x49a>
	else if (__tmp > 65535)
    123c:	fe 01       	movw	r30, r28
    123e:	ff 96       	adiw	r30, 0x3f	; 63
    1240:	60 81       	ld	r22, Z
    1242:	71 81       	ldd	r23, Z+1	; 0x01
    1244:	82 81       	ldd	r24, Z+2	; 0x02
    1246:	93 81       	ldd	r25, Z+3	; 0x03
    1248:	20 e0       	ldi	r18, 0x00	; 0
    124a:	3f ef       	ldi	r19, 0xFF	; 255
    124c:	4f e7       	ldi	r20, 0x7F	; 127
    124e:	57 e4       	ldi	r21, 0x47	; 71
    1250:	0e 94 c5 03 	call	0x78a	; 0x78a <__gtsf2>
    1254:	18 16       	cp	r1, r24
    1256:	64 f5       	brge	.+88     	; 0x12b0 <LCD_sendCommand+0x482>
	{
		//	__ticks = requested delay in 1/10 ms
		__ticks = (uint16_t) (__ms * 10.0);
    1258:	fe 01       	movw	r30, r28
    125a:	ed 5b       	subi	r30, 0xBD	; 189
    125c:	ff 4f       	sbci	r31, 0xFF	; 255
    125e:	60 81       	ld	r22, Z
    1260:	71 81       	ldd	r23, Z+1	; 0x01
    1262:	82 81       	ldd	r24, Z+2	; 0x02
    1264:	93 81       	ldd	r25, Z+3	; 0x03
    1266:	20 e0       	ldi	r18, 0x00	; 0
    1268:	30 e0       	ldi	r19, 0x00	; 0
    126a:	40 e2       	ldi	r20, 0x20	; 32
    126c:	51 e4       	ldi	r21, 0x41	; 65
    126e:	0e 94 1f 02 	call	0x43e	; 0x43e <__mulsf3>
    1272:	dc 01       	movw	r26, r24
    1274:	cb 01       	movw	r24, r22
    1276:	bc 01       	movw	r22, r24
    1278:	cd 01       	movw	r24, r26
    127a:	0e 94 49 00 	call	0x92	; 0x92 <__fixunssfsi>
    127e:	dc 01       	movw	r26, r24
    1280:	cb 01       	movw	r24, r22
    1282:	9e af       	std	Y+62, r25	; 0x3e
    1284:	8d af       	std	Y+61, r24	; 0x3d
    1286:	0f c0       	rjmp	.+30     	; 0x12a6 <LCD_sendCommand+0x478>
    1288:	80 e9       	ldi	r24, 0x90	; 144
    128a:	91 e0       	ldi	r25, 0x01	; 1
    128c:	9c af       	std	Y+60, r25	; 0x3c
    128e:	8b af       	std	Y+59, r24	; 0x3b
    1290:	8b ad       	ldd	r24, Y+59	; 0x3b
    1292:	9c ad       	ldd	r25, Y+60	; 0x3c
    1294:	01 97       	sbiw	r24, 0x01	; 1
    1296:	f1 f7       	brne	.-4      	; 0x1294 <LCD_sendCommand+0x466>
    1298:	9c af       	std	Y+60, r25	; 0x3c
    129a:	8b af       	std	Y+59, r24	; 0x3b
		while(__ticks)
		{
			// wait 1/10 ms
			_delay_loop_2(((F_CPU) / 4e3) / 10);
			__ticks --;
    129c:	8d ad       	ldd	r24, Y+61	; 0x3d
    129e:	9e ad       	ldd	r25, Y+62	; 0x3e
    12a0:	01 97       	sbiw	r24, 0x01	; 1
    12a2:	9e af       	std	Y+62, r25	; 0x3e
    12a4:	8d af       	std	Y+61, r24	; 0x3d
		__ticks = 1;
	else if (__tmp > 65535)
	{
		//	__ticks = requested delay in 1/10 ms
		__ticks = (uint16_t) (__ms * 10.0);
		while(__ticks)
    12a6:	8d ad       	ldd	r24, Y+61	; 0x3d
    12a8:	9e ad       	ldd	r25, Y+62	; 0x3e
    12aa:	00 97       	sbiw	r24, 0x00	; 0
    12ac:	69 f7       	brne	.-38     	; 0x1288 <LCD_sendCommand+0x45a>
    12ae:	16 c0       	rjmp	.+44     	; 0x12dc <LCD_sendCommand+0x4ae>
			__ticks --;
		}
		return;
	}
	else
		__ticks = (uint16_t)__tmp;
    12b0:	fe 01       	movw	r30, r28
    12b2:	ff 96       	adiw	r30, 0x3f	; 63
    12b4:	60 81       	ld	r22, Z
    12b6:	71 81       	ldd	r23, Z+1	; 0x01
    12b8:	82 81       	ldd	r24, Z+2	; 0x02
    12ba:	93 81       	ldd	r25, Z+3	; 0x03
    12bc:	0e 94 49 00 	call	0x92	; 0x92 <__fixunssfsi>
    12c0:	dc 01       	movw	r26, r24
    12c2:	cb 01       	movw	r24, r22
    12c4:	9e af       	std	Y+62, r25	; 0x3e
    12c6:	8d af       	std	Y+61, r24	; 0x3d
    12c8:	8d ad       	ldd	r24, Y+61	; 0x3d
    12ca:	9e ad       	ldd	r25, Y+62	; 0x3e
    12cc:	9a af       	std	Y+58, r25	; 0x3a
    12ce:	89 af       	std	Y+57, r24	; 0x39
    12d0:	89 ad       	ldd	r24, Y+57	; 0x39
    12d2:	9a ad       	ldd	r25, Y+58	; 0x3a
    12d4:	01 97       	sbiw	r24, 0x01	; 1
    12d6:	f1 f7       	brne	.-4      	; 0x12d4 <LCD_sendCommand+0x4a6>
    12d8:	9a af       	std	Y+58, r25	; 0x3a
    12da:	89 af       	std	Y+57, r24	; 0x39
	_delay_ms(1);
	GPIO_writePin(LCD_E_PORT_ID, LCD_E_PIN_ID, LOGIC_LOW);
    12dc:	80 e0       	ldi	r24, 0x00	; 0
    12de:	62 e0       	ldi	r22, 0x02	; 2
    12e0:	40 e0       	ldi	r20, 0x00	; 0
    12e2:	0e 94 a2 14 	call	0x2944	; 0x2944 <GPIO_writePin>
    12e6:	80 e0       	ldi	r24, 0x00	; 0
    12e8:	90 e0       	ldi	r25, 0x00	; 0
    12ea:	a0 e8       	ldi	r26, 0x80	; 128
    12ec:	bf e3       	ldi	r27, 0x3F	; 63
    12ee:	8d ab       	std	Y+53, r24	; 0x35
    12f0:	9e ab       	std	Y+54, r25	; 0x36
    12f2:	af ab       	std	Y+55, r26	; 0x37
    12f4:	b8 af       	std	Y+56, r27	; 0x38
 */
void
_delay_ms(double __ms)
{
	uint16_t __ticks;
	double __tmp = ((F_CPU) / 4e3) * __ms;
    12f6:	6d a9       	ldd	r22, Y+53	; 0x35
    12f8:	7e a9       	ldd	r23, Y+54	; 0x36
    12fa:	8f a9       	ldd	r24, Y+55	; 0x37
    12fc:	98 ad       	ldd	r25, Y+56	; 0x38
    12fe:	20 e0       	ldi	r18, 0x00	; 0
    1300:	30 e0       	ldi	r19, 0x00	; 0
    1302:	4a e7       	ldi	r20, 0x7A	; 122
    1304:	55 e4       	ldi	r21, 0x45	; 69
    1306:	0e 94 1f 02 	call	0x43e	; 0x43e <__mulsf3>
    130a:	dc 01       	movw	r26, r24
    130c:	cb 01       	movw	r24, r22
    130e:	89 ab       	std	Y+49, r24	; 0x31
    1310:	9a ab       	std	Y+50, r25	; 0x32
    1312:	ab ab       	std	Y+51, r26	; 0x33
    1314:	bc ab       	std	Y+52, r27	; 0x34
	if (__tmp < 1.0)
    1316:	69 a9       	ldd	r22, Y+49	; 0x31
    1318:	7a a9       	ldd	r23, Y+50	; 0x32
    131a:	8b a9       	ldd	r24, Y+51	; 0x33
    131c:	9c a9       	ldd	r25, Y+52	; 0x34
    131e:	20 e0       	ldi	r18, 0x00	; 0
    1320:	30 e0       	ldi	r19, 0x00	; 0
    1322:	40 e8       	ldi	r20, 0x80	; 128
    1324:	5f e3       	ldi	r21, 0x3F	; 63
    1326:	0e 94 25 04 	call	0x84a	; 0x84a <__ltsf2>
    132a:	88 23       	and	r24, r24
    132c:	2c f4       	brge	.+10     	; 0x1338 <LCD_sendCommand+0x50a>
		__ticks = 1;
    132e:	81 e0       	ldi	r24, 0x01	; 1
    1330:	90 e0       	ldi	r25, 0x00	; 0
    1332:	98 ab       	std	Y+48, r25	; 0x30
    1334:	8f a7       	std	Y+47, r24	; 0x2f
    1336:	3f c0       	rjmp	.+126    	; 0x13b6 <LCD_sendCommand+0x588>
	else if (__tmp > 65535)
    1338:	69 a9       	ldd	r22, Y+49	; 0x31
    133a:	7a a9       	ldd	r23, Y+50	; 0x32
    133c:	8b a9       	ldd	r24, Y+51	; 0x33
    133e:	9c a9       	ldd	r25, Y+52	; 0x34
    1340:	20 e0       	ldi	r18, 0x00	; 0
    1342:	3f ef       	ldi	r19, 0xFF	; 255
    1344:	4f e7       	ldi	r20, 0x7F	; 127
    1346:	57 e4       	ldi	r21, 0x47	; 71
    1348:	0e 94 c5 03 	call	0x78a	; 0x78a <__gtsf2>
    134c:	18 16       	cp	r1, r24
    134e:	4c f5       	brge	.+82     	; 0x13a2 <LCD_sendCommand+0x574>
	{
		//	__ticks = requested delay in 1/10 ms
		__ticks = (uint16_t) (__ms * 10.0);
    1350:	6d a9       	ldd	r22, Y+53	; 0x35
    1352:	7e a9       	ldd	r23, Y+54	; 0x36
    1354:	8f a9       	ldd	r24, Y+55	; 0x37
    1356:	98 ad       	ldd	r25, Y+56	; 0x38
    1358:	20 e0       	ldi	r18, 0x00	; 0
    135a:	30 e0       	ldi	r19, 0x00	; 0
    135c:	40 e2       	ldi	r20, 0x20	; 32
    135e:	51 e4       	ldi	r21, 0x41	; 65
    1360:	0e 94 1f 02 	call	0x43e	; 0x43e <__mulsf3>
    1364:	dc 01       	movw	r26, r24
    1366:	cb 01       	movw	r24, r22
    1368:	bc 01       	movw	r22, r24
    136a:	cd 01       	movw	r24, r26
    136c:	0e 94 49 00 	call	0x92	; 0x92 <__fixunssfsi>
    1370:	dc 01       	movw	r26, r24
    1372:	cb 01       	movw	r24, r22
    1374:	98 ab       	std	Y+48, r25	; 0x30
    1376:	8f a7       	std	Y+47, r24	; 0x2f
    1378:	0f c0       	rjmp	.+30     	; 0x1398 <LCD_sendCommand+0x56a>
    137a:	80 e9       	ldi	r24, 0x90	; 144
    137c:	91 e0       	ldi	r25, 0x01	; 1
    137e:	9e a7       	std	Y+46, r25	; 0x2e
    1380:	8d a7       	std	Y+45, r24	; 0x2d
    1382:	8d a5       	ldd	r24, Y+45	; 0x2d
    1384:	9e a5       	ldd	r25, Y+46	; 0x2e
    1386:	01 97       	sbiw	r24, 0x01	; 1
    1388:	f1 f7       	brne	.-4      	; 0x1386 <LCD_sendCommand+0x558>
    138a:	9e a7       	std	Y+46, r25	; 0x2e
    138c:	8d a7       	std	Y+45, r24	; 0x2d
		while(__ticks)
		{
			// wait 1/10 ms
			_delay_loop_2(((F_CPU) / 4e3) / 10);
			__ticks --;
    138e:	8f a5       	ldd	r24, Y+47	; 0x2f
    1390:	98 a9       	ldd	r25, Y+48	; 0x30
    1392:	01 97       	sbiw	r24, 0x01	; 1
    1394:	98 ab       	std	Y+48, r25	; 0x30
    1396:	8f a7       	std	Y+47, r24	; 0x2f
		__ticks = 1;
	else if (__tmp > 65535)
	{
		//	__ticks = requested delay in 1/10 ms
		__ticks = (uint16_t) (__ms * 10.0);
		while(__ticks)
    1398:	8f a5       	ldd	r24, Y+47	; 0x2f
    139a:	98 a9       	ldd	r25, Y+48	; 0x30
    139c:	00 97       	sbiw	r24, 0x00	; 0
    139e:	69 f7       	brne	.-38     	; 0x137a <LCD_sendCommand+0x54c>
    13a0:	14 c0       	rjmp	.+40     	; 0x13ca <LCD_sendCommand+0x59c>
			__ticks --;
		}
		return;
	}
	else
		__ticks = (uint16_t)__tmp;
    13a2:	69 a9       	ldd	r22, Y+49	; 0x31
    13a4:	7a a9       	ldd	r23, Y+50	; 0x32
    13a6:	8b a9       	ldd	r24, Y+51	; 0x33
    13a8:	9c a9       	ldd	r25, Y+52	; 0x34
    13aa:	0e 94 49 00 	call	0x92	; 0x92 <__fixunssfsi>
    13ae:	dc 01       	movw	r26, r24
    13b0:	cb 01       	movw	r24, r22
    13b2:	98 ab       	std	Y+48, r25	; 0x30
    13b4:	8f a7       	std	Y+47, r24	; 0x2f
    13b6:	8f a5       	ldd	r24, Y+47	; 0x2f
    13b8:	98 a9       	ldd	r25, Y+48	; 0x30
    13ba:	9c a7       	std	Y+44, r25	; 0x2c
    13bc:	8b a7       	std	Y+43, r24	; 0x2b
    13be:	8b a5       	ldd	r24, Y+43	; 0x2b
    13c0:	9c a5       	ldd	r25, Y+44	; 0x2c
    13c2:	01 97       	sbiw	r24, 0x01	; 1
    13c4:	f1 f7       	brne	.-4      	; 0x13c2 <LCD_sendCommand+0x594>
    13c6:	9c a7       	std	Y+44, r25	; 0x2c
    13c8:	8b a7       	std	Y+43, r24	; 0x2b
	_delay_ms(1);


	GPIO_writePin(LCD_E_PORT_ID, LCD_E_PIN_ID, LOGIC_HIGH);
    13ca:	80 e0       	ldi	r24, 0x00	; 0
    13cc:	62 e0       	ldi	r22, 0x02	; 2
    13ce:	41 e0       	ldi	r20, 0x01	; 1
    13d0:	0e 94 a2 14 	call	0x2944	; 0x2944 <GPIO_writePin>
    13d4:	80 e0       	ldi	r24, 0x00	; 0
    13d6:	90 e0       	ldi	r25, 0x00	; 0
    13d8:	a0 e8       	ldi	r26, 0x80	; 128
    13da:	bf e3       	ldi	r27, 0x3F	; 63
    13dc:	8f a3       	std	Y+39, r24	; 0x27
    13de:	98 a7       	std	Y+40, r25	; 0x28
    13e0:	a9 a7       	std	Y+41, r26	; 0x29
    13e2:	ba a7       	std	Y+42, r27	; 0x2a
 */
void
_delay_ms(double __ms)
{
	uint16_t __ticks;
	double __tmp = ((F_CPU) / 4e3) * __ms;
    13e4:	6f a1       	ldd	r22, Y+39	; 0x27
    13e6:	78 a5       	ldd	r23, Y+40	; 0x28
    13e8:	89 a5       	ldd	r24, Y+41	; 0x29
    13ea:	9a a5       	ldd	r25, Y+42	; 0x2a
    13ec:	20 e0       	ldi	r18, 0x00	; 0
    13ee:	30 e0       	ldi	r19, 0x00	; 0
    13f0:	4a e7       	ldi	r20, 0x7A	; 122
    13f2:	55 e4       	ldi	r21, 0x45	; 69
    13f4:	0e 94 1f 02 	call	0x43e	; 0x43e <__mulsf3>
    13f8:	dc 01       	movw	r26, r24
    13fa:	cb 01       	movw	r24, r22
    13fc:	8b a3       	std	Y+35, r24	; 0x23
    13fe:	9c a3       	std	Y+36, r25	; 0x24
    1400:	ad a3       	std	Y+37, r26	; 0x25
    1402:	be a3       	std	Y+38, r27	; 0x26
	if (__tmp < 1.0)
    1404:	6b a1       	ldd	r22, Y+35	; 0x23
    1406:	7c a1       	ldd	r23, Y+36	; 0x24
    1408:	8d a1       	ldd	r24, Y+37	; 0x25
    140a:	9e a1       	ldd	r25, Y+38	; 0x26
    140c:	20 e0       	ldi	r18, 0x00	; 0
    140e:	30 e0       	ldi	r19, 0x00	; 0
    1410:	40 e8       	ldi	r20, 0x80	; 128
    1412:	5f e3       	ldi	r21, 0x3F	; 63
    1414:	0e 94 25 04 	call	0x84a	; 0x84a <__ltsf2>
    1418:	88 23       	and	r24, r24
    141a:	2c f4       	brge	.+10     	; 0x1426 <LCD_sendCommand+0x5f8>
		__ticks = 1;
    141c:	81 e0       	ldi	r24, 0x01	; 1
    141e:	90 e0       	ldi	r25, 0x00	; 0
    1420:	9a a3       	std	Y+34, r25	; 0x22
    1422:	89 a3       	std	Y+33, r24	; 0x21
    1424:	3f c0       	rjmp	.+126    	; 0x14a4 <LCD_sendCommand+0x676>
	else if (__tmp > 65535)
    1426:	6b a1       	ldd	r22, Y+35	; 0x23
    1428:	7c a1       	ldd	r23, Y+36	; 0x24
    142a:	8d a1       	ldd	r24, Y+37	; 0x25
    142c:	9e a1       	ldd	r25, Y+38	; 0x26
    142e:	20 e0       	ldi	r18, 0x00	; 0
    1430:	3f ef       	ldi	r19, 0xFF	; 255
    1432:	4f e7       	ldi	r20, 0x7F	; 127
    1434:	57 e4       	ldi	r21, 0x47	; 71
    1436:	0e 94 c5 03 	call	0x78a	; 0x78a <__gtsf2>
    143a:	18 16       	cp	r1, r24
    143c:	4c f5       	brge	.+82     	; 0x1490 <LCD_sendCommand+0x662>
	{
		//	__ticks = requested delay in 1/10 ms
		__ticks = (uint16_t) (__ms * 10.0);
    143e:	6f a1       	ldd	r22, Y+39	; 0x27
    1440:	78 a5       	ldd	r23, Y+40	; 0x28
    1442:	89 a5       	ldd	r24, Y+41	; 0x29
    1444:	9a a5       	ldd	r25, Y+42	; 0x2a
    1446:	20 e0       	ldi	r18, 0x00	; 0
    1448:	30 e0       	ldi	r19, 0x00	; 0
    144a:	40 e2       	ldi	r20, 0x20	; 32
    144c:	51 e4       	ldi	r21, 0x41	; 65
    144e:	0e 94 1f 02 	call	0x43e	; 0x43e <__mulsf3>
    1452:	dc 01       	movw	r26, r24
    1454:	cb 01       	movw	r24, r22
    1456:	bc 01       	movw	r22, r24
    1458:	cd 01       	movw	r24, r26
    145a:	0e 94 49 00 	call	0x92	; 0x92 <__fixunssfsi>
    145e:	dc 01       	movw	r26, r24
    1460:	cb 01       	movw	r24, r22
    1462:	9a a3       	std	Y+34, r25	; 0x22
    1464:	89 a3       	std	Y+33, r24	; 0x21
    1466:	0f c0       	rjmp	.+30     	; 0x1486 <LCD_sendCommand+0x658>
    1468:	80 e9       	ldi	r24, 0x90	; 144
    146a:	91 e0       	ldi	r25, 0x01	; 1
    146c:	98 a3       	std	Y+32, r25	; 0x20
    146e:	8f 8f       	std	Y+31, r24	; 0x1f
    1470:	8f 8d       	ldd	r24, Y+31	; 0x1f
    1472:	98 a1       	ldd	r25, Y+32	; 0x20
    1474:	01 97       	sbiw	r24, 0x01	; 1
    1476:	f1 f7       	brne	.-4      	; 0x1474 <LCD_sendCommand+0x646>
    1478:	98 a3       	std	Y+32, r25	; 0x20
    147a:	8f 8f       	std	Y+31, r24	; 0x1f
		while(__ticks)
		{
			// wait 1/10 ms
			_delay_loop_2(((F_CPU) / 4e3) / 10);
			__ticks --;
    147c:	89 a1       	ldd	r24, Y+33	; 0x21
    147e:	9a a1       	ldd	r25, Y+34	; 0x22
    1480:	01 97       	sbiw	r24, 0x01	; 1
    1482:	9a a3       	std	Y+34, r25	; 0x22
    1484:	89 a3       	std	Y+33, r24	; 0x21
		__ticks = 1;
	else if (__tmp > 65535)
	{
		//	__ticks = requested delay in 1/10 ms
		__ticks = (uint16_t) (__ms * 10.0);
		while(__ticks)
    1486:	89 a1       	ldd	r24, Y+33	; 0x21
    1488:	9a a1       	ldd	r25, Y+34	; 0x22
    148a:	00 97       	sbiw	r24, 0x00	; 0
    148c:	69 f7       	brne	.-38     	; 0x1468 <LCD_sendCommand+0x63a>
    148e:	14 c0       	rjmp	.+40     	; 0x14b8 <LCD_sendCommand+0x68a>
			__ticks --;
		}
		return;
	}
	else
		__ticks = (uint16_t)__tmp;
    1490:	6b a1       	ldd	r22, Y+35	; 0x23
    1492:	7c a1       	ldd	r23, Y+36	; 0x24
    1494:	8d a1       	ldd	r24, Y+37	; 0x25
    1496:	9e a1       	ldd	r25, Y+38	; 0x26
    1498:	0e 94 49 00 	call	0x92	; 0x92 <__fixunssfsi>
    149c:	dc 01       	movw	r26, r24
    149e:	cb 01       	movw	r24, r22
    14a0:	9a a3       	std	Y+34, r25	; 0x22
    14a2:	89 a3       	std	Y+33, r24	; 0x21
    14a4:	89 a1       	ldd	r24, Y+33	; 0x21
    14a6:	9a a1       	ldd	r25, Y+34	; 0x22
    14a8:	9e 8f       	std	Y+30, r25	; 0x1e
    14aa:	8d 8f       	std	Y+29, r24	; 0x1d
    14ac:	8d 8d       	ldd	r24, Y+29	; 0x1d
    14ae:	9e 8d       	ldd	r25, Y+30	; 0x1e
    14b0:	01 97       	sbiw	r24, 0x01	; 1
    14b2:	f1 f7       	brne	.-4      	; 0x14b0 <LCD_sendCommand+0x682>
    14b4:	9e 8f       	std	Y+30, r25	; 0x1e
    14b6:	8d 8f       	std	Y+29, r24	; 0x1d
	_delay_ms(1);

	GPIO_writePin(LCD_DATA_PORT_ID, LCD_D4_PIN_ID, GET_BIT(command, 0));
    14b8:	fe 01       	movw	r30, r28
    14ba:	ed 59       	subi	r30, 0x9D	; 157
    14bc:	ff 4f       	sbci	r31, 0xFF	; 255
    14be:	80 81       	ld	r24, Z
    14c0:	98 2f       	mov	r25, r24
    14c2:	91 70       	andi	r25, 0x01	; 1
    14c4:	80 e0       	ldi	r24, 0x00	; 0
    14c6:	63 e0       	ldi	r22, 0x03	; 3
    14c8:	49 2f       	mov	r20, r25
    14ca:	0e 94 a2 14 	call	0x2944	; 0x2944 <GPIO_writePin>
	GPIO_writePin(LCD_DATA_PORT_ID, LCD_D5_PIN_ID, GET_BIT(command, 1));
    14ce:	fe 01       	movw	r30, r28
    14d0:	ed 59       	subi	r30, 0x9D	; 157
    14d2:	ff 4f       	sbci	r31, 0xFF	; 255
    14d4:	80 81       	ld	r24, Z
    14d6:	88 2f       	mov	r24, r24
    14d8:	90 e0       	ldi	r25, 0x00	; 0
    14da:	82 70       	andi	r24, 0x02	; 2
    14dc:	90 70       	andi	r25, 0x00	; 0
    14de:	95 95       	asr	r25
    14e0:	87 95       	ror	r24
    14e2:	98 2f       	mov	r25, r24
    14e4:	80 e0       	ldi	r24, 0x00	; 0
    14e6:	64 e0       	ldi	r22, 0x04	; 4
    14e8:	49 2f       	mov	r20, r25
    14ea:	0e 94 a2 14 	call	0x2944	; 0x2944 <GPIO_writePin>
	GPIO_writePin(LCD_DATA_PORT_ID, LCD_D6_PIN_ID, GET_BIT(command, 2));
    14ee:	fe 01       	movw	r30, r28
    14f0:	ed 59       	subi	r30, 0x9D	; 157
    14f2:	ff 4f       	sbci	r31, 0xFF	; 255
    14f4:	80 81       	ld	r24, Z
    14f6:	88 2f       	mov	r24, r24
    14f8:	90 e0       	ldi	r25, 0x00	; 0
    14fa:	84 70       	andi	r24, 0x04	; 4
    14fc:	90 70       	andi	r25, 0x00	; 0
    14fe:	95 95       	asr	r25
    1500:	87 95       	ror	r24
    1502:	95 95       	asr	r25
    1504:	87 95       	ror	r24
    1506:	98 2f       	mov	r25, r24
    1508:	80 e0       	ldi	r24, 0x00	; 0
    150a:	65 e0       	ldi	r22, 0x05	; 5
    150c:	49 2f       	mov	r20, r25
    150e:	0e 94 a2 14 	call	0x2944	; 0x2944 <GPIO_writePin>
	GPIO_writePin(LCD_DATA_PORT_ID, LCD_D7_PIN_ID, GET_BIT(command, 3));
    1512:	fe 01       	movw	r30, r28
    1514:	ed 59       	subi	r30, 0x9D	; 157
    1516:	ff 4f       	sbci	r31, 0xFF	; 255
    1518:	80 81       	ld	r24, Z
    151a:	88 2f       	mov	r24, r24
    151c:	90 e0       	ldi	r25, 0x00	; 0
    151e:	88 70       	andi	r24, 0x08	; 8
    1520:	90 70       	andi	r25, 0x00	; 0
    1522:	95 95       	asr	r25
    1524:	87 95       	ror	r24
    1526:	95 95       	asr	r25
    1528:	87 95       	ror	r24
    152a:	95 95       	asr	r25
    152c:	87 95       	ror	r24
    152e:	98 2f       	mov	r25, r24
    1530:	80 e0       	ldi	r24, 0x00	; 0
    1532:	66 e0       	ldi	r22, 0x06	; 6
    1534:	49 2f       	mov	r20, r25
    1536:	0e 94 a2 14 	call	0x2944	; 0x2944 <GPIO_writePin>
    153a:	80 e0       	ldi	r24, 0x00	; 0
    153c:	90 e0       	ldi	r25, 0x00	; 0
    153e:	a0 e8       	ldi	r26, 0x80	; 128
    1540:	bf e3       	ldi	r27, 0x3F	; 63
    1542:	89 8f       	std	Y+25, r24	; 0x19
    1544:	9a 8f       	std	Y+26, r25	; 0x1a
    1546:	ab 8f       	std	Y+27, r26	; 0x1b
    1548:	bc 8f       	std	Y+28, r27	; 0x1c
 */
void
_delay_ms(double __ms)
{
	uint16_t __ticks;
	double __tmp = ((F_CPU) / 4e3) * __ms;
    154a:	69 8d       	ldd	r22, Y+25	; 0x19
    154c:	7a 8d       	ldd	r23, Y+26	; 0x1a
    154e:	8b 8d       	ldd	r24, Y+27	; 0x1b
    1550:	9c 8d       	ldd	r25, Y+28	; 0x1c
    1552:	20 e0       	ldi	r18, 0x00	; 0
    1554:	30 e0       	ldi	r19, 0x00	; 0
    1556:	4a e7       	ldi	r20, 0x7A	; 122
    1558:	55 e4       	ldi	r21, 0x45	; 69
    155a:	0e 94 1f 02 	call	0x43e	; 0x43e <__mulsf3>
    155e:	dc 01       	movw	r26, r24
    1560:	cb 01       	movw	r24, r22
    1562:	8d 8b       	std	Y+21, r24	; 0x15
    1564:	9e 8b       	std	Y+22, r25	; 0x16
    1566:	af 8b       	std	Y+23, r26	; 0x17
    1568:	b8 8f       	std	Y+24, r27	; 0x18
	if (__tmp < 1.0)
    156a:	6d 89       	ldd	r22, Y+21	; 0x15
    156c:	7e 89       	ldd	r23, Y+22	; 0x16
    156e:	8f 89       	ldd	r24, Y+23	; 0x17
    1570:	98 8d       	ldd	r25, Y+24	; 0x18
    1572:	20 e0       	ldi	r18, 0x00	; 0
    1574:	30 e0       	ldi	r19, 0x00	; 0
    1576:	40 e8       	ldi	r20, 0x80	; 128
    1578:	5f e3       	ldi	r21, 0x3F	; 63
    157a:	0e 94 25 04 	call	0x84a	; 0x84a <__ltsf2>
    157e:	88 23       	and	r24, r24
    1580:	2c f4       	brge	.+10     	; 0x158c <LCD_sendCommand+0x75e>
		__ticks = 1;
    1582:	81 e0       	ldi	r24, 0x01	; 1
    1584:	90 e0       	ldi	r25, 0x00	; 0
    1586:	9c 8b       	std	Y+20, r25	; 0x14
    1588:	8b 8b       	std	Y+19, r24	; 0x13
    158a:	3f c0       	rjmp	.+126    	; 0x160a <LCD_sendCommand+0x7dc>
	else if (__tmp > 65535)
    158c:	6d 89       	ldd	r22, Y+21	; 0x15
    158e:	7e 89       	ldd	r23, Y+22	; 0x16
    1590:	8f 89       	ldd	r24, Y+23	; 0x17
    1592:	98 8d       	ldd	r25, Y+24	; 0x18
    1594:	20 e0       	ldi	r18, 0x00	; 0
    1596:	3f ef       	ldi	r19, 0xFF	; 255
    1598:	4f e7       	ldi	r20, 0x7F	; 127
    159a:	57 e4       	ldi	r21, 0x47	; 71
    159c:	0e 94 c5 03 	call	0x78a	; 0x78a <__gtsf2>
    15a0:	18 16       	cp	r1, r24
    15a2:	4c f5       	brge	.+82     	; 0x15f6 <LCD_sendCommand+0x7c8>
	{
		//	__ticks = requested delay in 1/10 ms
		__ticks = (uint16_t) (__ms * 10.0);
    15a4:	69 8d       	ldd	r22, Y+25	; 0x19
    15a6:	7a 8d       	ldd	r23, Y+26	; 0x1a
    15a8:	8b 8d       	ldd	r24, Y+27	; 0x1b
    15aa:	9c 8d       	ldd	r25, Y+28	; 0x1c
    15ac:	20 e0       	ldi	r18, 0x00	; 0
    15ae:	30 e0       	ldi	r19, 0x00	; 0
    15b0:	40 e2       	ldi	r20, 0x20	; 32
    15b2:	51 e4       	ldi	r21, 0x41	; 65
    15b4:	0e 94 1f 02 	call	0x43e	; 0x43e <__mulsf3>
    15b8:	dc 01       	movw	r26, r24
    15ba:	cb 01       	movw	r24, r22
    15bc:	bc 01       	movw	r22, r24
    15be:	cd 01       	movw	r24, r26
    15c0:	0e 94 49 00 	call	0x92	; 0x92 <__fixunssfsi>
    15c4:	dc 01       	movw	r26, r24
    15c6:	cb 01       	movw	r24, r22
    15c8:	9c 8b       	std	Y+20, r25	; 0x14
    15ca:	8b 8b       	std	Y+19, r24	; 0x13
    15cc:	0f c0       	rjmp	.+30     	; 0x15ec <LCD_sendCommand+0x7be>
    15ce:	80 e9       	ldi	r24, 0x90	; 144
    15d0:	91 e0       	ldi	r25, 0x01	; 1
    15d2:	9a 8b       	std	Y+18, r25	; 0x12
    15d4:	89 8b       	std	Y+17, r24	; 0x11
    15d6:	89 89       	ldd	r24, Y+17	; 0x11
    15d8:	9a 89       	ldd	r25, Y+18	; 0x12
    15da:	01 97       	sbiw	r24, 0x01	; 1
    15dc:	f1 f7       	brne	.-4      	; 0x15da <LCD_sendCommand+0x7ac>
    15de:	9a 8b       	std	Y+18, r25	; 0x12
    15e0:	89 8b       	std	Y+17, r24	; 0x11
		while(__ticks)
		{
			// wait 1/10 ms
			_delay_loop_2(((F_CPU) / 4e3) / 10);
			__ticks --;
    15e2:	8b 89       	ldd	r24, Y+19	; 0x13
    15e4:	9c 89       	ldd	r25, Y+20	; 0x14
    15e6:	01 97       	sbiw	r24, 0x01	; 1
    15e8:	9c 8b       	std	Y+20, r25	; 0x14
    15ea:	8b 8b       	std	Y+19, r24	; 0x13
		__ticks = 1;
	else if (__tmp > 65535)
	{
		//	__ticks = requested delay in 1/10 ms
		__ticks = (uint16_t) (__ms * 10.0);
		while(__ticks)
    15ec:	8b 89       	ldd	r24, Y+19	; 0x13
    15ee:	9c 89       	ldd	r25, Y+20	; 0x14
    15f0:	00 97       	sbiw	r24, 0x00	; 0
    15f2:	69 f7       	brne	.-38     	; 0x15ce <LCD_sendCommand+0x7a0>
    15f4:	14 c0       	rjmp	.+40     	; 0x161e <LCD_sendCommand+0x7f0>
			__ticks --;
		}
		return;
	}
	else
		__ticks = (uint16_t)__tmp;
    15f6:	6d 89       	ldd	r22, Y+21	; 0x15
    15f8:	7e 89       	ldd	r23, Y+22	; 0x16
    15fa:	8f 89       	ldd	r24, Y+23	; 0x17
    15fc:	98 8d       	ldd	r25, Y+24	; 0x18
    15fe:	0e 94 49 00 	call	0x92	; 0x92 <__fixunssfsi>
    1602:	dc 01       	movw	r26, r24
    1604:	cb 01       	movw	r24, r22
    1606:	9c 8b       	std	Y+20, r25	; 0x14
    1608:	8b 8b       	std	Y+19, r24	; 0x13
    160a:	8b 89       	ldd	r24, Y+19	; 0x13
    160c:	9c 89       	ldd	r25, Y+20	; 0x14
    160e:	98 8b       	std	Y+16, r25	; 0x10
    1610:	8f 87       	std	Y+15, r24	; 0x0f
    1612:	8f 85       	ldd	r24, Y+15	; 0x0f
    1614:	98 89       	ldd	r25, Y+16	; 0x10
    1616:	01 97       	sbiw	r24, 0x01	; 1
    1618:	f1 f7       	brne	.-4      	; 0x1616 <LCD_sendCommand+0x7e8>
    161a:	98 8b       	std	Y+16, r25	; 0x10
    161c:	8f 87       	std	Y+15, r24	; 0x0f
	_delay_ms(1);
	GPIO_writePin(LCD_E_PORT_ID, LCD_E_PIN_ID, LOGIC_LOW);
    161e:	80 e0       	ldi	r24, 0x00	; 0
    1620:	62 e0       	ldi	r22, 0x02	; 2
    1622:	40 e0       	ldi	r20, 0x00	; 0
    1624:	0e 94 a2 14 	call	0x2944	; 0x2944 <GPIO_writePin>
    1628:	80 e0       	ldi	r24, 0x00	; 0
    162a:	90 e0       	ldi	r25, 0x00	; 0
    162c:	a0 e8       	ldi	r26, 0x80	; 128
    162e:	bf e3       	ldi	r27, 0x3F	; 63
    1630:	8b 87       	std	Y+11, r24	; 0x0b
    1632:	9c 87       	std	Y+12, r25	; 0x0c
    1634:	ad 87       	std	Y+13, r26	; 0x0d
    1636:	be 87       	std	Y+14, r27	; 0x0e
 */
void
_delay_ms(double __ms)
{
	uint16_t __ticks;
	double __tmp = ((F_CPU) / 4e3) * __ms;
    1638:	6b 85       	ldd	r22, Y+11	; 0x0b
    163a:	7c 85       	ldd	r23, Y+12	; 0x0c
    163c:	8d 85       	ldd	r24, Y+13	; 0x0d
    163e:	9e 85       	ldd	r25, Y+14	; 0x0e
    1640:	20 e0       	ldi	r18, 0x00	; 0
    1642:	30 e0       	ldi	r19, 0x00	; 0
    1644:	4a e7       	ldi	r20, 0x7A	; 122
    1646:	55 e4       	ldi	r21, 0x45	; 69
    1648:	0e 94 1f 02 	call	0x43e	; 0x43e <__mulsf3>
    164c:	dc 01       	movw	r26, r24
    164e:	cb 01       	movw	r24, r22
    1650:	8f 83       	std	Y+7, r24	; 0x07
    1652:	98 87       	std	Y+8, r25	; 0x08
    1654:	a9 87       	std	Y+9, r26	; 0x09
    1656:	ba 87       	std	Y+10, r27	; 0x0a
	if (__tmp < 1.0)
    1658:	6f 81       	ldd	r22, Y+7	; 0x07
    165a:	78 85       	ldd	r23, Y+8	; 0x08
    165c:	89 85       	ldd	r24, Y+9	; 0x09
    165e:	9a 85       	ldd	r25, Y+10	; 0x0a
    1660:	20 e0       	ldi	r18, 0x00	; 0
    1662:	30 e0       	ldi	r19, 0x00	; 0
    1664:	40 e8       	ldi	r20, 0x80	; 128
    1666:	5f e3       	ldi	r21, 0x3F	; 63
    1668:	0e 94 25 04 	call	0x84a	; 0x84a <__ltsf2>
    166c:	88 23       	and	r24, r24
    166e:	2c f4       	brge	.+10     	; 0x167a <LCD_sendCommand+0x84c>
		__ticks = 1;
    1670:	81 e0       	ldi	r24, 0x01	; 1
    1672:	90 e0       	ldi	r25, 0x00	; 0
    1674:	9e 83       	std	Y+6, r25	; 0x06
    1676:	8d 83       	std	Y+5, r24	; 0x05
    1678:	3f c0       	rjmp	.+126    	; 0x16f8 <LCD_sendCommand+0x8ca>
	else if (__tmp > 65535)
    167a:	6f 81       	ldd	r22, Y+7	; 0x07
    167c:	78 85       	ldd	r23, Y+8	; 0x08
    167e:	89 85       	ldd	r24, Y+9	; 0x09
    1680:	9a 85       	ldd	r25, Y+10	; 0x0a
    1682:	20 e0       	ldi	r18, 0x00	; 0
    1684:	3f ef       	ldi	r19, 0xFF	; 255
    1686:	4f e7       	ldi	r20, 0x7F	; 127
    1688:	57 e4       	ldi	r21, 0x47	; 71
    168a:	0e 94 c5 03 	call	0x78a	; 0x78a <__gtsf2>
    168e:	18 16       	cp	r1, r24
    1690:	4c f5       	brge	.+82     	; 0x16e4 <LCD_sendCommand+0x8b6>
	{
		//	__ticks = requested delay in 1/10 ms
		__ticks = (uint16_t) (__ms * 10.0);
    1692:	6b 85       	ldd	r22, Y+11	; 0x0b
    1694:	7c 85       	ldd	r23, Y+12	; 0x0c
    1696:	8d 85       	ldd	r24, Y+13	; 0x0d
    1698:	9e 85       	ldd	r25, Y+14	; 0x0e
    169a:	20 e0       	ldi	r18, 0x00	; 0
    169c:	30 e0       	ldi	r19, 0x00	; 0
    169e:	40 e2       	ldi	r20, 0x20	; 32
    16a0:	51 e4       	ldi	r21, 0x41	; 65
    16a2:	0e 94 1f 02 	call	0x43e	; 0x43e <__mulsf3>
    16a6:	dc 01       	movw	r26, r24
    16a8:	cb 01       	movw	r24, r22
    16aa:	bc 01       	movw	r22, r24
    16ac:	cd 01       	movw	r24, r26
    16ae:	0e 94 49 00 	call	0x92	; 0x92 <__fixunssfsi>
    16b2:	dc 01       	movw	r26, r24
    16b4:	cb 01       	movw	r24, r22
    16b6:	9e 83       	std	Y+6, r25	; 0x06
    16b8:	8d 83       	std	Y+5, r24	; 0x05
    16ba:	0f c0       	rjmp	.+30     	; 0x16da <LCD_sendCommand+0x8ac>
    16bc:	80 e9       	ldi	r24, 0x90	; 144
    16be:	91 e0       	ldi	r25, 0x01	; 1
    16c0:	9c 83       	std	Y+4, r25	; 0x04
    16c2:	8b 83       	std	Y+3, r24	; 0x03
    16c4:	8b 81       	ldd	r24, Y+3	; 0x03
    16c6:	9c 81       	ldd	r25, Y+4	; 0x04
    16c8:	01 97       	sbiw	r24, 0x01	; 1
    16ca:	f1 f7       	brne	.-4      	; 0x16c8 <LCD_sendCommand+0x89a>
    16cc:	9c 83       	std	Y+4, r25	; 0x04
    16ce:	8b 83       	std	Y+3, r24	; 0x03
		while(__ticks)
		{
			// wait 1/10 ms
			_delay_loop_2(((F_CPU) / 4e3) / 10);
			__ticks --;
    16d0:	8d 81       	ldd	r24, Y+5	; 0x05
    16d2:	9e 81       	ldd	r25, Y+6	; 0x06
    16d4:	01 97       	sbiw	r24, 0x01	; 1
    16d6:	9e 83       	std	Y+6, r25	; 0x06
    16d8:	8d 83       	std	Y+5, r24	; 0x05
		__ticks = 1;
	else if (__tmp > 65535)
	{
		//	__ticks = requested delay in 1/10 ms
		__ticks = (uint16_t) (__ms * 10.0);
		while(__ticks)
    16da:	8d 81       	ldd	r24, Y+5	; 0x05
    16dc:	9e 81       	ldd	r25, Y+6	; 0x06
    16de:	00 97       	sbiw	r24, 0x00	; 0
    16e0:	69 f7       	brne	.-38     	; 0x16bc <LCD_sendCommand+0x88e>
    16e2:	14 c0       	rjmp	.+40     	; 0x170c <LCD_sendCommand+0x8de>
			__ticks --;
		}
		return;
	}
	else
		__ticks = (uint16_t)__tmp;
    16e4:	6f 81       	ldd	r22, Y+7	; 0x07
    16e6:	78 85       	ldd	r23, Y+8	; 0x08
    16e8:	89 85       	ldd	r24, Y+9	; 0x09
    16ea:	9a 85       	ldd	r25, Y+10	; 0x0a
    16ec:	0e 94 49 00 	call	0x92	; 0x92 <__fixunssfsi>
    16f0:	dc 01       	movw	r26, r24
    16f2:	cb 01       	movw	r24, r22
    16f4:	9e 83       	std	Y+6, r25	; 0x06
    16f6:	8d 83       	std	Y+5, r24	; 0x05
    16f8:	8d 81       	ldd	r24, Y+5	; 0x05
    16fa:	9e 81       	ldd	r25, Y+6	; 0x06
    16fc:	9a 83       	std	Y+2, r25	; 0x02
    16fe:	89 83       	std	Y+1, r24	; 0x01
    1700:	89 81       	ldd	r24, Y+1	; 0x01
    1702:	9a 81       	ldd	r25, Y+2	; 0x02
    1704:	01 97       	sbiw	r24, 0x01	; 1
    1706:	f1 f7       	brne	.-4      	; 0x1704 <LCD_sendCommand+0x8d6>
    1708:	9a 83       	std	Y+2, r25	; 0x02
    170a:	89 83       	std	Y+1, r24	; 0x01
	_delay_ms(1);
#endif

}
    170c:	cd 59       	subi	r28, 0x9D	; 157
    170e:	df 4f       	sbci	r29, 0xFF	; 255
    1710:	0f b6       	in	r0, 0x3f	; 63
    1712:	f8 94       	cli
    1714:	de bf       	out	0x3e, r29	; 62
    1716:	0f be       	out	0x3f, r0	; 63
    1718:	cd bf       	out	0x3d, r28	; 61
    171a:	cf 91       	pop	r28
    171c:	df 91       	pop	r29
    171e:	1f 91       	pop	r17
    1720:	0f 91       	pop	r16
    1722:	08 95       	ret

00001724 <LCD_init>:
 *Initialize the LCD:
 * 1. Setup the LCD pins directions by use the GPIO driver.
 * 2. Setup the LCD Data Mode 4-bits or 8-bits.
 *
 * */
void LCD_init(void) {
    1724:	df 93       	push	r29
    1726:	cf 93       	push	r28
    1728:	cd b7       	in	r28, 0x3d	; 61
    172a:	de b7       	in	r29, 0x3e	; 62
    172c:	2e 97       	sbiw	r28, 0x0e	; 14
    172e:	0f b6       	in	r0, 0x3f	; 63
    1730:	f8 94       	cli
    1732:	de bf       	out	0x3e, r29	; 62
    1734:	0f be       	out	0x3f, r0	; 63
    1736:	cd bf       	out	0x3d, r28	; 61
	GPIO_setupPinDirection(LCD_RS_PORT_ID, LCD_RS_PIN_ID, PIN_OUTPUT);
    1738:	80 e0       	ldi	r24, 0x00	; 0
    173a:	61 e0       	ldi	r22, 0x01	; 1
    173c:	41 e0       	ldi	r20, 0x01	; 1
    173e:	0e 94 b7 13 	call	0x276e	; 0x276e <GPIO_setupPinDirection>
	GPIO_setupPinDirection(LCD_E_PORT_ID, LCD_E_PIN_ID, PIN_OUTPUT);
    1742:	80 e0       	ldi	r24, 0x00	; 0
    1744:	62 e0       	ldi	r22, 0x02	; 2
    1746:	41 e0       	ldi	r20, 0x01	; 1
    1748:	0e 94 b7 13 	call	0x276e	; 0x276e <GPIO_setupPinDirection>
    174c:	80 e0       	ldi	r24, 0x00	; 0
    174e:	90 e0       	ldi	r25, 0x00	; 0
    1750:	a0 ea       	ldi	r26, 0xA0	; 160
    1752:	b1 e4       	ldi	r27, 0x41	; 65
    1754:	8b 87       	std	Y+11, r24	; 0x0b
    1756:	9c 87       	std	Y+12, r25	; 0x0c
    1758:	ad 87       	std	Y+13, r26	; 0x0d
    175a:	be 87       	std	Y+14, r27	; 0x0e
 */
void
_delay_ms(double __ms)
{
	uint16_t __ticks;
	double __tmp = ((F_CPU) / 4e3) * __ms;
    175c:	6b 85       	ldd	r22, Y+11	; 0x0b
    175e:	7c 85       	ldd	r23, Y+12	; 0x0c
    1760:	8d 85       	ldd	r24, Y+13	; 0x0d
    1762:	9e 85       	ldd	r25, Y+14	; 0x0e
    1764:	20 e0       	ldi	r18, 0x00	; 0
    1766:	30 e0       	ldi	r19, 0x00	; 0
    1768:	4a e7       	ldi	r20, 0x7A	; 122
    176a:	55 e4       	ldi	r21, 0x45	; 69
    176c:	0e 94 1f 02 	call	0x43e	; 0x43e <__mulsf3>
    1770:	dc 01       	movw	r26, r24
    1772:	cb 01       	movw	r24, r22
    1774:	8f 83       	std	Y+7, r24	; 0x07
    1776:	98 87       	std	Y+8, r25	; 0x08
    1778:	a9 87       	std	Y+9, r26	; 0x09
    177a:	ba 87       	std	Y+10, r27	; 0x0a
	if (__tmp < 1.0)
    177c:	6f 81       	ldd	r22, Y+7	; 0x07
    177e:	78 85       	ldd	r23, Y+8	; 0x08
    1780:	89 85       	ldd	r24, Y+9	; 0x09
    1782:	9a 85       	ldd	r25, Y+10	; 0x0a
    1784:	20 e0       	ldi	r18, 0x00	; 0
    1786:	30 e0       	ldi	r19, 0x00	; 0
    1788:	40 e8       	ldi	r20, 0x80	; 128
    178a:	5f e3       	ldi	r21, 0x3F	; 63
    178c:	0e 94 25 04 	call	0x84a	; 0x84a <__ltsf2>
    1790:	88 23       	and	r24, r24
    1792:	2c f4       	brge	.+10     	; 0x179e <LCD_init+0x7a>
		__ticks = 1;
    1794:	81 e0       	ldi	r24, 0x01	; 1
    1796:	90 e0       	ldi	r25, 0x00	; 0
    1798:	9e 83       	std	Y+6, r25	; 0x06
    179a:	8d 83       	std	Y+5, r24	; 0x05
    179c:	3f c0       	rjmp	.+126    	; 0x181c <LCD_init+0xf8>
	else if (__tmp > 65535)
    179e:	6f 81       	ldd	r22, Y+7	; 0x07
    17a0:	78 85       	ldd	r23, Y+8	; 0x08
    17a2:	89 85       	ldd	r24, Y+9	; 0x09
    17a4:	9a 85       	ldd	r25, Y+10	; 0x0a
    17a6:	20 e0       	ldi	r18, 0x00	; 0
    17a8:	3f ef       	ldi	r19, 0xFF	; 255
    17aa:	4f e7       	ldi	r20, 0x7F	; 127
    17ac:	57 e4       	ldi	r21, 0x47	; 71
    17ae:	0e 94 c5 03 	call	0x78a	; 0x78a <__gtsf2>
    17b2:	18 16       	cp	r1, r24
    17b4:	4c f5       	brge	.+82     	; 0x1808 <LCD_init+0xe4>
	{
		//	__ticks = requested delay in 1/10 ms
		__ticks = (uint16_t) (__ms * 10.0);
    17b6:	6b 85       	ldd	r22, Y+11	; 0x0b
    17b8:	7c 85       	ldd	r23, Y+12	; 0x0c
    17ba:	8d 85       	ldd	r24, Y+13	; 0x0d
    17bc:	9e 85       	ldd	r25, Y+14	; 0x0e
    17be:	20 e0       	ldi	r18, 0x00	; 0
    17c0:	30 e0       	ldi	r19, 0x00	; 0
    17c2:	40 e2       	ldi	r20, 0x20	; 32
    17c4:	51 e4       	ldi	r21, 0x41	; 65
    17c6:	0e 94 1f 02 	call	0x43e	; 0x43e <__mulsf3>
    17ca:	dc 01       	movw	r26, r24
    17cc:	cb 01       	movw	r24, r22
    17ce:	bc 01       	movw	r22, r24
    17d0:	cd 01       	movw	r24, r26
    17d2:	0e 94 49 00 	call	0x92	; 0x92 <__fixunssfsi>
    17d6:	dc 01       	movw	r26, r24
    17d8:	cb 01       	movw	r24, r22
    17da:	9e 83       	std	Y+6, r25	; 0x06
    17dc:	8d 83       	std	Y+5, r24	; 0x05
    17de:	0f c0       	rjmp	.+30     	; 0x17fe <LCD_init+0xda>
    17e0:	80 e9       	ldi	r24, 0x90	; 144
    17e2:	91 e0       	ldi	r25, 0x01	; 1
    17e4:	9c 83       	std	Y+4, r25	; 0x04
    17e6:	8b 83       	std	Y+3, r24	; 0x03
    17e8:	8b 81       	ldd	r24, Y+3	; 0x03
    17ea:	9c 81       	ldd	r25, Y+4	; 0x04
    17ec:	01 97       	sbiw	r24, 0x01	; 1
    17ee:	f1 f7       	brne	.-4      	; 0x17ec <LCD_init+0xc8>
    17f0:	9c 83       	std	Y+4, r25	; 0x04
    17f2:	8b 83       	std	Y+3, r24	; 0x03
		while(__ticks)
		{
			// wait 1/10 ms
			_delay_loop_2(((F_CPU) / 4e3) / 10);
			__ticks --;
    17f4:	8d 81       	ldd	r24, Y+5	; 0x05
    17f6:	9e 81       	ldd	r25, Y+6	; 0x06
    17f8:	01 97       	sbiw	r24, 0x01	; 1
    17fa:	9e 83       	std	Y+6, r25	; 0x06
    17fc:	8d 83       	std	Y+5, r24	; 0x05
		__ticks = 1;
	else if (__tmp > 65535)
	{
		//	__ticks = requested delay in 1/10 ms
		__ticks = (uint16_t) (__ms * 10.0);
		while(__ticks)
    17fe:	8d 81       	ldd	r24, Y+5	; 0x05
    1800:	9e 81       	ldd	r25, Y+6	; 0x06
    1802:	00 97       	sbiw	r24, 0x00	; 0
    1804:	69 f7       	brne	.-38     	; 0x17e0 <LCD_init+0xbc>
    1806:	14 c0       	rjmp	.+40     	; 0x1830 <LCD_init+0x10c>
			__ticks --;
		}
		return;
	}
	else
		__ticks = (uint16_t)__tmp;
    1808:	6f 81       	ldd	r22, Y+7	; 0x07
    180a:	78 85       	ldd	r23, Y+8	; 0x08
    180c:	89 85       	ldd	r24, Y+9	; 0x09
    180e:	9a 85       	ldd	r25, Y+10	; 0x0a
    1810:	0e 94 49 00 	call	0x92	; 0x92 <__fixunssfsi>
    1814:	dc 01       	movw	r26, r24
    1816:	cb 01       	movw	r24, r22
    1818:	9e 83       	std	Y+6, r25	; 0x06
    181a:	8d 83       	std	Y+5, r24	; 0x05
    181c:	8d 81       	ldd	r24, Y+5	; 0x05
    181e:	9e 81       	ldd	r25, Y+6	; 0x06
    1820:	9a 83       	std	Y+2, r25	; 0x02
    1822:	89 83       	std	Y+1, r24	; 0x01
    1824:	89 81       	ldd	r24, Y+1	; 0x01
    1826:	9a 81       	ldd	r25, Y+2	; 0x02
    1828:	01 97       	sbiw	r24, 0x01	; 1
    182a:	f1 f7       	brne	.-4      	; 0x1828 <LCD_init+0x104>
    182c:	9a 83       	std	Y+2, r25	; 0x02
    182e:	89 83       	std	Y+1, r24	; 0x01
	_delay_ms(20);
	#if(LCD_MODE==8)
	GPIO_setupPortDirection(LCD_DATA_PORT_ID, PORT_OUTPUT);
	LCD_sendCommand(LCD_TWO_LINES_EIGHT_BITS_MODE);
#elif (LCD_MODE==4)
	GPIO_setupPinDirection(LCD_DATA_PORT_ID,LCD_D4_PIN_ID,PIN_OUTPUT);
    1830:	80 e0       	ldi	r24, 0x00	; 0
    1832:	63 e0       	ldi	r22, 0x03	; 3
    1834:	41 e0       	ldi	r20, 0x01	; 1
    1836:	0e 94 b7 13 	call	0x276e	; 0x276e <GPIO_setupPinDirection>
	GPIO_setupPinDirection(LCD_DATA_PORT_ID,LCD_D5_PIN_ID,PIN_OUTPUT);
    183a:	80 e0       	ldi	r24, 0x00	; 0
    183c:	64 e0       	ldi	r22, 0x04	; 4
    183e:	41 e0       	ldi	r20, 0x01	; 1
    1840:	0e 94 b7 13 	call	0x276e	; 0x276e <GPIO_setupPinDirection>
	GPIO_setupPinDirection(LCD_DATA_PORT_ID,LCD_D6_PIN_ID,PIN_OUTPUT);
    1844:	80 e0       	ldi	r24, 0x00	; 0
    1846:	65 e0       	ldi	r22, 0x05	; 5
    1848:	41 e0       	ldi	r20, 0x01	; 1
    184a:	0e 94 b7 13 	call	0x276e	; 0x276e <GPIO_setupPinDirection>
	GPIO_setupPinDirection(LCD_DATA_PORT_ID,LCD_D7_PIN_ID,PIN_OUTPUT);
    184e:	80 e0       	ldi	r24, 0x00	; 0
    1850:	66 e0       	ldi	r22, 0x06	; 6
    1852:	41 e0       	ldi	r20, 0x01	; 1
    1854:	0e 94 b7 13 	call	0x276e	; 0x276e <GPIO_setupPinDirection>
	LCD_sendCommand(LCD_TWO_LINES_FOUR_BITS_MODE_INIT1);
    1858:	83 e3       	ldi	r24, 0x33	; 51
    185a:	0e 94 17 07 	call	0xe2e	; 0xe2e <LCD_sendCommand>
	LCD_sendCommand(LCD_TWO_LINES_FOUR_BITS_MODE_INIT2);
    185e:	82 e3       	ldi	r24, 0x32	; 50
    1860:	0e 94 17 07 	call	0xe2e	; 0xe2e <LCD_sendCommand>
	LCD_sendCommand(LCD_TWO_LINES_FOUR_BITS_MODE);
    1864:	88 e2       	ldi	r24, 0x28	; 40
    1866:	0e 94 17 07 	call	0xe2e	; 0xe2e <LCD_sendCommand>
#endif
	LCD_sendCommand(LCD_CURSOR_OFF);
    186a:	8c e0       	ldi	r24, 0x0C	; 12
    186c:	0e 94 17 07 	call	0xe2e	; 0xe2e <LCD_sendCommand>
	LCD_sendCommand(LCD_CLEAR_COMMAND);
    1870:	81 e0       	ldi	r24, 0x01	; 1
    1872:	0e 94 17 07 	call	0xe2e	; 0xe2e <LCD_sendCommand>

}
    1876:	2e 96       	adiw	r28, 0x0e	; 14
    1878:	0f b6       	in	r0, 0x3f	; 63
    187a:	f8 94       	cli
    187c:	de bf       	out	0x3e, r29	; 62
    187e:	0f be       	out	0x3f, r0	; 63
    1880:	cd bf       	out	0x3d, r28	; 61
    1882:	cf 91       	pop	r28
    1884:	df 91       	pop	r29
    1886:	08 95       	ret

00001888 <LCD_sendChar>:
/*
 * Description :
 * Display the required character on the screen
 */
void LCD_sendChar(uint8 data) {
    1888:	0f 93       	push	r16
    188a:	1f 93       	push	r17
    188c:	df 93       	push	r29
    188e:	cf 93       	push	r28
    1890:	cd b7       	in	r28, 0x3d	; 61
    1892:	de b7       	in	r29, 0x3e	; 62
    1894:	c3 56       	subi	r28, 0x63	; 99
    1896:	d0 40       	sbci	r29, 0x00	; 0
    1898:	0f b6       	in	r0, 0x3f	; 63
    189a:	f8 94       	cli
    189c:	de bf       	out	0x3e, r29	; 62
    189e:	0f be       	out	0x3f, r0	; 63
    18a0:	cd bf       	out	0x3d, r28	; 61
    18a2:	fe 01       	movw	r30, r28
    18a4:	ed 59       	subi	r30, 0x9D	; 157
    18a6:	ff 4f       	sbci	r31, 0xFF	; 255
    18a8:	80 83       	st	Z, r24
	GPIO_writePin(LCD_RS_PORT_ID, LCD_RS_PIN_ID, LOGIC_HIGH);
    18aa:	80 e0       	ldi	r24, 0x00	; 0
    18ac:	61 e0       	ldi	r22, 0x01	; 1
    18ae:	41 e0       	ldi	r20, 0x01	; 1
    18b0:	0e 94 a2 14 	call	0x2944	; 0x2944 <GPIO_writePin>
    18b4:	fe 01       	movw	r30, r28
    18b6:	e1 5a       	subi	r30, 0xA1	; 161
    18b8:	ff 4f       	sbci	r31, 0xFF	; 255
    18ba:	80 e0       	ldi	r24, 0x00	; 0
    18bc:	90 e0       	ldi	r25, 0x00	; 0
    18be:	a0 e8       	ldi	r26, 0x80	; 128
    18c0:	bf e3       	ldi	r27, 0x3F	; 63
    18c2:	80 83       	st	Z, r24
    18c4:	91 83       	std	Z+1, r25	; 0x01
    18c6:	a2 83       	std	Z+2, r26	; 0x02
    18c8:	b3 83       	std	Z+3, r27	; 0x03
 */
void
_delay_ms(double __ms)
{
	uint16_t __ticks;
	double __tmp = ((F_CPU) / 4e3) * __ms;
    18ca:	8e 01       	movw	r16, r28
    18cc:	05 5a       	subi	r16, 0xA5	; 165
    18ce:	1f 4f       	sbci	r17, 0xFF	; 255
    18d0:	fe 01       	movw	r30, r28
    18d2:	e1 5a       	subi	r30, 0xA1	; 161
    18d4:	ff 4f       	sbci	r31, 0xFF	; 255
    18d6:	60 81       	ld	r22, Z
    18d8:	71 81       	ldd	r23, Z+1	; 0x01
    18da:	82 81       	ldd	r24, Z+2	; 0x02
    18dc:	93 81       	ldd	r25, Z+3	; 0x03
    18de:	20 e0       	ldi	r18, 0x00	; 0
    18e0:	30 e0       	ldi	r19, 0x00	; 0
    18e2:	4a e7       	ldi	r20, 0x7A	; 122
    18e4:	55 e4       	ldi	r21, 0x45	; 69
    18e6:	0e 94 1f 02 	call	0x43e	; 0x43e <__mulsf3>
    18ea:	dc 01       	movw	r26, r24
    18ec:	cb 01       	movw	r24, r22
    18ee:	f8 01       	movw	r30, r16
    18f0:	80 83       	st	Z, r24
    18f2:	91 83       	std	Z+1, r25	; 0x01
    18f4:	a2 83       	std	Z+2, r26	; 0x02
    18f6:	b3 83       	std	Z+3, r27	; 0x03
	if (__tmp < 1.0)
    18f8:	fe 01       	movw	r30, r28
    18fa:	e5 5a       	subi	r30, 0xA5	; 165
    18fc:	ff 4f       	sbci	r31, 0xFF	; 255
    18fe:	60 81       	ld	r22, Z
    1900:	71 81       	ldd	r23, Z+1	; 0x01
    1902:	82 81       	ldd	r24, Z+2	; 0x02
    1904:	93 81       	ldd	r25, Z+3	; 0x03
    1906:	20 e0       	ldi	r18, 0x00	; 0
    1908:	30 e0       	ldi	r19, 0x00	; 0
    190a:	40 e8       	ldi	r20, 0x80	; 128
    190c:	5f e3       	ldi	r21, 0x3F	; 63
    190e:	0e 94 25 04 	call	0x84a	; 0x84a <__ltsf2>
    1912:	88 23       	and	r24, r24
    1914:	44 f4       	brge	.+16     	; 0x1926 <LCD_sendChar+0x9e>
		__ticks = 1;
    1916:	fe 01       	movw	r30, r28
    1918:	e7 5a       	subi	r30, 0xA7	; 167
    191a:	ff 4f       	sbci	r31, 0xFF	; 255
    191c:	81 e0       	ldi	r24, 0x01	; 1
    191e:	90 e0       	ldi	r25, 0x00	; 0
    1920:	91 83       	std	Z+1, r25	; 0x01
    1922:	80 83       	st	Z, r24
    1924:	64 c0       	rjmp	.+200    	; 0x19ee <LCD_sendChar+0x166>
	else if (__tmp > 65535)
    1926:	fe 01       	movw	r30, r28
    1928:	e5 5a       	subi	r30, 0xA5	; 165
    192a:	ff 4f       	sbci	r31, 0xFF	; 255
    192c:	60 81       	ld	r22, Z
    192e:	71 81       	ldd	r23, Z+1	; 0x01
    1930:	82 81       	ldd	r24, Z+2	; 0x02
    1932:	93 81       	ldd	r25, Z+3	; 0x03
    1934:	20 e0       	ldi	r18, 0x00	; 0
    1936:	3f ef       	ldi	r19, 0xFF	; 255
    1938:	4f e7       	ldi	r20, 0x7F	; 127
    193a:	57 e4       	ldi	r21, 0x47	; 71
    193c:	0e 94 c5 03 	call	0x78a	; 0x78a <__gtsf2>
    1940:	18 16       	cp	r1, r24
    1942:	0c f0       	brlt	.+2      	; 0x1946 <LCD_sendChar+0xbe>
    1944:	43 c0       	rjmp	.+134    	; 0x19cc <LCD_sendChar+0x144>
	{
		//	__ticks = requested delay in 1/10 ms
		__ticks = (uint16_t) (__ms * 10.0);
    1946:	fe 01       	movw	r30, r28
    1948:	e1 5a       	subi	r30, 0xA1	; 161
    194a:	ff 4f       	sbci	r31, 0xFF	; 255
    194c:	60 81       	ld	r22, Z
    194e:	71 81       	ldd	r23, Z+1	; 0x01
    1950:	82 81       	ldd	r24, Z+2	; 0x02
    1952:	93 81       	ldd	r25, Z+3	; 0x03
    1954:	20 e0       	ldi	r18, 0x00	; 0
    1956:	30 e0       	ldi	r19, 0x00	; 0
    1958:	40 e2       	ldi	r20, 0x20	; 32
    195a:	51 e4       	ldi	r21, 0x41	; 65
    195c:	0e 94 1f 02 	call	0x43e	; 0x43e <__mulsf3>
    1960:	dc 01       	movw	r26, r24
    1962:	cb 01       	movw	r24, r22
    1964:	8e 01       	movw	r16, r28
    1966:	07 5a       	subi	r16, 0xA7	; 167
    1968:	1f 4f       	sbci	r17, 0xFF	; 255
    196a:	bc 01       	movw	r22, r24
    196c:	cd 01       	movw	r24, r26
    196e:	0e 94 49 00 	call	0x92	; 0x92 <__fixunssfsi>
    1972:	dc 01       	movw	r26, r24
    1974:	cb 01       	movw	r24, r22
    1976:	f8 01       	movw	r30, r16
    1978:	91 83       	std	Z+1, r25	; 0x01
    197a:	80 83       	st	Z, r24
    197c:	1f c0       	rjmp	.+62     	; 0x19bc <LCD_sendChar+0x134>
    197e:	fe 01       	movw	r30, r28
    1980:	e9 5a       	subi	r30, 0xA9	; 169
    1982:	ff 4f       	sbci	r31, 0xFF	; 255
    1984:	80 e9       	ldi	r24, 0x90	; 144
    1986:	91 e0       	ldi	r25, 0x01	; 1
    1988:	91 83       	std	Z+1, r25	; 0x01
    198a:	80 83       	st	Z, r24
    198c:	fe 01       	movw	r30, r28
    198e:	e9 5a       	subi	r30, 0xA9	; 169
    1990:	ff 4f       	sbci	r31, 0xFF	; 255
    1992:	80 81       	ld	r24, Z
    1994:	91 81       	ldd	r25, Z+1	; 0x01
    1996:	01 97       	sbiw	r24, 0x01	; 1
    1998:	f1 f7       	brne	.-4      	; 0x1996 <LCD_sendChar+0x10e>
    199a:	fe 01       	movw	r30, r28
    199c:	e9 5a       	subi	r30, 0xA9	; 169
    199e:	ff 4f       	sbci	r31, 0xFF	; 255
    19a0:	91 83       	std	Z+1, r25	; 0x01
    19a2:	80 83       	st	Z, r24
		while(__ticks)
		{
			// wait 1/10 ms
			_delay_loop_2(((F_CPU) / 4e3) / 10);
			__ticks --;
    19a4:	de 01       	movw	r26, r28
    19a6:	a7 5a       	subi	r26, 0xA7	; 167
    19a8:	bf 4f       	sbci	r27, 0xFF	; 255
    19aa:	fe 01       	movw	r30, r28
    19ac:	e7 5a       	subi	r30, 0xA7	; 167
    19ae:	ff 4f       	sbci	r31, 0xFF	; 255
    19b0:	80 81       	ld	r24, Z
    19b2:	91 81       	ldd	r25, Z+1	; 0x01
    19b4:	01 97       	sbiw	r24, 0x01	; 1
    19b6:	11 96       	adiw	r26, 0x01	; 1
    19b8:	9c 93       	st	X, r25
    19ba:	8e 93       	st	-X, r24
		__ticks = 1;
	else if (__tmp > 65535)
	{
		//	__ticks = requested delay in 1/10 ms
		__ticks = (uint16_t) (__ms * 10.0);
		while(__ticks)
    19bc:	fe 01       	movw	r30, r28
    19be:	e7 5a       	subi	r30, 0xA7	; 167
    19c0:	ff 4f       	sbci	r31, 0xFF	; 255
    19c2:	80 81       	ld	r24, Z
    19c4:	91 81       	ldd	r25, Z+1	; 0x01
    19c6:	00 97       	sbiw	r24, 0x00	; 0
    19c8:	d1 f6       	brne	.-76     	; 0x197e <LCD_sendChar+0xf6>
    19ca:	27 c0       	rjmp	.+78     	; 0x1a1a <LCD_sendChar+0x192>
			__ticks --;
		}
		return;
	}
	else
		__ticks = (uint16_t)__tmp;
    19cc:	8e 01       	movw	r16, r28
    19ce:	07 5a       	subi	r16, 0xA7	; 167
    19d0:	1f 4f       	sbci	r17, 0xFF	; 255
    19d2:	fe 01       	movw	r30, r28
    19d4:	e5 5a       	subi	r30, 0xA5	; 165
    19d6:	ff 4f       	sbci	r31, 0xFF	; 255
    19d8:	60 81       	ld	r22, Z
    19da:	71 81       	ldd	r23, Z+1	; 0x01
    19dc:	82 81       	ldd	r24, Z+2	; 0x02
    19de:	93 81       	ldd	r25, Z+3	; 0x03
    19e0:	0e 94 49 00 	call	0x92	; 0x92 <__fixunssfsi>
    19e4:	dc 01       	movw	r26, r24
    19e6:	cb 01       	movw	r24, r22
    19e8:	f8 01       	movw	r30, r16
    19ea:	91 83       	std	Z+1, r25	; 0x01
    19ec:	80 83       	st	Z, r24
    19ee:	de 01       	movw	r26, r28
    19f0:	ab 5a       	subi	r26, 0xAB	; 171
    19f2:	bf 4f       	sbci	r27, 0xFF	; 255
    19f4:	fe 01       	movw	r30, r28
    19f6:	e7 5a       	subi	r30, 0xA7	; 167
    19f8:	ff 4f       	sbci	r31, 0xFF	; 255
    19fa:	80 81       	ld	r24, Z
    19fc:	91 81       	ldd	r25, Z+1	; 0x01
    19fe:	8d 93       	st	X+, r24
    1a00:	9c 93       	st	X, r25
    1a02:	fe 01       	movw	r30, r28
    1a04:	eb 5a       	subi	r30, 0xAB	; 171
    1a06:	ff 4f       	sbci	r31, 0xFF	; 255
    1a08:	80 81       	ld	r24, Z
    1a0a:	91 81       	ldd	r25, Z+1	; 0x01
    1a0c:	01 97       	sbiw	r24, 0x01	; 1
    1a0e:	f1 f7       	brne	.-4      	; 0x1a0c <LCD_sendChar+0x184>
    1a10:	fe 01       	movw	r30, r28
    1a12:	eb 5a       	subi	r30, 0xAB	; 171
    1a14:	ff 4f       	sbci	r31, 0xFF	; 255
    1a16:	91 83       	std	Z+1, r25	; 0x01
    1a18:	80 83       	st	Z, r24
	_delay_ms(1);
	GPIO_writePin(LCD_E_PORT_ID, LCD_E_PIN_ID, LOGIC_HIGH);
    1a1a:	80 e0       	ldi	r24, 0x00	; 0
    1a1c:	62 e0       	ldi	r22, 0x02	; 2
    1a1e:	41 e0       	ldi	r20, 0x01	; 1
    1a20:	0e 94 a2 14 	call	0x2944	; 0x2944 <GPIO_writePin>
    1a24:	fe 01       	movw	r30, r28
    1a26:	ef 5a       	subi	r30, 0xAF	; 175
    1a28:	ff 4f       	sbci	r31, 0xFF	; 255
    1a2a:	80 e0       	ldi	r24, 0x00	; 0
    1a2c:	90 e0       	ldi	r25, 0x00	; 0
    1a2e:	a0 e8       	ldi	r26, 0x80	; 128
    1a30:	bf e3       	ldi	r27, 0x3F	; 63
    1a32:	80 83       	st	Z, r24
    1a34:	91 83       	std	Z+1, r25	; 0x01
    1a36:	a2 83       	std	Z+2, r26	; 0x02
    1a38:	b3 83       	std	Z+3, r27	; 0x03
 */
void
_delay_ms(double __ms)
{
	uint16_t __ticks;
	double __tmp = ((F_CPU) / 4e3) * __ms;
    1a3a:	8e 01       	movw	r16, r28
    1a3c:	03 5b       	subi	r16, 0xB3	; 179
    1a3e:	1f 4f       	sbci	r17, 0xFF	; 255
    1a40:	fe 01       	movw	r30, r28
    1a42:	ef 5a       	subi	r30, 0xAF	; 175
    1a44:	ff 4f       	sbci	r31, 0xFF	; 255
    1a46:	60 81       	ld	r22, Z
    1a48:	71 81       	ldd	r23, Z+1	; 0x01
    1a4a:	82 81       	ldd	r24, Z+2	; 0x02
    1a4c:	93 81       	ldd	r25, Z+3	; 0x03
    1a4e:	20 e0       	ldi	r18, 0x00	; 0
    1a50:	30 e0       	ldi	r19, 0x00	; 0
    1a52:	4a e7       	ldi	r20, 0x7A	; 122
    1a54:	55 e4       	ldi	r21, 0x45	; 69
    1a56:	0e 94 1f 02 	call	0x43e	; 0x43e <__mulsf3>
    1a5a:	dc 01       	movw	r26, r24
    1a5c:	cb 01       	movw	r24, r22
    1a5e:	f8 01       	movw	r30, r16
    1a60:	80 83       	st	Z, r24
    1a62:	91 83       	std	Z+1, r25	; 0x01
    1a64:	a2 83       	std	Z+2, r26	; 0x02
    1a66:	b3 83       	std	Z+3, r27	; 0x03
	if (__tmp < 1.0)
    1a68:	fe 01       	movw	r30, r28
    1a6a:	e3 5b       	subi	r30, 0xB3	; 179
    1a6c:	ff 4f       	sbci	r31, 0xFF	; 255
    1a6e:	60 81       	ld	r22, Z
    1a70:	71 81       	ldd	r23, Z+1	; 0x01
    1a72:	82 81       	ldd	r24, Z+2	; 0x02
    1a74:	93 81       	ldd	r25, Z+3	; 0x03
    1a76:	20 e0       	ldi	r18, 0x00	; 0
    1a78:	30 e0       	ldi	r19, 0x00	; 0
    1a7a:	40 e8       	ldi	r20, 0x80	; 128
    1a7c:	5f e3       	ldi	r21, 0x3F	; 63
    1a7e:	0e 94 25 04 	call	0x84a	; 0x84a <__ltsf2>
    1a82:	88 23       	and	r24, r24
    1a84:	44 f4       	brge	.+16     	; 0x1a96 <LCD_sendChar+0x20e>
		__ticks = 1;
    1a86:	fe 01       	movw	r30, r28
    1a88:	e5 5b       	subi	r30, 0xB5	; 181
    1a8a:	ff 4f       	sbci	r31, 0xFF	; 255
    1a8c:	81 e0       	ldi	r24, 0x01	; 1
    1a8e:	90 e0       	ldi	r25, 0x00	; 0
    1a90:	91 83       	std	Z+1, r25	; 0x01
    1a92:	80 83       	st	Z, r24
    1a94:	64 c0       	rjmp	.+200    	; 0x1b5e <LCD_sendChar+0x2d6>
	else if (__tmp > 65535)
    1a96:	fe 01       	movw	r30, r28
    1a98:	e3 5b       	subi	r30, 0xB3	; 179
    1a9a:	ff 4f       	sbci	r31, 0xFF	; 255
    1a9c:	60 81       	ld	r22, Z
    1a9e:	71 81       	ldd	r23, Z+1	; 0x01
    1aa0:	82 81       	ldd	r24, Z+2	; 0x02
    1aa2:	93 81       	ldd	r25, Z+3	; 0x03
    1aa4:	20 e0       	ldi	r18, 0x00	; 0
    1aa6:	3f ef       	ldi	r19, 0xFF	; 255
    1aa8:	4f e7       	ldi	r20, 0x7F	; 127
    1aaa:	57 e4       	ldi	r21, 0x47	; 71
    1aac:	0e 94 c5 03 	call	0x78a	; 0x78a <__gtsf2>
    1ab0:	18 16       	cp	r1, r24
    1ab2:	0c f0       	brlt	.+2      	; 0x1ab6 <LCD_sendChar+0x22e>
    1ab4:	43 c0       	rjmp	.+134    	; 0x1b3c <LCD_sendChar+0x2b4>
	{
		//	__ticks = requested delay in 1/10 ms
		__ticks = (uint16_t) (__ms * 10.0);
    1ab6:	fe 01       	movw	r30, r28
    1ab8:	ef 5a       	subi	r30, 0xAF	; 175
    1aba:	ff 4f       	sbci	r31, 0xFF	; 255
    1abc:	60 81       	ld	r22, Z
    1abe:	71 81       	ldd	r23, Z+1	; 0x01
    1ac0:	82 81       	ldd	r24, Z+2	; 0x02
    1ac2:	93 81       	ldd	r25, Z+3	; 0x03
    1ac4:	20 e0       	ldi	r18, 0x00	; 0
    1ac6:	30 e0       	ldi	r19, 0x00	; 0
    1ac8:	40 e2       	ldi	r20, 0x20	; 32
    1aca:	51 e4       	ldi	r21, 0x41	; 65
    1acc:	0e 94 1f 02 	call	0x43e	; 0x43e <__mulsf3>
    1ad0:	dc 01       	movw	r26, r24
    1ad2:	cb 01       	movw	r24, r22
    1ad4:	8e 01       	movw	r16, r28
    1ad6:	05 5b       	subi	r16, 0xB5	; 181
    1ad8:	1f 4f       	sbci	r17, 0xFF	; 255
    1ada:	bc 01       	movw	r22, r24
    1adc:	cd 01       	movw	r24, r26
    1ade:	0e 94 49 00 	call	0x92	; 0x92 <__fixunssfsi>
    1ae2:	dc 01       	movw	r26, r24
    1ae4:	cb 01       	movw	r24, r22
    1ae6:	f8 01       	movw	r30, r16
    1ae8:	91 83       	std	Z+1, r25	; 0x01
    1aea:	80 83       	st	Z, r24
    1aec:	1f c0       	rjmp	.+62     	; 0x1b2c <LCD_sendChar+0x2a4>
    1aee:	fe 01       	movw	r30, r28
    1af0:	e7 5b       	subi	r30, 0xB7	; 183
    1af2:	ff 4f       	sbci	r31, 0xFF	; 255
    1af4:	80 e9       	ldi	r24, 0x90	; 144
    1af6:	91 e0       	ldi	r25, 0x01	; 1
    1af8:	91 83       	std	Z+1, r25	; 0x01
    1afa:	80 83       	st	Z, r24
    1afc:	fe 01       	movw	r30, r28
    1afe:	e7 5b       	subi	r30, 0xB7	; 183
    1b00:	ff 4f       	sbci	r31, 0xFF	; 255
    1b02:	80 81       	ld	r24, Z
    1b04:	91 81       	ldd	r25, Z+1	; 0x01
    1b06:	01 97       	sbiw	r24, 0x01	; 1
    1b08:	f1 f7       	brne	.-4      	; 0x1b06 <LCD_sendChar+0x27e>
    1b0a:	fe 01       	movw	r30, r28
    1b0c:	e7 5b       	subi	r30, 0xB7	; 183
    1b0e:	ff 4f       	sbci	r31, 0xFF	; 255
    1b10:	91 83       	std	Z+1, r25	; 0x01
    1b12:	80 83       	st	Z, r24
		while(__ticks)
		{
			// wait 1/10 ms
			_delay_loop_2(((F_CPU) / 4e3) / 10);
			__ticks --;
    1b14:	de 01       	movw	r26, r28
    1b16:	a5 5b       	subi	r26, 0xB5	; 181
    1b18:	bf 4f       	sbci	r27, 0xFF	; 255
    1b1a:	fe 01       	movw	r30, r28
    1b1c:	e5 5b       	subi	r30, 0xB5	; 181
    1b1e:	ff 4f       	sbci	r31, 0xFF	; 255
    1b20:	80 81       	ld	r24, Z
    1b22:	91 81       	ldd	r25, Z+1	; 0x01
    1b24:	01 97       	sbiw	r24, 0x01	; 1
    1b26:	11 96       	adiw	r26, 0x01	; 1
    1b28:	9c 93       	st	X, r25
    1b2a:	8e 93       	st	-X, r24
		__ticks = 1;
	else if (__tmp > 65535)
	{
		//	__ticks = requested delay in 1/10 ms
		__ticks = (uint16_t) (__ms * 10.0);
		while(__ticks)
    1b2c:	fe 01       	movw	r30, r28
    1b2e:	e5 5b       	subi	r30, 0xB5	; 181
    1b30:	ff 4f       	sbci	r31, 0xFF	; 255
    1b32:	80 81       	ld	r24, Z
    1b34:	91 81       	ldd	r25, Z+1	; 0x01
    1b36:	00 97       	sbiw	r24, 0x00	; 0
    1b38:	d1 f6       	brne	.-76     	; 0x1aee <LCD_sendChar+0x266>
    1b3a:	27 c0       	rjmp	.+78     	; 0x1b8a <LCD_sendChar+0x302>
			__ticks --;
		}
		return;
	}
	else
		__ticks = (uint16_t)__tmp;
    1b3c:	8e 01       	movw	r16, r28
    1b3e:	05 5b       	subi	r16, 0xB5	; 181
    1b40:	1f 4f       	sbci	r17, 0xFF	; 255
    1b42:	fe 01       	movw	r30, r28
    1b44:	e3 5b       	subi	r30, 0xB3	; 179
    1b46:	ff 4f       	sbci	r31, 0xFF	; 255
    1b48:	60 81       	ld	r22, Z
    1b4a:	71 81       	ldd	r23, Z+1	; 0x01
    1b4c:	82 81       	ldd	r24, Z+2	; 0x02
    1b4e:	93 81       	ldd	r25, Z+3	; 0x03
    1b50:	0e 94 49 00 	call	0x92	; 0x92 <__fixunssfsi>
    1b54:	dc 01       	movw	r26, r24
    1b56:	cb 01       	movw	r24, r22
    1b58:	f8 01       	movw	r30, r16
    1b5a:	91 83       	std	Z+1, r25	; 0x01
    1b5c:	80 83       	st	Z, r24
    1b5e:	de 01       	movw	r26, r28
    1b60:	a9 5b       	subi	r26, 0xB9	; 185
    1b62:	bf 4f       	sbci	r27, 0xFF	; 255
    1b64:	fe 01       	movw	r30, r28
    1b66:	e5 5b       	subi	r30, 0xB5	; 181
    1b68:	ff 4f       	sbci	r31, 0xFF	; 255
    1b6a:	80 81       	ld	r24, Z
    1b6c:	91 81       	ldd	r25, Z+1	; 0x01
    1b6e:	8d 93       	st	X+, r24
    1b70:	9c 93       	st	X, r25
    1b72:	fe 01       	movw	r30, r28
    1b74:	e9 5b       	subi	r30, 0xB9	; 185
    1b76:	ff 4f       	sbci	r31, 0xFF	; 255
    1b78:	80 81       	ld	r24, Z
    1b7a:	91 81       	ldd	r25, Z+1	; 0x01
    1b7c:	01 97       	sbiw	r24, 0x01	; 1
    1b7e:	f1 f7       	brne	.-4      	; 0x1b7c <LCD_sendChar+0x2f4>
    1b80:	fe 01       	movw	r30, r28
    1b82:	e9 5b       	subi	r30, 0xB9	; 185
    1b84:	ff 4f       	sbci	r31, 0xFF	; 255
    1b86:	91 83       	std	Z+1, r25	; 0x01
    1b88:	80 83       	st	Z, r24
	GPIO_writePort(LCD_DATA_PORT_ID, data);
	_delay_ms(1);
	GPIO_writePin(LCD_E_PORT_ID, LCD_E_PIN_ID, LOGIC_LOW);
	_delay_ms(1);
#elif (LCD_MODE==4)
	GPIO_writePin(LCD_DATA_PORT_ID, LCD_D4_PIN_ID, GET_BIT(data, 4));
    1b8a:	fe 01       	movw	r30, r28
    1b8c:	ed 59       	subi	r30, 0x9D	; 157
    1b8e:	ff 4f       	sbci	r31, 0xFF	; 255
    1b90:	80 81       	ld	r24, Z
    1b92:	88 2f       	mov	r24, r24
    1b94:	90 e0       	ldi	r25, 0x00	; 0
    1b96:	80 71       	andi	r24, 0x10	; 16
    1b98:	90 70       	andi	r25, 0x00	; 0
    1b9a:	95 95       	asr	r25
    1b9c:	87 95       	ror	r24
    1b9e:	95 95       	asr	r25
    1ba0:	87 95       	ror	r24
    1ba2:	95 95       	asr	r25
    1ba4:	87 95       	ror	r24
    1ba6:	95 95       	asr	r25
    1ba8:	87 95       	ror	r24
    1baa:	98 2f       	mov	r25, r24
    1bac:	80 e0       	ldi	r24, 0x00	; 0
    1bae:	63 e0       	ldi	r22, 0x03	; 3
    1bb0:	49 2f       	mov	r20, r25
    1bb2:	0e 94 a2 14 	call	0x2944	; 0x2944 <GPIO_writePin>
	GPIO_writePin(LCD_DATA_PORT_ID, LCD_D5_PIN_ID, GET_BIT(data, 5));
    1bb6:	fe 01       	movw	r30, r28
    1bb8:	ed 59       	subi	r30, 0x9D	; 157
    1bba:	ff 4f       	sbci	r31, 0xFF	; 255
    1bbc:	80 81       	ld	r24, Z
    1bbe:	88 2f       	mov	r24, r24
    1bc0:	90 e0       	ldi	r25, 0x00	; 0
    1bc2:	80 72       	andi	r24, 0x20	; 32
    1bc4:	90 70       	andi	r25, 0x00	; 0
    1bc6:	95 95       	asr	r25
    1bc8:	87 95       	ror	r24
    1bca:	95 95       	asr	r25
    1bcc:	87 95       	ror	r24
    1bce:	95 95       	asr	r25
    1bd0:	87 95       	ror	r24
    1bd2:	95 95       	asr	r25
    1bd4:	87 95       	ror	r24
    1bd6:	95 95       	asr	r25
    1bd8:	87 95       	ror	r24
    1bda:	98 2f       	mov	r25, r24
    1bdc:	80 e0       	ldi	r24, 0x00	; 0
    1bde:	64 e0       	ldi	r22, 0x04	; 4
    1be0:	49 2f       	mov	r20, r25
    1be2:	0e 94 a2 14 	call	0x2944	; 0x2944 <GPIO_writePin>
	GPIO_writePin(LCD_DATA_PORT_ID, LCD_D6_PIN_ID, GET_BIT(data, 6));
    1be6:	fe 01       	movw	r30, r28
    1be8:	ed 59       	subi	r30, 0x9D	; 157
    1bea:	ff 4f       	sbci	r31, 0xFF	; 255
    1bec:	80 81       	ld	r24, Z
    1bee:	88 2f       	mov	r24, r24
    1bf0:	90 e0       	ldi	r25, 0x00	; 0
    1bf2:	80 74       	andi	r24, 0x40	; 64
    1bf4:	90 70       	andi	r25, 0x00	; 0
    1bf6:	08 2e       	mov	r0, r24
    1bf8:	89 2f       	mov	r24, r25
    1bfa:	00 0c       	add	r0, r0
    1bfc:	88 1f       	adc	r24, r24
    1bfe:	99 0b       	sbc	r25, r25
    1c00:	00 0c       	add	r0, r0
    1c02:	88 1f       	adc	r24, r24
    1c04:	99 1f       	adc	r25, r25
    1c06:	98 2f       	mov	r25, r24
    1c08:	80 e0       	ldi	r24, 0x00	; 0
    1c0a:	65 e0       	ldi	r22, 0x05	; 5
    1c0c:	49 2f       	mov	r20, r25
    1c0e:	0e 94 a2 14 	call	0x2944	; 0x2944 <GPIO_writePin>
	GPIO_writePin(LCD_DATA_PORT_ID, LCD_D7_PIN_ID, GET_BIT(data, 7));
    1c12:	fe 01       	movw	r30, r28
    1c14:	ed 59       	subi	r30, 0x9D	; 157
    1c16:	ff 4f       	sbci	r31, 0xFF	; 255
    1c18:	80 81       	ld	r24, Z
    1c1a:	98 2f       	mov	r25, r24
    1c1c:	99 1f       	adc	r25, r25
    1c1e:	99 27       	eor	r25, r25
    1c20:	99 1f       	adc	r25, r25
    1c22:	80 e0       	ldi	r24, 0x00	; 0
    1c24:	66 e0       	ldi	r22, 0x06	; 6
    1c26:	49 2f       	mov	r20, r25
    1c28:	0e 94 a2 14 	call	0x2944	; 0x2944 <GPIO_writePin>
    1c2c:	fe 01       	movw	r30, r28
    1c2e:	ed 5b       	subi	r30, 0xBD	; 189
    1c30:	ff 4f       	sbci	r31, 0xFF	; 255
    1c32:	80 e0       	ldi	r24, 0x00	; 0
    1c34:	90 e0       	ldi	r25, 0x00	; 0
    1c36:	a0 e8       	ldi	r26, 0x80	; 128
    1c38:	bf e3       	ldi	r27, 0x3F	; 63
    1c3a:	80 83       	st	Z, r24
    1c3c:	91 83       	std	Z+1, r25	; 0x01
    1c3e:	a2 83       	std	Z+2, r26	; 0x02
    1c40:	b3 83       	std	Z+3, r27	; 0x03
 */
void
_delay_ms(double __ms)
{
	uint16_t __ticks;
	double __tmp = ((F_CPU) / 4e3) * __ms;
    1c42:	8e 01       	movw	r16, r28
    1c44:	01 5c       	subi	r16, 0xC1	; 193
    1c46:	1f 4f       	sbci	r17, 0xFF	; 255
    1c48:	fe 01       	movw	r30, r28
    1c4a:	ed 5b       	subi	r30, 0xBD	; 189
    1c4c:	ff 4f       	sbci	r31, 0xFF	; 255
    1c4e:	60 81       	ld	r22, Z
    1c50:	71 81       	ldd	r23, Z+1	; 0x01
    1c52:	82 81       	ldd	r24, Z+2	; 0x02
    1c54:	93 81       	ldd	r25, Z+3	; 0x03
    1c56:	20 e0       	ldi	r18, 0x00	; 0
    1c58:	30 e0       	ldi	r19, 0x00	; 0
    1c5a:	4a e7       	ldi	r20, 0x7A	; 122
    1c5c:	55 e4       	ldi	r21, 0x45	; 69
    1c5e:	0e 94 1f 02 	call	0x43e	; 0x43e <__mulsf3>
    1c62:	dc 01       	movw	r26, r24
    1c64:	cb 01       	movw	r24, r22
    1c66:	f8 01       	movw	r30, r16
    1c68:	80 83       	st	Z, r24
    1c6a:	91 83       	std	Z+1, r25	; 0x01
    1c6c:	a2 83       	std	Z+2, r26	; 0x02
    1c6e:	b3 83       	std	Z+3, r27	; 0x03
	if (__tmp < 1.0)
    1c70:	fe 01       	movw	r30, r28
    1c72:	ff 96       	adiw	r30, 0x3f	; 63
    1c74:	60 81       	ld	r22, Z
    1c76:	71 81       	ldd	r23, Z+1	; 0x01
    1c78:	82 81       	ldd	r24, Z+2	; 0x02
    1c7a:	93 81       	ldd	r25, Z+3	; 0x03
    1c7c:	20 e0       	ldi	r18, 0x00	; 0
    1c7e:	30 e0       	ldi	r19, 0x00	; 0
    1c80:	40 e8       	ldi	r20, 0x80	; 128
    1c82:	5f e3       	ldi	r21, 0x3F	; 63
    1c84:	0e 94 25 04 	call	0x84a	; 0x84a <__ltsf2>
    1c88:	88 23       	and	r24, r24
    1c8a:	2c f4       	brge	.+10     	; 0x1c96 <LCD_sendChar+0x40e>
		__ticks = 1;
    1c8c:	81 e0       	ldi	r24, 0x01	; 1
    1c8e:	90 e0       	ldi	r25, 0x00	; 0
    1c90:	9e af       	std	Y+62, r25	; 0x3e
    1c92:	8d af       	std	Y+61, r24	; 0x3d
    1c94:	46 c0       	rjmp	.+140    	; 0x1d22 <LCD_sendChar+0x49a>
	else if (__tmp > 65535)
    1c96:	fe 01       	movw	r30, r28
    1c98:	ff 96       	adiw	r30, 0x3f	; 63
    1c9a:	60 81       	ld	r22, Z
    1c9c:	71 81       	ldd	r23, Z+1	; 0x01
    1c9e:	82 81       	ldd	r24, Z+2	; 0x02
    1ca0:	93 81       	ldd	r25, Z+3	; 0x03
    1ca2:	20 e0       	ldi	r18, 0x00	; 0
    1ca4:	3f ef       	ldi	r19, 0xFF	; 255
    1ca6:	4f e7       	ldi	r20, 0x7F	; 127
    1ca8:	57 e4       	ldi	r21, 0x47	; 71
    1caa:	0e 94 c5 03 	call	0x78a	; 0x78a <__gtsf2>
    1cae:	18 16       	cp	r1, r24
    1cb0:	64 f5       	brge	.+88     	; 0x1d0a <LCD_sendChar+0x482>
	{
		//	__ticks = requested delay in 1/10 ms
		__ticks = (uint16_t) (__ms * 10.0);
    1cb2:	fe 01       	movw	r30, r28
    1cb4:	ed 5b       	subi	r30, 0xBD	; 189
    1cb6:	ff 4f       	sbci	r31, 0xFF	; 255
    1cb8:	60 81       	ld	r22, Z
    1cba:	71 81       	ldd	r23, Z+1	; 0x01
    1cbc:	82 81       	ldd	r24, Z+2	; 0x02
    1cbe:	93 81       	ldd	r25, Z+3	; 0x03
    1cc0:	20 e0       	ldi	r18, 0x00	; 0
    1cc2:	30 e0       	ldi	r19, 0x00	; 0
    1cc4:	40 e2       	ldi	r20, 0x20	; 32
    1cc6:	51 e4       	ldi	r21, 0x41	; 65
    1cc8:	0e 94 1f 02 	call	0x43e	; 0x43e <__mulsf3>
    1ccc:	dc 01       	movw	r26, r24
    1cce:	cb 01       	movw	r24, r22
    1cd0:	bc 01       	movw	r22, r24
    1cd2:	cd 01       	movw	r24, r26
    1cd4:	0e 94 49 00 	call	0x92	; 0x92 <__fixunssfsi>
    1cd8:	dc 01       	movw	r26, r24
    1cda:	cb 01       	movw	r24, r22
    1cdc:	9e af       	std	Y+62, r25	; 0x3e
    1cde:	8d af       	std	Y+61, r24	; 0x3d
    1ce0:	0f c0       	rjmp	.+30     	; 0x1d00 <LCD_sendChar+0x478>
    1ce2:	80 e9       	ldi	r24, 0x90	; 144
    1ce4:	91 e0       	ldi	r25, 0x01	; 1
    1ce6:	9c af       	std	Y+60, r25	; 0x3c
    1ce8:	8b af       	std	Y+59, r24	; 0x3b
    1cea:	8b ad       	ldd	r24, Y+59	; 0x3b
    1cec:	9c ad       	ldd	r25, Y+60	; 0x3c
    1cee:	01 97       	sbiw	r24, 0x01	; 1
    1cf0:	f1 f7       	brne	.-4      	; 0x1cee <LCD_sendChar+0x466>
    1cf2:	9c af       	std	Y+60, r25	; 0x3c
    1cf4:	8b af       	std	Y+59, r24	; 0x3b
		while(__ticks)
		{
			// wait 1/10 ms
			_delay_loop_2(((F_CPU) / 4e3) / 10);
			__ticks --;
    1cf6:	8d ad       	ldd	r24, Y+61	; 0x3d
    1cf8:	9e ad       	ldd	r25, Y+62	; 0x3e
    1cfa:	01 97       	sbiw	r24, 0x01	; 1
    1cfc:	9e af       	std	Y+62, r25	; 0x3e
    1cfe:	8d af       	std	Y+61, r24	; 0x3d
		__ticks = 1;
	else if (__tmp > 65535)
	{
		//	__ticks = requested delay in 1/10 ms
		__ticks = (uint16_t) (__ms * 10.0);
		while(__ticks)
    1d00:	8d ad       	ldd	r24, Y+61	; 0x3d
    1d02:	9e ad       	ldd	r25, Y+62	; 0x3e
    1d04:	00 97       	sbiw	r24, 0x00	; 0
    1d06:	69 f7       	brne	.-38     	; 0x1ce2 <LCD_sendChar+0x45a>
    1d08:	16 c0       	rjmp	.+44     	; 0x1d36 <LCD_sendChar+0x4ae>
			__ticks --;
		}
		return;
	}
	else
		__ticks = (uint16_t)__tmp;
    1d0a:	fe 01       	movw	r30, r28
    1d0c:	ff 96       	adiw	r30, 0x3f	; 63
    1d0e:	60 81       	ld	r22, Z
    1d10:	71 81       	ldd	r23, Z+1	; 0x01
    1d12:	82 81       	ldd	r24, Z+2	; 0x02
    1d14:	93 81       	ldd	r25, Z+3	; 0x03
    1d16:	0e 94 49 00 	call	0x92	; 0x92 <__fixunssfsi>
    1d1a:	dc 01       	movw	r26, r24
    1d1c:	cb 01       	movw	r24, r22
    1d1e:	9e af       	std	Y+62, r25	; 0x3e
    1d20:	8d af       	std	Y+61, r24	; 0x3d
    1d22:	8d ad       	ldd	r24, Y+61	; 0x3d
    1d24:	9e ad       	ldd	r25, Y+62	; 0x3e
    1d26:	9a af       	std	Y+58, r25	; 0x3a
    1d28:	89 af       	std	Y+57, r24	; 0x39
    1d2a:	89 ad       	ldd	r24, Y+57	; 0x39
    1d2c:	9a ad       	ldd	r25, Y+58	; 0x3a
    1d2e:	01 97       	sbiw	r24, 0x01	; 1
    1d30:	f1 f7       	brne	.-4      	; 0x1d2e <LCD_sendChar+0x4a6>
    1d32:	9a af       	std	Y+58, r25	; 0x3a
    1d34:	89 af       	std	Y+57, r24	; 0x39
	_delay_ms(1);
	GPIO_writePin(LCD_E_PORT_ID, LCD_E_PIN_ID, LOGIC_LOW);
    1d36:	80 e0       	ldi	r24, 0x00	; 0
    1d38:	62 e0       	ldi	r22, 0x02	; 2
    1d3a:	40 e0       	ldi	r20, 0x00	; 0
    1d3c:	0e 94 a2 14 	call	0x2944	; 0x2944 <GPIO_writePin>
    1d40:	80 e0       	ldi	r24, 0x00	; 0
    1d42:	90 e0       	ldi	r25, 0x00	; 0
    1d44:	a0 e8       	ldi	r26, 0x80	; 128
    1d46:	bf e3       	ldi	r27, 0x3F	; 63
    1d48:	8d ab       	std	Y+53, r24	; 0x35
    1d4a:	9e ab       	std	Y+54, r25	; 0x36
    1d4c:	af ab       	std	Y+55, r26	; 0x37
    1d4e:	b8 af       	std	Y+56, r27	; 0x38
 */
void
_delay_ms(double __ms)
{
	uint16_t __ticks;
	double __tmp = ((F_CPU) / 4e3) * __ms;
    1d50:	6d a9       	ldd	r22, Y+53	; 0x35
    1d52:	7e a9       	ldd	r23, Y+54	; 0x36
    1d54:	8f a9       	ldd	r24, Y+55	; 0x37
    1d56:	98 ad       	ldd	r25, Y+56	; 0x38
    1d58:	20 e0       	ldi	r18, 0x00	; 0
    1d5a:	30 e0       	ldi	r19, 0x00	; 0
    1d5c:	4a e7       	ldi	r20, 0x7A	; 122
    1d5e:	55 e4       	ldi	r21, 0x45	; 69
    1d60:	0e 94 1f 02 	call	0x43e	; 0x43e <__mulsf3>
    1d64:	dc 01       	movw	r26, r24
    1d66:	cb 01       	movw	r24, r22
    1d68:	89 ab       	std	Y+49, r24	; 0x31
    1d6a:	9a ab       	std	Y+50, r25	; 0x32
    1d6c:	ab ab       	std	Y+51, r26	; 0x33
    1d6e:	bc ab       	std	Y+52, r27	; 0x34
	if (__tmp < 1.0)
    1d70:	69 a9       	ldd	r22, Y+49	; 0x31
    1d72:	7a a9       	ldd	r23, Y+50	; 0x32
    1d74:	8b a9       	ldd	r24, Y+51	; 0x33
    1d76:	9c a9       	ldd	r25, Y+52	; 0x34
    1d78:	20 e0       	ldi	r18, 0x00	; 0
    1d7a:	30 e0       	ldi	r19, 0x00	; 0
    1d7c:	40 e8       	ldi	r20, 0x80	; 128
    1d7e:	5f e3       	ldi	r21, 0x3F	; 63
    1d80:	0e 94 25 04 	call	0x84a	; 0x84a <__ltsf2>
    1d84:	88 23       	and	r24, r24
    1d86:	2c f4       	brge	.+10     	; 0x1d92 <LCD_sendChar+0x50a>
		__ticks = 1;
    1d88:	81 e0       	ldi	r24, 0x01	; 1
    1d8a:	90 e0       	ldi	r25, 0x00	; 0
    1d8c:	98 ab       	std	Y+48, r25	; 0x30
    1d8e:	8f a7       	std	Y+47, r24	; 0x2f
    1d90:	3f c0       	rjmp	.+126    	; 0x1e10 <LCD_sendChar+0x588>
	else if (__tmp > 65535)
    1d92:	69 a9       	ldd	r22, Y+49	; 0x31
    1d94:	7a a9       	ldd	r23, Y+50	; 0x32
    1d96:	8b a9       	ldd	r24, Y+51	; 0x33
    1d98:	9c a9       	ldd	r25, Y+52	; 0x34
    1d9a:	20 e0       	ldi	r18, 0x00	; 0
    1d9c:	3f ef       	ldi	r19, 0xFF	; 255
    1d9e:	4f e7       	ldi	r20, 0x7F	; 127
    1da0:	57 e4       	ldi	r21, 0x47	; 71
    1da2:	0e 94 c5 03 	call	0x78a	; 0x78a <__gtsf2>
    1da6:	18 16       	cp	r1, r24
    1da8:	4c f5       	brge	.+82     	; 0x1dfc <LCD_sendChar+0x574>
	{
		//	__ticks = requested delay in 1/10 ms
		__ticks = (uint16_t) (__ms * 10.0);
    1daa:	6d a9       	ldd	r22, Y+53	; 0x35
    1dac:	7e a9       	ldd	r23, Y+54	; 0x36
    1dae:	8f a9       	ldd	r24, Y+55	; 0x37
    1db0:	98 ad       	ldd	r25, Y+56	; 0x38
    1db2:	20 e0       	ldi	r18, 0x00	; 0
    1db4:	30 e0       	ldi	r19, 0x00	; 0
    1db6:	40 e2       	ldi	r20, 0x20	; 32
    1db8:	51 e4       	ldi	r21, 0x41	; 65
    1dba:	0e 94 1f 02 	call	0x43e	; 0x43e <__mulsf3>
    1dbe:	dc 01       	movw	r26, r24
    1dc0:	cb 01       	movw	r24, r22
    1dc2:	bc 01       	movw	r22, r24
    1dc4:	cd 01       	movw	r24, r26
    1dc6:	0e 94 49 00 	call	0x92	; 0x92 <__fixunssfsi>
    1dca:	dc 01       	movw	r26, r24
    1dcc:	cb 01       	movw	r24, r22
    1dce:	98 ab       	std	Y+48, r25	; 0x30
    1dd0:	8f a7       	std	Y+47, r24	; 0x2f
    1dd2:	0f c0       	rjmp	.+30     	; 0x1df2 <LCD_sendChar+0x56a>
    1dd4:	80 e9       	ldi	r24, 0x90	; 144
    1dd6:	91 e0       	ldi	r25, 0x01	; 1
    1dd8:	9e a7       	std	Y+46, r25	; 0x2e
    1dda:	8d a7       	std	Y+45, r24	; 0x2d
    1ddc:	8d a5       	ldd	r24, Y+45	; 0x2d
    1dde:	9e a5       	ldd	r25, Y+46	; 0x2e
    1de0:	01 97       	sbiw	r24, 0x01	; 1
    1de2:	f1 f7       	brne	.-4      	; 0x1de0 <LCD_sendChar+0x558>
    1de4:	9e a7       	std	Y+46, r25	; 0x2e
    1de6:	8d a7       	std	Y+45, r24	; 0x2d
		while(__ticks)
		{
			// wait 1/10 ms
			_delay_loop_2(((F_CPU) / 4e3) / 10);
			__ticks --;
    1de8:	8f a5       	ldd	r24, Y+47	; 0x2f
    1dea:	98 a9       	ldd	r25, Y+48	; 0x30
    1dec:	01 97       	sbiw	r24, 0x01	; 1
    1dee:	98 ab       	std	Y+48, r25	; 0x30
    1df0:	8f a7       	std	Y+47, r24	; 0x2f
		__ticks = 1;
	else if (__tmp > 65535)
	{
		//	__ticks = requested delay in 1/10 ms
		__ticks = (uint16_t) (__ms * 10.0);
		while(__ticks)
    1df2:	8f a5       	ldd	r24, Y+47	; 0x2f
    1df4:	98 a9       	ldd	r25, Y+48	; 0x30
    1df6:	00 97       	sbiw	r24, 0x00	; 0
    1df8:	69 f7       	brne	.-38     	; 0x1dd4 <LCD_sendChar+0x54c>
    1dfa:	14 c0       	rjmp	.+40     	; 0x1e24 <LCD_sendChar+0x59c>
			__ticks --;
		}
		return;
	}
	else
		__ticks = (uint16_t)__tmp;
    1dfc:	69 a9       	ldd	r22, Y+49	; 0x31
    1dfe:	7a a9       	ldd	r23, Y+50	; 0x32
    1e00:	8b a9       	ldd	r24, Y+51	; 0x33
    1e02:	9c a9       	ldd	r25, Y+52	; 0x34
    1e04:	0e 94 49 00 	call	0x92	; 0x92 <__fixunssfsi>
    1e08:	dc 01       	movw	r26, r24
    1e0a:	cb 01       	movw	r24, r22
    1e0c:	98 ab       	std	Y+48, r25	; 0x30
    1e0e:	8f a7       	std	Y+47, r24	; 0x2f
    1e10:	8f a5       	ldd	r24, Y+47	; 0x2f
    1e12:	98 a9       	ldd	r25, Y+48	; 0x30
    1e14:	9c a7       	std	Y+44, r25	; 0x2c
    1e16:	8b a7       	std	Y+43, r24	; 0x2b
    1e18:	8b a5       	ldd	r24, Y+43	; 0x2b
    1e1a:	9c a5       	ldd	r25, Y+44	; 0x2c
    1e1c:	01 97       	sbiw	r24, 0x01	; 1
    1e1e:	f1 f7       	brne	.-4      	; 0x1e1c <LCD_sendChar+0x594>
    1e20:	9c a7       	std	Y+44, r25	; 0x2c
    1e22:	8b a7       	std	Y+43, r24	; 0x2b
	_delay_ms(1);

	GPIO_writePin(LCD_E_PORT_ID, LCD_E_PIN_ID, LOGIC_HIGH);
    1e24:	80 e0       	ldi	r24, 0x00	; 0
    1e26:	62 e0       	ldi	r22, 0x02	; 2
    1e28:	41 e0       	ldi	r20, 0x01	; 1
    1e2a:	0e 94 a2 14 	call	0x2944	; 0x2944 <GPIO_writePin>
    1e2e:	80 e0       	ldi	r24, 0x00	; 0
    1e30:	90 e0       	ldi	r25, 0x00	; 0
    1e32:	a0 e8       	ldi	r26, 0x80	; 128
    1e34:	bf e3       	ldi	r27, 0x3F	; 63
    1e36:	8f a3       	std	Y+39, r24	; 0x27
    1e38:	98 a7       	std	Y+40, r25	; 0x28
    1e3a:	a9 a7       	std	Y+41, r26	; 0x29
    1e3c:	ba a7       	std	Y+42, r27	; 0x2a
 */
void
_delay_ms(double __ms)
{
	uint16_t __ticks;
	double __tmp = ((F_CPU) / 4e3) * __ms;
    1e3e:	6f a1       	ldd	r22, Y+39	; 0x27
    1e40:	78 a5       	ldd	r23, Y+40	; 0x28
    1e42:	89 a5       	ldd	r24, Y+41	; 0x29
    1e44:	9a a5       	ldd	r25, Y+42	; 0x2a
    1e46:	20 e0       	ldi	r18, 0x00	; 0
    1e48:	30 e0       	ldi	r19, 0x00	; 0
    1e4a:	4a e7       	ldi	r20, 0x7A	; 122
    1e4c:	55 e4       	ldi	r21, 0x45	; 69
    1e4e:	0e 94 1f 02 	call	0x43e	; 0x43e <__mulsf3>
    1e52:	dc 01       	movw	r26, r24
    1e54:	cb 01       	movw	r24, r22
    1e56:	8b a3       	std	Y+35, r24	; 0x23
    1e58:	9c a3       	std	Y+36, r25	; 0x24
    1e5a:	ad a3       	std	Y+37, r26	; 0x25
    1e5c:	be a3       	std	Y+38, r27	; 0x26
	if (__tmp < 1.0)
    1e5e:	6b a1       	ldd	r22, Y+35	; 0x23
    1e60:	7c a1       	ldd	r23, Y+36	; 0x24
    1e62:	8d a1       	ldd	r24, Y+37	; 0x25
    1e64:	9e a1       	ldd	r25, Y+38	; 0x26
    1e66:	20 e0       	ldi	r18, 0x00	; 0
    1e68:	30 e0       	ldi	r19, 0x00	; 0
    1e6a:	40 e8       	ldi	r20, 0x80	; 128
    1e6c:	5f e3       	ldi	r21, 0x3F	; 63
    1e6e:	0e 94 25 04 	call	0x84a	; 0x84a <__ltsf2>
    1e72:	88 23       	and	r24, r24
    1e74:	2c f4       	brge	.+10     	; 0x1e80 <LCD_sendChar+0x5f8>
		__ticks = 1;
    1e76:	81 e0       	ldi	r24, 0x01	; 1
    1e78:	90 e0       	ldi	r25, 0x00	; 0
    1e7a:	9a a3       	std	Y+34, r25	; 0x22
    1e7c:	89 a3       	std	Y+33, r24	; 0x21
    1e7e:	3f c0       	rjmp	.+126    	; 0x1efe <LCD_sendChar+0x676>
	else if (__tmp > 65535)
    1e80:	6b a1       	ldd	r22, Y+35	; 0x23
    1e82:	7c a1       	ldd	r23, Y+36	; 0x24
    1e84:	8d a1       	ldd	r24, Y+37	; 0x25
    1e86:	9e a1       	ldd	r25, Y+38	; 0x26
    1e88:	20 e0       	ldi	r18, 0x00	; 0
    1e8a:	3f ef       	ldi	r19, 0xFF	; 255
    1e8c:	4f e7       	ldi	r20, 0x7F	; 127
    1e8e:	57 e4       	ldi	r21, 0x47	; 71
    1e90:	0e 94 c5 03 	call	0x78a	; 0x78a <__gtsf2>
    1e94:	18 16       	cp	r1, r24
    1e96:	4c f5       	brge	.+82     	; 0x1eea <LCD_sendChar+0x662>
	{
		//	__ticks = requested delay in 1/10 ms
		__ticks = (uint16_t) (__ms * 10.0);
    1e98:	6f a1       	ldd	r22, Y+39	; 0x27
    1e9a:	78 a5       	ldd	r23, Y+40	; 0x28
    1e9c:	89 a5       	ldd	r24, Y+41	; 0x29
    1e9e:	9a a5       	ldd	r25, Y+42	; 0x2a
    1ea0:	20 e0       	ldi	r18, 0x00	; 0
    1ea2:	30 e0       	ldi	r19, 0x00	; 0
    1ea4:	40 e2       	ldi	r20, 0x20	; 32
    1ea6:	51 e4       	ldi	r21, 0x41	; 65
    1ea8:	0e 94 1f 02 	call	0x43e	; 0x43e <__mulsf3>
    1eac:	dc 01       	movw	r26, r24
    1eae:	cb 01       	movw	r24, r22
    1eb0:	bc 01       	movw	r22, r24
    1eb2:	cd 01       	movw	r24, r26
    1eb4:	0e 94 49 00 	call	0x92	; 0x92 <__fixunssfsi>
    1eb8:	dc 01       	movw	r26, r24
    1eba:	cb 01       	movw	r24, r22
    1ebc:	9a a3       	std	Y+34, r25	; 0x22
    1ebe:	89 a3       	std	Y+33, r24	; 0x21
    1ec0:	0f c0       	rjmp	.+30     	; 0x1ee0 <LCD_sendChar+0x658>
    1ec2:	80 e9       	ldi	r24, 0x90	; 144
    1ec4:	91 e0       	ldi	r25, 0x01	; 1
    1ec6:	98 a3       	std	Y+32, r25	; 0x20
    1ec8:	8f 8f       	std	Y+31, r24	; 0x1f
    1eca:	8f 8d       	ldd	r24, Y+31	; 0x1f
    1ecc:	98 a1       	ldd	r25, Y+32	; 0x20
    1ece:	01 97       	sbiw	r24, 0x01	; 1
    1ed0:	f1 f7       	brne	.-4      	; 0x1ece <LCD_sendChar+0x646>
    1ed2:	98 a3       	std	Y+32, r25	; 0x20
    1ed4:	8f 8f       	std	Y+31, r24	; 0x1f
		while(__ticks)
		{
			// wait 1/10 ms
			_delay_loop_2(((F_CPU) / 4e3) / 10);
			__ticks --;
    1ed6:	89 a1       	ldd	r24, Y+33	; 0x21
    1ed8:	9a a1       	ldd	r25, Y+34	; 0x22
    1eda:	01 97       	sbiw	r24, 0x01	; 1
    1edc:	9a a3       	std	Y+34, r25	; 0x22
    1ede:	89 a3       	std	Y+33, r24	; 0x21
		__ticks = 1;
	else if (__tmp > 65535)
	{
		//	__ticks = requested delay in 1/10 ms
		__ticks = (uint16_t) (__ms * 10.0);
		while(__ticks)
    1ee0:	89 a1       	ldd	r24, Y+33	; 0x21
    1ee2:	9a a1       	ldd	r25, Y+34	; 0x22
    1ee4:	00 97       	sbiw	r24, 0x00	; 0
    1ee6:	69 f7       	brne	.-38     	; 0x1ec2 <LCD_sendChar+0x63a>
    1ee8:	14 c0       	rjmp	.+40     	; 0x1f12 <LCD_sendChar+0x68a>
			__ticks --;
		}
		return;
	}
	else
		__ticks = (uint16_t)__tmp;
    1eea:	6b a1       	ldd	r22, Y+35	; 0x23
    1eec:	7c a1       	ldd	r23, Y+36	; 0x24
    1eee:	8d a1       	ldd	r24, Y+37	; 0x25
    1ef0:	9e a1       	ldd	r25, Y+38	; 0x26
    1ef2:	0e 94 49 00 	call	0x92	; 0x92 <__fixunssfsi>
    1ef6:	dc 01       	movw	r26, r24
    1ef8:	cb 01       	movw	r24, r22
    1efa:	9a a3       	std	Y+34, r25	; 0x22
    1efc:	89 a3       	std	Y+33, r24	; 0x21
    1efe:	89 a1       	ldd	r24, Y+33	; 0x21
    1f00:	9a a1       	ldd	r25, Y+34	; 0x22
    1f02:	9e 8f       	std	Y+30, r25	; 0x1e
    1f04:	8d 8f       	std	Y+29, r24	; 0x1d
    1f06:	8d 8d       	ldd	r24, Y+29	; 0x1d
    1f08:	9e 8d       	ldd	r25, Y+30	; 0x1e
    1f0a:	01 97       	sbiw	r24, 0x01	; 1
    1f0c:	f1 f7       	brne	.-4      	; 0x1f0a <LCD_sendChar+0x682>
    1f0e:	9e 8f       	std	Y+30, r25	; 0x1e
    1f10:	8d 8f       	std	Y+29, r24	; 0x1d
	_delay_ms(1);

	GPIO_writePin(LCD_DATA_PORT_ID, LCD_D4_PIN_ID, GET_BIT(data, 0));
    1f12:	fe 01       	movw	r30, r28
    1f14:	ed 59       	subi	r30, 0x9D	; 157
    1f16:	ff 4f       	sbci	r31, 0xFF	; 255
    1f18:	80 81       	ld	r24, Z
    1f1a:	98 2f       	mov	r25, r24
    1f1c:	91 70       	andi	r25, 0x01	; 1
    1f1e:	80 e0       	ldi	r24, 0x00	; 0
    1f20:	63 e0       	ldi	r22, 0x03	; 3
    1f22:	49 2f       	mov	r20, r25
    1f24:	0e 94 a2 14 	call	0x2944	; 0x2944 <GPIO_writePin>
	GPIO_writePin(LCD_DATA_PORT_ID, LCD_D5_PIN_ID, GET_BIT(data, 1));
    1f28:	fe 01       	movw	r30, r28
    1f2a:	ed 59       	subi	r30, 0x9D	; 157
    1f2c:	ff 4f       	sbci	r31, 0xFF	; 255
    1f2e:	80 81       	ld	r24, Z
    1f30:	88 2f       	mov	r24, r24
    1f32:	90 e0       	ldi	r25, 0x00	; 0
    1f34:	82 70       	andi	r24, 0x02	; 2
    1f36:	90 70       	andi	r25, 0x00	; 0
    1f38:	95 95       	asr	r25
    1f3a:	87 95       	ror	r24
    1f3c:	98 2f       	mov	r25, r24
    1f3e:	80 e0       	ldi	r24, 0x00	; 0
    1f40:	64 e0       	ldi	r22, 0x04	; 4
    1f42:	49 2f       	mov	r20, r25
    1f44:	0e 94 a2 14 	call	0x2944	; 0x2944 <GPIO_writePin>
	GPIO_writePin(LCD_DATA_PORT_ID, LCD_D6_PIN_ID, GET_BIT(data, 2));
    1f48:	fe 01       	movw	r30, r28
    1f4a:	ed 59       	subi	r30, 0x9D	; 157
    1f4c:	ff 4f       	sbci	r31, 0xFF	; 255
    1f4e:	80 81       	ld	r24, Z
    1f50:	88 2f       	mov	r24, r24
    1f52:	90 e0       	ldi	r25, 0x00	; 0
    1f54:	84 70       	andi	r24, 0x04	; 4
    1f56:	90 70       	andi	r25, 0x00	; 0
    1f58:	95 95       	asr	r25
    1f5a:	87 95       	ror	r24
    1f5c:	95 95       	asr	r25
    1f5e:	87 95       	ror	r24
    1f60:	98 2f       	mov	r25, r24
    1f62:	80 e0       	ldi	r24, 0x00	; 0
    1f64:	65 e0       	ldi	r22, 0x05	; 5
    1f66:	49 2f       	mov	r20, r25
    1f68:	0e 94 a2 14 	call	0x2944	; 0x2944 <GPIO_writePin>
	GPIO_writePin(LCD_DATA_PORT_ID, LCD_D7_PIN_ID, GET_BIT(data, 3));
    1f6c:	fe 01       	movw	r30, r28
    1f6e:	ed 59       	subi	r30, 0x9D	; 157
    1f70:	ff 4f       	sbci	r31, 0xFF	; 255
    1f72:	80 81       	ld	r24, Z
    1f74:	88 2f       	mov	r24, r24
    1f76:	90 e0       	ldi	r25, 0x00	; 0
    1f78:	88 70       	andi	r24, 0x08	; 8
    1f7a:	90 70       	andi	r25, 0x00	; 0
    1f7c:	95 95       	asr	r25
    1f7e:	87 95       	ror	r24
    1f80:	95 95       	asr	r25
    1f82:	87 95       	ror	r24
    1f84:	95 95       	asr	r25
    1f86:	87 95       	ror	r24
    1f88:	98 2f       	mov	r25, r24
    1f8a:	80 e0       	ldi	r24, 0x00	; 0
    1f8c:	66 e0       	ldi	r22, 0x06	; 6
    1f8e:	49 2f       	mov	r20, r25
    1f90:	0e 94 a2 14 	call	0x2944	; 0x2944 <GPIO_writePin>
    1f94:	80 e0       	ldi	r24, 0x00	; 0
    1f96:	90 e0       	ldi	r25, 0x00	; 0
    1f98:	a0 e8       	ldi	r26, 0x80	; 128
    1f9a:	bf e3       	ldi	r27, 0x3F	; 63
    1f9c:	89 8f       	std	Y+25, r24	; 0x19
    1f9e:	9a 8f       	std	Y+26, r25	; 0x1a
    1fa0:	ab 8f       	std	Y+27, r26	; 0x1b
    1fa2:	bc 8f       	std	Y+28, r27	; 0x1c
 */
void
_delay_ms(double __ms)
{
	uint16_t __ticks;
	double __tmp = ((F_CPU) / 4e3) * __ms;
    1fa4:	69 8d       	ldd	r22, Y+25	; 0x19
    1fa6:	7a 8d       	ldd	r23, Y+26	; 0x1a
    1fa8:	8b 8d       	ldd	r24, Y+27	; 0x1b
    1faa:	9c 8d       	ldd	r25, Y+28	; 0x1c
    1fac:	20 e0       	ldi	r18, 0x00	; 0
    1fae:	30 e0       	ldi	r19, 0x00	; 0
    1fb0:	4a e7       	ldi	r20, 0x7A	; 122
    1fb2:	55 e4       	ldi	r21, 0x45	; 69
    1fb4:	0e 94 1f 02 	call	0x43e	; 0x43e <__mulsf3>
    1fb8:	dc 01       	movw	r26, r24
    1fba:	cb 01       	movw	r24, r22
    1fbc:	8d 8b       	std	Y+21, r24	; 0x15
    1fbe:	9e 8b       	std	Y+22, r25	; 0x16
    1fc0:	af 8b       	std	Y+23, r26	; 0x17
    1fc2:	b8 8f       	std	Y+24, r27	; 0x18
	if (__tmp < 1.0)
    1fc4:	6d 89       	ldd	r22, Y+21	; 0x15
    1fc6:	7e 89       	ldd	r23, Y+22	; 0x16
    1fc8:	8f 89       	ldd	r24, Y+23	; 0x17
    1fca:	98 8d       	ldd	r25, Y+24	; 0x18
    1fcc:	20 e0       	ldi	r18, 0x00	; 0
    1fce:	30 e0       	ldi	r19, 0x00	; 0
    1fd0:	40 e8       	ldi	r20, 0x80	; 128
    1fd2:	5f e3       	ldi	r21, 0x3F	; 63
    1fd4:	0e 94 25 04 	call	0x84a	; 0x84a <__ltsf2>
    1fd8:	88 23       	and	r24, r24
    1fda:	2c f4       	brge	.+10     	; 0x1fe6 <LCD_sendChar+0x75e>
		__ticks = 1;
    1fdc:	81 e0       	ldi	r24, 0x01	; 1
    1fde:	90 e0       	ldi	r25, 0x00	; 0
    1fe0:	9c 8b       	std	Y+20, r25	; 0x14
    1fe2:	8b 8b       	std	Y+19, r24	; 0x13
    1fe4:	3f c0       	rjmp	.+126    	; 0x2064 <LCD_sendChar+0x7dc>
	else if (__tmp > 65535)
    1fe6:	6d 89       	ldd	r22, Y+21	; 0x15
    1fe8:	7e 89       	ldd	r23, Y+22	; 0x16
    1fea:	8f 89       	ldd	r24, Y+23	; 0x17
    1fec:	98 8d       	ldd	r25, Y+24	; 0x18
    1fee:	20 e0       	ldi	r18, 0x00	; 0
    1ff0:	3f ef       	ldi	r19, 0xFF	; 255
    1ff2:	4f e7       	ldi	r20, 0x7F	; 127
    1ff4:	57 e4       	ldi	r21, 0x47	; 71
    1ff6:	0e 94 c5 03 	call	0x78a	; 0x78a <__gtsf2>
    1ffa:	18 16       	cp	r1, r24
    1ffc:	4c f5       	brge	.+82     	; 0x2050 <LCD_sendChar+0x7c8>
	{
		//	__ticks = requested delay in 1/10 ms
		__ticks = (uint16_t) (__ms * 10.0);
    1ffe:	69 8d       	ldd	r22, Y+25	; 0x19
    2000:	7a 8d       	ldd	r23, Y+26	; 0x1a
    2002:	8b 8d       	ldd	r24, Y+27	; 0x1b
    2004:	9c 8d       	ldd	r25, Y+28	; 0x1c
    2006:	20 e0       	ldi	r18, 0x00	; 0
    2008:	30 e0       	ldi	r19, 0x00	; 0
    200a:	40 e2       	ldi	r20, 0x20	; 32
    200c:	51 e4       	ldi	r21, 0x41	; 65
    200e:	0e 94 1f 02 	call	0x43e	; 0x43e <__mulsf3>
    2012:	dc 01       	movw	r26, r24
    2014:	cb 01       	movw	r24, r22
    2016:	bc 01       	movw	r22, r24
    2018:	cd 01       	movw	r24, r26
    201a:	0e 94 49 00 	call	0x92	; 0x92 <__fixunssfsi>
    201e:	dc 01       	movw	r26, r24
    2020:	cb 01       	movw	r24, r22
    2022:	9c 8b       	std	Y+20, r25	; 0x14
    2024:	8b 8b       	std	Y+19, r24	; 0x13
    2026:	0f c0       	rjmp	.+30     	; 0x2046 <LCD_sendChar+0x7be>
    2028:	80 e9       	ldi	r24, 0x90	; 144
    202a:	91 e0       	ldi	r25, 0x01	; 1
    202c:	9a 8b       	std	Y+18, r25	; 0x12
    202e:	89 8b       	std	Y+17, r24	; 0x11
    2030:	89 89       	ldd	r24, Y+17	; 0x11
    2032:	9a 89       	ldd	r25, Y+18	; 0x12
    2034:	01 97       	sbiw	r24, 0x01	; 1
    2036:	f1 f7       	brne	.-4      	; 0x2034 <LCD_sendChar+0x7ac>
    2038:	9a 8b       	std	Y+18, r25	; 0x12
    203a:	89 8b       	std	Y+17, r24	; 0x11
		while(__ticks)
		{
			// wait 1/10 ms
			_delay_loop_2(((F_CPU) / 4e3) / 10);
			__ticks --;
    203c:	8b 89       	ldd	r24, Y+19	; 0x13
    203e:	9c 89       	ldd	r25, Y+20	; 0x14
    2040:	01 97       	sbiw	r24, 0x01	; 1
    2042:	9c 8b       	std	Y+20, r25	; 0x14
    2044:	8b 8b       	std	Y+19, r24	; 0x13
		__ticks = 1;
	else if (__tmp > 65535)
	{
		//	__ticks = requested delay in 1/10 ms
		__ticks = (uint16_t) (__ms * 10.0);
		while(__ticks)
    2046:	8b 89       	ldd	r24, Y+19	; 0x13
    2048:	9c 89       	ldd	r25, Y+20	; 0x14
    204a:	00 97       	sbiw	r24, 0x00	; 0
    204c:	69 f7       	brne	.-38     	; 0x2028 <LCD_sendChar+0x7a0>
    204e:	14 c0       	rjmp	.+40     	; 0x2078 <LCD_sendChar+0x7f0>
			__ticks --;
		}
		return;
	}
	else
		__ticks = (uint16_t)__tmp;
    2050:	6d 89       	ldd	r22, Y+21	; 0x15
    2052:	7e 89       	ldd	r23, Y+22	; 0x16
    2054:	8f 89       	ldd	r24, Y+23	; 0x17
    2056:	98 8d       	ldd	r25, Y+24	; 0x18
    2058:	0e 94 49 00 	call	0x92	; 0x92 <__fixunssfsi>
    205c:	dc 01       	movw	r26, r24
    205e:	cb 01       	movw	r24, r22
    2060:	9c 8b       	std	Y+20, r25	; 0x14
    2062:	8b 8b       	std	Y+19, r24	; 0x13
    2064:	8b 89       	ldd	r24, Y+19	; 0x13
    2066:	9c 89       	ldd	r25, Y+20	; 0x14
    2068:	98 8b       	std	Y+16, r25	; 0x10
    206a:	8f 87       	std	Y+15, r24	; 0x0f
    206c:	8f 85       	ldd	r24, Y+15	; 0x0f
    206e:	98 89       	ldd	r25, Y+16	; 0x10
    2070:	01 97       	sbiw	r24, 0x01	; 1
    2072:	f1 f7       	brne	.-4      	; 0x2070 <LCD_sendChar+0x7e8>
    2074:	98 8b       	std	Y+16, r25	; 0x10
    2076:	8f 87       	std	Y+15, r24	; 0x0f
	_delay_ms(1);
	GPIO_writePin(LCD_E_PORT_ID, LCD_E_PIN_ID, LOGIC_LOW);
    2078:	80 e0       	ldi	r24, 0x00	; 0
    207a:	62 e0       	ldi	r22, 0x02	; 2
    207c:	40 e0       	ldi	r20, 0x00	; 0
    207e:	0e 94 a2 14 	call	0x2944	; 0x2944 <GPIO_writePin>
    2082:	80 e0       	ldi	r24, 0x00	; 0
    2084:	90 e0       	ldi	r25, 0x00	; 0
    2086:	a0 e8       	ldi	r26, 0x80	; 128
    2088:	bf e3       	ldi	r27, 0x3F	; 63
    208a:	8b 87       	std	Y+11, r24	; 0x0b
    208c:	9c 87       	std	Y+12, r25	; 0x0c
    208e:	ad 87       	std	Y+13, r26	; 0x0d
    2090:	be 87       	std	Y+14, r27	; 0x0e
 */
void
_delay_ms(double __ms)
{
	uint16_t __ticks;
	double __tmp = ((F_CPU) / 4e3) * __ms;
    2092:	6b 85       	ldd	r22, Y+11	; 0x0b
    2094:	7c 85       	ldd	r23, Y+12	; 0x0c
    2096:	8d 85       	ldd	r24, Y+13	; 0x0d
    2098:	9e 85       	ldd	r25, Y+14	; 0x0e
    209a:	20 e0       	ldi	r18, 0x00	; 0
    209c:	30 e0       	ldi	r19, 0x00	; 0
    209e:	4a e7       	ldi	r20, 0x7A	; 122
    20a0:	55 e4       	ldi	r21, 0x45	; 69
    20a2:	0e 94 1f 02 	call	0x43e	; 0x43e <__mulsf3>
    20a6:	dc 01       	movw	r26, r24
    20a8:	cb 01       	movw	r24, r22
    20aa:	8f 83       	std	Y+7, r24	; 0x07
    20ac:	98 87       	std	Y+8, r25	; 0x08
    20ae:	a9 87       	std	Y+9, r26	; 0x09
    20b0:	ba 87       	std	Y+10, r27	; 0x0a
	if (__tmp < 1.0)
    20b2:	6f 81       	ldd	r22, Y+7	; 0x07
    20b4:	78 85       	ldd	r23, Y+8	; 0x08
    20b6:	89 85       	ldd	r24, Y+9	; 0x09
    20b8:	9a 85       	ldd	r25, Y+10	; 0x0a
    20ba:	20 e0       	ldi	r18, 0x00	; 0
    20bc:	30 e0       	ldi	r19, 0x00	; 0
    20be:	40 e8       	ldi	r20, 0x80	; 128
    20c0:	5f e3       	ldi	r21, 0x3F	; 63
    20c2:	0e 94 25 04 	call	0x84a	; 0x84a <__ltsf2>
    20c6:	88 23       	and	r24, r24
    20c8:	2c f4       	brge	.+10     	; 0x20d4 <LCD_sendChar+0x84c>
		__ticks = 1;
    20ca:	81 e0       	ldi	r24, 0x01	; 1
    20cc:	90 e0       	ldi	r25, 0x00	; 0
    20ce:	9e 83       	std	Y+6, r25	; 0x06
    20d0:	8d 83       	std	Y+5, r24	; 0x05
    20d2:	3f c0       	rjmp	.+126    	; 0x2152 <LCD_sendChar+0x8ca>
	else if (__tmp > 65535)
    20d4:	6f 81       	ldd	r22, Y+7	; 0x07
    20d6:	78 85       	ldd	r23, Y+8	; 0x08
    20d8:	89 85       	ldd	r24, Y+9	; 0x09
    20da:	9a 85       	ldd	r25, Y+10	; 0x0a
    20dc:	20 e0       	ldi	r18, 0x00	; 0
    20de:	3f ef       	ldi	r19, 0xFF	; 255
    20e0:	4f e7       	ldi	r20, 0x7F	; 127
    20e2:	57 e4       	ldi	r21, 0x47	; 71
    20e4:	0e 94 c5 03 	call	0x78a	; 0x78a <__gtsf2>
    20e8:	18 16       	cp	r1, r24
    20ea:	4c f5       	brge	.+82     	; 0x213e <LCD_sendChar+0x8b6>
	{
		//	__ticks = requested delay in 1/10 ms
		__ticks = (uint16_t) (__ms * 10.0);
    20ec:	6b 85       	ldd	r22, Y+11	; 0x0b
    20ee:	7c 85       	ldd	r23, Y+12	; 0x0c
    20f0:	8d 85       	ldd	r24, Y+13	; 0x0d
    20f2:	9e 85       	ldd	r25, Y+14	; 0x0e
    20f4:	20 e0       	ldi	r18, 0x00	; 0
    20f6:	30 e0       	ldi	r19, 0x00	; 0
    20f8:	40 e2       	ldi	r20, 0x20	; 32
    20fa:	51 e4       	ldi	r21, 0x41	; 65
    20fc:	0e 94 1f 02 	call	0x43e	; 0x43e <__mulsf3>
    2100:	dc 01       	movw	r26, r24
    2102:	cb 01       	movw	r24, r22
    2104:	bc 01       	movw	r22, r24
    2106:	cd 01       	movw	r24, r26
    2108:	0e 94 49 00 	call	0x92	; 0x92 <__fixunssfsi>
    210c:	dc 01       	movw	r26, r24
    210e:	cb 01       	movw	r24, r22
    2110:	9e 83       	std	Y+6, r25	; 0x06
    2112:	8d 83       	std	Y+5, r24	; 0x05
    2114:	0f c0       	rjmp	.+30     	; 0x2134 <LCD_sendChar+0x8ac>
    2116:	80 e9       	ldi	r24, 0x90	; 144
    2118:	91 e0       	ldi	r25, 0x01	; 1
    211a:	9c 83       	std	Y+4, r25	; 0x04
    211c:	8b 83       	std	Y+3, r24	; 0x03
    211e:	8b 81       	ldd	r24, Y+3	; 0x03
    2120:	9c 81       	ldd	r25, Y+4	; 0x04
    2122:	01 97       	sbiw	r24, 0x01	; 1
    2124:	f1 f7       	brne	.-4      	; 0x2122 <LCD_sendChar+0x89a>
    2126:	9c 83       	std	Y+4, r25	; 0x04
    2128:	8b 83       	std	Y+3, r24	; 0x03
		while(__ticks)
		{
			// wait 1/10 ms
			_delay_loop_2(((F_CPU) / 4e3) / 10);
			__ticks --;
    212a:	8d 81       	ldd	r24, Y+5	; 0x05
    212c:	9e 81       	ldd	r25, Y+6	; 0x06
    212e:	01 97       	sbiw	r24, 0x01	; 1
    2130:	9e 83       	std	Y+6, r25	; 0x06
    2132:	8d 83       	std	Y+5, r24	; 0x05
		__ticks = 1;
	else if (__tmp > 65535)
	{
		//	__ticks = requested delay in 1/10 ms
		__ticks = (uint16_t) (__ms * 10.0);
		while(__ticks)
    2134:	8d 81       	ldd	r24, Y+5	; 0x05
    2136:	9e 81       	ldd	r25, Y+6	; 0x06
    2138:	00 97       	sbiw	r24, 0x00	; 0
    213a:	69 f7       	brne	.-38     	; 0x2116 <LCD_sendChar+0x88e>
    213c:	14 c0       	rjmp	.+40     	; 0x2166 <LCD_sendChar+0x8de>
			__ticks --;
		}
		return;
	}
	else
		__ticks = (uint16_t)__tmp;
    213e:	6f 81       	ldd	r22, Y+7	; 0x07
    2140:	78 85       	ldd	r23, Y+8	; 0x08
    2142:	89 85       	ldd	r24, Y+9	; 0x09
    2144:	9a 85       	ldd	r25, Y+10	; 0x0a
    2146:	0e 94 49 00 	call	0x92	; 0x92 <__fixunssfsi>
    214a:	dc 01       	movw	r26, r24
    214c:	cb 01       	movw	r24, r22
    214e:	9e 83       	std	Y+6, r25	; 0x06
    2150:	8d 83       	std	Y+5, r24	; 0x05
    2152:	8d 81       	ldd	r24, Y+5	; 0x05
    2154:	9e 81       	ldd	r25, Y+6	; 0x06
    2156:	9a 83       	std	Y+2, r25	; 0x02
    2158:	89 83       	std	Y+1, r24	; 0x01
    215a:	89 81       	ldd	r24, Y+1	; 0x01
    215c:	9a 81       	ldd	r25, Y+2	; 0x02
    215e:	01 97       	sbiw	r24, 0x01	; 1
    2160:	f1 f7       	brne	.-4      	; 0x215e <LCD_sendChar+0x8d6>
    2162:	9a 83       	std	Y+2, r25	; 0x02
    2164:	89 83       	std	Y+1, r24	; 0x01
	_delay_ms(1);
#endif
}
    2166:	cd 59       	subi	r28, 0x9D	; 157
    2168:	df 4f       	sbci	r29, 0xFF	; 255
    216a:	0f b6       	in	r0, 0x3f	; 63
    216c:	f8 94       	cli
    216e:	de bf       	out	0x3e, r29	; 62
    2170:	0f be       	out	0x3f, r0	; 63
    2172:	cd bf       	out	0x3d, r28	; 61
    2174:	cf 91       	pop	r28
    2176:	df 91       	pop	r29
    2178:	1f 91       	pop	r17
    217a:	0f 91       	pop	r16
    217c:	08 95       	ret

0000217e <LCD_displayString>:

/*
 * Description :
 * Display the required string on the screen
 */
void LCD_displayString(const char *Str) {
    217e:	df 93       	push	r29
    2180:	cf 93       	push	r28
    2182:	00 d0       	rcall	.+0      	; 0x2184 <LCD_displayString+0x6>
    2184:	0f 92       	push	r0
    2186:	cd b7       	in	r28, 0x3d	; 61
    2188:	de b7       	in	r29, 0x3e	; 62
    218a:	9b 83       	std	Y+3, r25	; 0x03
    218c:	8a 83       	std	Y+2, r24	; 0x02
	uint8 counter = 0;
    218e:	19 82       	std	Y+1, r1	; 0x01
    2190:	0e c0       	rjmp	.+28     	; 0x21ae <LCD_displayString+0x30>
	while (Str[counter] != '\0') {
		LCD_sendChar(Str[counter]);
    2192:	89 81       	ldd	r24, Y+1	; 0x01
    2194:	28 2f       	mov	r18, r24
    2196:	30 e0       	ldi	r19, 0x00	; 0
    2198:	8a 81       	ldd	r24, Y+2	; 0x02
    219a:	9b 81       	ldd	r25, Y+3	; 0x03
    219c:	fc 01       	movw	r30, r24
    219e:	e2 0f       	add	r30, r18
    21a0:	f3 1f       	adc	r31, r19
    21a2:	80 81       	ld	r24, Z
    21a4:	0e 94 44 0c 	call	0x1888	; 0x1888 <LCD_sendChar>
		counter++;
    21a8:	89 81       	ldd	r24, Y+1	; 0x01
    21aa:	8f 5f       	subi	r24, 0xFF	; 255
    21ac:	89 83       	std	Y+1, r24	; 0x01
 * Description :
 * Display the required string on the screen
 */
void LCD_displayString(const char *Str) {
	uint8 counter = 0;
	while (Str[counter] != '\0') {
    21ae:	89 81       	ldd	r24, Y+1	; 0x01
    21b0:	28 2f       	mov	r18, r24
    21b2:	30 e0       	ldi	r19, 0x00	; 0
    21b4:	8a 81       	ldd	r24, Y+2	; 0x02
    21b6:	9b 81       	ldd	r25, Y+3	; 0x03
    21b8:	fc 01       	movw	r30, r24
    21ba:	e2 0f       	add	r30, r18
    21bc:	f3 1f       	adc	r31, r19
    21be:	80 81       	ld	r24, Z
    21c0:	88 23       	and	r24, r24
    21c2:	39 f7       	brne	.-50     	; 0x2192 <LCD_displayString+0x14>
		LCD_sendChar(Str[counter]);
		counter++;
	}
}
    21c4:	0f 90       	pop	r0
    21c6:	0f 90       	pop	r0
    21c8:	0f 90       	pop	r0
    21ca:	cf 91       	pop	r28
    21cc:	df 91       	pop	r29
    21ce:	08 95       	ret

000021d0 <LCD_moveCursor>:

/*
 * Description :
 * Move the cursor to a specified row and column index on the screen
 */
void LCD_moveCursor(uint8 row, uint8 col) {
    21d0:	df 93       	push	r29
    21d2:	cf 93       	push	r28
    21d4:	00 d0       	rcall	.+0      	; 0x21d6 <LCD_moveCursor+0x6>
    21d6:	00 d0       	rcall	.+0      	; 0x21d8 <LCD_moveCursor+0x8>
    21d8:	0f 92       	push	r0
    21da:	cd b7       	in	r28, 0x3d	; 61
    21dc:	de b7       	in	r29, 0x3e	; 62
    21de:	8a 83       	std	Y+2, r24	; 0x02
    21e0:	6b 83       	std	Y+3, r22	; 0x03
	uint8 final_position = 0;
    21e2:	19 82       	std	Y+1, r1	; 0x01
	switch (row) {
    21e4:	8a 81       	ldd	r24, Y+2	; 0x02
    21e6:	28 2f       	mov	r18, r24
    21e8:	30 e0       	ldi	r19, 0x00	; 0
    21ea:	3d 83       	std	Y+5, r19	; 0x05
    21ec:	2c 83       	std	Y+4, r18	; 0x04
    21ee:	8c 81       	ldd	r24, Y+4	; 0x04
    21f0:	9d 81       	ldd	r25, Y+5	; 0x05
    21f2:	81 30       	cpi	r24, 0x01	; 1
    21f4:	91 05       	cpc	r25, r1
    21f6:	c1 f0       	breq	.+48     	; 0x2228 <LCD_moveCursor+0x58>
    21f8:	2c 81       	ldd	r18, Y+4	; 0x04
    21fa:	3d 81       	ldd	r19, Y+5	; 0x05
    21fc:	22 30       	cpi	r18, 0x02	; 2
    21fe:	31 05       	cpc	r19, r1
    2200:	2c f4       	brge	.+10     	; 0x220c <LCD_moveCursor+0x3c>
    2202:	8c 81       	ldd	r24, Y+4	; 0x04
    2204:	9d 81       	ldd	r25, Y+5	; 0x05
    2206:	00 97       	sbiw	r24, 0x00	; 0
    2208:	61 f0       	breq	.+24     	; 0x2222 <LCD_moveCursor+0x52>
    220a:	19 c0       	rjmp	.+50     	; 0x223e <LCD_moveCursor+0x6e>
    220c:	2c 81       	ldd	r18, Y+4	; 0x04
    220e:	3d 81       	ldd	r19, Y+5	; 0x05
    2210:	22 30       	cpi	r18, 0x02	; 2
    2212:	31 05       	cpc	r19, r1
    2214:	69 f0       	breq	.+26     	; 0x2230 <LCD_moveCursor+0x60>
    2216:	8c 81       	ldd	r24, Y+4	; 0x04
    2218:	9d 81       	ldd	r25, Y+5	; 0x05
    221a:	83 30       	cpi	r24, 0x03	; 3
    221c:	91 05       	cpc	r25, r1
    221e:	61 f0       	breq	.+24     	; 0x2238 <LCD_moveCursor+0x68>
    2220:	0e c0       	rjmp	.+28     	; 0x223e <LCD_moveCursor+0x6e>
	case 0:
		final_position = 0x00 + col;
    2222:	8b 81       	ldd	r24, Y+3	; 0x03
    2224:	89 83       	std	Y+1, r24	; 0x01
    2226:	0b c0       	rjmp	.+22     	; 0x223e <LCD_moveCursor+0x6e>
		break;
	case 1:
		final_position = 0x40 + col;
    2228:	8b 81       	ldd	r24, Y+3	; 0x03
    222a:	80 5c       	subi	r24, 0xC0	; 192
    222c:	89 83       	std	Y+1, r24	; 0x01
    222e:	07 c0       	rjmp	.+14     	; 0x223e <LCD_moveCursor+0x6e>
		break;
	case 2:
		final_position = 0x10 + col;
    2230:	8b 81       	ldd	r24, Y+3	; 0x03
    2232:	80 5f       	subi	r24, 0xF0	; 240
    2234:	89 83       	std	Y+1, r24	; 0x01
    2236:	03 c0       	rjmp	.+6      	; 0x223e <LCD_moveCursor+0x6e>
		break;
	case 3:
		final_position = 0x50 + col;
    2238:	8b 81       	ldd	r24, Y+3	; 0x03
    223a:	80 5b       	subi	r24, 0xB0	; 176
    223c:	89 83       	std	Y+1, r24	; 0x01
		break;
	}
	LCD_sendCommand(final_position + LCD_SET_CURSOR_LOCATION);
    223e:	89 81       	ldd	r24, Y+1	; 0x01
    2240:	80 58       	subi	r24, 0x80	; 128
    2242:	0e 94 17 07 	call	0xe2e	; 0xe2e <LCD_sendCommand>
}
    2246:	0f 90       	pop	r0
    2248:	0f 90       	pop	r0
    224a:	0f 90       	pop	r0
    224c:	0f 90       	pop	r0
    224e:	0f 90       	pop	r0
    2250:	cf 91       	pop	r28
    2252:	df 91       	pop	r29
    2254:	08 95       	ret

00002256 <LCD_displayStringRowColumn>:

/*
 * Description :
 * Display the required string in a specified row and column index on the screen
 */
void LCD_displayStringRowColumn(uint8 row, uint8 col, const char *Str) {
    2256:	df 93       	push	r29
    2258:	cf 93       	push	r28
    225a:	00 d0       	rcall	.+0      	; 0x225c <LCD_displayStringRowColumn+0x6>
    225c:	00 d0       	rcall	.+0      	; 0x225e <LCD_displayStringRowColumn+0x8>
    225e:	cd b7       	in	r28, 0x3d	; 61
    2260:	de b7       	in	r29, 0x3e	; 62
    2262:	89 83       	std	Y+1, r24	; 0x01
    2264:	6a 83       	std	Y+2, r22	; 0x02
    2266:	5c 83       	std	Y+4, r21	; 0x04
    2268:	4b 83       	std	Y+3, r20	; 0x03
	LCD_moveCursor(row, col);
    226a:	89 81       	ldd	r24, Y+1	; 0x01
    226c:	6a 81       	ldd	r22, Y+2	; 0x02
    226e:	0e 94 e8 10 	call	0x21d0	; 0x21d0 <LCD_moveCursor>
	LCD_displayString(Str);
    2272:	8b 81       	ldd	r24, Y+3	; 0x03
    2274:	9c 81       	ldd	r25, Y+4	; 0x04
    2276:	0e 94 bf 10 	call	0x217e	; 0x217e <LCD_displayString>

}
    227a:	0f 90       	pop	r0
    227c:	0f 90       	pop	r0
    227e:	0f 90       	pop	r0
    2280:	0f 90       	pop	r0
    2282:	cf 91       	pop	r28
    2284:	df 91       	pop	r29
    2286:	08 95       	ret

00002288 <LCD_clearScreen>:

/*
 * Description :
 * Send the clear screen command
 */
void LCD_clearScreen(void) {
    2288:	df 93       	push	r29
    228a:	cf 93       	push	r28
    228c:	cd b7       	in	r28, 0x3d	; 61
    228e:	de b7       	in	r29, 0x3e	; 62
	LCD_sendCommand(LCD_CLEAR_COMMAND);
    2290:	81 e0       	ldi	r24, 0x01	; 1
    2292:	0e 94 17 07 	call	0xe2e	; 0xe2e <LCD_sendCommand>
}
    2296:	cf 91       	pop	r28
    2298:	df 91       	pop	r29
    229a:	08 95       	ret

0000229c <LCD_intgerToString>:

/*
 * Description :
 * Display the required decimal value on the screen
 */
void LCD_intgerToString(uint16 data) {
    229c:	df 93       	push	r29
    229e:	cf 93       	push	r28
    22a0:	cd b7       	in	r28, 0x3d	; 61
    22a2:	de b7       	in	r29, 0x3e	; 62
    22a4:	62 97       	sbiw	r28, 0x12	; 18
    22a6:	0f b6       	in	r0, 0x3f	; 63
    22a8:	f8 94       	cli
    22aa:	de bf       	out	0x3e, r29	; 62
    22ac:	0f be       	out	0x3f, r0	; 63
    22ae:	cd bf       	out	0x3d, r28	; 61
    22b0:	9a 8b       	std	Y+18, r25	; 0x12
    22b2:	89 8b       	std	Y+17, r24	; 0x11
	char buffer[16];
	itoa(data, buffer, 10);
    22b4:	89 89       	ldd	r24, Y+17	; 0x11
    22b6:	9a 89       	ldd	r25, Y+18	; 0x12
    22b8:	9e 01       	movw	r18, r28
    22ba:	2f 5f       	subi	r18, 0xFF	; 255
    22bc:	3f 4f       	sbci	r19, 0xFF	; 255
    22be:	b9 01       	movw	r22, r18
    22c0:	4a e0       	ldi	r20, 0x0A	; 10
    22c2:	50 e0       	ldi	r21, 0x00	; 0
    22c4:	0e 94 74 19 	call	0x32e8	; 0x32e8 <itoa>
	LCD_displayString(buffer);
    22c8:	ce 01       	movw	r24, r28
    22ca:	01 96       	adiw	r24, 0x01	; 1
    22cc:	0e 94 bf 10 	call	0x217e	; 0x217e <LCD_displayString>

}
    22d0:	62 96       	adiw	r28, 0x12	; 18
    22d2:	0f b6       	in	r0, 0x3f	; 63
    22d4:	f8 94       	cli
    22d6:	de bf       	out	0x3e, r29	; 62
    22d8:	0f be       	out	0x3f, r0	; 63
    22da:	cd bf       	out	0x3d, r28	; 61
    22dc:	cf 91       	pop	r28
    22de:	df 91       	pop	r29
    22e0:	08 95       	ret

000022e2 <LEDS_init>:

/*description:
 *Initializes all Leds (red, green, blue) pins direction.
 *Initializes Turn off all the Leds
 * */
void LEDS_init(void) {
    22e2:	df 93       	push	r29
    22e4:	cf 93       	push	r28
    22e6:	cd b7       	in	r28, 0x3d	; 61
    22e8:	de b7       	in	r29, 0x3e	; 62

	GPIO_setupPinDirection(LED_1_PORT_ID, LED_1_PIN_ID, PIN_OUTPUT);
    22ea:	82 e0       	ldi	r24, 0x02	; 2
    22ec:	60 e0       	ldi	r22, 0x00	; 0
    22ee:	41 e0       	ldi	r20, 0x01	; 1
    22f0:	0e 94 b7 13 	call	0x276e	; 0x276e <GPIO_setupPinDirection>
	GPIO_setupPinDirection(LED_2_PORT_ID, LED_2_PIN_ID, PIN_OUTPUT);
    22f4:	82 e0       	ldi	r24, 0x02	; 2
    22f6:	61 e0       	ldi	r22, 0x01	; 1
    22f8:	41 e0       	ldi	r20, 0x01	; 1
    22fa:	0e 94 b7 13 	call	0x276e	; 0x276e <GPIO_setupPinDirection>
	GPIO_setupPinDirection(LED_3_PORT_ID, LED_3_PIN_ID, PIN_OUTPUT);
    22fe:	82 e0       	ldi	r24, 0x02	; 2
    2300:	62 e0       	ldi	r22, 0x02	; 2
    2302:	41 e0       	ldi	r20, 0x01	; 1
    2304:	0e 94 b7 13 	call	0x276e	; 0x276e <GPIO_setupPinDirection>

#if (CONNECTION_LOGICE==1)
	GPIO_writePin(LED_1_PORT_ID, LED_1_PIN_ID, LOGIC_LOW);
    2308:	82 e0       	ldi	r24, 0x02	; 2
    230a:	60 e0       	ldi	r22, 0x00	; 0
    230c:	40 e0       	ldi	r20, 0x00	; 0
    230e:	0e 94 a2 14 	call	0x2944	; 0x2944 <GPIO_writePin>
	GPIO_writePin(LED_2_PORT_ID, LED_2_PIN_ID, LOGIC_LOW);
    2312:	82 e0       	ldi	r24, 0x02	; 2
    2314:	61 e0       	ldi	r22, 0x01	; 1
    2316:	40 e0       	ldi	r20, 0x00	; 0
    2318:	0e 94 a2 14 	call	0x2944	; 0x2944 <GPIO_writePin>
	GPIO_writePin(LED_3_PORT_ID, LED_3_PIN_ID, LOGIC_LOW);
    231c:	82 e0       	ldi	r24, 0x02	; 2
    231e:	62 e0       	ldi	r22, 0x02	; 2
    2320:	40 e0       	ldi	r20, 0x00	; 0
    2322:	0e 94 a2 14 	call	0x2944	; 0x2944 <GPIO_writePin>
#elif (CONNECTION_LOGICE==0)
	GPIO_writePin(LED_1_PORT_ID,LED_1_PIN_ID,LOGIC_HIGH);
	GPIO_writePin(LED_2_PORT_ID,LED_2_PIN_ID,LOGIC_HIGH);
	GPIO_writePin(LED_3_PORT_ID,LED_3_PIN_ID,LOGIC_HIGH);
#endif
}
    2326:	cf 91       	pop	r28
    2328:	df 91       	pop	r29
    232a:	08 95       	ret

0000232c <LED_on>:

/*description
 * Turns on the specified LED.
 *  */
void LED_on(LED_ID id) {
    232c:	df 93       	push	r29
    232e:	cf 93       	push	r28
    2330:	00 d0       	rcall	.+0      	; 0x2332 <LED_on+0x6>
    2332:	0f 92       	push	r0
    2334:	cd b7       	in	r28, 0x3d	; 61
    2336:	de b7       	in	r29, 0x3e	; 62
    2338:	89 83       	std	Y+1, r24	; 0x01
	switch (id) {
    233a:	89 81       	ldd	r24, Y+1	; 0x01
    233c:	28 2f       	mov	r18, r24
    233e:	30 e0       	ldi	r19, 0x00	; 0
    2340:	3b 83       	std	Y+3, r19	; 0x03
    2342:	2a 83       	std	Y+2, r18	; 0x02
    2344:	8a 81       	ldd	r24, Y+2	; 0x02
    2346:	9b 81       	ldd	r25, Y+3	; 0x03
    2348:	82 30       	cpi	r24, 0x02	; 2
    234a:	91 05       	cpc	r25, r1
    234c:	81 f0       	breq	.+32     	; 0x236e <LED_on+0x42>
    234e:	2a 81       	ldd	r18, Y+2	; 0x02
    2350:	3b 81       	ldd	r19, Y+3	; 0x03
    2352:	23 30       	cpi	r18, 0x03	; 3
    2354:	31 05       	cpc	r19, r1
    2356:	89 f0       	breq	.+34     	; 0x237a <LED_on+0x4e>
    2358:	8a 81       	ldd	r24, Y+2	; 0x02
    235a:	9b 81       	ldd	r25, Y+3	; 0x03
    235c:	81 30       	cpi	r24, 0x01	; 1
    235e:	91 05       	cpc	r25, r1
    2360:	89 f4       	brne	.+34     	; 0x2384 <LED_on+0x58>
	case 1:
#if (CONNECTION_LOGICE==1)
		GPIO_writePin(LED_1_PORT_ID, LED_1_PIN_ID, LOGIC_HIGH);
    2362:	82 e0       	ldi	r24, 0x02	; 2
    2364:	60 e0       	ldi	r22, 0x00	; 0
    2366:	41 e0       	ldi	r20, 0x01	; 1
    2368:	0e 94 a2 14 	call	0x2944	; 0x2944 <GPIO_writePin>
    236c:	0b c0       	rjmp	.+22     	; 0x2384 <LED_on+0x58>
	 GPIO_writePin(LED_1_PORT_ID, LED_1_PIN_ID, LOGIC_LOW);
#endif
		break;
	case 2:
#if (CONNECTION_LOGICE==1)
		GPIO_writePin(LED_2_PORT_ID, LED_2_PIN_ID, LOGIC_HIGH);
    236e:	82 e0       	ldi	r24, 0x02	; 2
    2370:	61 e0       	ldi	r22, 0x01	; 1
    2372:	41 e0       	ldi	r20, 0x01	; 1
    2374:	0e 94 a2 14 	call	0x2944	; 0x2944 <GPIO_writePin>
    2378:	05 c0       	rjmp	.+10     	; 0x2384 <LED_on+0x58>
	 GPIO_writePin(LED_2_PORT_ID, LED_2_PIN_ID, LOGIC_LOW);
#endif
		break;
	case 3:
#if (CONNECTION_LOGICE==1)
		GPIO_writePin(LED_3_PORT_ID, LED_3_PIN_ID, LOGIC_HIGH);
    237a:	82 e0       	ldi	r24, 0x02	; 2
    237c:	62 e0       	ldi	r22, 0x02	; 2
    237e:	41 e0       	ldi	r20, 0x01	; 1
    2380:	0e 94 a2 14 	call	0x2944	; 0x2944 <GPIO_writePin>
#elif (CONNECTION_LOGICE==0)
	 GPIO_writePin(LED_3_PORT_ID, LED_3_PIN_ID, LOGIC_LOW);
#endif
		break;
	}
}
    2384:	0f 90       	pop	r0
    2386:	0f 90       	pop	r0
    2388:	0f 90       	pop	r0
    238a:	cf 91       	pop	r28
    238c:	df 91       	pop	r29
    238e:	08 95       	ret

00002390 <LED_off>:

/*description:
 * Turns off the specified LED.
 *  */
void LED_off(LED_ID id) {
    2390:	df 93       	push	r29
    2392:	cf 93       	push	r28
    2394:	00 d0       	rcall	.+0      	; 0x2396 <LED_off+0x6>
    2396:	0f 92       	push	r0
    2398:	cd b7       	in	r28, 0x3d	; 61
    239a:	de b7       	in	r29, 0x3e	; 62
    239c:	89 83       	std	Y+1, r24	; 0x01
	switch (id) {
    239e:	89 81       	ldd	r24, Y+1	; 0x01
    23a0:	28 2f       	mov	r18, r24
    23a2:	30 e0       	ldi	r19, 0x00	; 0
    23a4:	3b 83       	std	Y+3, r19	; 0x03
    23a6:	2a 83       	std	Y+2, r18	; 0x02
    23a8:	8a 81       	ldd	r24, Y+2	; 0x02
    23aa:	9b 81       	ldd	r25, Y+3	; 0x03
    23ac:	82 30       	cpi	r24, 0x02	; 2
    23ae:	91 05       	cpc	r25, r1
    23b0:	81 f0       	breq	.+32     	; 0x23d2 <LED_off+0x42>
    23b2:	2a 81       	ldd	r18, Y+2	; 0x02
    23b4:	3b 81       	ldd	r19, Y+3	; 0x03
    23b6:	23 30       	cpi	r18, 0x03	; 3
    23b8:	31 05       	cpc	r19, r1
    23ba:	89 f0       	breq	.+34     	; 0x23de <LED_off+0x4e>
    23bc:	8a 81       	ldd	r24, Y+2	; 0x02
    23be:	9b 81       	ldd	r25, Y+3	; 0x03
    23c0:	81 30       	cpi	r24, 0x01	; 1
    23c2:	91 05       	cpc	r25, r1
    23c4:	89 f4       	brne	.+34     	; 0x23e8 <LED_off+0x58>
	case 1:
#if (CONNECTION_LOGICE==1)
		GPIO_writePin(LED_1_PORT_ID, LED_1_PIN_ID, LOGIC_LOW);
    23c6:	82 e0       	ldi	r24, 0x02	; 2
    23c8:	60 e0       	ldi	r22, 0x00	; 0
    23ca:	40 e0       	ldi	r20, 0x00	; 0
    23cc:	0e 94 a2 14 	call	0x2944	; 0x2944 <GPIO_writePin>
    23d0:	0b c0       	rjmp	.+22     	; 0x23e8 <LED_off+0x58>
		 GPIO_writePin(LED_1_PORT_ID, LED_1_PIN_ID, LOGIC_HIGH);
	#endif
		break;
	case 2:
#if (CONNECTION_LOGICE==1)
		GPIO_writePin(LED_2_PORT_ID, LED_2_PIN_ID, LOGIC_LOW);
    23d2:	82 e0       	ldi	r24, 0x02	; 2
    23d4:	61 e0       	ldi	r22, 0x01	; 1
    23d6:	40 e0       	ldi	r20, 0x00	; 0
    23d8:	0e 94 a2 14 	call	0x2944	; 0x2944 <GPIO_writePin>
    23dc:	05 c0       	rjmp	.+10     	; 0x23e8 <LED_off+0x58>
		 GPIO_writePin(LED_2_PORT_ID, LED_2_PIN_ID, LOGIC_HIGH);
	#endif
		break;
	case 3:
#if (CONNECTION_LOGICE==1)
		GPIO_writePin(LED_3_PORT_ID, LED_3_PIN_ID, LOGIC_LOW);
    23de:	82 e0       	ldi	r24, 0x02	; 2
    23e0:	62 e0       	ldi	r22, 0x02	; 2
    23e2:	40 e0       	ldi	r20, 0x00	; 0
    23e4:	0e 94 a2 14 	call	0x2944	; 0x2944 <GPIO_writePin>
		 GPIO_writePin(LED_3_PORT_ID, LED_3_PIN_ID, LOGIC_HIGH);
	#endif
		break;
	}

}
    23e8:	0f 90       	pop	r0
    23ea:	0f 90       	pop	r0
    23ec:	0f 90       	pop	r0
    23ee:	cf 91       	pop	r28
    23f0:	df 91       	pop	r29
    23f2:	08 95       	ret

000023f4 <main>:
#include "LCD.h"
#include "buzzer.h"
#include "ultrasonic_sensor.h"
#include <util/delay.h>
#include <avr/io.h>
int main(void){
    23f4:	df 93       	push	r29
    23f6:	cf 93       	push	r28
    23f8:	cd b7       	in	r28, 0x3d	; 61
    23fa:	de b7       	in	r29, 0x3e	; 62
    23fc:	6c 97       	sbiw	r28, 0x1c	; 28
    23fe:	0f b6       	in	r0, 0x3f	; 63
    2400:	f8 94       	cli
    2402:	de bf       	out	0x3e, r29	; 62
    2404:	0f be       	out	0x3f, r0	; 63
    2406:	cd bf       	out	0x3d, r28	; 61
	/*initializing the modules
	 * */
	LCD_init();
    2408:	0e 94 92 0b 	call	0x1724	; 0x1724 <LCD_init>
	LEDS_init();
    240c:	0e 94 71 11 	call	0x22e2	; 0x22e2 <LEDS_init>
	Buzzer_init();
    2410:	0e 94 8e 13 	call	0x271c	; 0x271c <Buzzer_init>
	Ultrasonic_init();
    2414:	0e 94 f5 17 	call	0x2fea	; 0x2fea <Ultrasonic_init>
	/* enabling the global interrupt */
		SREG |= (1 << 7);
    2418:	af e5       	ldi	r26, 0x5F	; 95
    241a:	b0 e0       	ldi	r27, 0x00	; 0
    241c:	ef e5       	ldi	r30, 0x5F	; 95
    241e:	f0 e0       	ldi	r31, 0x00	; 0
    2420:	80 81       	ld	r24, Z
    2422:	80 68       	ori	r24, 0x80	; 128
    2424:	8c 93       	st	X, r24

while(1){

	/*Continuous display for the distance
	 * */
	LCD_displayStringRowColumn(0,1,"Distance=");
    2426:	20 e6       	ldi	r18, 0x60	; 96
    2428:	30 e0       	ldi	r19, 0x00	; 0
    242a:	80 e0       	ldi	r24, 0x00	; 0
    242c:	61 e0       	ldi	r22, 0x01	; 1
    242e:	a9 01       	movw	r20, r18
    2430:	0e 94 2b 11 	call	0x2256	; 0x2256 <LCD_displayStringRowColumn>
	LCD_intgerToString((Ultrasonic_readDistance()+1));
    2434:	0e 94 eb 18 	call	0x31d6	; 0x31d6 <Ultrasonic_readDistance>
    2438:	01 96       	adiw	r24, 0x01	; 1
    243a:	0e 94 4e 11 	call	0x229c	; 0x229c <LCD_intgerToString>
	LCD_displayString("cm ");
    243e:	8a e6       	ldi	r24, 0x6A	; 106
    2440:	90 e0       	ldi	r25, 0x00	; 0
    2442:	0e 94 bf 10 	call	0x217e	; 0x217e <LCD_displayString>

	/*checks if the it is smaller than 5 or equal
	 * */
	if((Ultrasonic_readDistance()+1)<=5){
    2446:	0e 94 eb 18 	call	0x31d6	; 0x31d6 <Ultrasonic_readDistance>
    244a:	01 96       	adiw	r24, 0x01	; 1
    244c:	86 30       	cpi	r24, 0x06	; 6
    244e:	91 05       	cpc	r25, r1
    2450:	08 f0       	brcs	.+2      	; 0x2454 <main+0x60>
    2452:	02 c1       	rjmp	.+516    	; 0x2658 <main+0x264>
		/*
		 * blinking of the leds and the buzzer
		 * displaying stop on the lcd
		 */
			LED_on(red);
    2454:	81 e0       	ldi	r24, 0x01	; 1
    2456:	0e 94 96 11 	call	0x232c	; 0x232c <LED_on>
			LED_on(green);
    245a:	82 e0       	ldi	r24, 0x02	; 2
    245c:	0e 94 96 11 	call	0x232c	; 0x232c <LED_on>
			LED_on(blue);
    2460:	83 e0       	ldi	r24, 0x03	; 3
    2462:	0e 94 96 11 	call	0x232c	; 0x232c <LED_on>
			Buzzer_on();
    2466:	0e 94 9f 13 	call	0x273e	; 0x273e <Buzzer_on>
    246a:	80 e0       	ldi	r24, 0x00	; 0
    246c:	90 e0       	ldi	r25, 0x00	; 0
    246e:	aa ef       	ldi	r26, 0xFA	; 250
    2470:	b3 e4       	ldi	r27, 0x43	; 67
    2472:	89 8f       	std	Y+25, r24	; 0x19
    2474:	9a 8f       	std	Y+26, r25	; 0x1a
    2476:	ab 8f       	std	Y+27, r26	; 0x1b
    2478:	bc 8f       	std	Y+28, r27	; 0x1c
 */
void
_delay_ms(double __ms)
{
	uint16_t __ticks;
	double __tmp = ((F_CPU) / 4e3) * __ms;
    247a:	69 8d       	ldd	r22, Y+25	; 0x19
    247c:	7a 8d       	ldd	r23, Y+26	; 0x1a
    247e:	8b 8d       	ldd	r24, Y+27	; 0x1b
    2480:	9c 8d       	ldd	r25, Y+28	; 0x1c
    2482:	20 e0       	ldi	r18, 0x00	; 0
    2484:	30 e0       	ldi	r19, 0x00	; 0
    2486:	4a e7       	ldi	r20, 0x7A	; 122
    2488:	55 e4       	ldi	r21, 0x45	; 69
    248a:	0e 94 1f 02 	call	0x43e	; 0x43e <__mulsf3>
    248e:	dc 01       	movw	r26, r24
    2490:	cb 01       	movw	r24, r22
    2492:	8d 8b       	std	Y+21, r24	; 0x15
    2494:	9e 8b       	std	Y+22, r25	; 0x16
    2496:	af 8b       	std	Y+23, r26	; 0x17
    2498:	b8 8f       	std	Y+24, r27	; 0x18
	if (__tmp < 1.0)
    249a:	6d 89       	ldd	r22, Y+21	; 0x15
    249c:	7e 89       	ldd	r23, Y+22	; 0x16
    249e:	8f 89       	ldd	r24, Y+23	; 0x17
    24a0:	98 8d       	ldd	r25, Y+24	; 0x18
    24a2:	20 e0       	ldi	r18, 0x00	; 0
    24a4:	30 e0       	ldi	r19, 0x00	; 0
    24a6:	40 e8       	ldi	r20, 0x80	; 128
    24a8:	5f e3       	ldi	r21, 0x3F	; 63
    24aa:	0e 94 25 04 	call	0x84a	; 0x84a <__ltsf2>
    24ae:	88 23       	and	r24, r24
    24b0:	2c f4       	brge	.+10     	; 0x24bc <main+0xc8>
		__ticks = 1;
    24b2:	81 e0       	ldi	r24, 0x01	; 1
    24b4:	90 e0       	ldi	r25, 0x00	; 0
    24b6:	9c 8b       	std	Y+20, r25	; 0x14
    24b8:	8b 8b       	std	Y+19, r24	; 0x13
    24ba:	3f c0       	rjmp	.+126    	; 0x253a <main+0x146>
	else if (__tmp > 65535)
    24bc:	6d 89       	ldd	r22, Y+21	; 0x15
    24be:	7e 89       	ldd	r23, Y+22	; 0x16
    24c0:	8f 89       	ldd	r24, Y+23	; 0x17
    24c2:	98 8d       	ldd	r25, Y+24	; 0x18
    24c4:	20 e0       	ldi	r18, 0x00	; 0
    24c6:	3f ef       	ldi	r19, 0xFF	; 255
    24c8:	4f e7       	ldi	r20, 0x7F	; 127
    24ca:	57 e4       	ldi	r21, 0x47	; 71
    24cc:	0e 94 c5 03 	call	0x78a	; 0x78a <__gtsf2>
    24d0:	18 16       	cp	r1, r24
    24d2:	4c f5       	brge	.+82     	; 0x2526 <main+0x132>
	{
		//	__ticks = requested delay in 1/10 ms
		__ticks = (uint16_t) (__ms * 10.0);
    24d4:	69 8d       	ldd	r22, Y+25	; 0x19
    24d6:	7a 8d       	ldd	r23, Y+26	; 0x1a
    24d8:	8b 8d       	ldd	r24, Y+27	; 0x1b
    24da:	9c 8d       	ldd	r25, Y+28	; 0x1c
    24dc:	20 e0       	ldi	r18, 0x00	; 0
    24de:	30 e0       	ldi	r19, 0x00	; 0
    24e0:	40 e2       	ldi	r20, 0x20	; 32
    24e2:	51 e4       	ldi	r21, 0x41	; 65
    24e4:	0e 94 1f 02 	call	0x43e	; 0x43e <__mulsf3>
    24e8:	dc 01       	movw	r26, r24
    24ea:	cb 01       	movw	r24, r22
    24ec:	bc 01       	movw	r22, r24
    24ee:	cd 01       	movw	r24, r26
    24f0:	0e 94 49 00 	call	0x92	; 0x92 <__fixunssfsi>
    24f4:	dc 01       	movw	r26, r24
    24f6:	cb 01       	movw	r24, r22
    24f8:	9c 8b       	std	Y+20, r25	; 0x14
    24fa:	8b 8b       	std	Y+19, r24	; 0x13
    24fc:	0f c0       	rjmp	.+30     	; 0x251c <main+0x128>
    24fe:	80 e9       	ldi	r24, 0x90	; 144
    2500:	91 e0       	ldi	r25, 0x01	; 1
    2502:	9a 8b       	std	Y+18, r25	; 0x12
    2504:	89 8b       	std	Y+17, r24	; 0x11
    2506:	89 89       	ldd	r24, Y+17	; 0x11
    2508:	9a 89       	ldd	r25, Y+18	; 0x12
    250a:	01 97       	sbiw	r24, 0x01	; 1
    250c:	f1 f7       	brne	.-4      	; 0x250a <main+0x116>
    250e:	9a 8b       	std	Y+18, r25	; 0x12
    2510:	89 8b       	std	Y+17, r24	; 0x11
		while(__ticks)
		{
			// wait 1/10 ms
			_delay_loop_2(((F_CPU) / 4e3) / 10);
			__ticks --;
    2512:	8b 89       	ldd	r24, Y+19	; 0x13
    2514:	9c 89       	ldd	r25, Y+20	; 0x14
    2516:	01 97       	sbiw	r24, 0x01	; 1
    2518:	9c 8b       	std	Y+20, r25	; 0x14
    251a:	8b 8b       	std	Y+19, r24	; 0x13
		__ticks = 1;
	else if (__tmp > 65535)
	{
		//	__ticks = requested delay in 1/10 ms
		__ticks = (uint16_t) (__ms * 10.0);
		while(__ticks)
    251c:	8b 89       	ldd	r24, Y+19	; 0x13
    251e:	9c 89       	ldd	r25, Y+20	; 0x14
    2520:	00 97       	sbiw	r24, 0x00	; 0
    2522:	69 f7       	brne	.-38     	; 0x24fe <main+0x10a>
    2524:	14 c0       	rjmp	.+40     	; 0x254e <main+0x15a>
			__ticks --;
		}
		return;
	}
	else
		__ticks = (uint16_t)__tmp;
    2526:	6d 89       	ldd	r22, Y+21	; 0x15
    2528:	7e 89       	ldd	r23, Y+22	; 0x16
    252a:	8f 89       	ldd	r24, Y+23	; 0x17
    252c:	98 8d       	ldd	r25, Y+24	; 0x18
    252e:	0e 94 49 00 	call	0x92	; 0x92 <__fixunssfsi>
    2532:	dc 01       	movw	r26, r24
    2534:	cb 01       	movw	r24, r22
    2536:	9c 8b       	std	Y+20, r25	; 0x14
    2538:	8b 8b       	std	Y+19, r24	; 0x13
    253a:	8b 89       	ldd	r24, Y+19	; 0x13
    253c:	9c 89       	ldd	r25, Y+20	; 0x14
    253e:	98 8b       	std	Y+16, r25	; 0x10
    2540:	8f 87       	std	Y+15, r24	; 0x0f
    2542:	8f 85       	ldd	r24, Y+15	; 0x0f
    2544:	98 89       	ldd	r25, Y+16	; 0x10
    2546:	01 97       	sbiw	r24, 0x01	; 1
    2548:	f1 f7       	brne	.-4      	; 0x2546 <main+0x152>
    254a:	98 8b       	std	Y+16, r25	; 0x10
    254c:	8f 87       	std	Y+15, r24	; 0x0f
			_delay_ms(500);
			LED_off(red);
    254e:	81 e0       	ldi	r24, 0x01	; 1
    2550:	0e 94 c8 11 	call	0x2390	; 0x2390 <LED_off>
			LED_off(green);
    2554:	82 e0       	ldi	r24, 0x02	; 2
    2556:	0e 94 c8 11 	call	0x2390	; 0x2390 <LED_off>
			LED_off(blue);
    255a:	83 e0       	ldi	r24, 0x03	; 3
    255c:	0e 94 c8 11 	call	0x2390	; 0x2390 <LED_off>
			Buzzer_off();
    2560:	0e 94 ab 13 	call	0x2756	; 0x2756 <Buzzer_off>
    2564:	80 e0       	ldi	r24, 0x00	; 0
    2566:	90 e0       	ldi	r25, 0x00	; 0
    2568:	aa ef       	ldi	r26, 0xFA	; 250
    256a:	b3 e4       	ldi	r27, 0x43	; 67
    256c:	8b 87       	std	Y+11, r24	; 0x0b
    256e:	9c 87       	std	Y+12, r25	; 0x0c
    2570:	ad 87       	std	Y+13, r26	; 0x0d
    2572:	be 87       	std	Y+14, r27	; 0x0e
 */
void
_delay_ms(double __ms)
{
	uint16_t __ticks;
	double __tmp = ((F_CPU) / 4e3) * __ms;
    2574:	6b 85       	ldd	r22, Y+11	; 0x0b
    2576:	7c 85       	ldd	r23, Y+12	; 0x0c
    2578:	8d 85       	ldd	r24, Y+13	; 0x0d
    257a:	9e 85       	ldd	r25, Y+14	; 0x0e
    257c:	20 e0       	ldi	r18, 0x00	; 0
    257e:	30 e0       	ldi	r19, 0x00	; 0
    2580:	4a e7       	ldi	r20, 0x7A	; 122
    2582:	55 e4       	ldi	r21, 0x45	; 69
    2584:	0e 94 1f 02 	call	0x43e	; 0x43e <__mulsf3>
    2588:	dc 01       	movw	r26, r24
    258a:	cb 01       	movw	r24, r22
    258c:	8f 83       	std	Y+7, r24	; 0x07
    258e:	98 87       	std	Y+8, r25	; 0x08
    2590:	a9 87       	std	Y+9, r26	; 0x09
    2592:	ba 87       	std	Y+10, r27	; 0x0a
	if (__tmp < 1.0)
    2594:	6f 81       	ldd	r22, Y+7	; 0x07
    2596:	78 85       	ldd	r23, Y+8	; 0x08
    2598:	89 85       	ldd	r24, Y+9	; 0x09
    259a:	9a 85       	ldd	r25, Y+10	; 0x0a
    259c:	20 e0       	ldi	r18, 0x00	; 0
    259e:	30 e0       	ldi	r19, 0x00	; 0
    25a0:	40 e8       	ldi	r20, 0x80	; 128
    25a2:	5f e3       	ldi	r21, 0x3F	; 63
    25a4:	0e 94 25 04 	call	0x84a	; 0x84a <__ltsf2>
    25a8:	88 23       	and	r24, r24
    25aa:	2c f4       	brge	.+10     	; 0x25b6 <main+0x1c2>
		__ticks = 1;
    25ac:	81 e0       	ldi	r24, 0x01	; 1
    25ae:	90 e0       	ldi	r25, 0x00	; 0
    25b0:	9e 83       	std	Y+6, r25	; 0x06
    25b2:	8d 83       	std	Y+5, r24	; 0x05
    25b4:	3f c0       	rjmp	.+126    	; 0x2634 <main+0x240>
	else if (__tmp > 65535)
    25b6:	6f 81       	ldd	r22, Y+7	; 0x07
    25b8:	78 85       	ldd	r23, Y+8	; 0x08
    25ba:	89 85       	ldd	r24, Y+9	; 0x09
    25bc:	9a 85       	ldd	r25, Y+10	; 0x0a
    25be:	20 e0       	ldi	r18, 0x00	; 0
    25c0:	3f ef       	ldi	r19, 0xFF	; 255
    25c2:	4f e7       	ldi	r20, 0x7F	; 127
    25c4:	57 e4       	ldi	r21, 0x47	; 71
    25c6:	0e 94 c5 03 	call	0x78a	; 0x78a <__gtsf2>
    25ca:	18 16       	cp	r1, r24
    25cc:	4c f5       	brge	.+82     	; 0x2620 <main+0x22c>
	{
		//	__ticks = requested delay in 1/10 ms
		__ticks = (uint16_t) (__ms * 10.0);
    25ce:	6b 85       	ldd	r22, Y+11	; 0x0b
    25d0:	7c 85       	ldd	r23, Y+12	; 0x0c
    25d2:	8d 85       	ldd	r24, Y+13	; 0x0d
    25d4:	9e 85       	ldd	r25, Y+14	; 0x0e
    25d6:	20 e0       	ldi	r18, 0x00	; 0
    25d8:	30 e0       	ldi	r19, 0x00	; 0
    25da:	40 e2       	ldi	r20, 0x20	; 32
    25dc:	51 e4       	ldi	r21, 0x41	; 65
    25de:	0e 94 1f 02 	call	0x43e	; 0x43e <__mulsf3>
    25e2:	dc 01       	movw	r26, r24
    25e4:	cb 01       	movw	r24, r22
    25e6:	bc 01       	movw	r22, r24
    25e8:	cd 01       	movw	r24, r26
    25ea:	0e 94 49 00 	call	0x92	; 0x92 <__fixunssfsi>
    25ee:	dc 01       	movw	r26, r24
    25f0:	cb 01       	movw	r24, r22
    25f2:	9e 83       	std	Y+6, r25	; 0x06
    25f4:	8d 83       	std	Y+5, r24	; 0x05
    25f6:	0f c0       	rjmp	.+30     	; 0x2616 <main+0x222>
    25f8:	80 e9       	ldi	r24, 0x90	; 144
    25fa:	91 e0       	ldi	r25, 0x01	; 1
    25fc:	9c 83       	std	Y+4, r25	; 0x04
    25fe:	8b 83       	std	Y+3, r24	; 0x03
    2600:	8b 81       	ldd	r24, Y+3	; 0x03
    2602:	9c 81       	ldd	r25, Y+4	; 0x04
    2604:	01 97       	sbiw	r24, 0x01	; 1
    2606:	f1 f7       	brne	.-4      	; 0x2604 <main+0x210>
    2608:	9c 83       	std	Y+4, r25	; 0x04
    260a:	8b 83       	std	Y+3, r24	; 0x03
		while(__ticks)
		{
			// wait 1/10 ms
			_delay_loop_2(((F_CPU) / 4e3) / 10);
			__ticks --;
    260c:	8d 81       	ldd	r24, Y+5	; 0x05
    260e:	9e 81       	ldd	r25, Y+6	; 0x06
    2610:	01 97       	sbiw	r24, 0x01	; 1
    2612:	9e 83       	std	Y+6, r25	; 0x06
    2614:	8d 83       	std	Y+5, r24	; 0x05
		__ticks = 1;
	else if (__tmp > 65535)
	{
		//	__ticks = requested delay in 1/10 ms
		__ticks = (uint16_t) (__ms * 10.0);
		while(__ticks)
    2616:	8d 81       	ldd	r24, Y+5	; 0x05
    2618:	9e 81       	ldd	r25, Y+6	; 0x06
    261a:	00 97       	sbiw	r24, 0x00	; 0
    261c:	69 f7       	brne	.-38     	; 0x25f8 <main+0x204>
    261e:	14 c0       	rjmp	.+40     	; 0x2648 <main+0x254>
			__ticks --;
		}
		return;
	}
	else
		__ticks = (uint16_t)__tmp;
    2620:	6f 81       	ldd	r22, Y+7	; 0x07
    2622:	78 85       	ldd	r23, Y+8	; 0x08
    2624:	89 85       	ldd	r24, Y+9	; 0x09
    2626:	9a 85       	ldd	r25, Y+10	; 0x0a
    2628:	0e 94 49 00 	call	0x92	; 0x92 <__fixunssfsi>
    262c:	dc 01       	movw	r26, r24
    262e:	cb 01       	movw	r24, r22
    2630:	9e 83       	std	Y+6, r25	; 0x06
    2632:	8d 83       	std	Y+5, r24	; 0x05
    2634:	8d 81       	ldd	r24, Y+5	; 0x05
    2636:	9e 81       	ldd	r25, Y+6	; 0x06
    2638:	9a 83       	std	Y+2, r25	; 0x02
    263a:	89 83       	std	Y+1, r24	; 0x01
    263c:	89 81       	ldd	r24, Y+1	; 0x01
    263e:	9a 81       	ldd	r25, Y+2	; 0x02
    2640:	01 97       	sbiw	r24, 0x01	; 1
    2642:	f1 f7       	brne	.-4      	; 0x2640 <main+0x24c>
    2644:	9a 83       	std	Y+2, r25	; 0x02
    2646:	89 83       	std	Y+1, r24	; 0x01
			_delay_ms(500);
			LCD_displayStringRowColumn(1,6,"STOP");
    2648:	2e e6       	ldi	r18, 0x6E	; 110
    264a:	30 e0       	ldi	r19, 0x00	; 0
    264c:	81 e0       	ldi	r24, 0x01	; 1
    264e:	66 e0       	ldi	r22, 0x06	; 6
    2650:	a9 01       	movw	r20, r18
    2652:	0e 94 2b 11 	call	0x2256	; 0x2256 <LCD_displayStringRowColumn>
    2656:	e7 ce       	rjmp	.-562    	; 0x2426 <main+0x32>
		}
	else{
		/*clearing stop from the lcd
		 * */
		LCD_displayStringRowColumn(1,4,"                   ");
    2658:	23 e7       	ldi	r18, 0x73	; 115
    265a:	30 e0       	ldi	r19, 0x00	; 0
    265c:	81 e0       	ldi	r24, 0x01	; 1
    265e:	64 e0       	ldi	r22, 0x04	; 4
    2660:	a9 01       	movw	r20, r18
    2662:	0e 94 2b 11 	call	0x2256	; 0x2256 <LCD_displayStringRowColumn>
		/*
		 * checking the distance ranges of the distance
		 */
		if(((Ultrasonic_readDistance()+1)>=6)&&((Ultrasonic_readDistance()+1)<=10)){
    2666:	0e 94 eb 18 	call	0x31d6	; 0x31d6 <Ultrasonic_readDistance>
    266a:	01 96       	adiw	r24, 0x01	; 1
    266c:	86 30       	cpi	r24, 0x06	; 6
    266e:	91 05       	cpc	r25, r1
    2670:	90 f0       	brcs	.+36     	; 0x2696 <main+0x2a2>
    2672:	0e 94 eb 18 	call	0x31d6	; 0x31d6 <Ultrasonic_readDistance>
    2676:	01 96       	adiw	r24, 0x01	; 1
    2678:	8b 30       	cpi	r24, 0x0B	; 11
    267a:	91 05       	cpc	r25, r1
    267c:	60 f4       	brcc	.+24     	; 0x2696 <main+0x2a2>
			/*opening all leds and close the buzzer
			 * */
			LED_on(red);
    267e:	81 e0       	ldi	r24, 0x01	; 1
    2680:	0e 94 96 11 	call	0x232c	; 0x232c <LED_on>
			LED_on(green);
    2684:	82 e0       	ldi	r24, 0x02	; 2
    2686:	0e 94 96 11 	call	0x232c	; 0x232c <LED_on>
			LED_on(blue);
    268a:	83 e0       	ldi	r24, 0x03	; 3
    268c:	0e 94 96 11 	call	0x232c	; 0x232c <LED_on>
			Buzzer_off();
    2690:	0e 94 ab 13 	call	0x2756	; 0x2756 <Buzzer_off>
    2694:	c8 ce       	rjmp	.-624    	; 0x2426 <main+0x32>

		}
		else if(((Ultrasonic_readDistance()+1)>=11)&&((Ultrasonic_readDistance()+1)<=15)){
    2696:	0e 94 eb 18 	call	0x31d6	; 0x31d6 <Ultrasonic_readDistance>
    269a:	01 96       	adiw	r24, 0x01	; 1
    269c:	8b 30       	cpi	r24, 0x0B	; 11
    269e:	91 05       	cpc	r25, r1
    26a0:	90 f0       	brcs	.+36     	; 0x26c6 <main+0x2d2>
    26a2:	0e 94 eb 18 	call	0x31d6	; 0x31d6 <Ultrasonic_readDistance>
    26a6:	01 96       	adiw	r24, 0x01	; 1
    26a8:	80 31       	cpi	r24, 0x10	; 16
    26aa:	91 05       	cpc	r25, r1
    26ac:	60 f4       	brcc	.+24     	; 0x26c6 <main+0x2d2>
			/*closes the blue led and the buzzer and open the red and the green led
			 * */
			LED_on(red);
    26ae:	81 e0       	ldi	r24, 0x01	; 1
    26b0:	0e 94 96 11 	call	0x232c	; 0x232c <LED_on>
			LED_on(green);
    26b4:	82 e0       	ldi	r24, 0x02	; 2
    26b6:	0e 94 96 11 	call	0x232c	; 0x232c <LED_on>
			LED_off(blue);
    26ba:	83 e0       	ldi	r24, 0x03	; 3
    26bc:	0e 94 c8 11 	call	0x2390	; 0x2390 <LED_off>
			Buzzer_off();
    26c0:	0e 94 ab 13 	call	0x2756	; 0x2756 <Buzzer_off>
    26c4:	b0 ce       	rjmp	.-672    	; 0x2426 <main+0x32>
		}

		else if(((Ultrasonic_readDistance()+1)>=16)&&((Ultrasonic_readDistance()+1)<=20)){
    26c6:	0e 94 eb 18 	call	0x31d6	; 0x31d6 <Ultrasonic_readDistance>
    26ca:	01 96       	adiw	r24, 0x01	; 1
    26cc:	80 31       	cpi	r24, 0x10	; 16
    26ce:	91 05       	cpc	r25, r1
    26d0:	90 f0       	brcs	.+36     	; 0x26f6 <main+0x302>
    26d2:	0e 94 eb 18 	call	0x31d6	; 0x31d6 <Ultrasonic_readDistance>
    26d6:	01 96       	adiw	r24, 0x01	; 1
    26d8:	85 31       	cpi	r24, 0x15	; 21
    26da:	91 05       	cpc	r25, r1
    26dc:	60 f4       	brcc	.+24     	; 0x26f6 <main+0x302>
			/*closes the blue led, the green and the buzzer and open the red
			 * */
			LED_on(red);
    26de:	81 e0       	ldi	r24, 0x01	; 1
    26e0:	0e 94 96 11 	call	0x232c	; 0x232c <LED_on>
			LED_off(green);
    26e4:	82 e0       	ldi	r24, 0x02	; 2
    26e6:	0e 94 c8 11 	call	0x2390	; 0x2390 <LED_off>
			LED_off(blue);
    26ea:	83 e0       	ldi	r24, 0x03	; 3
    26ec:	0e 94 c8 11 	call	0x2390	; 0x2390 <LED_off>
			Buzzer_off();
    26f0:	0e 94 ab 13 	call	0x2756	; 0x2756 <Buzzer_off>
    26f4:	98 ce       	rjmp	.-720    	; 0x2426 <main+0x32>
		}

		else if(((Ultrasonic_readDistance()+1)>20)){
    26f6:	0e 94 eb 18 	call	0x31d6	; 0x31d6 <Ultrasonic_readDistance>
    26fa:	01 96       	adiw	r24, 0x01	; 1
    26fc:	85 31       	cpi	r24, 0x15	; 21
    26fe:	91 05       	cpc	r25, r1
    2700:	08 f4       	brcc	.+2      	; 0x2704 <main+0x310>
    2702:	91 ce       	rjmp	.-734    	; 0x2426 <main+0x32>
			/*closes everything
			 * */
					LED_off(red);
    2704:	81 e0       	ldi	r24, 0x01	; 1
    2706:	0e 94 c8 11 	call	0x2390	; 0x2390 <LED_off>
					LED_off(green);
    270a:	82 e0       	ldi	r24, 0x02	; 2
    270c:	0e 94 c8 11 	call	0x2390	; 0x2390 <LED_off>
					LED_off(blue);
    2710:	83 e0       	ldi	r24, 0x03	; 3
    2712:	0e 94 c8 11 	call	0x2390	; 0x2390 <LED_off>
					Buzzer_off();
    2716:	0e 94 ab 13 	call	0x2756	; 0x2756 <Buzzer_off>
    271a:	85 ce       	rjmp	.-758    	; 0x2426 <main+0x32>

0000271c <Buzzer_init>:

/*description
 * Initializes the buzzer pin direction
 * and turn off the buzzer.
 * */
void Buzzer_init(void){
    271c:	df 93       	push	r29
    271e:	cf 93       	push	r28
    2720:	cd b7       	in	r28, 0x3d	; 61
    2722:	de b7       	in	r29, 0x3e	; 62
	GPIO_setupPinDirection(BUZZER_PORT_ID,BUZZER_PIN_ID,PIN_OUTPUT);
    2724:	82 e0       	ldi	r24, 0x02	; 2
    2726:	65 e0       	ldi	r22, 0x05	; 5
    2728:	41 e0       	ldi	r20, 0x01	; 1
    272a:	0e 94 b7 13 	call	0x276e	; 0x276e <GPIO_setupPinDirection>
	GPIO_writePin(BUZZER_PORT_ID,BUZZER_PIN_ID,LOGIC_LOW);
    272e:	82 e0       	ldi	r24, 0x02	; 2
    2730:	65 e0       	ldi	r22, 0x05	; 5
    2732:	40 e0       	ldi	r20, 0x00	; 0
    2734:	0e 94 a2 14 	call	0x2944	; 0x2944 <GPIO_writePin>
}
    2738:	cf 91       	pop	r28
    273a:	df 91       	pop	r29
    273c:	08 95       	ret

0000273e <Buzzer_on>:


/*description:
 * Activates the buzzer.
 * */
void Buzzer_on(void){
    273e:	df 93       	push	r29
    2740:	cf 93       	push	r28
    2742:	cd b7       	in	r28, 0x3d	; 61
    2744:	de b7       	in	r29, 0x3e	; 62
	GPIO_writePin(BUZZER_PORT_ID,BUZZER_PIN_ID,LOGIC_HIGH);
    2746:	82 e0       	ldi	r24, 0x02	; 2
    2748:	65 e0       	ldi	r22, 0x05	; 5
    274a:	41 e0       	ldi	r20, 0x01	; 1
    274c:	0e 94 a2 14 	call	0x2944	; 0x2944 <GPIO_writePin>

}
    2750:	cf 91       	pop	r28
    2752:	df 91       	pop	r29
    2754:	08 95       	ret

00002756 <Buzzer_off>:

/*description:
 * deactivates the buzzer.
 * */
void Buzzer_off(void){
    2756:	df 93       	push	r29
    2758:	cf 93       	push	r28
    275a:	cd b7       	in	r28, 0x3d	; 61
    275c:	de b7       	in	r29, 0x3e	; 62
	GPIO_writePin(BUZZER_PORT_ID,BUZZER_PIN_ID,LOGIC_LOW);
    275e:	82 e0       	ldi	r24, 0x02	; 2
    2760:	65 e0       	ldi	r22, 0x05	; 5
    2762:	40 e0       	ldi	r20, 0x00	; 0
    2764:	0e 94 a2 14 	call	0x2944	; 0x2944 <GPIO_writePin>
}
    2768:	cf 91       	pop	r28
    276a:	df 91       	pop	r29
    276c:	08 95       	ret

0000276e <GPIO_setupPinDirection>:
 * Description :
 * Setup the direction of the required pin input/output.
 * If the input port number or pin number are not correct, The function will not handle the request.
 */
void GPIO_setupPinDirection(uint8 port_num, uint8 pin_num,
		GPIO_PinDirectionType direction) {
    276e:	df 93       	push	r29
    2770:	cf 93       	push	r28
    2772:	00 d0       	rcall	.+0      	; 0x2774 <GPIO_setupPinDirection+0x6>
    2774:	00 d0       	rcall	.+0      	; 0x2776 <GPIO_setupPinDirection+0x8>
    2776:	0f 92       	push	r0
    2778:	cd b7       	in	r28, 0x3d	; 61
    277a:	de b7       	in	r29, 0x3e	; 62
    277c:	89 83       	std	Y+1, r24	; 0x01
    277e:	6a 83       	std	Y+2, r22	; 0x02
    2780:	4b 83       	std	Y+3, r20	; 0x03
	/*
	 * Check if the input port number is greater than NUM_OF_PINS_PER_PORT value.
	 * Or if the input pin number is greater than NUM_OF_PINS_PER_PORT value.
	 * In this case the input is not valid port/pin number
	 */
	if ((pin_num >= NUM_OF_PINS_PER_PORT) || (port_num >= NUM_OF_PORTS)) {
    2782:	8a 81       	ldd	r24, Y+2	; 0x02
    2784:	88 30       	cpi	r24, 0x08	; 8
    2786:	08 f0       	brcs	.+2      	; 0x278a <GPIO_setupPinDirection+0x1c>
    2788:	d5 c0       	rjmp	.+426    	; 0x2934 <GPIO_setupPinDirection+0x1c6>
    278a:	89 81       	ldd	r24, Y+1	; 0x01
    278c:	84 30       	cpi	r24, 0x04	; 4
    278e:	08 f0       	brcs	.+2      	; 0x2792 <GPIO_setupPinDirection+0x24>
    2790:	d1 c0       	rjmp	.+418    	; 0x2934 <GPIO_setupPinDirection+0x1c6>
		/* Do Nothing and exits the function*/
		return;
	} else {
		/* Setup the pin direction as required */
		switch (port_num) {
    2792:	89 81       	ldd	r24, Y+1	; 0x01
    2794:	28 2f       	mov	r18, r24
    2796:	30 e0       	ldi	r19, 0x00	; 0
    2798:	3d 83       	std	Y+5, r19	; 0x05
    279a:	2c 83       	std	Y+4, r18	; 0x04
    279c:	8c 81       	ldd	r24, Y+4	; 0x04
    279e:	9d 81       	ldd	r25, Y+5	; 0x05
    27a0:	81 30       	cpi	r24, 0x01	; 1
    27a2:	91 05       	cpc	r25, r1
    27a4:	09 f4       	brne	.+2      	; 0x27a8 <GPIO_setupPinDirection+0x3a>
    27a6:	43 c0       	rjmp	.+134    	; 0x282e <GPIO_setupPinDirection+0xc0>
    27a8:	2c 81       	ldd	r18, Y+4	; 0x04
    27aa:	3d 81       	ldd	r19, Y+5	; 0x05
    27ac:	22 30       	cpi	r18, 0x02	; 2
    27ae:	31 05       	cpc	r19, r1
    27b0:	2c f4       	brge	.+10     	; 0x27bc <GPIO_setupPinDirection+0x4e>
    27b2:	8c 81       	ldd	r24, Y+4	; 0x04
    27b4:	9d 81       	ldd	r25, Y+5	; 0x05
    27b6:	00 97       	sbiw	r24, 0x00	; 0
    27b8:	71 f0       	breq	.+28     	; 0x27d6 <GPIO_setupPinDirection+0x68>
    27ba:	bc c0       	rjmp	.+376    	; 0x2934 <GPIO_setupPinDirection+0x1c6>
    27bc:	2c 81       	ldd	r18, Y+4	; 0x04
    27be:	3d 81       	ldd	r19, Y+5	; 0x05
    27c0:	22 30       	cpi	r18, 0x02	; 2
    27c2:	31 05       	cpc	r19, r1
    27c4:	09 f4       	brne	.+2      	; 0x27c8 <GPIO_setupPinDirection+0x5a>
    27c6:	5f c0       	rjmp	.+190    	; 0x2886 <GPIO_setupPinDirection+0x118>
    27c8:	8c 81       	ldd	r24, Y+4	; 0x04
    27ca:	9d 81       	ldd	r25, Y+5	; 0x05
    27cc:	83 30       	cpi	r24, 0x03	; 3
    27ce:	91 05       	cpc	r25, r1
    27d0:	09 f4       	brne	.+2      	; 0x27d4 <GPIO_setupPinDirection+0x66>
    27d2:	85 c0       	rjmp	.+266    	; 0x28de <GPIO_setupPinDirection+0x170>
    27d4:	af c0       	rjmp	.+350    	; 0x2934 <GPIO_setupPinDirection+0x1c6>
		case PORTA_ID:
			if (direction == PIN_OUTPUT) {
    27d6:	8b 81       	ldd	r24, Y+3	; 0x03
    27d8:	81 30       	cpi	r24, 0x01	; 1
    27da:	a1 f4       	brne	.+40     	; 0x2804 <GPIO_setupPinDirection+0x96>
				SET_BIT(DDRA, pin_num);
    27dc:	aa e3       	ldi	r26, 0x3A	; 58
    27de:	b0 e0       	ldi	r27, 0x00	; 0
    27e0:	ea e3       	ldi	r30, 0x3A	; 58
    27e2:	f0 e0       	ldi	r31, 0x00	; 0
    27e4:	80 81       	ld	r24, Z
    27e6:	48 2f       	mov	r20, r24
    27e8:	8a 81       	ldd	r24, Y+2	; 0x02
    27ea:	28 2f       	mov	r18, r24
    27ec:	30 e0       	ldi	r19, 0x00	; 0
    27ee:	81 e0       	ldi	r24, 0x01	; 1
    27f0:	90 e0       	ldi	r25, 0x00	; 0
    27f2:	02 2e       	mov	r0, r18
    27f4:	02 c0       	rjmp	.+4      	; 0x27fa <GPIO_setupPinDirection+0x8c>
    27f6:	88 0f       	add	r24, r24
    27f8:	99 1f       	adc	r25, r25
    27fa:	0a 94       	dec	r0
    27fc:	e2 f7       	brpl	.-8      	; 0x27f6 <GPIO_setupPinDirection+0x88>
    27fe:	84 2b       	or	r24, r20
    2800:	8c 93       	st	X, r24
    2802:	98 c0       	rjmp	.+304    	; 0x2934 <GPIO_setupPinDirection+0x1c6>
			} else {
				CLEAR_BIT(DDRA, pin_num);
    2804:	aa e3       	ldi	r26, 0x3A	; 58
    2806:	b0 e0       	ldi	r27, 0x00	; 0
    2808:	ea e3       	ldi	r30, 0x3A	; 58
    280a:	f0 e0       	ldi	r31, 0x00	; 0
    280c:	80 81       	ld	r24, Z
    280e:	48 2f       	mov	r20, r24
    2810:	8a 81       	ldd	r24, Y+2	; 0x02
    2812:	28 2f       	mov	r18, r24
    2814:	30 e0       	ldi	r19, 0x00	; 0
    2816:	81 e0       	ldi	r24, 0x01	; 1
    2818:	90 e0       	ldi	r25, 0x00	; 0
    281a:	02 2e       	mov	r0, r18
    281c:	02 c0       	rjmp	.+4      	; 0x2822 <GPIO_setupPinDirection+0xb4>
    281e:	88 0f       	add	r24, r24
    2820:	99 1f       	adc	r25, r25
    2822:	0a 94       	dec	r0
    2824:	e2 f7       	brpl	.-8      	; 0x281e <GPIO_setupPinDirection+0xb0>
    2826:	80 95       	com	r24
    2828:	84 23       	and	r24, r20
    282a:	8c 93       	st	X, r24
    282c:	83 c0       	rjmp	.+262    	; 0x2934 <GPIO_setupPinDirection+0x1c6>
			}
			break;
		case PORTB_ID:
			if (direction == PIN_OUTPUT) {
    282e:	8b 81       	ldd	r24, Y+3	; 0x03
    2830:	81 30       	cpi	r24, 0x01	; 1
    2832:	a1 f4       	brne	.+40     	; 0x285c <GPIO_setupPinDirection+0xee>
				SET_BIT(DDRB, pin_num);
    2834:	a7 e3       	ldi	r26, 0x37	; 55
    2836:	b0 e0       	ldi	r27, 0x00	; 0
    2838:	e7 e3       	ldi	r30, 0x37	; 55
    283a:	f0 e0       	ldi	r31, 0x00	; 0
    283c:	80 81       	ld	r24, Z
    283e:	48 2f       	mov	r20, r24
    2840:	8a 81       	ldd	r24, Y+2	; 0x02
    2842:	28 2f       	mov	r18, r24
    2844:	30 e0       	ldi	r19, 0x00	; 0
    2846:	81 e0       	ldi	r24, 0x01	; 1
    2848:	90 e0       	ldi	r25, 0x00	; 0
    284a:	02 2e       	mov	r0, r18
    284c:	02 c0       	rjmp	.+4      	; 0x2852 <GPIO_setupPinDirection+0xe4>
    284e:	88 0f       	add	r24, r24
    2850:	99 1f       	adc	r25, r25
    2852:	0a 94       	dec	r0
    2854:	e2 f7       	brpl	.-8      	; 0x284e <GPIO_setupPinDirection+0xe0>
    2856:	84 2b       	or	r24, r20
    2858:	8c 93       	st	X, r24
    285a:	6c c0       	rjmp	.+216    	; 0x2934 <GPIO_setupPinDirection+0x1c6>
			} else {
				CLEAR_BIT(DDRB, pin_num);
    285c:	a7 e3       	ldi	r26, 0x37	; 55
    285e:	b0 e0       	ldi	r27, 0x00	; 0
    2860:	e7 e3       	ldi	r30, 0x37	; 55
    2862:	f0 e0       	ldi	r31, 0x00	; 0
    2864:	80 81       	ld	r24, Z
    2866:	48 2f       	mov	r20, r24
    2868:	8a 81       	ldd	r24, Y+2	; 0x02
    286a:	28 2f       	mov	r18, r24
    286c:	30 e0       	ldi	r19, 0x00	; 0
    286e:	81 e0       	ldi	r24, 0x01	; 1
    2870:	90 e0       	ldi	r25, 0x00	; 0
    2872:	02 2e       	mov	r0, r18
    2874:	02 c0       	rjmp	.+4      	; 0x287a <GPIO_setupPinDirection+0x10c>
    2876:	88 0f       	add	r24, r24
    2878:	99 1f       	adc	r25, r25
    287a:	0a 94       	dec	r0
    287c:	e2 f7       	brpl	.-8      	; 0x2876 <GPIO_setupPinDirection+0x108>
    287e:	80 95       	com	r24
    2880:	84 23       	and	r24, r20
    2882:	8c 93       	st	X, r24
    2884:	57 c0       	rjmp	.+174    	; 0x2934 <GPIO_setupPinDirection+0x1c6>
			}
			break;
		case PORTC_ID:
			if (direction == PIN_OUTPUT) {
    2886:	8b 81       	ldd	r24, Y+3	; 0x03
    2888:	81 30       	cpi	r24, 0x01	; 1
    288a:	a1 f4       	brne	.+40     	; 0x28b4 <GPIO_setupPinDirection+0x146>
				SET_BIT(DDRC, pin_num);
    288c:	a4 e3       	ldi	r26, 0x34	; 52
    288e:	b0 e0       	ldi	r27, 0x00	; 0
    2890:	e4 e3       	ldi	r30, 0x34	; 52
    2892:	f0 e0       	ldi	r31, 0x00	; 0
    2894:	80 81       	ld	r24, Z
    2896:	48 2f       	mov	r20, r24
    2898:	8a 81       	ldd	r24, Y+2	; 0x02
    289a:	28 2f       	mov	r18, r24
    289c:	30 e0       	ldi	r19, 0x00	; 0
    289e:	81 e0       	ldi	r24, 0x01	; 1
    28a0:	90 e0       	ldi	r25, 0x00	; 0
    28a2:	02 2e       	mov	r0, r18
    28a4:	02 c0       	rjmp	.+4      	; 0x28aa <GPIO_setupPinDirection+0x13c>
    28a6:	88 0f       	add	r24, r24
    28a8:	99 1f       	adc	r25, r25
    28aa:	0a 94       	dec	r0
    28ac:	e2 f7       	brpl	.-8      	; 0x28a6 <GPIO_setupPinDirection+0x138>
    28ae:	84 2b       	or	r24, r20
    28b0:	8c 93       	st	X, r24
    28b2:	40 c0       	rjmp	.+128    	; 0x2934 <GPIO_setupPinDirection+0x1c6>
			} else {
				CLEAR_BIT(DDRC, pin_num);
    28b4:	a4 e3       	ldi	r26, 0x34	; 52
    28b6:	b0 e0       	ldi	r27, 0x00	; 0
    28b8:	e4 e3       	ldi	r30, 0x34	; 52
    28ba:	f0 e0       	ldi	r31, 0x00	; 0
    28bc:	80 81       	ld	r24, Z
    28be:	48 2f       	mov	r20, r24
    28c0:	8a 81       	ldd	r24, Y+2	; 0x02
    28c2:	28 2f       	mov	r18, r24
    28c4:	30 e0       	ldi	r19, 0x00	; 0
    28c6:	81 e0       	ldi	r24, 0x01	; 1
    28c8:	90 e0       	ldi	r25, 0x00	; 0
    28ca:	02 2e       	mov	r0, r18
    28cc:	02 c0       	rjmp	.+4      	; 0x28d2 <GPIO_setupPinDirection+0x164>
    28ce:	88 0f       	add	r24, r24
    28d0:	99 1f       	adc	r25, r25
    28d2:	0a 94       	dec	r0
    28d4:	e2 f7       	brpl	.-8      	; 0x28ce <GPIO_setupPinDirection+0x160>
    28d6:	80 95       	com	r24
    28d8:	84 23       	and	r24, r20
    28da:	8c 93       	st	X, r24
    28dc:	2b c0       	rjmp	.+86     	; 0x2934 <GPIO_setupPinDirection+0x1c6>
			}
			break;
		case PORTD_ID:
			if (direction == PIN_OUTPUT) {
    28de:	8b 81       	ldd	r24, Y+3	; 0x03
    28e0:	81 30       	cpi	r24, 0x01	; 1
    28e2:	a1 f4       	brne	.+40     	; 0x290c <GPIO_setupPinDirection+0x19e>
				SET_BIT(DDRD, pin_num);
    28e4:	a1 e3       	ldi	r26, 0x31	; 49
    28e6:	b0 e0       	ldi	r27, 0x00	; 0
    28e8:	e1 e3       	ldi	r30, 0x31	; 49
    28ea:	f0 e0       	ldi	r31, 0x00	; 0
    28ec:	80 81       	ld	r24, Z
    28ee:	48 2f       	mov	r20, r24
    28f0:	8a 81       	ldd	r24, Y+2	; 0x02
    28f2:	28 2f       	mov	r18, r24
    28f4:	30 e0       	ldi	r19, 0x00	; 0
    28f6:	81 e0       	ldi	r24, 0x01	; 1
    28f8:	90 e0       	ldi	r25, 0x00	; 0
    28fa:	02 2e       	mov	r0, r18
    28fc:	02 c0       	rjmp	.+4      	; 0x2902 <GPIO_setupPinDirection+0x194>
    28fe:	88 0f       	add	r24, r24
    2900:	99 1f       	adc	r25, r25
    2902:	0a 94       	dec	r0
    2904:	e2 f7       	brpl	.-8      	; 0x28fe <GPIO_setupPinDirection+0x190>
    2906:	84 2b       	or	r24, r20
    2908:	8c 93       	st	X, r24
    290a:	14 c0       	rjmp	.+40     	; 0x2934 <GPIO_setupPinDirection+0x1c6>
			} else {
				CLEAR_BIT(DDRD, pin_num);
    290c:	a1 e3       	ldi	r26, 0x31	; 49
    290e:	b0 e0       	ldi	r27, 0x00	; 0
    2910:	e1 e3       	ldi	r30, 0x31	; 49
    2912:	f0 e0       	ldi	r31, 0x00	; 0
    2914:	80 81       	ld	r24, Z
    2916:	48 2f       	mov	r20, r24
    2918:	8a 81       	ldd	r24, Y+2	; 0x02
    291a:	28 2f       	mov	r18, r24
    291c:	30 e0       	ldi	r19, 0x00	; 0
    291e:	81 e0       	ldi	r24, 0x01	; 1
    2920:	90 e0       	ldi	r25, 0x00	; 0
    2922:	02 2e       	mov	r0, r18
    2924:	02 c0       	rjmp	.+4      	; 0x292a <GPIO_setupPinDirection+0x1bc>
    2926:	88 0f       	add	r24, r24
    2928:	99 1f       	adc	r25, r25
    292a:	0a 94       	dec	r0
    292c:	e2 f7       	brpl	.-8      	; 0x2926 <GPIO_setupPinDirection+0x1b8>
    292e:	80 95       	com	r24
    2930:	84 23       	and	r24, r20
    2932:	8c 93       	st	X, r24
			}
			break;
		}
	}
}
    2934:	0f 90       	pop	r0
    2936:	0f 90       	pop	r0
    2938:	0f 90       	pop	r0
    293a:	0f 90       	pop	r0
    293c:	0f 90       	pop	r0
    293e:	cf 91       	pop	r28
    2940:	df 91       	pop	r29
    2942:	08 95       	ret

00002944 <GPIO_writePin>:
 * Description :
 * Write the value Logic High or Logic Low on the required pin.
 * If the input port number or pin number are not correct, The function will not handle the request.
 * If the pin is input, this function will enable/disable the internal pull-up resistor.
 */
void GPIO_writePin(uint8 port_num, uint8 pin_num, uint8 value) {
    2944:	df 93       	push	r29
    2946:	cf 93       	push	r28
    2948:	00 d0       	rcall	.+0      	; 0x294a <GPIO_writePin+0x6>
    294a:	00 d0       	rcall	.+0      	; 0x294c <GPIO_writePin+0x8>
    294c:	0f 92       	push	r0
    294e:	cd b7       	in	r28, 0x3d	; 61
    2950:	de b7       	in	r29, 0x3e	; 62
    2952:	89 83       	std	Y+1, r24	; 0x01
    2954:	6a 83       	std	Y+2, r22	; 0x02
    2956:	4b 83       	std	Y+3, r20	; 0x03
	if ((port_num >= NUM_OF_PORTS) || (pin_num >= NUM_OF_PINS_PER_PORT)) {
    2958:	89 81       	ldd	r24, Y+1	; 0x01
    295a:	84 30       	cpi	r24, 0x04	; 4
    295c:	08 f0       	brcs	.+2      	; 0x2960 <GPIO_writePin+0x1c>
    295e:	d5 c0       	rjmp	.+426    	; 0x2b0a <GPIO_writePin+0x1c6>
    2960:	8a 81       	ldd	r24, Y+2	; 0x02
    2962:	88 30       	cpi	r24, 0x08	; 8
    2964:	08 f0       	brcs	.+2      	; 0x2968 <GPIO_writePin+0x24>
    2966:	d1 c0       	rjmp	.+418    	; 0x2b0a <GPIO_writePin+0x1c6>
		/*if the number of ports or pins is greater so, do nothing an leave the function*/
		return;
	} else {
		/* check which port and then checks what is the value */
		switch (port_num) {
    2968:	89 81       	ldd	r24, Y+1	; 0x01
    296a:	28 2f       	mov	r18, r24
    296c:	30 e0       	ldi	r19, 0x00	; 0
    296e:	3d 83       	std	Y+5, r19	; 0x05
    2970:	2c 83       	std	Y+4, r18	; 0x04
    2972:	8c 81       	ldd	r24, Y+4	; 0x04
    2974:	9d 81       	ldd	r25, Y+5	; 0x05
    2976:	81 30       	cpi	r24, 0x01	; 1
    2978:	91 05       	cpc	r25, r1
    297a:	09 f4       	brne	.+2      	; 0x297e <GPIO_writePin+0x3a>
    297c:	43 c0       	rjmp	.+134    	; 0x2a04 <GPIO_writePin+0xc0>
    297e:	2c 81       	ldd	r18, Y+4	; 0x04
    2980:	3d 81       	ldd	r19, Y+5	; 0x05
    2982:	22 30       	cpi	r18, 0x02	; 2
    2984:	31 05       	cpc	r19, r1
    2986:	2c f4       	brge	.+10     	; 0x2992 <GPIO_writePin+0x4e>
    2988:	8c 81       	ldd	r24, Y+4	; 0x04
    298a:	9d 81       	ldd	r25, Y+5	; 0x05
    298c:	00 97       	sbiw	r24, 0x00	; 0
    298e:	71 f0       	breq	.+28     	; 0x29ac <GPIO_writePin+0x68>
    2990:	bc c0       	rjmp	.+376    	; 0x2b0a <GPIO_writePin+0x1c6>
    2992:	2c 81       	ldd	r18, Y+4	; 0x04
    2994:	3d 81       	ldd	r19, Y+5	; 0x05
    2996:	22 30       	cpi	r18, 0x02	; 2
    2998:	31 05       	cpc	r19, r1
    299a:	09 f4       	brne	.+2      	; 0x299e <GPIO_writePin+0x5a>
    299c:	5f c0       	rjmp	.+190    	; 0x2a5c <GPIO_writePin+0x118>
    299e:	8c 81       	ldd	r24, Y+4	; 0x04
    29a0:	9d 81       	ldd	r25, Y+5	; 0x05
    29a2:	83 30       	cpi	r24, 0x03	; 3
    29a4:	91 05       	cpc	r25, r1
    29a6:	09 f4       	brne	.+2      	; 0x29aa <GPIO_writePin+0x66>
    29a8:	85 c0       	rjmp	.+266    	; 0x2ab4 <GPIO_writePin+0x170>
    29aa:	af c0       	rjmp	.+350    	; 0x2b0a <GPIO_writePin+0x1c6>
		case PORTA_ID:
			if (value == TRUE) {
    29ac:	8b 81       	ldd	r24, Y+3	; 0x03
    29ae:	81 30       	cpi	r24, 0x01	; 1
    29b0:	a1 f4       	brne	.+40     	; 0x29da <GPIO_writePin+0x96>
				SET_BIT(PORTA, pin_num);
    29b2:	ab e3       	ldi	r26, 0x3B	; 59
    29b4:	b0 e0       	ldi	r27, 0x00	; 0
    29b6:	eb e3       	ldi	r30, 0x3B	; 59
    29b8:	f0 e0       	ldi	r31, 0x00	; 0
    29ba:	80 81       	ld	r24, Z
    29bc:	48 2f       	mov	r20, r24
    29be:	8a 81       	ldd	r24, Y+2	; 0x02
    29c0:	28 2f       	mov	r18, r24
    29c2:	30 e0       	ldi	r19, 0x00	; 0
    29c4:	81 e0       	ldi	r24, 0x01	; 1
    29c6:	90 e0       	ldi	r25, 0x00	; 0
    29c8:	02 2e       	mov	r0, r18
    29ca:	02 c0       	rjmp	.+4      	; 0x29d0 <GPIO_writePin+0x8c>
    29cc:	88 0f       	add	r24, r24
    29ce:	99 1f       	adc	r25, r25
    29d0:	0a 94       	dec	r0
    29d2:	e2 f7       	brpl	.-8      	; 0x29cc <GPIO_writePin+0x88>
    29d4:	84 2b       	or	r24, r20
    29d6:	8c 93       	st	X, r24
    29d8:	98 c0       	rjmp	.+304    	; 0x2b0a <GPIO_writePin+0x1c6>
			} else {
				CLEAR_BIT(PORTA, pin_num);
    29da:	ab e3       	ldi	r26, 0x3B	; 59
    29dc:	b0 e0       	ldi	r27, 0x00	; 0
    29de:	eb e3       	ldi	r30, 0x3B	; 59
    29e0:	f0 e0       	ldi	r31, 0x00	; 0
    29e2:	80 81       	ld	r24, Z
    29e4:	48 2f       	mov	r20, r24
    29e6:	8a 81       	ldd	r24, Y+2	; 0x02
    29e8:	28 2f       	mov	r18, r24
    29ea:	30 e0       	ldi	r19, 0x00	; 0
    29ec:	81 e0       	ldi	r24, 0x01	; 1
    29ee:	90 e0       	ldi	r25, 0x00	; 0
    29f0:	02 2e       	mov	r0, r18
    29f2:	02 c0       	rjmp	.+4      	; 0x29f8 <GPIO_writePin+0xb4>
    29f4:	88 0f       	add	r24, r24
    29f6:	99 1f       	adc	r25, r25
    29f8:	0a 94       	dec	r0
    29fa:	e2 f7       	brpl	.-8      	; 0x29f4 <GPIO_writePin+0xb0>
    29fc:	80 95       	com	r24
    29fe:	84 23       	and	r24, r20
    2a00:	8c 93       	st	X, r24
    2a02:	83 c0       	rjmp	.+262    	; 0x2b0a <GPIO_writePin+0x1c6>
			}
			break;
		case PORTB_ID:
			if (value == TRUE) {
    2a04:	8b 81       	ldd	r24, Y+3	; 0x03
    2a06:	81 30       	cpi	r24, 0x01	; 1
    2a08:	a1 f4       	brne	.+40     	; 0x2a32 <GPIO_writePin+0xee>
				SET_BIT(PORTB, pin_num);
    2a0a:	a8 e3       	ldi	r26, 0x38	; 56
    2a0c:	b0 e0       	ldi	r27, 0x00	; 0
    2a0e:	e8 e3       	ldi	r30, 0x38	; 56
    2a10:	f0 e0       	ldi	r31, 0x00	; 0
    2a12:	80 81       	ld	r24, Z
    2a14:	48 2f       	mov	r20, r24
    2a16:	8a 81       	ldd	r24, Y+2	; 0x02
    2a18:	28 2f       	mov	r18, r24
    2a1a:	30 e0       	ldi	r19, 0x00	; 0
    2a1c:	81 e0       	ldi	r24, 0x01	; 1
    2a1e:	90 e0       	ldi	r25, 0x00	; 0
    2a20:	02 2e       	mov	r0, r18
    2a22:	02 c0       	rjmp	.+4      	; 0x2a28 <GPIO_writePin+0xe4>
    2a24:	88 0f       	add	r24, r24
    2a26:	99 1f       	adc	r25, r25
    2a28:	0a 94       	dec	r0
    2a2a:	e2 f7       	brpl	.-8      	; 0x2a24 <GPIO_writePin+0xe0>
    2a2c:	84 2b       	or	r24, r20
    2a2e:	8c 93       	st	X, r24
    2a30:	6c c0       	rjmp	.+216    	; 0x2b0a <GPIO_writePin+0x1c6>
			} else {
				CLEAR_BIT(PORTB, pin_num);
    2a32:	a8 e3       	ldi	r26, 0x38	; 56
    2a34:	b0 e0       	ldi	r27, 0x00	; 0
    2a36:	e8 e3       	ldi	r30, 0x38	; 56
    2a38:	f0 e0       	ldi	r31, 0x00	; 0
    2a3a:	80 81       	ld	r24, Z
    2a3c:	48 2f       	mov	r20, r24
    2a3e:	8a 81       	ldd	r24, Y+2	; 0x02
    2a40:	28 2f       	mov	r18, r24
    2a42:	30 e0       	ldi	r19, 0x00	; 0
    2a44:	81 e0       	ldi	r24, 0x01	; 1
    2a46:	90 e0       	ldi	r25, 0x00	; 0
    2a48:	02 2e       	mov	r0, r18
    2a4a:	02 c0       	rjmp	.+4      	; 0x2a50 <GPIO_writePin+0x10c>
    2a4c:	88 0f       	add	r24, r24
    2a4e:	99 1f       	adc	r25, r25
    2a50:	0a 94       	dec	r0
    2a52:	e2 f7       	brpl	.-8      	; 0x2a4c <GPIO_writePin+0x108>
    2a54:	80 95       	com	r24
    2a56:	84 23       	and	r24, r20
    2a58:	8c 93       	st	X, r24
    2a5a:	57 c0       	rjmp	.+174    	; 0x2b0a <GPIO_writePin+0x1c6>
			}
			break;
		case PORTC_ID:
			if (value == TRUE) {
    2a5c:	8b 81       	ldd	r24, Y+3	; 0x03
    2a5e:	81 30       	cpi	r24, 0x01	; 1
    2a60:	a1 f4       	brne	.+40     	; 0x2a8a <GPIO_writePin+0x146>
				SET_BIT(PORTC, pin_num);
    2a62:	a5 e3       	ldi	r26, 0x35	; 53
    2a64:	b0 e0       	ldi	r27, 0x00	; 0
    2a66:	e5 e3       	ldi	r30, 0x35	; 53
    2a68:	f0 e0       	ldi	r31, 0x00	; 0
    2a6a:	80 81       	ld	r24, Z
    2a6c:	48 2f       	mov	r20, r24
    2a6e:	8a 81       	ldd	r24, Y+2	; 0x02
    2a70:	28 2f       	mov	r18, r24
    2a72:	30 e0       	ldi	r19, 0x00	; 0
    2a74:	81 e0       	ldi	r24, 0x01	; 1
    2a76:	90 e0       	ldi	r25, 0x00	; 0
    2a78:	02 2e       	mov	r0, r18
    2a7a:	02 c0       	rjmp	.+4      	; 0x2a80 <GPIO_writePin+0x13c>
    2a7c:	88 0f       	add	r24, r24
    2a7e:	99 1f       	adc	r25, r25
    2a80:	0a 94       	dec	r0
    2a82:	e2 f7       	brpl	.-8      	; 0x2a7c <GPIO_writePin+0x138>
    2a84:	84 2b       	or	r24, r20
    2a86:	8c 93       	st	X, r24
    2a88:	40 c0       	rjmp	.+128    	; 0x2b0a <GPIO_writePin+0x1c6>
			} else {
				CLEAR_BIT(PORTC, pin_num);
    2a8a:	a5 e3       	ldi	r26, 0x35	; 53
    2a8c:	b0 e0       	ldi	r27, 0x00	; 0
    2a8e:	e5 e3       	ldi	r30, 0x35	; 53
    2a90:	f0 e0       	ldi	r31, 0x00	; 0
    2a92:	80 81       	ld	r24, Z
    2a94:	48 2f       	mov	r20, r24
    2a96:	8a 81       	ldd	r24, Y+2	; 0x02
    2a98:	28 2f       	mov	r18, r24
    2a9a:	30 e0       	ldi	r19, 0x00	; 0
    2a9c:	81 e0       	ldi	r24, 0x01	; 1
    2a9e:	90 e0       	ldi	r25, 0x00	; 0
    2aa0:	02 2e       	mov	r0, r18
    2aa2:	02 c0       	rjmp	.+4      	; 0x2aa8 <GPIO_writePin+0x164>
    2aa4:	88 0f       	add	r24, r24
    2aa6:	99 1f       	adc	r25, r25
    2aa8:	0a 94       	dec	r0
    2aaa:	e2 f7       	brpl	.-8      	; 0x2aa4 <GPIO_writePin+0x160>
    2aac:	80 95       	com	r24
    2aae:	84 23       	and	r24, r20
    2ab0:	8c 93       	st	X, r24
    2ab2:	2b c0       	rjmp	.+86     	; 0x2b0a <GPIO_writePin+0x1c6>
			}
			break;
		case PORTD_ID:
			if (value == TRUE) {
    2ab4:	8b 81       	ldd	r24, Y+3	; 0x03
    2ab6:	81 30       	cpi	r24, 0x01	; 1
    2ab8:	a1 f4       	brne	.+40     	; 0x2ae2 <GPIO_writePin+0x19e>
				SET_BIT(PORTD, pin_num);
    2aba:	a2 e3       	ldi	r26, 0x32	; 50
    2abc:	b0 e0       	ldi	r27, 0x00	; 0
    2abe:	e2 e3       	ldi	r30, 0x32	; 50
    2ac0:	f0 e0       	ldi	r31, 0x00	; 0
    2ac2:	80 81       	ld	r24, Z
    2ac4:	48 2f       	mov	r20, r24
    2ac6:	8a 81       	ldd	r24, Y+2	; 0x02
    2ac8:	28 2f       	mov	r18, r24
    2aca:	30 e0       	ldi	r19, 0x00	; 0
    2acc:	81 e0       	ldi	r24, 0x01	; 1
    2ace:	90 e0       	ldi	r25, 0x00	; 0
    2ad0:	02 2e       	mov	r0, r18
    2ad2:	02 c0       	rjmp	.+4      	; 0x2ad8 <GPIO_writePin+0x194>
    2ad4:	88 0f       	add	r24, r24
    2ad6:	99 1f       	adc	r25, r25
    2ad8:	0a 94       	dec	r0
    2ada:	e2 f7       	brpl	.-8      	; 0x2ad4 <GPIO_writePin+0x190>
    2adc:	84 2b       	or	r24, r20
    2ade:	8c 93       	st	X, r24
    2ae0:	14 c0       	rjmp	.+40     	; 0x2b0a <GPIO_writePin+0x1c6>
			} else {
				CLEAR_BIT(PORTD, pin_num);
    2ae2:	a2 e3       	ldi	r26, 0x32	; 50
    2ae4:	b0 e0       	ldi	r27, 0x00	; 0
    2ae6:	e2 e3       	ldi	r30, 0x32	; 50
    2ae8:	f0 e0       	ldi	r31, 0x00	; 0
    2aea:	80 81       	ld	r24, Z
    2aec:	48 2f       	mov	r20, r24
    2aee:	8a 81       	ldd	r24, Y+2	; 0x02
    2af0:	28 2f       	mov	r18, r24
    2af2:	30 e0       	ldi	r19, 0x00	; 0
    2af4:	81 e0       	ldi	r24, 0x01	; 1
    2af6:	90 e0       	ldi	r25, 0x00	; 0
    2af8:	02 2e       	mov	r0, r18
    2afa:	02 c0       	rjmp	.+4      	; 0x2b00 <GPIO_writePin+0x1bc>
    2afc:	88 0f       	add	r24, r24
    2afe:	99 1f       	adc	r25, r25
    2b00:	0a 94       	dec	r0
    2b02:	e2 f7       	brpl	.-8      	; 0x2afc <GPIO_writePin+0x1b8>
    2b04:	80 95       	com	r24
    2b06:	84 23       	and	r24, r20
    2b08:	8c 93       	st	X, r24
			}
			break;

		}
	}
}
    2b0a:	0f 90       	pop	r0
    2b0c:	0f 90       	pop	r0
    2b0e:	0f 90       	pop	r0
    2b10:	0f 90       	pop	r0
    2b12:	0f 90       	pop	r0
    2b14:	cf 91       	pop	r28
    2b16:	df 91       	pop	r29
    2b18:	08 95       	ret

00002b1a <GPIO_readPin>:
/*
 * Description :
 * Read and return the value for the required pin, it should be Logic High or Logic Low.
 * If the input port number or pin number are not correct, The function will return Logic Low.
 */
uint8 GPIO_readPin(uint8 port_num, uint8 pin_num) {
    2b1a:	df 93       	push	r29
    2b1c:	cf 93       	push	r28
    2b1e:	00 d0       	rcall	.+0      	; 0x2b20 <GPIO_readPin+0x6>
    2b20:	00 d0       	rcall	.+0      	; 0x2b22 <GPIO_readPin+0x8>
    2b22:	0f 92       	push	r0
    2b24:	cd b7       	in	r28, 0x3d	; 61
    2b26:	de b7       	in	r29, 0x3e	; 62
    2b28:	89 83       	std	Y+1, r24	; 0x01
    2b2a:	6a 83       	std	Y+2, r22	; 0x02
	if ((pin_num >= NUM_OF_PINS_PER_PORT) || (port_num >= NUM_OF_PORTS)) {
    2b2c:	8a 81       	ldd	r24, Y+2	; 0x02
    2b2e:	88 30       	cpi	r24, 0x08	; 8
    2b30:	18 f4       	brcc	.+6      	; 0x2b38 <GPIO_readPin+0x1e>
    2b32:	89 81       	ldd	r24, Y+1	; 0x01
    2b34:	84 30       	cpi	r24, 0x04	; 4
    2b36:	10 f0       	brcs	.+4      	; 0x2b3c <GPIO_readPin+0x22>
		/* Do Nothing and exits the function*/
		return LOGIC_LOW;
    2b38:	1d 82       	std	Y+5, r1	; 0x05
    2b3a:	9b c0       	rjmp	.+310    	; 0x2c72 <GPIO_readPin+0x158>
	} else {
		/*checks which port and then return the bit of the pin register*/
		switch (port_num) {
    2b3c:	89 81       	ldd	r24, Y+1	; 0x01
    2b3e:	28 2f       	mov	r18, r24
    2b40:	30 e0       	ldi	r19, 0x00	; 0
    2b42:	3c 83       	std	Y+4, r19	; 0x04
    2b44:	2b 83       	std	Y+3, r18	; 0x03
    2b46:	4b 81       	ldd	r20, Y+3	; 0x03
    2b48:	5c 81       	ldd	r21, Y+4	; 0x04
    2b4a:	41 30       	cpi	r20, 0x01	; 1
    2b4c:	51 05       	cpc	r21, r1
    2b4e:	b1 f1       	breq	.+108    	; 0x2bbc <GPIO_readPin+0xa2>
    2b50:	8b 81       	ldd	r24, Y+3	; 0x03
    2b52:	9c 81       	ldd	r25, Y+4	; 0x04
    2b54:	82 30       	cpi	r24, 0x02	; 2
    2b56:	91 05       	cpc	r25, r1
    2b58:	34 f4       	brge	.+12     	; 0x2b66 <GPIO_readPin+0x4c>
    2b5a:	2b 81       	ldd	r18, Y+3	; 0x03
    2b5c:	3c 81       	ldd	r19, Y+4	; 0x04
    2b5e:	21 15       	cp	r18, r1
    2b60:	31 05       	cpc	r19, r1
    2b62:	71 f0       	breq	.+28     	; 0x2b80 <GPIO_readPin+0x66>
    2b64:	85 c0       	rjmp	.+266    	; 0x2c70 <GPIO_readPin+0x156>
    2b66:	4b 81       	ldd	r20, Y+3	; 0x03
    2b68:	5c 81       	ldd	r21, Y+4	; 0x04
    2b6a:	42 30       	cpi	r20, 0x02	; 2
    2b6c:	51 05       	cpc	r21, r1
    2b6e:	09 f4       	brne	.+2      	; 0x2b72 <GPIO_readPin+0x58>
    2b70:	43 c0       	rjmp	.+134    	; 0x2bf8 <GPIO_readPin+0xde>
    2b72:	8b 81       	ldd	r24, Y+3	; 0x03
    2b74:	9c 81       	ldd	r25, Y+4	; 0x04
    2b76:	83 30       	cpi	r24, 0x03	; 3
    2b78:	91 05       	cpc	r25, r1
    2b7a:	09 f4       	brne	.+2      	; 0x2b7e <GPIO_readPin+0x64>
    2b7c:	5b c0       	rjmp	.+182    	; 0x2c34 <GPIO_readPin+0x11a>
    2b7e:	78 c0       	rjmp	.+240    	; 0x2c70 <GPIO_readPin+0x156>
		case PORTA_ID:
			return GET_BIT(PINA, pin_num);
    2b80:	e9 e3       	ldi	r30, 0x39	; 57
    2b82:	f0 e0       	ldi	r31, 0x00	; 0
    2b84:	80 81       	ld	r24, Z
    2b86:	48 2f       	mov	r20, r24
    2b88:	50 e0       	ldi	r21, 0x00	; 0
    2b8a:	8a 81       	ldd	r24, Y+2	; 0x02
    2b8c:	28 2f       	mov	r18, r24
    2b8e:	30 e0       	ldi	r19, 0x00	; 0
    2b90:	81 e0       	ldi	r24, 0x01	; 1
    2b92:	90 e0       	ldi	r25, 0x00	; 0
    2b94:	02 c0       	rjmp	.+4      	; 0x2b9a <GPIO_readPin+0x80>
    2b96:	88 0f       	add	r24, r24
    2b98:	99 1f       	adc	r25, r25
    2b9a:	2a 95       	dec	r18
    2b9c:	e2 f7       	brpl	.-8      	; 0x2b96 <GPIO_readPin+0x7c>
    2b9e:	9a 01       	movw	r18, r20
    2ba0:	28 23       	and	r18, r24
    2ba2:	39 23       	and	r19, r25
    2ba4:	8a 81       	ldd	r24, Y+2	; 0x02
    2ba6:	88 2f       	mov	r24, r24
    2ba8:	90 e0       	ldi	r25, 0x00	; 0
    2baa:	a9 01       	movw	r20, r18
    2bac:	02 c0       	rjmp	.+4      	; 0x2bb2 <GPIO_readPin+0x98>
    2bae:	55 95       	asr	r21
    2bb0:	47 95       	ror	r20
    2bb2:	8a 95       	dec	r24
    2bb4:	e2 f7       	brpl	.-8      	; 0x2bae <GPIO_readPin+0x94>
    2bb6:	ca 01       	movw	r24, r20
    2bb8:	8d 83       	std	Y+5, r24	; 0x05
    2bba:	5b c0       	rjmp	.+182    	; 0x2c72 <GPIO_readPin+0x158>
			break;
		case PORTB_ID:
			return GET_BIT(PINB, pin_num);
    2bbc:	e6 e3       	ldi	r30, 0x36	; 54
    2bbe:	f0 e0       	ldi	r31, 0x00	; 0
    2bc0:	80 81       	ld	r24, Z
    2bc2:	48 2f       	mov	r20, r24
    2bc4:	50 e0       	ldi	r21, 0x00	; 0
    2bc6:	8a 81       	ldd	r24, Y+2	; 0x02
    2bc8:	28 2f       	mov	r18, r24
    2bca:	30 e0       	ldi	r19, 0x00	; 0
    2bcc:	81 e0       	ldi	r24, 0x01	; 1
    2bce:	90 e0       	ldi	r25, 0x00	; 0
    2bd0:	02 c0       	rjmp	.+4      	; 0x2bd6 <GPIO_readPin+0xbc>
    2bd2:	88 0f       	add	r24, r24
    2bd4:	99 1f       	adc	r25, r25
    2bd6:	2a 95       	dec	r18
    2bd8:	e2 f7       	brpl	.-8      	; 0x2bd2 <GPIO_readPin+0xb8>
    2bda:	9a 01       	movw	r18, r20
    2bdc:	28 23       	and	r18, r24
    2bde:	39 23       	and	r19, r25
    2be0:	8a 81       	ldd	r24, Y+2	; 0x02
    2be2:	88 2f       	mov	r24, r24
    2be4:	90 e0       	ldi	r25, 0x00	; 0
    2be6:	a9 01       	movw	r20, r18
    2be8:	02 c0       	rjmp	.+4      	; 0x2bee <GPIO_readPin+0xd4>
    2bea:	55 95       	asr	r21
    2bec:	47 95       	ror	r20
    2bee:	8a 95       	dec	r24
    2bf0:	e2 f7       	brpl	.-8      	; 0x2bea <GPIO_readPin+0xd0>
    2bf2:	ca 01       	movw	r24, r20
    2bf4:	8d 83       	std	Y+5, r24	; 0x05
    2bf6:	3d c0       	rjmp	.+122    	; 0x2c72 <GPIO_readPin+0x158>
			break;
		case PORTC_ID:
			return GET_BIT(PINC, pin_num);
    2bf8:	e3 e3       	ldi	r30, 0x33	; 51
    2bfa:	f0 e0       	ldi	r31, 0x00	; 0
    2bfc:	80 81       	ld	r24, Z
    2bfe:	48 2f       	mov	r20, r24
    2c00:	50 e0       	ldi	r21, 0x00	; 0
    2c02:	8a 81       	ldd	r24, Y+2	; 0x02
    2c04:	28 2f       	mov	r18, r24
    2c06:	30 e0       	ldi	r19, 0x00	; 0
    2c08:	81 e0       	ldi	r24, 0x01	; 1
    2c0a:	90 e0       	ldi	r25, 0x00	; 0
    2c0c:	02 c0       	rjmp	.+4      	; 0x2c12 <GPIO_readPin+0xf8>
    2c0e:	88 0f       	add	r24, r24
    2c10:	99 1f       	adc	r25, r25
    2c12:	2a 95       	dec	r18
    2c14:	e2 f7       	brpl	.-8      	; 0x2c0e <GPIO_readPin+0xf4>
    2c16:	9a 01       	movw	r18, r20
    2c18:	28 23       	and	r18, r24
    2c1a:	39 23       	and	r19, r25
    2c1c:	8a 81       	ldd	r24, Y+2	; 0x02
    2c1e:	88 2f       	mov	r24, r24
    2c20:	90 e0       	ldi	r25, 0x00	; 0
    2c22:	a9 01       	movw	r20, r18
    2c24:	02 c0       	rjmp	.+4      	; 0x2c2a <GPIO_readPin+0x110>
    2c26:	55 95       	asr	r21
    2c28:	47 95       	ror	r20
    2c2a:	8a 95       	dec	r24
    2c2c:	e2 f7       	brpl	.-8      	; 0x2c26 <GPIO_readPin+0x10c>
    2c2e:	ca 01       	movw	r24, r20
    2c30:	8d 83       	std	Y+5, r24	; 0x05
    2c32:	1f c0       	rjmp	.+62     	; 0x2c72 <GPIO_readPin+0x158>
			break;
		case PORTD_ID:
			return GET_BIT(PIND, pin_num);
    2c34:	e0 e3       	ldi	r30, 0x30	; 48
    2c36:	f0 e0       	ldi	r31, 0x00	; 0
    2c38:	80 81       	ld	r24, Z
    2c3a:	48 2f       	mov	r20, r24
    2c3c:	50 e0       	ldi	r21, 0x00	; 0
    2c3e:	8a 81       	ldd	r24, Y+2	; 0x02
    2c40:	28 2f       	mov	r18, r24
    2c42:	30 e0       	ldi	r19, 0x00	; 0
    2c44:	81 e0       	ldi	r24, 0x01	; 1
    2c46:	90 e0       	ldi	r25, 0x00	; 0
    2c48:	02 c0       	rjmp	.+4      	; 0x2c4e <GPIO_readPin+0x134>
    2c4a:	88 0f       	add	r24, r24
    2c4c:	99 1f       	adc	r25, r25
    2c4e:	2a 95       	dec	r18
    2c50:	e2 f7       	brpl	.-8      	; 0x2c4a <GPIO_readPin+0x130>
    2c52:	9a 01       	movw	r18, r20
    2c54:	28 23       	and	r18, r24
    2c56:	39 23       	and	r19, r25
    2c58:	8a 81       	ldd	r24, Y+2	; 0x02
    2c5a:	88 2f       	mov	r24, r24
    2c5c:	90 e0       	ldi	r25, 0x00	; 0
    2c5e:	a9 01       	movw	r20, r18
    2c60:	02 c0       	rjmp	.+4      	; 0x2c66 <GPIO_readPin+0x14c>
    2c62:	55 95       	asr	r21
    2c64:	47 95       	ror	r20
    2c66:	8a 95       	dec	r24
    2c68:	e2 f7       	brpl	.-8      	; 0x2c62 <GPIO_readPin+0x148>
    2c6a:	ca 01       	movw	r24, r20
    2c6c:	8d 83       	std	Y+5, r24	; 0x05
    2c6e:	01 c0       	rjmp	.+2      	; 0x2c72 <GPIO_readPin+0x158>
			break;
		}
		/*if any case didn't match (which it isn't impossible) it will return logical low */
		return LOGIC_LOW;
    2c70:	1d 82       	std	Y+5, r1	; 0x05
    2c72:	8d 81       	ldd	r24, Y+5	; 0x05
	}

}
    2c74:	0f 90       	pop	r0
    2c76:	0f 90       	pop	r0
    2c78:	0f 90       	pop	r0
    2c7a:	0f 90       	pop	r0
    2c7c:	0f 90       	pop	r0
    2c7e:	cf 91       	pop	r28
    2c80:	df 91       	pop	r29
    2c82:	08 95       	ret

00002c84 <GPIO_setupPortDirection>:
 * Setup the direction of the required port all pins input/output.
 * If the direction value is PORT_INPUT all pins in this port should be input pins.
 * If the direction value is PORT_OUTPUT all pins in this port should be output pins.
 * If the input port number is not correct, The function will not handle the request.
 */
void GPIO_setupPortDirection(uint8 port_num, GPIO_PortDirectionType direction) {
    2c84:	df 93       	push	r29
    2c86:	cf 93       	push	r28
    2c88:	00 d0       	rcall	.+0      	; 0x2c8a <GPIO_setupPortDirection+0x6>
    2c8a:	00 d0       	rcall	.+0      	; 0x2c8c <GPIO_setupPortDirection+0x8>
    2c8c:	cd b7       	in	r28, 0x3d	; 61
    2c8e:	de b7       	in	r29, 0x3e	; 62
    2c90:	89 83       	std	Y+1, r24	; 0x01
    2c92:	6a 83       	std	Y+2, r22	; 0x02
	/*
	 * Check if the input number is greater than NUM_OF_PORTS value.
	 * In this case the input is not valid port number
	 */
	if (port_num >= NUM_OF_PORTS) {
    2c94:	89 81       	ldd	r24, Y+1	; 0x01
    2c96:	84 30       	cpi	r24, 0x04	; 4
    2c98:	90 f5       	brcc	.+100    	; 0x2cfe <GPIO_setupPortDirection+0x7a>
		/* Do Nothing */
	} else {
		/* Setup the port direction as required */
		switch (port_num) {
    2c9a:	89 81       	ldd	r24, Y+1	; 0x01
    2c9c:	28 2f       	mov	r18, r24
    2c9e:	30 e0       	ldi	r19, 0x00	; 0
    2ca0:	3c 83       	std	Y+4, r19	; 0x04
    2ca2:	2b 83       	std	Y+3, r18	; 0x03
    2ca4:	8b 81       	ldd	r24, Y+3	; 0x03
    2ca6:	9c 81       	ldd	r25, Y+4	; 0x04
    2ca8:	81 30       	cpi	r24, 0x01	; 1
    2caa:	91 05       	cpc	r25, r1
    2cac:	d1 f0       	breq	.+52     	; 0x2ce2 <GPIO_setupPortDirection+0x5e>
    2cae:	2b 81       	ldd	r18, Y+3	; 0x03
    2cb0:	3c 81       	ldd	r19, Y+4	; 0x04
    2cb2:	22 30       	cpi	r18, 0x02	; 2
    2cb4:	31 05       	cpc	r19, r1
    2cb6:	2c f4       	brge	.+10     	; 0x2cc2 <GPIO_setupPortDirection+0x3e>
    2cb8:	8b 81       	ldd	r24, Y+3	; 0x03
    2cba:	9c 81       	ldd	r25, Y+4	; 0x04
    2cbc:	00 97       	sbiw	r24, 0x00	; 0
    2cbe:	61 f0       	breq	.+24     	; 0x2cd8 <GPIO_setupPortDirection+0x54>
    2cc0:	1e c0       	rjmp	.+60     	; 0x2cfe <GPIO_setupPortDirection+0x7a>
    2cc2:	2b 81       	ldd	r18, Y+3	; 0x03
    2cc4:	3c 81       	ldd	r19, Y+4	; 0x04
    2cc6:	22 30       	cpi	r18, 0x02	; 2
    2cc8:	31 05       	cpc	r19, r1
    2cca:	81 f0       	breq	.+32     	; 0x2cec <GPIO_setupPortDirection+0x68>
    2ccc:	8b 81       	ldd	r24, Y+3	; 0x03
    2cce:	9c 81       	ldd	r25, Y+4	; 0x04
    2cd0:	83 30       	cpi	r24, 0x03	; 3
    2cd2:	91 05       	cpc	r25, r1
    2cd4:	81 f0       	breq	.+32     	; 0x2cf6 <GPIO_setupPortDirection+0x72>
    2cd6:	13 c0       	rjmp	.+38     	; 0x2cfe <GPIO_setupPortDirection+0x7a>
		case PORTA_ID:
			DDRA = direction;
    2cd8:	ea e3       	ldi	r30, 0x3A	; 58
    2cda:	f0 e0       	ldi	r31, 0x00	; 0
    2cdc:	8a 81       	ldd	r24, Y+2	; 0x02
    2cde:	80 83       	st	Z, r24
    2ce0:	0e c0       	rjmp	.+28     	; 0x2cfe <GPIO_setupPortDirection+0x7a>
			break;
		case PORTB_ID:
			DDRB = direction;
    2ce2:	e7 e3       	ldi	r30, 0x37	; 55
    2ce4:	f0 e0       	ldi	r31, 0x00	; 0
    2ce6:	8a 81       	ldd	r24, Y+2	; 0x02
    2ce8:	80 83       	st	Z, r24
    2cea:	09 c0       	rjmp	.+18     	; 0x2cfe <GPIO_setupPortDirection+0x7a>
			break;
		case PORTC_ID:
			DDRC = direction;
    2cec:	e4 e3       	ldi	r30, 0x34	; 52
    2cee:	f0 e0       	ldi	r31, 0x00	; 0
    2cf0:	8a 81       	ldd	r24, Y+2	; 0x02
    2cf2:	80 83       	st	Z, r24
    2cf4:	04 c0       	rjmp	.+8      	; 0x2cfe <GPIO_setupPortDirection+0x7a>
			break;
		case PORTD_ID:
			DDRD = direction;
    2cf6:	e1 e3       	ldi	r30, 0x31	; 49
    2cf8:	f0 e0       	ldi	r31, 0x00	; 0
    2cfa:	8a 81       	ldd	r24, Y+2	; 0x02
    2cfc:	80 83       	st	Z, r24
			break;
		}
	}
}
    2cfe:	0f 90       	pop	r0
    2d00:	0f 90       	pop	r0
    2d02:	0f 90       	pop	r0
    2d04:	0f 90       	pop	r0
    2d06:	cf 91       	pop	r28
    2d08:	df 91       	pop	r29
    2d0a:	08 95       	ret

00002d0c <GPIO_writePort>:
 * Write the value on the required port.
 * If any pin in the port is output pin the value will be written.
 * If any pin in the port is input pin this will activate/deactivate the internal pull-up resistor.
 * If the input port number is not correct, The function will not handle the request.
 */
void GPIO_writePort(uint8 port_num, uint8 value) {
    2d0c:	df 93       	push	r29
    2d0e:	cf 93       	push	r28
    2d10:	00 d0       	rcall	.+0      	; 0x2d12 <GPIO_writePort+0x6>
    2d12:	00 d0       	rcall	.+0      	; 0x2d14 <GPIO_writePort+0x8>
    2d14:	cd b7       	in	r28, 0x3d	; 61
    2d16:	de b7       	in	r29, 0x3e	; 62
    2d18:	89 83       	std	Y+1, r24	; 0x01
    2d1a:	6a 83       	std	Y+2, r22	; 0x02
	if ((port_num >= NUM_OF_PORTS)) {
    2d1c:	89 81       	ldd	r24, Y+1	; 0x01
    2d1e:	84 30       	cpi	r24, 0x04	; 4
    2d20:	90 f5       	brcc	.+100    	; 0x2d86 <GPIO_writePort+0x7a>
		/* Do Nothing and exits the function*/
		return;
	} else {
		/*checks which port and then return the bit of the pin register*/
		switch (port_num) {
    2d22:	89 81       	ldd	r24, Y+1	; 0x01
    2d24:	28 2f       	mov	r18, r24
    2d26:	30 e0       	ldi	r19, 0x00	; 0
    2d28:	3c 83       	std	Y+4, r19	; 0x04
    2d2a:	2b 83       	std	Y+3, r18	; 0x03
    2d2c:	8b 81       	ldd	r24, Y+3	; 0x03
    2d2e:	9c 81       	ldd	r25, Y+4	; 0x04
    2d30:	81 30       	cpi	r24, 0x01	; 1
    2d32:	91 05       	cpc	r25, r1
    2d34:	d1 f0       	breq	.+52     	; 0x2d6a <GPIO_writePort+0x5e>
    2d36:	2b 81       	ldd	r18, Y+3	; 0x03
    2d38:	3c 81       	ldd	r19, Y+4	; 0x04
    2d3a:	22 30       	cpi	r18, 0x02	; 2
    2d3c:	31 05       	cpc	r19, r1
    2d3e:	2c f4       	brge	.+10     	; 0x2d4a <GPIO_writePort+0x3e>
    2d40:	8b 81       	ldd	r24, Y+3	; 0x03
    2d42:	9c 81       	ldd	r25, Y+4	; 0x04
    2d44:	00 97       	sbiw	r24, 0x00	; 0
    2d46:	61 f0       	breq	.+24     	; 0x2d60 <GPIO_writePort+0x54>
    2d48:	1e c0       	rjmp	.+60     	; 0x2d86 <GPIO_writePort+0x7a>
    2d4a:	2b 81       	ldd	r18, Y+3	; 0x03
    2d4c:	3c 81       	ldd	r19, Y+4	; 0x04
    2d4e:	22 30       	cpi	r18, 0x02	; 2
    2d50:	31 05       	cpc	r19, r1
    2d52:	81 f0       	breq	.+32     	; 0x2d74 <GPIO_writePort+0x68>
    2d54:	8b 81       	ldd	r24, Y+3	; 0x03
    2d56:	9c 81       	ldd	r25, Y+4	; 0x04
    2d58:	83 30       	cpi	r24, 0x03	; 3
    2d5a:	91 05       	cpc	r25, r1
    2d5c:	81 f0       	breq	.+32     	; 0x2d7e <GPIO_writePort+0x72>
    2d5e:	13 c0       	rjmp	.+38     	; 0x2d86 <GPIO_writePort+0x7a>
		case PORTA_ID:
			PORTA = value;
    2d60:	eb e3       	ldi	r30, 0x3B	; 59
    2d62:	f0 e0       	ldi	r31, 0x00	; 0
    2d64:	8a 81       	ldd	r24, Y+2	; 0x02
    2d66:	80 83       	st	Z, r24
    2d68:	0e c0       	rjmp	.+28     	; 0x2d86 <GPIO_writePort+0x7a>
			break;
		case PORTB_ID:
			PORTB = value;
    2d6a:	e8 e3       	ldi	r30, 0x38	; 56
    2d6c:	f0 e0       	ldi	r31, 0x00	; 0
    2d6e:	8a 81       	ldd	r24, Y+2	; 0x02
    2d70:	80 83       	st	Z, r24
    2d72:	09 c0       	rjmp	.+18     	; 0x2d86 <GPIO_writePort+0x7a>
			break;
		case PORTC_ID:
			PORTC = value;
    2d74:	e5 e3       	ldi	r30, 0x35	; 53
    2d76:	f0 e0       	ldi	r31, 0x00	; 0
    2d78:	8a 81       	ldd	r24, Y+2	; 0x02
    2d7a:	80 83       	st	Z, r24
    2d7c:	04 c0       	rjmp	.+8      	; 0x2d86 <GPIO_writePort+0x7a>
			break;
		case PORTD_ID:
			PORTD = value;
    2d7e:	e2 e3       	ldi	r30, 0x32	; 50
    2d80:	f0 e0       	ldi	r31, 0x00	; 0
    2d82:	8a 81       	ldd	r24, Y+2	; 0x02
    2d84:	80 83       	st	Z, r24
			break;
		}

	}
}
    2d86:	0f 90       	pop	r0
    2d88:	0f 90       	pop	r0
    2d8a:	0f 90       	pop	r0
    2d8c:	0f 90       	pop	r0
    2d8e:	cf 91       	pop	r28
    2d90:	df 91       	pop	r29
    2d92:	08 95       	ret

00002d94 <GPIO_readPort>:
/*
 * Description :
 * Read and return the value of the required port.
 * If the input port number is not correct, The function will return ZERO value.
 */
uint8 GPIO_readPort(uint8 port_num) {
    2d94:	df 93       	push	r29
    2d96:	cf 93       	push	r28
    2d98:	00 d0       	rcall	.+0      	; 0x2d9a <GPIO_readPort+0x6>
    2d9a:	00 d0       	rcall	.+0      	; 0x2d9c <GPIO_readPort+0x8>
    2d9c:	cd b7       	in	r28, 0x3d	; 61
    2d9e:	de b7       	in	r29, 0x3e	; 62
    2da0:	89 83       	std	Y+1, r24	; 0x01
	if ((port_num >= NUM_OF_PORTS)) { /* Do Nothing and exits the function*/
    2da2:	89 81       	ldd	r24, Y+1	; 0x01
    2da4:	84 30       	cpi	r24, 0x04	; 4
    2da6:	10 f0       	brcs	.+4      	; 0x2dac <GPIO_readPort+0x18>
		return LOGIC_LOW;
    2da8:	1c 82       	std	Y+4, r1	; 0x04
    2daa:	34 c0       	rjmp	.+104    	; 0x2e14 <GPIO_readPort+0x80>
	} else {
		/*checks which port and then return the bit of the pin register*/
		switch (port_num) {
    2dac:	89 81       	ldd	r24, Y+1	; 0x01
    2dae:	28 2f       	mov	r18, r24
    2db0:	30 e0       	ldi	r19, 0x00	; 0
    2db2:	3b 83       	std	Y+3, r19	; 0x03
    2db4:	2a 83       	std	Y+2, r18	; 0x02
    2db6:	8a 81       	ldd	r24, Y+2	; 0x02
    2db8:	9b 81       	ldd	r25, Y+3	; 0x03
    2dba:	81 30       	cpi	r24, 0x01	; 1
    2dbc:	91 05       	cpc	r25, r1
    2dbe:	d1 f0       	breq	.+52     	; 0x2df4 <GPIO_readPort+0x60>
    2dc0:	2a 81       	ldd	r18, Y+2	; 0x02
    2dc2:	3b 81       	ldd	r19, Y+3	; 0x03
    2dc4:	22 30       	cpi	r18, 0x02	; 2
    2dc6:	31 05       	cpc	r19, r1
    2dc8:	2c f4       	brge	.+10     	; 0x2dd4 <GPIO_readPort+0x40>
    2dca:	8a 81       	ldd	r24, Y+2	; 0x02
    2dcc:	9b 81       	ldd	r25, Y+3	; 0x03
    2dce:	00 97       	sbiw	r24, 0x00	; 0
    2dd0:	61 f0       	breq	.+24     	; 0x2dea <GPIO_readPort+0x56>
    2dd2:	1f c0       	rjmp	.+62     	; 0x2e12 <GPIO_readPort+0x7e>
    2dd4:	2a 81       	ldd	r18, Y+2	; 0x02
    2dd6:	3b 81       	ldd	r19, Y+3	; 0x03
    2dd8:	22 30       	cpi	r18, 0x02	; 2
    2dda:	31 05       	cpc	r19, r1
    2ddc:	81 f0       	breq	.+32     	; 0x2dfe <GPIO_readPort+0x6a>
    2dde:	8a 81       	ldd	r24, Y+2	; 0x02
    2de0:	9b 81       	ldd	r25, Y+3	; 0x03
    2de2:	83 30       	cpi	r24, 0x03	; 3
    2de4:	91 05       	cpc	r25, r1
    2de6:	81 f0       	breq	.+32     	; 0x2e08 <GPIO_readPort+0x74>
    2de8:	14 c0       	rjmp	.+40     	; 0x2e12 <GPIO_readPort+0x7e>
		case PORTA_ID:
			return PINA;
    2dea:	e9 e3       	ldi	r30, 0x39	; 57
    2dec:	f0 e0       	ldi	r31, 0x00	; 0
    2dee:	90 81       	ld	r25, Z
    2df0:	9c 83       	std	Y+4, r25	; 0x04
    2df2:	10 c0       	rjmp	.+32     	; 0x2e14 <GPIO_readPort+0x80>
			break;
		case PORTB_ID:
			return PINB;
    2df4:	e6 e3       	ldi	r30, 0x36	; 54
    2df6:	f0 e0       	ldi	r31, 0x00	; 0
    2df8:	20 81       	ld	r18, Z
    2dfa:	2c 83       	std	Y+4, r18	; 0x04
    2dfc:	0b c0       	rjmp	.+22     	; 0x2e14 <GPIO_readPort+0x80>
			break;
		case PORTC_ID:
			return PORTC;
    2dfe:	e5 e3       	ldi	r30, 0x35	; 53
    2e00:	f0 e0       	ldi	r31, 0x00	; 0
    2e02:	30 81       	ld	r19, Z
    2e04:	3c 83       	std	Y+4, r19	; 0x04
    2e06:	06 c0       	rjmp	.+12     	; 0x2e14 <GPIO_readPort+0x80>
			break;
		case PORTD_ID:
			return PORTD;
    2e08:	e2 e3       	ldi	r30, 0x32	; 50
    2e0a:	f0 e0       	ldi	r31, 0x00	; 0
    2e0c:	80 81       	ld	r24, Z
    2e0e:	8c 83       	std	Y+4, r24	; 0x04
    2e10:	01 c0       	rjmp	.+2      	; 0x2e14 <GPIO_readPort+0x80>
			break;
		}
		/*if any case didn't match (which it isn't impossible) it will return logical low */
		return LOGIC_LOW;
    2e12:	1c 82       	std	Y+4, r1	; 0x04
    2e14:	8c 81       	ldd	r24, Y+4	; 0x04
	}
}
    2e16:	0f 90       	pop	r0
    2e18:	0f 90       	pop	r0
    2e1a:	0f 90       	pop	r0
    2e1c:	0f 90       	pop	r0
    2e1e:	cf 91       	pop	r28
    2e20:	df 91       	pop	r29
    2e22:	08 95       	ret

00002e24 <__vector_6>:
/*******************************************************************************
 *                       Interrupt Service Routines                            *
 *******************************************************************************/

ISR(TIMER1_CAPT_vect)
{
    2e24:	1f 92       	push	r1
    2e26:	0f 92       	push	r0
    2e28:	0f b6       	in	r0, 0x3f	; 63
    2e2a:	0f 92       	push	r0
    2e2c:	11 24       	eor	r1, r1
    2e2e:	2f 93       	push	r18
    2e30:	3f 93       	push	r19
    2e32:	4f 93       	push	r20
    2e34:	5f 93       	push	r21
    2e36:	6f 93       	push	r22
    2e38:	7f 93       	push	r23
    2e3a:	8f 93       	push	r24
    2e3c:	9f 93       	push	r25
    2e3e:	af 93       	push	r26
    2e40:	bf 93       	push	r27
    2e42:	ef 93       	push	r30
    2e44:	ff 93       	push	r31
    2e46:	df 93       	push	r29
    2e48:	cf 93       	push	r28
    2e4a:	cd b7       	in	r28, 0x3d	; 61
    2e4c:	de b7       	in	r29, 0x3e	; 62
	if(g_callBackPtr != NULL_PTR)
    2e4e:	80 91 90 01 	lds	r24, 0x0190
    2e52:	90 91 91 01 	lds	r25, 0x0191
    2e56:	00 97       	sbiw	r24, 0x00	; 0
    2e58:	29 f0       	breq	.+10     	; 0x2e64 <__vector_6+0x40>
	{
		/* Call the Call Back function in the application after the edge is detected */
		(*g_callBackPtr)(); /* another method to call the function using pointer to function g_callBackPtr(); */
    2e5a:	e0 91 90 01 	lds	r30, 0x0190
    2e5e:	f0 91 91 01 	lds	r31, 0x0191
    2e62:	09 95       	icall
	}
}
    2e64:	cf 91       	pop	r28
    2e66:	df 91       	pop	r29
    2e68:	ff 91       	pop	r31
    2e6a:	ef 91       	pop	r30
    2e6c:	bf 91       	pop	r27
    2e6e:	af 91       	pop	r26
    2e70:	9f 91       	pop	r25
    2e72:	8f 91       	pop	r24
    2e74:	7f 91       	pop	r23
    2e76:	6f 91       	pop	r22
    2e78:	5f 91       	pop	r21
    2e7a:	4f 91       	pop	r20
    2e7c:	3f 91       	pop	r19
    2e7e:	2f 91       	pop	r18
    2e80:	0f 90       	pop	r0
    2e82:	0f be       	out	0x3f, r0	; 63
    2e84:	0f 90       	pop	r0
    2e86:	1f 90       	pop	r1
    2e88:	18 95       	reti

00002e8a <ICU_init>:
 * 	2. Set the required edge detection.
 * 	3. Enable the Input Capture Interrupt.
 * 	4. Initialize Timer1 Registers
 */
void ICU_init(const ICU_ConfigType * Config_Ptr)
{
    2e8a:	df 93       	push	r29
    2e8c:	cf 93       	push	r28
    2e8e:	00 d0       	rcall	.+0      	; 0x2e90 <ICU_init+0x6>
    2e90:	cd b7       	in	r28, 0x3d	; 61
    2e92:	de b7       	in	r29, 0x3e	; 62
    2e94:	9a 83       	std	Y+2, r25	; 0x02
    2e96:	89 83       	std	Y+1, r24	; 0x01
	/* Configure ICP1/PD6 as i/p pin */
	DDRD &= ~(1<<PD6);
    2e98:	a1 e3       	ldi	r26, 0x31	; 49
    2e9a:	b0 e0       	ldi	r27, 0x00	; 0
    2e9c:	e1 e3       	ldi	r30, 0x31	; 49
    2e9e:	f0 e0       	ldi	r31, 0x00	; 0
    2ea0:	80 81       	ld	r24, Z
    2ea2:	8f 7b       	andi	r24, 0xBF	; 191
    2ea4:	8c 93       	st	X, r24

	/* Timer1 always operates in Normal Mode */
	TCCR1A = (1<<FOC1A) | (1<<FOC1B);
    2ea6:	ef e4       	ldi	r30, 0x4F	; 79
    2ea8:	f0 e0       	ldi	r31, 0x00	; 0
    2eaa:	8c e0       	ldi	r24, 0x0C	; 12
    2eac:	80 83       	st	Z, r24

	/*
	 * insert the required clock value in the first three bits (CS10, CS11 and CS12)
	 * of TCCR1B Register
	 */
	TCCR1B = (TCCR1B & 0xF8) | (Config_Ptr->clock);
    2eae:	ae e4       	ldi	r26, 0x4E	; 78
    2eb0:	b0 e0       	ldi	r27, 0x00	; 0
    2eb2:	ee e4       	ldi	r30, 0x4E	; 78
    2eb4:	f0 e0       	ldi	r31, 0x00	; 0
    2eb6:	80 81       	ld	r24, Z
    2eb8:	98 2f       	mov	r25, r24
    2eba:	98 7f       	andi	r25, 0xF8	; 248
    2ebc:	e9 81       	ldd	r30, Y+1	; 0x01
    2ebe:	fa 81       	ldd	r31, Y+2	; 0x02
    2ec0:	80 81       	ld	r24, Z
    2ec2:	89 2b       	or	r24, r25
    2ec4:	8c 93       	st	X, r24
	/*
     * insert the required edge type in ICES1 bit in TCCR1B Register
	 */
	TCCR1B = (TCCR1B & 0xBF) | ((Config_Ptr->edge)<<6);
    2ec6:	ae e4       	ldi	r26, 0x4E	; 78
    2ec8:	b0 e0       	ldi	r27, 0x00	; 0
    2eca:	ee e4       	ldi	r30, 0x4E	; 78
    2ecc:	f0 e0       	ldi	r31, 0x00	; 0
    2ece:	80 81       	ld	r24, Z
    2ed0:	28 2f       	mov	r18, r24
    2ed2:	2f 7b       	andi	r18, 0xBF	; 191
    2ed4:	e9 81       	ldd	r30, Y+1	; 0x01
    2ed6:	fa 81       	ldd	r31, Y+2	; 0x02
    2ed8:	81 81       	ldd	r24, Z+1	; 0x01
    2eda:	88 2f       	mov	r24, r24
    2edc:	90 e0       	ldi	r25, 0x00	; 0
    2ede:	00 24       	eor	r0, r0
    2ee0:	96 95       	lsr	r25
    2ee2:	87 95       	ror	r24
    2ee4:	07 94       	ror	r0
    2ee6:	96 95       	lsr	r25
    2ee8:	87 95       	ror	r24
    2eea:	07 94       	ror	r0
    2eec:	98 2f       	mov	r25, r24
    2eee:	80 2d       	mov	r24, r0
    2ef0:	82 2b       	or	r24, r18
    2ef2:	8c 93       	st	X, r24

	/* Initial Value for Timer1 */
	TCNT1 = 0;
    2ef4:	ec e4       	ldi	r30, 0x4C	; 76
    2ef6:	f0 e0       	ldi	r31, 0x00	; 0
    2ef8:	11 82       	std	Z+1, r1	; 0x01
    2efa:	10 82       	st	Z, r1

	/* Initial Value for the input capture register */
	ICR1 = 0;
    2efc:	e6 e4       	ldi	r30, 0x46	; 70
    2efe:	f0 e0       	ldi	r31, 0x00	; 0
    2f00:	11 82       	std	Z+1, r1	; 0x01
    2f02:	10 82       	st	Z, r1

	/* Enable the Input Capture interrupt to generate an interrupt when edge is detected on ICP1/PD6 pin */
	TIMSK |= (1<<TICIE1);
    2f04:	a9 e5       	ldi	r26, 0x59	; 89
    2f06:	b0 e0       	ldi	r27, 0x00	; 0
    2f08:	e9 e5       	ldi	r30, 0x59	; 89
    2f0a:	f0 e0       	ldi	r31, 0x00	; 0
    2f0c:	80 81       	ld	r24, Z
    2f0e:	80 62       	ori	r24, 0x20	; 32
    2f10:	8c 93       	st	X, r24
}
    2f12:	0f 90       	pop	r0
    2f14:	0f 90       	pop	r0
    2f16:	cf 91       	pop	r28
    2f18:	df 91       	pop	r29
    2f1a:	08 95       	ret

00002f1c <ICU_setCallBack>:

/*
 * Description: Function to set the Call Back function address.
 */
void ICU_setCallBack(void(*a_ptr)(void))
{
    2f1c:	df 93       	push	r29
    2f1e:	cf 93       	push	r28
    2f20:	00 d0       	rcall	.+0      	; 0x2f22 <ICU_setCallBack+0x6>
    2f22:	cd b7       	in	r28, 0x3d	; 61
    2f24:	de b7       	in	r29, 0x3e	; 62
    2f26:	9a 83       	std	Y+2, r25	; 0x02
    2f28:	89 83       	std	Y+1, r24	; 0x01
	/* Save the address of the Call back function in a global variable */
	g_callBackPtr = a_ptr;
    2f2a:	89 81       	ldd	r24, Y+1	; 0x01
    2f2c:	9a 81       	ldd	r25, Y+2	; 0x02
    2f2e:	90 93 91 01 	sts	0x0191, r25
    2f32:	80 93 90 01 	sts	0x0190, r24
}
    2f36:	0f 90       	pop	r0
    2f38:	0f 90       	pop	r0
    2f3a:	cf 91       	pop	r28
    2f3c:	df 91       	pop	r29
    2f3e:	08 95       	ret

00002f40 <ICU_setEdgeDetectionType>:

/*
 * Description: Function to set the required edge detection.
 */
void ICU_setEdgeDetectionType(const ICU_EdgeType a_edgeType)
{
    2f40:	df 93       	push	r29
    2f42:	cf 93       	push	r28
    2f44:	0f 92       	push	r0
    2f46:	cd b7       	in	r28, 0x3d	; 61
    2f48:	de b7       	in	r29, 0x3e	; 62
    2f4a:	89 83       	std	Y+1, r24	; 0x01
	/*
	 * insert the required edge type in ICES1 bit in TCCR1B Register
	 */
	TCCR1B = (TCCR1B & 0xBF) | (a_edgeType<<6);
    2f4c:	ae e4       	ldi	r26, 0x4E	; 78
    2f4e:	b0 e0       	ldi	r27, 0x00	; 0
    2f50:	ee e4       	ldi	r30, 0x4E	; 78
    2f52:	f0 e0       	ldi	r31, 0x00	; 0
    2f54:	80 81       	ld	r24, Z
    2f56:	28 2f       	mov	r18, r24
    2f58:	2f 7b       	andi	r18, 0xBF	; 191
    2f5a:	89 81       	ldd	r24, Y+1	; 0x01
    2f5c:	88 2f       	mov	r24, r24
    2f5e:	90 e0       	ldi	r25, 0x00	; 0
    2f60:	00 24       	eor	r0, r0
    2f62:	96 95       	lsr	r25
    2f64:	87 95       	ror	r24
    2f66:	07 94       	ror	r0
    2f68:	96 95       	lsr	r25
    2f6a:	87 95       	ror	r24
    2f6c:	07 94       	ror	r0
    2f6e:	98 2f       	mov	r25, r24
    2f70:	80 2d       	mov	r24, r0
    2f72:	82 2b       	or	r24, r18
    2f74:	8c 93       	st	X, r24
}
    2f76:	0f 90       	pop	r0
    2f78:	cf 91       	pop	r28
    2f7a:	df 91       	pop	r29
    2f7c:	08 95       	ret

00002f7e <ICU_getInputCaptureValue>:
/*
 * Description: Function to get the Timer1 Value when the input is captured
 *              The value stored at Input Capture Register ICR1
 */
uint16 ICU_getInputCaptureValue(void)
{
    2f7e:	df 93       	push	r29
    2f80:	cf 93       	push	r28
    2f82:	cd b7       	in	r28, 0x3d	; 61
    2f84:	de b7       	in	r29, 0x3e	; 62
	return ICR1;
    2f86:	e6 e4       	ldi	r30, 0x46	; 70
    2f88:	f0 e0       	ldi	r31, 0x00	; 0
    2f8a:	80 81       	ld	r24, Z
    2f8c:	91 81       	ldd	r25, Z+1	; 0x01
}
    2f8e:	cf 91       	pop	r28
    2f90:	df 91       	pop	r29
    2f92:	08 95       	ret

00002f94 <ICU_clearTimerValue>:

/*
 * Description: Function to clear the Timer1 Value to start count from ZERO
 */
void ICU_clearTimerValue(void)
{
    2f94:	df 93       	push	r29
    2f96:	cf 93       	push	r28
    2f98:	cd b7       	in	r28, 0x3d	; 61
    2f9a:	de b7       	in	r29, 0x3e	; 62
	TCNT1 = 0;
    2f9c:	ec e4       	ldi	r30, 0x4C	; 76
    2f9e:	f0 e0       	ldi	r31, 0x00	; 0
    2fa0:	11 82       	std	Z+1, r1	; 0x01
    2fa2:	10 82       	st	Z, r1
}
    2fa4:	cf 91       	pop	r28
    2fa6:	df 91       	pop	r29
    2fa8:	08 95       	ret

00002faa <ICU_deInit>:

/*
 * Description: Function to disable the Timer1 to stop the ICU Driver
 */
void ICU_deInit(void)
{
    2faa:	df 93       	push	r29
    2fac:	cf 93       	push	r28
    2fae:	cd b7       	in	r28, 0x3d	; 61
    2fb0:	de b7       	in	r29, 0x3e	; 62
	/* Clear All Timer1/ICU Registers */
	TCCR1A = 0;
    2fb2:	ef e4       	ldi	r30, 0x4F	; 79
    2fb4:	f0 e0       	ldi	r31, 0x00	; 0
    2fb6:	10 82       	st	Z, r1
	TCCR1B = 0;
    2fb8:	ee e4       	ldi	r30, 0x4E	; 78
    2fba:	f0 e0       	ldi	r31, 0x00	; 0
    2fbc:	10 82       	st	Z, r1
	TCNT1 = 0;
    2fbe:	ec e4       	ldi	r30, 0x4C	; 76
    2fc0:	f0 e0       	ldi	r31, 0x00	; 0
    2fc2:	11 82       	std	Z+1, r1	; 0x01
    2fc4:	10 82       	st	Z, r1
	ICR1 = 0;
    2fc6:	e6 e4       	ldi	r30, 0x46	; 70
    2fc8:	f0 e0       	ldi	r31, 0x00	; 0
    2fca:	11 82       	std	Z+1, r1	; 0x01
    2fcc:	10 82       	st	Z, r1

	/* Disable the Input Capture interrupt */
	TIMSK &= ~(1<<TICIE1);
    2fce:	a9 e5       	ldi	r26, 0x59	; 89
    2fd0:	b0 e0       	ldi	r27, 0x00	; 0
    2fd2:	e9 e5       	ldi	r30, 0x59	; 89
    2fd4:	f0 e0       	ldi	r31, 0x00	; 0
    2fd6:	80 81       	ld	r24, Z
    2fd8:	8f 7d       	andi	r24, 0xDF	; 223
    2fda:	8c 93       	st	X, r24

	/* Reset the global pointer value */
	g_callBackPtr = NULL_PTR;
    2fdc:	10 92 91 01 	sts	0x0191, r1
    2fe0:	10 92 90 01 	sts	0x0190, r1
}
    2fe4:	cf 91       	pop	r28
    2fe6:	df 91       	pop	r29
    2fe8:	08 95       	ret

00002fea <Ultrasonic_init>:
 *  Set up the ICU callback function.
 *  Set the direction for the trigger pin as output through the GPIO driver.
 *  Inputs: None.
 *  Return: None.
 * */
void Ultrasonic_init(void) {
    2fea:	df 93       	push	r29
    2fec:	cf 93       	push	r28
    2fee:	00 d0       	rcall	.+0      	; 0x2ff0 <Ultrasonic_init+0x6>
    2ff0:	cd b7       	in	r28, 0x3d	; 61
    2ff2:	de b7       	in	r29, 0x3e	; 62
	/*Initialize the ICU driver as required.
	 * */
	ICU_ConfigType ICU_Configuration = { F_CPU_8, RAISING };
    2ff4:	82 e0       	ldi	r24, 0x02	; 2
    2ff6:	89 83       	std	Y+1, r24	; 0x01
    2ff8:	81 e0       	ldi	r24, 0x01	; 1
    2ffa:	8a 83       	std	Y+2, r24	; 0x02
	ICU_init(&ICU_Configuration);
    2ffc:	ce 01       	movw	r24, r28
    2ffe:	01 96       	adiw	r24, 0x01	; 1
    3000:	0e 94 45 17 	call	0x2e8a	; 0x2e8a <ICU_init>


	/*Set up the ICU callback function.
	 * */
	ICU_setCallBack(Ultrasonic_edgeProcessing);
    3004:	88 e1       	ldi	r24, 0x18	; 24
    3006:	99 e1       	ldi	r25, 0x19	; 25
    3008:	0e 94 8e 17 	call	0x2f1c	; 0x2f1c <ICU_setCallBack>

	/*set the direction for the trigger pin as output through the GPIO driver.
	 * */
	GPIO_setupPinDirection(ULTRASONIC_TRIGGER_PORT_ID,
    300c:	83 e0       	ldi	r24, 0x03	; 3
    300e:	67 e0       	ldi	r22, 0x07	; 7
    3010:	41 e0       	ldi	r20, 0x01	; 1
    3012:	0e 94 b7 13 	call	0x276e	; 0x276e <GPIO_setupPinDirection>
			ULTRASONIC_TRIGGER_PIN_ID, PIN_OUTPUT);

}
    3016:	0f 90       	pop	r0
    3018:	0f 90       	pop	r0
    301a:	cf 91       	pop	r28
    301c:	df 91       	pop	r29
    301e:	08 95       	ret

00003020 <Ultrasonic_Trigger>:
/*description:
 * Send the trigger pulse to the ultrasonic sensor.
 * Send Inputs: None.
 * Send Return: None.
 * */
void Ultrasonic_Trigger(void) {
    3020:	df 93       	push	r29
    3022:	cf 93       	push	r28
    3024:	cd b7       	in	r28, 0x3d	; 61
    3026:	de b7       	in	r29, 0x3e	; 62
    3028:	68 97       	sbiw	r28, 0x18	; 24
    302a:	0f b6       	in	r0, 0x3f	; 63
    302c:	f8 94       	cli
    302e:	de bf       	out	0x3e, r29	; 62
    3030:	0f be       	out	0x3f, r0	; 63
    3032:	cd bf       	out	0x3d, r28	; 61

	GPIO_writePin(ULTRASONIC_TRIGGER_PORT_ID, ULTRASONIC_TRIGGER_PIN_ID,
    3034:	83 e0       	ldi	r24, 0x03	; 3
    3036:	67 e0       	ldi	r22, 0x07	; 7
    3038:	41 e0       	ldi	r20, 0x01	; 1
    303a:	0e 94 a2 14 	call	0x2944	; 0x2944 <GPIO_writePin>
    303e:	80 e0       	ldi	r24, 0x00	; 0
    3040:	90 e0       	ldi	r25, 0x00	; 0
    3042:	a0 e2       	ldi	r26, 0x20	; 32
    3044:	b1 e4       	ldi	r27, 0x41	; 65
    3046:	8d 8b       	std	Y+21, r24	; 0x15
    3048:	9e 8b       	std	Y+22, r25	; 0x16
    304a:	af 8b       	std	Y+23, r26	; 0x17
    304c:	b8 8f       	std	Y+24, r27	; 0x18
 */
void
_delay_us(double __us)
{
	uint8_t __ticks;
	double __tmp = ((F_CPU) / 3e6) * __us;
    304e:	6d 89       	ldd	r22, Y+21	; 0x15
    3050:	7e 89       	ldd	r23, Y+22	; 0x16
    3052:	8f 89       	ldd	r24, Y+23	; 0x17
    3054:	98 8d       	ldd	r25, Y+24	; 0x18
    3056:	2b ea       	ldi	r18, 0xAB	; 171
    3058:	3a ea       	ldi	r19, 0xAA	; 170
    305a:	4a ea       	ldi	r20, 0xAA	; 170
    305c:	50 e4       	ldi	r21, 0x40	; 64
    305e:	0e 94 1f 02 	call	0x43e	; 0x43e <__mulsf3>
    3062:	dc 01       	movw	r26, r24
    3064:	cb 01       	movw	r24, r22
    3066:	89 8b       	std	Y+17, r24	; 0x11
    3068:	9a 8b       	std	Y+18, r25	; 0x12
    306a:	ab 8b       	std	Y+19, r26	; 0x13
    306c:	bc 8b       	std	Y+20, r27	; 0x14
	if (__tmp < 1.0)
    306e:	69 89       	ldd	r22, Y+17	; 0x11
    3070:	7a 89       	ldd	r23, Y+18	; 0x12
    3072:	8b 89       	ldd	r24, Y+19	; 0x13
    3074:	9c 89       	ldd	r25, Y+20	; 0x14
    3076:	20 e0       	ldi	r18, 0x00	; 0
    3078:	30 e0       	ldi	r19, 0x00	; 0
    307a:	40 e8       	ldi	r20, 0x80	; 128
    307c:	5f e3       	ldi	r21, 0x3F	; 63
    307e:	0e 94 25 04 	call	0x84a	; 0x84a <__ltsf2>
    3082:	88 23       	and	r24, r24
    3084:	1c f4       	brge	.+6      	; 0x308c <Ultrasonic_Trigger+0x6c>
		__ticks = 1;
    3086:	81 e0       	ldi	r24, 0x01	; 1
    3088:	88 8b       	std	Y+16, r24	; 0x10
    308a:	91 c0       	rjmp	.+290    	; 0x31ae <Ultrasonic_Trigger+0x18e>
	else if (__tmp > 255)
    308c:	69 89       	ldd	r22, Y+17	; 0x11
    308e:	7a 89       	ldd	r23, Y+18	; 0x12
    3090:	8b 89       	ldd	r24, Y+19	; 0x13
    3092:	9c 89       	ldd	r25, Y+20	; 0x14
    3094:	20 e0       	ldi	r18, 0x00	; 0
    3096:	30 e0       	ldi	r19, 0x00	; 0
    3098:	4f e7       	ldi	r20, 0x7F	; 127
    309a:	53 e4       	ldi	r21, 0x43	; 67
    309c:	0e 94 c5 03 	call	0x78a	; 0x78a <__gtsf2>
    30a0:	18 16       	cp	r1, r24
    30a2:	0c f0       	brlt	.+2      	; 0x30a6 <Ultrasonic_Trigger+0x86>
    30a4:	7b c0       	rjmp	.+246    	; 0x319c <Ultrasonic_Trigger+0x17c>
	{
		_delay_ms(__us / 1000.0);
    30a6:	6d 89       	ldd	r22, Y+21	; 0x15
    30a8:	7e 89       	ldd	r23, Y+22	; 0x16
    30aa:	8f 89       	ldd	r24, Y+23	; 0x17
    30ac:	98 8d       	ldd	r25, Y+24	; 0x18
    30ae:	20 e0       	ldi	r18, 0x00	; 0
    30b0:	30 e0       	ldi	r19, 0x00	; 0
    30b2:	4a e7       	ldi	r20, 0x7A	; 122
    30b4:	54 e4       	ldi	r21, 0x44	; 68
    30b6:	0e 94 19 03 	call	0x632	; 0x632 <__divsf3>
    30ba:	dc 01       	movw	r26, r24
    30bc:	cb 01       	movw	r24, r22
    30be:	8c 87       	std	Y+12, r24	; 0x0c
    30c0:	9d 87       	std	Y+13, r25	; 0x0d
    30c2:	ae 87       	std	Y+14, r26	; 0x0e
    30c4:	bf 87       	std	Y+15, r27	; 0x0f
 */
void
_delay_ms(double __ms)
{
	uint16_t __ticks;
	double __tmp = ((F_CPU) / 4e3) * __ms;
    30c6:	6c 85       	ldd	r22, Y+12	; 0x0c
    30c8:	7d 85       	ldd	r23, Y+13	; 0x0d
    30ca:	8e 85       	ldd	r24, Y+14	; 0x0e
    30cc:	9f 85       	ldd	r25, Y+15	; 0x0f
    30ce:	20 e0       	ldi	r18, 0x00	; 0
    30d0:	30 e0       	ldi	r19, 0x00	; 0
    30d2:	4a e7       	ldi	r20, 0x7A	; 122
    30d4:	55 e4       	ldi	r21, 0x45	; 69
    30d6:	0e 94 1f 02 	call	0x43e	; 0x43e <__mulsf3>
    30da:	dc 01       	movw	r26, r24
    30dc:	cb 01       	movw	r24, r22
    30de:	88 87       	std	Y+8, r24	; 0x08
    30e0:	99 87       	std	Y+9, r25	; 0x09
    30e2:	aa 87       	std	Y+10, r26	; 0x0a
    30e4:	bb 87       	std	Y+11, r27	; 0x0b
	if (__tmp < 1.0)
    30e6:	68 85       	ldd	r22, Y+8	; 0x08
    30e8:	79 85       	ldd	r23, Y+9	; 0x09
    30ea:	8a 85       	ldd	r24, Y+10	; 0x0a
    30ec:	9b 85       	ldd	r25, Y+11	; 0x0b
    30ee:	20 e0       	ldi	r18, 0x00	; 0
    30f0:	30 e0       	ldi	r19, 0x00	; 0
    30f2:	40 e8       	ldi	r20, 0x80	; 128
    30f4:	5f e3       	ldi	r21, 0x3F	; 63
    30f6:	0e 94 25 04 	call	0x84a	; 0x84a <__ltsf2>
    30fa:	88 23       	and	r24, r24
    30fc:	2c f4       	brge	.+10     	; 0x3108 <Ultrasonic_Trigger+0xe8>
		__ticks = 1;
    30fe:	81 e0       	ldi	r24, 0x01	; 1
    3100:	90 e0       	ldi	r25, 0x00	; 0
    3102:	9f 83       	std	Y+7, r25	; 0x07
    3104:	8e 83       	std	Y+6, r24	; 0x06
    3106:	3f c0       	rjmp	.+126    	; 0x3186 <Ultrasonic_Trigger+0x166>
	else if (__tmp > 65535)
    3108:	68 85       	ldd	r22, Y+8	; 0x08
    310a:	79 85       	ldd	r23, Y+9	; 0x09
    310c:	8a 85       	ldd	r24, Y+10	; 0x0a
    310e:	9b 85       	ldd	r25, Y+11	; 0x0b
    3110:	20 e0       	ldi	r18, 0x00	; 0
    3112:	3f ef       	ldi	r19, 0xFF	; 255
    3114:	4f e7       	ldi	r20, 0x7F	; 127
    3116:	57 e4       	ldi	r21, 0x47	; 71
    3118:	0e 94 c5 03 	call	0x78a	; 0x78a <__gtsf2>
    311c:	18 16       	cp	r1, r24
    311e:	4c f5       	brge	.+82     	; 0x3172 <Ultrasonic_Trigger+0x152>
	{
		//	__ticks = requested delay in 1/10 ms
		__ticks = (uint16_t) (__ms * 10.0);
    3120:	6c 85       	ldd	r22, Y+12	; 0x0c
    3122:	7d 85       	ldd	r23, Y+13	; 0x0d
    3124:	8e 85       	ldd	r24, Y+14	; 0x0e
    3126:	9f 85       	ldd	r25, Y+15	; 0x0f
    3128:	20 e0       	ldi	r18, 0x00	; 0
    312a:	30 e0       	ldi	r19, 0x00	; 0
    312c:	40 e2       	ldi	r20, 0x20	; 32
    312e:	51 e4       	ldi	r21, 0x41	; 65
    3130:	0e 94 1f 02 	call	0x43e	; 0x43e <__mulsf3>
    3134:	dc 01       	movw	r26, r24
    3136:	cb 01       	movw	r24, r22
    3138:	bc 01       	movw	r22, r24
    313a:	cd 01       	movw	r24, r26
    313c:	0e 94 49 00 	call	0x92	; 0x92 <__fixunssfsi>
    3140:	dc 01       	movw	r26, r24
    3142:	cb 01       	movw	r24, r22
    3144:	9f 83       	std	Y+7, r25	; 0x07
    3146:	8e 83       	std	Y+6, r24	; 0x06
    3148:	0f c0       	rjmp	.+30     	; 0x3168 <Ultrasonic_Trigger+0x148>
    314a:	80 e9       	ldi	r24, 0x90	; 144
    314c:	91 e0       	ldi	r25, 0x01	; 1
    314e:	9d 83       	std	Y+5, r25	; 0x05
    3150:	8c 83       	std	Y+4, r24	; 0x04
    3152:	8c 81       	ldd	r24, Y+4	; 0x04
    3154:	9d 81       	ldd	r25, Y+5	; 0x05
    3156:	01 97       	sbiw	r24, 0x01	; 1
    3158:	f1 f7       	brne	.-4      	; 0x3156 <Ultrasonic_Trigger+0x136>
    315a:	9d 83       	std	Y+5, r25	; 0x05
    315c:	8c 83       	std	Y+4, r24	; 0x04
		while(__ticks)
		{
			// wait 1/10 ms
			_delay_loop_2(((F_CPU) / 4e3) / 10);
			__ticks --;
    315e:	8e 81       	ldd	r24, Y+6	; 0x06
    3160:	9f 81       	ldd	r25, Y+7	; 0x07
    3162:	01 97       	sbiw	r24, 0x01	; 1
    3164:	9f 83       	std	Y+7, r25	; 0x07
    3166:	8e 83       	std	Y+6, r24	; 0x06
		__ticks = 1;
	else if (__tmp > 65535)
	{
		//	__ticks = requested delay in 1/10 ms
		__ticks = (uint16_t) (__ms * 10.0);
		while(__ticks)
    3168:	8e 81       	ldd	r24, Y+6	; 0x06
    316a:	9f 81       	ldd	r25, Y+7	; 0x07
    316c:	00 97       	sbiw	r24, 0x00	; 0
    316e:	69 f7       	brne	.-38     	; 0x314a <Ultrasonic_Trigger+0x12a>
    3170:	24 c0       	rjmp	.+72     	; 0x31ba <Ultrasonic_Trigger+0x19a>
			__ticks --;
		}
		return;
	}
	else
		__ticks = (uint16_t)__tmp;
    3172:	68 85       	ldd	r22, Y+8	; 0x08
    3174:	79 85       	ldd	r23, Y+9	; 0x09
    3176:	8a 85       	ldd	r24, Y+10	; 0x0a
    3178:	9b 85       	ldd	r25, Y+11	; 0x0b
    317a:	0e 94 49 00 	call	0x92	; 0x92 <__fixunssfsi>
    317e:	dc 01       	movw	r26, r24
    3180:	cb 01       	movw	r24, r22
    3182:	9f 83       	std	Y+7, r25	; 0x07
    3184:	8e 83       	std	Y+6, r24	; 0x06
    3186:	8e 81       	ldd	r24, Y+6	; 0x06
    3188:	9f 81       	ldd	r25, Y+7	; 0x07
    318a:	9b 83       	std	Y+3, r25	; 0x03
    318c:	8a 83       	std	Y+2, r24	; 0x02
    318e:	8a 81       	ldd	r24, Y+2	; 0x02
    3190:	9b 81       	ldd	r25, Y+3	; 0x03
    3192:	01 97       	sbiw	r24, 0x01	; 1
    3194:	f1 f7       	brne	.-4      	; 0x3192 <Ultrasonic_Trigger+0x172>
    3196:	9b 83       	std	Y+3, r25	; 0x03
    3198:	8a 83       	std	Y+2, r24	; 0x02
    319a:	0f c0       	rjmp	.+30     	; 0x31ba <Ultrasonic_Trigger+0x19a>
	{
		_delay_ms(__us / 1000.0);
		return;
	}
	else
		__ticks = (uint8_t)__tmp;
    319c:	69 89       	ldd	r22, Y+17	; 0x11
    319e:	7a 89       	ldd	r23, Y+18	; 0x12
    31a0:	8b 89       	ldd	r24, Y+19	; 0x13
    31a2:	9c 89       	ldd	r25, Y+20	; 0x14
    31a4:	0e 94 49 00 	call	0x92	; 0x92 <__fixunssfsi>
    31a8:	dc 01       	movw	r26, r24
    31aa:	cb 01       	movw	r24, r22
    31ac:	88 8b       	std	Y+16, r24	; 0x10
    31ae:	88 89       	ldd	r24, Y+16	; 0x10
    31b0:	89 83       	std	Y+1, r24	; 0x01
    can be achieved.
*/
void
_delay_loop_1(uint8_t __count)
{
	__asm__ volatile (
    31b2:	89 81       	ldd	r24, Y+1	; 0x01
    31b4:	8a 95       	dec	r24
    31b6:	f1 f7       	brne	.-4      	; 0x31b4 <Ultrasonic_Trigger+0x194>
    31b8:	89 83       	std	Y+1, r24	; 0x01
			LOGIC_HIGH);
	_delay_us(10);
	GPIO_writePin(ULTRASONIC_TRIGGER_PORT_ID, ULTRASONIC_TRIGGER_PIN_ID,
    31ba:	83 e0       	ldi	r24, 0x03	; 3
    31bc:	67 e0       	ldi	r22, 0x07	; 7
    31be:	40 e0       	ldi	r20, 0x00	; 0
    31c0:	0e 94 a2 14 	call	0x2944	; 0x2944 <GPIO_writePin>
			LOGIC_LOW);

}
    31c4:	68 96       	adiw	r28, 0x18	; 24
    31c6:	0f b6       	in	r0, 0x3f	; 63
    31c8:	f8 94       	cli
    31ca:	de bf       	out	0x3e, r29	; 62
    31cc:	0f be       	out	0x3f, r0	; 63
    31ce:	cd bf       	out	0x3d, r28	; 61
    31d0:	cf 91       	pop	r28
    31d2:	df 91       	pop	r29
    31d4:	08 95       	ret

000031d6 <Ultrasonic_readDistance>:
 *  Send the trigger pulse by using the Ultrasonic_Trigger function.
 *  Start the measurement process via the ICU driver.
 *  Inputs: None.
 *  Return: The measured distance in centimeters.
 * */
uint16 Ultrasonic_readDistance(void) {
    31d6:	df 93       	push	r29
    31d8:	cf 93       	push	r28
    31da:	00 d0       	rcall	.+0      	; 0x31dc <Ultrasonic_readDistance+0x6>
    31dc:	cd b7       	in	r28, 0x3d	; 61
    31de:	de b7       	in	r29, 0x3e	; 62

	Ultrasonic_Trigger();
    31e0:	0e 94 10 18 	call	0x3020	; 0x3020 <Ultrasonic_Trigger>

	uint16 distance = (( g_timeHigh) / 117.6);
    31e4:	80 91 93 01 	lds	r24, 0x0193
    31e8:	90 91 94 01 	lds	r25, 0x0194
    31ec:	cc 01       	movw	r24, r24
    31ee:	a0 e0       	ldi	r26, 0x00	; 0
    31f0:	b0 e0       	ldi	r27, 0x00	; 0
    31f2:	bc 01       	movw	r22, r24
    31f4:	cd 01       	movw	r24, r26
    31f6:	0e 94 a9 04 	call	0x952	; 0x952 <__floatunsisf>
    31fa:	dc 01       	movw	r26, r24
    31fc:	cb 01       	movw	r24, r22
    31fe:	bc 01       	movw	r22, r24
    3200:	cd 01       	movw	r24, r26
    3202:	23 e3       	ldi	r18, 0x33	; 51
    3204:	33 e3       	ldi	r19, 0x33	; 51
    3206:	4b ee       	ldi	r20, 0xEB	; 235
    3208:	52 e4       	ldi	r21, 0x42	; 66
    320a:	0e 94 19 03 	call	0x632	; 0x632 <__divsf3>
    320e:	dc 01       	movw	r26, r24
    3210:	cb 01       	movw	r24, r22
    3212:	bc 01       	movw	r22, r24
    3214:	cd 01       	movw	r24, r26
    3216:	0e 94 49 00 	call	0x92	; 0x92 <__fixunssfsi>
    321a:	dc 01       	movw	r26, r24
    321c:	cb 01       	movw	r24, r22
    321e:	9a 83       	std	Y+2, r25	; 0x02
    3220:	89 83       	std	Y+1, r24	; 0x01

	return distance;
    3222:	89 81       	ldd	r24, Y+1	; 0x01
    3224:	9a 81       	ldd	r25, Y+2	; 0x02
}
    3226:	0f 90       	pop	r0
    3228:	0f 90       	pop	r0
    322a:	cf 91       	pop	r28
    322c:	df 91       	pop	r29
    322e:	08 95       	ret

00003230 <Ultrasonic_edgeProcessing>:
 *  This is the callback function called by the ICU driver.
 *  It calculates the high time (pulse time) generated by the ultrasonic sensor.
 *  Inputs: None.
 *  Return: None.
 * */
void Ultrasonic_edgeProcessing(void) {
    3230:	df 93       	push	r29
    3232:	cf 93       	push	r28
    3234:	cd b7       	in	r28, 0x3d	; 61
    3236:	de b7       	in	r29, 0x3e	; 62
	/*this is the function that will happen in the isr
	 * first, it increments the counter
	 * then checks its value
	 * */
	g_edgeCount++;
    3238:	80 91 92 01 	lds	r24, 0x0192
    323c:	8f 5f       	subi	r24, 0xFF	; 255
    323e:	80 93 92 01 	sts	0x0192, r24
	if (g_edgeCount == 1) {
    3242:	80 91 92 01 	lds	r24, 0x0192
    3246:	81 30       	cpi	r24, 0x01	; 1
    3248:	31 f4       	brne	.+12     	; 0x3256 <Ultrasonic_edgeProcessing+0x26>
		/*this means that the high interval starts
		 * so, we clear the timer counter and then detect the falling edge
		 * and this will represent that the high interval ends
		 * */
		ICU_clearTimerValue();
    324a:	0e 94 ca 17 	call	0x2f94	; 0x2f94 <ICU_clearTimerValue>
		ICU_setEdgeDetectionType(FALLING);
    324e:	80 e0       	ldi	r24, 0x00	; 0
    3250:	0e 94 a0 17 	call	0x2f40	; 0x2f40 <ICU_setEdgeDetectionType>
    3254:	0f c0       	rjmp	.+30     	; 0x3274 <Ultrasonic_edgeProcessing+0x44>
	} else if (g_edgeCount == 2) {
    3256:	80 91 92 01 	lds	r24, 0x0192
    325a:	82 30       	cpi	r24, 0x02	; 2
    325c:	59 f4       	brne	.+22     	; 0x3274 <Ultrasonic_edgeProcessing+0x44>
		/*this means that the high interval ends so we will save the value
		 * then set the icu to the raising edge as it waits the next high interval
		 * and then clear the edge counter to make it repeat its function in the next time
		 * */
		g_timeHigh = ICU_getInputCaptureValue();
    325e:	0e 94 bf 17 	call	0x2f7e	; 0x2f7e <ICU_getInputCaptureValue>
    3262:	90 93 94 01 	sts	0x0194, r25
    3266:	80 93 93 01 	sts	0x0193, r24
		ICU_setEdgeDetectionType(RAISING);
    326a:	81 e0       	ldi	r24, 0x01	; 1
    326c:	0e 94 a0 17 	call	0x2f40	; 0x2f40 <ICU_setEdgeDetectionType>
		g_edgeCount = 0;
    3270:	10 92 92 01 	sts	0x0192, r1
	}
}
    3274:	cf 91       	pop	r28
    3276:	df 91       	pop	r29
    3278:	08 95       	ret

0000327a <__prologue_saves__>:
    327a:	2f 92       	push	r2
    327c:	3f 92       	push	r3
    327e:	4f 92       	push	r4
    3280:	5f 92       	push	r5
    3282:	6f 92       	push	r6
    3284:	7f 92       	push	r7
    3286:	8f 92       	push	r8
    3288:	9f 92       	push	r9
    328a:	af 92       	push	r10
    328c:	bf 92       	push	r11
    328e:	cf 92       	push	r12
    3290:	df 92       	push	r13
    3292:	ef 92       	push	r14
    3294:	ff 92       	push	r15
    3296:	0f 93       	push	r16
    3298:	1f 93       	push	r17
    329a:	cf 93       	push	r28
    329c:	df 93       	push	r29
    329e:	cd b7       	in	r28, 0x3d	; 61
    32a0:	de b7       	in	r29, 0x3e	; 62
    32a2:	ca 1b       	sub	r28, r26
    32a4:	db 0b       	sbc	r29, r27
    32a6:	0f b6       	in	r0, 0x3f	; 63
    32a8:	f8 94       	cli
    32aa:	de bf       	out	0x3e, r29	; 62
    32ac:	0f be       	out	0x3f, r0	; 63
    32ae:	cd bf       	out	0x3d, r28	; 61
    32b0:	09 94       	ijmp

000032b2 <__epilogue_restores__>:
    32b2:	2a 88       	ldd	r2, Y+18	; 0x12
    32b4:	39 88       	ldd	r3, Y+17	; 0x11
    32b6:	48 88       	ldd	r4, Y+16	; 0x10
    32b8:	5f 84       	ldd	r5, Y+15	; 0x0f
    32ba:	6e 84       	ldd	r6, Y+14	; 0x0e
    32bc:	7d 84       	ldd	r7, Y+13	; 0x0d
    32be:	8c 84       	ldd	r8, Y+12	; 0x0c
    32c0:	9b 84       	ldd	r9, Y+11	; 0x0b
    32c2:	aa 84       	ldd	r10, Y+10	; 0x0a
    32c4:	b9 84       	ldd	r11, Y+9	; 0x09
    32c6:	c8 84       	ldd	r12, Y+8	; 0x08
    32c8:	df 80       	ldd	r13, Y+7	; 0x07
    32ca:	ee 80       	ldd	r14, Y+6	; 0x06
    32cc:	fd 80       	ldd	r15, Y+5	; 0x05
    32ce:	0c 81       	ldd	r16, Y+4	; 0x04
    32d0:	1b 81       	ldd	r17, Y+3	; 0x03
    32d2:	aa 81       	ldd	r26, Y+2	; 0x02
    32d4:	b9 81       	ldd	r27, Y+1	; 0x01
    32d6:	ce 0f       	add	r28, r30
    32d8:	d1 1d       	adc	r29, r1
    32da:	0f b6       	in	r0, 0x3f	; 63
    32dc:	f8 94       	cli
    32de:	de bf       	out	0x3e, r29	; 62
    32e0:	0f be       	out	0x3f, r0	; 63
    32e2:	cd bf       	out	0x3d, r28	; 61
    32e4:	ed 01       	movw	r28, r26
    32e6:	08 95       	ret

000032e8 <itoa>:
    32e8:	fb 01       	movw	r30, r22
    32ea:	9f 01       	movw	r18, r30
    32ec:	e8 94       	clt
    32ee:	42 30       	cpi	r20, 0x02	; 2
    32f0:	c4 f0       	brlt	.+48     	; 0x3322 <itoa+0x3a>
    32f2:	45 32       	cpi	r20, 0x25	; 37
    32f4:	b4 f4       	brge	.+44     	; 0x3322 <itoa+0x3a>
    32f6:	4a 30       	cpi	r20, 0x0A	; 10
    32f8:	29 f4       	brne	.+10     	; 0x3304 <itoa+0x1c>
    32fa:	97 fb       	bst	r25, 7
    32fc:	1e f4       	brtc	.+6      	; 0x3304 <itoa+0x1c>
    32fe:	90 95       	com	r25
    3300:	81 95       	neg	r24
    3302:	9f 4f       	sbci	r25, 0xFF	; 255
    3304:	64 2f       	mov	r22, r20
    3306:	77 27       	eor	r23, r23
    3308:	0e 94 a5 19 	call	0x334a	; 0x334a <__udivmodhi4>
    330c:	80 5d       	subi	r24, 0xD0	; 208
    330e:	8a 33       	cpi	r24, 0x3A	; 58
    3310:	0c f0       	brlt	.+2      	; 0x3314 <itoa+0x2c>
    3312:	89 5d       	subi	r24, 0xD9	; 217
    3314:	81 93       	st	Z+, r24
    3316:	cb 01       	movw	r24, r22
    3318:	00 97       	sbiw	r24, 0x00	; 0
    331a:	a1 f7       	brne	.-24     	; 0x3304 <itoa+0x1c>
    331c:	16 f4       	brtc	.+4      	; 0x3322 <itoa+0x3a>
    331e:	5d e2       	ldi	r21, 0x2D	; 45
    3320:	51 93       	st	Z+, r21
    3322:	10 82       	st	Z, r1
    3324:	c9 01       	movw	r24, r18
    3326:	0c 94 95 19 	jmp	0x332a	; 0x332a <strrev>

0000332a <strrev>:
    332a:	dc 01       	movw	r26, r24
    332c:	fc 01       	movw	r30, r24
    332e:	67 2f       	mov	r22, r23
    3330:	71 91       	ld	r23, Z+
    3332:	77 23       	and	r23, r23
    3334:	e1 f7       	brne	.-8      	; 0x332e <strrev+0x4>
    3336:	32 97       	sbiw	r30, 0x02	; 2
    3338:	04 c0       	rjmp	.+8      	; 0x3342 <strrev+0x18>
    333a:	7c 91       	ld	r23, X
    333c:	6d 93       	st	X+, r22
    333e:	70 83       	st	Z, r23
    3340:	62 91       	ld	r22, -Z
    3342:	ae 17       	cp	r26, r30
    3344:	bf 07       	cpc	r27, r31
    3346:	c8 f3       	brcs	.-14     	; 0x333a <strrev+0x10>
    3348:	08 95       	ret

0000334a <__udivmodhi4>:
    334a:	aa 1b       	sub	r26, r26
    334c:	bb 1b       	sub	r27, r27
    334e:	51 e1       	ldi	r21, 0x11	; 17
    3350:	07 c0       	rjmp	.+14     	; 0x3360 <__udivmodhi4_ep>

00003352 <__udivmodhi4_loop>:
    3352:	aa 1f       	adc	r26, r26
    3354:	bb 1f       	adc	r27, r27
    3356:	a6 17       	cp	r26, r22
    3358:	b7 07       	cpc	r27, r23
    335a:	10 f0       	brcs	.+4      	; 0x3360 <__udivmodhi4_ep>
    335c:	a6 1b       	sub	r26, r22
    335e:	b7 0b       	sbc	r27, r23

00003360 <__udivmodhi4_ep>:
    3360:	88 1f       	adc	r24, r24
    3362:	99 1f       	adc	r25, r25
    3364:	5a 95       	dec	r21
    3366:	a9 f7       	brne	.-22     	; 0x3352 <__udivmodhi4_loop>
    3368:	80 95       	com	r24
    336a:	90 95       	com	r25
    336c:	bc 01       	movw	r22, r24
    336e:	cd 01       	movw	r24, r26
    3370:	08 95       	ret

00003372 <_exit>:
    3372:	f8 94       	cli

00003374 <__stop_program>:
    3374:	ff cf       	rjmp	.-2      	; 0x3374 <__stop_program>
