16:20:18 **** Incremental Build of configuration Debug for project control_ECU ****
make all 
Building file: ../application_control.c
Invoking: AVR Compiler
avr-gcc -Wall -g2 -gstabs -O0 -fpack-struct -fshort-enums -ffunction-sections -fdata-sections -std=gnu99 -funsigned-char -funsigned-bitfields -mmcu=atmega32 -DF_CPU=8000000UL -MMD -MP -MF"application_control.d" -MT"application_control.o" -c -o "application_control.o" "../application_control.c"
In file included from ../application_control.c:17:
c:/winavr-20100110/lib/gcc/../../avr/include/util/delay.h:90:3: warning: #warning "Compiler optimizations disabled; functions from <util/delay.h> won't work as designed"
Finished building: ../application_control.c
 
Building target: control_ECU.elf
Invoking: AVR C Linker
avr-gcc -Wl,-Map,control_ECU.map -mmcu=atmega32 -o "control_ECU.elf"  ./ADC.o ./application_control.o ./dc_motor.o ./external_eeprom.o ./gpio.o ./icu.o ./pwm.o ./sensor_lm35.o ./twi.o ./uart.o ./ultrasonic_sensor.o   
Finished building target: control_ECU.elf
 
Invoking: AVR Create Extended Listing
avr-objdump -h -S control_ECU.elf  >"control_ECU.lss"
Finished building: control_ECU.lss
 
Invoking: Print Size
avr-size --format=avr --mcu=atmega32 control_ECU.elf
AVR Memory Usage
----------------
Device: atmega32

Program:    9506 bytes (29.0% Full)
(.text + .data + .bootloader)

Data:        275 bytes (13.4% Full)
(.data + .bss + .noinit)


Finished building: sizedummy
 
16:20:21 **** Incremental Build of configuration Debug for project HMI_ECU ****
make all 
Building file: ../application_HMI.c
Invoking: AVR Compiler
avr-gcc -Wall -g2 -gstabs -O0 -fpack-struct -fshort-enums -ffunction-sections -fdata-sections -std=gnu99 -funsigned-char -funsigned-bitfields -mmcu=atmega32 -DF_CPU=8000000UL -MMD -MP -MF"application_HMI.d" -MT"application_HMI.o" -c -o "application_HMI.o" "../application_HMI.c"
../application_HMI.c: In function 'main':
../application_HMI.c:58: warning: unused variable 'win2'
../application_HMI.c:57: warning: unused variable 'win1'
Finished building: ../application_HMI.c
 
Building target: HMI_ECU.elf
Invoking: AVR C Linker
avr-gcc -Wl,-Map,HMI_ECU.map -mmcu=atmega32 -o "HMI_ECU.elf"  ./LCD.o ./application_HMI.o ./gpio.o ./keypad_me.o ./timer.o ./uart.o   
Finished building target: HMI_ECU.elf
 
Invoking: AVR Create Extended Listing
avr-objdump -h -S HMI_ECU.elf  >"HMI_ECU.lss"
Finished building: HMI_ECU.lss
 
Invoking: Print Size
avr-size --format=avr --mcu=atmega32 HMI_ECU.elf
AVR Memory Usage
----------------
Device: atmega32

Program:   11970 bytes (36.5% Full)
(.text + .data + .bootloader)

Data:        642 bytes (31.3% Full)
(.data + .bss + .noinit)


Finished building: sizedummy
 
16:20:22 **** Incremental Build of configuration Debug for project control_ECU ****
make all 
Invoking: Print Size
avr-size --format=avr --mcu=atmega32 control_ECU.elf
AVR Memory Usage
----------------
Device: atmega32

Program:    9506 bytes (29.0% Full)
(.text + .data + .bootloader)

Data:        275 bytes (13.4% Full)
(.data + .bss + .noinit)


Finished building: sizedummy
 
16:27:22 **** Incremental Build of configuration Debug for project HMI_ECU ****
make all 
Building file: ../application_HMI.c
Invoking: AVR Compiler
avr-gcc -Wall -g2 -gstabs -O0 -fpack-struct -fshort-enums -ffunction-sections -fdata-sections -std=gnu99 -funsigned-char -funsigned-bitfields -mmcu=atmega32 -DF_CPU=8000000UL -MMD -MP -MF"application_HMI.d" -MT"application_HMI.o" -c -o "application_HMI.o" "../application_HMI.c"
../application_HMI.c: In function 'main':
../application_HMI.c:58: warning: unused variable 'win2'
../application_HMI.c:57: warning: unused variable 'win1'
Finished building: ../application_HMI.c
 
Building target: HMI_ECU.elf
Invoking: AVR C Linker
avr-gcc -Wl,-Map,HMI_ECU.map -mmcu=atmega32 -o "HMI_ECU.elf"  ./LCD.o ./application_HMI.o ./gpio.o ./keypad_me.o ./timer.o ./uart.o   
Finished building target: HMI_ECU.elf
 
Invoking: AVR Create Extended Listing
avr-objdump -h -S HMI_ECU.elf  >"HMI_ECU.lss"
Finished building: HMI_ECU.lss
 
Invoking: Print Size
avr-size --format=avr --mcu=atmega32 HMI_ECU.elf
AVR Memory Usage
----------------
Device: atmega32

Program:   11974 bytes (36.5% Full)
(.text + .data + .bootloader)

Data:        642 bytes (31.3% Full)
(.data + .bss + .noinit)


Finished building: sizedummy
 
16:27:23 **** Incremental Build of configuration Debug for project control_ECU ****
make all 
Building file: ../sensor_lm35.c
Invoking: AVR Compiler
avr-gcc -Wall -g2 -gstabs -O0 -fpack-struct -fshort-enums -ffunction-sections -fdata-sections -std=gnu99 -funsigned-char -funsigned-bitfields -mmcu=atmega32 -DF_CPU=8000000UL -MMD -MP -MF"sensor_lm35.d" -MT"sensor_lm35.o" -c -o "sensor_lm35.o" "../sensor_lm35.c"
Finished building: ../sensor_lm35.c
 
Building target: control_ECU.elf
Invoking: AVR C Linker
avr-gcc -Wl,-Map,control_ECU.map -mmcu=atmega32 -o "control_ECU.elf"  ./ADC.o ./application_control.o ./dc_motor.o ./external_eeprom.o ./gpio.o ./icu.o ./pwm.o ./sensor_lm35.o ./twi.o ./uart.o ./ultrasonic_sensor.o   
Finished building target: control_ECU.elf
 
Invoking: AVR Create Extended Listing
avr-objdump -h -S control_ECU.elf  >"control_ECU.lss"
Finished building: control_ECU.lss
 
Invoking: Print Size
avr-size --format=avr --mcu=atmega32 control_ECU.elf
AVR Memory Usage
----------------
Device: atmega32

Program:    9506 bytes (29.0% Full)
(.text + .data + .bootloader)

Data:        275 bytes (13.4% Full)
(.data + .bss + .noinit)


Finished building: sizedummy
 
16:32:37 **** Incremental Build of configuration Debug for project HMI_ECU ****
make all 
Invoking: Print Size
avr-size --format=avr --mcu=atmega32 HMI_ECU.elf
AVR Memory Usage
----------------
Device: atmega32

Program:   11974 bytes (36.5% Full)
(.text + .data + .bootloader)

Data:        642 bytes (31.3% Full)
(.data + .bss + .noinit)


Finished building: sizedummy
 
16:32:37 **** Incremental Build of configuration Debug for project control_ECU ****
make all 
Building file: ../application_control.c
Invoking: AVR Compiler
avr-gcc -Wall -g2 -gstabs -O0 -fpack-struct -fshort-enums -ffunction-sections -fdata-sections -std=gnu99 -funsigned-char -funsigned-bitfields -mmcu=atmega32 -DF_CPU=8000000UL -MMD -MP -MF"application_control.d" -MT"application_control.o" -c -o "application_control.o" "../application_control.c"
In file included from ../application_control.c:17:
c:/winavr-20100110/lib/gcc/../../avr/include/util/delay.h:90:3: warning: #warning "Compiler optimizations disabled; functions from <util/delay.h> won't work as designed"
Finished building: ../application_control.c
 
Building target: control_ECU.elf
Invoking: AVR C Linker
avr-gcc -Wl,-Map,control_ECU.map -mmcu=atmega32 -o "control_ECU.elf"  ./ADC.o ./application_control.o ./dc_motor.o ./external_eeprom.o ./gpio.o ./icu.o ./pwm.o ./sensor_lm35.o ./twi.o ./uart.o ./ultrasonic_sensor.o   
Finished building target: control_ECU.elf
 
Invoking: AVR Create Extended Listing
avr-objdump -h -S control_ECU.elf  >"control_ECU.lss"
Finished building: control_ECU.lss
 
Invoking: Print Size
avr-size --format=avr --mcu=atmega32 control_ECU.elf
AVR Memory Usage
----------------
Device: atmega32

Program:    9518 bytes (29.0% Full)
(.text + .data + .bootloader)

Data:        275 bytes (13.4% Full)
(.data + .bss + .noinit)


Finished building: sizedummy
 
16:43:55 **** Incremental Build of configuration Debug for project HMI_ECU ****
make all 
Invoking: Print Size
avr-size --format=avr --mcu=atmega32 HMI_ECU.elf
AVR Memory Usage
----------------
Device: atmega32

Program:   11974 bytes (36.5% Full)
(.text + .data + .bootloader)

Data:        642 bytes (31.3% Full)
(.data + .bss + .noinit)


Finished building: sizedummy
 
16:43:55 **** Incremental Build of configuration Debug for project control_ECU ****
make all 
Building file: ../sensor_lm35.c
Invoking: AVR Compiler
avr-gcc -Wall -g2 -gstabs -O0 -fpack-struct -fshort-enums -ffunction-sections -fdata-sections -std=gnu99 -funsigned-char -funsigned-bitfields -mmcu=atmega32 -DF_CPU=8000000UL -MMD -MP -MF"sensor_lm35.d" -MT"sensor_lm35.o" -c -o "sensor_lm35.o" "../sensor_lm35.c"
Finished building: ../sensor_lm35.c
 
Building target: control_ECU.elf
Invoking: AVR C Linker
avr-gcc -Wl,-Map,control_ECU.map -mmcu=atmega32 -o "control_ECU.elf"  ./ADC.o ./application_control.o ./dc_motor.o ./external_eeprom.o ./gpio.o ./icu.o ./pwm.o ./sensor_lm35.o ./twi.o ./uart.o ./ultrasonic_sensor.o   
Finished building target: control_ECU.elf
 
Invoking: AVR Create Extended Listing
avr-objdump -h -S control_ECU.elf  >"control_ECU.lss"
Finished building: control_ECU.lss
 
Invoking: Print Size
avr-size --format=avr --mcu=atmega32 control_ECU.elf
AVR Memory Usage
----------------
Device: atmega32

Program:    9444 bytes (28.8% Full)
(.text + .data + .bootloader)

Data:        275 bytes (13.4% Full)
(.data + .bss + .noinit)


Finished building: sizedummy
 
16:45:03 **** Incremental Build of configuration Debug for project HMI_ECU ****
make all 
Invoking: Print Size
avr-size --format=avr --mcu=atmega32 HMI_ECU.elf
AVR Memory Usage
----------------
Device: atmega32

Program:   11974 bytes (36.5% Full)
(.text + .data + .bootloader)

Data:        642 bytes (31.3% Full)
(.data + .bss + .noinit)


Finished building: sizedummy
 
16:45:03 **** Incremental Build of configuration Debug for project control_ECU ****
make all 
Invoking: Print Size
avr-size --format=avr --mcu=atmega32 control_ECU.elf
AVR Memory Usage
----------------
Device: atmega32

Program:    9444 bytes (28.8% Full)
(.text + .data + .bootloader)

Data:        275 bytes (13.4% Full)
(.data + .bss + .noinit)


Finished building: sizedummy
 
16:49:02 **** Incremental Build of configuration Debug for project HMI_ECU ****
make all 
Invoking: Print Size
avr-size --format=avr --mcu=atmega32 HMI_ECU.elf
AVR Memory Usage
----------------
Device: atmega32

Program:   11974 bytes (36.5% Full)
(.text + .data + .bootloader)

Data:        642 bytes (31.3% Full)
(.data + .bss + .noinit)


Finished building: sizedummy
 
16:49:03 **** Incremental Build of configuration Debug for project control_ECU ****
make all 
Building file: ../sensor_lm35.c
Invoking: AVR Compiler
avr-gcc -Wall -g2 -gstabs -O0 -fpack-struct -fshort-enums -ffunction-sections -fdata-sections -std=gnu99 -funsigned-char -funsigned-bitfields -mmcu=atmega32 -DF_CPU=8000000UL -MMD -MP -MF"sensor_lm35.d" -MT"sensor_lm35.o" -c -o "sensor_lm35.o" "../sensor_lm35.c"
Finished building: ../sensor_lm35.c
 
Building target: control_ECU.elf
Invoking: AVR C Linker
avr-gcc -Wl,-Map,control_ECU.map -mmcu=atmega32 -o "control_ECU.elf"  ./ADC.o ./application_control.o ./dc_motor.o ./external_eeprom.o ./gpio.o ./icu.o ./pwm.o ./sensor_lm35.o ./twi.o ./uart.o ./ultrasonic_sensor.o   
Finished building target: control_ECU.elf
 
Invoking: AVR Create Extended Listing
avr-objdump -h -S control_ECU.elf  >"control_ECU.lss"
Finished building: control_ECU.lss
 
Invoking: Print Size
avr-size --format=avr --mcu=atmega32 control_ECU.elf
AVR Memory Usage
----------------
Device: atmega32

Program:    9400 bytes (28.7% Full)
(.text + .data + .bootloader)

Data:        275 bytes (13.4% Full)
(.data + .bss + .noinit)


Finished building: sizedummy
 
16:51:31 **** Incremental Build of configuration Debug for project HMI_ECU ****
make all 
Invoking: Print Size
avr-size --format=avr --mcu=atmega32 HMI_ECU.elf
AVR Memory Usage
----------------
Device: atmega32

Program:   11974 bytes (36.5% Full)
(.text + .data + .bootloader)

Data:        642 bytes (31.3% Full)
(.data + .bss + .noinit)


Finished building: sizedummy
 
16:51:31 **** Incremental Build of configuration Debug for project control_ECU ****
make all 
Building file: ../sensor_lm35.c
Invoking: AVR Compiler
avr-gcc -Wall -g2 -gstabs -O0 -fpack-struct -fshort-enums -ffunction-sections -fdata-sections -std=gnu99 -funsigned-char -funsigned-bitfields -mmcu=atmega32 -DF_CPU=8000000UL -MMD -MP -MF"sensor_lm35.d" -MT"sensor_lm35.o" -c -o "sensor_lm35.o" "../sensor_lm35.c"
Finished building: ../sensor_lm35.c
 
Building target: control_ECU.elf
Invoking: AVR C Linker
avr-gcc -Wl,-Map,control_ECU.map -mmcu=atmega32 -o "control_ECU.elf"  ./ADC.o ./application_control.o ./dc_motor.o ./external_eeprom.o ./gpio.o ./icu.o ./pwm.o ./sensor_lm35.o ./twi.o ./uart.o ./ultrasonic_sensor.o   
Finished building target: control_ECU.elf
 
Invoking: AVR Create Extended Listing
avr-objdump -h -S control_ECU.elf  >"control_ECU.lss"
Finished building: control_ECU.lss
 
Invoking: Print Size
avr-size --format=avr --mcu=atmega32 control_ECU.elf
AVR Memory Usage
----------------
Device: atmega32

Program:    9444 bytes (28.8% Full)
(.text + .data + .bootloader)

Data:        275 bytes (13.4% Full)
(.data + .bss + .noinit)


Finished building: sizedummy
 
17:17:07 **** Incremental Build of configuration Debug for project HMI_ECU ****
make all 
Building file: ../application_HMI.c
Invoking: AVR Compiler
avr-gcc -Wall -g2 -gstabs -O0 -fpack-struct -fshort-enums -ffunction-sections -fdata-sections -std=gnu99 -funsigned-char -funsigned-bitfields -mmcu=atmega32 -DF_CPU=8000000UL -MMD -MP -MF"application_HMI.d" -MT"application_HMI.o" -c -o "application_HMI.o" "../application_HMI.c"
../application_HMI.c: In function 'main':
../application_HMI.c:163: warning: implicit declaration of function 'LCD_moveCursr'
../application_HMI.c:59: warning: unused variable 'win2'
../application_HMI.c:58: warning: unused variable 'win1'
Finished building: ../application_HMI.c
 
Building target: HMI_ECU.elf
Invoking: AVR C Linker
avr-gcc -Wl,-Map,HMI_ECU.map -mmcu=atmega32 -o "HMI_ECU.elf"  ./LCD.o ./application_HMI.o ./gpio.o ./keypad_me.o ./timer.o ./uart.o   
./application_HMI.o: In function `_10SEC_delay':
../application_HMI.c:23: undefined reference to `LCD_moveCursr'
make: *** [HMI_ECU.elf] Error 1
"make all" terminated with exit code 2. Build might be incomplete.
17:17:07 **** Incremental Build of configuration Debug for project control_ECU ****
make all 
Building file: ../application_control.c
Invoking: AVR Compiler
avr-gcc -Wall -g2 -gstabs -O0 -fpack-struct -fshort-enums -ffunction-sections -fdata-sections -std=gnu99 -funsigned-char -funsigned-bitfields -mmcu=atmega32 -DF_CPU=8000000UL -MMD -MP -MF"application_control.d" -MT"application_control.o" -c -o "application_control.o" "../application_control.c"
In file included from ../application_control.c:17:
c:/winavr-20100110/lib/gcc/../../avr/include/util/delay.h:90:3: warning: #warning "Compiler optimizations disabled; functions from <util/delay.h> won't work as designed"
Finished building: ../application_control.c
 
Building target: control_ECU.elf
Invoking: AVR C Linker
avr-gcc -Wl,-Map,control_ECU.map -mmcu=atmega32 -o "control_ECU.elf"  ./ADC.o ./application_control.o ./dc_motor.o ./external_eeprom.o ./gpio.o ./icu.o ./pwm.o ./sensor_lm35.o ./twi.o ./uart.o ./ultrasonic_sensor.o   
Finished building target: control_ECU.elf
 
Invoking: AVR Create Extended Listing
avr-objdump -h -S control_ECU.elf  >"control_ECU.lss"
Finished building: control_ECU.lss
 
Invoking: Print Size
avr-size --format=avr --mcu=atmega32 control_ECU.elf
AVR Memory Usage
----------------
Device: atmega32

Program:    9450 bytes (28.8% Full)
(.text + .data + .bootloader)

Data:        275 bytes (13.4% Full)
(.data + .bss + .noinit)


Finished building: sizedummy
 
17:17:49 **** Incremental Build of configuration Debug for project HMI_ECU ****
make all 
Building file: ../application_HMI.c
Invoking: AVR Compiler
avr-gcc -Wall -g2 -gstabs -O0 -fpack-struct -fshort-enums -ffunction-sections -fdata-sections -std=gnu99 -funsigned-char -funsigned-bitfields -mmcu=atmega32 -DF_CPU=8000000UL -MMD -MP -MF"application_HMI.d" -MT"application_HMI.o" -c -o "application_HMI.o" "../application_HMI.c"
../application_HMI.c: In function 'main':
../application_HMI.c:58: warning: unused variable 'win2'
../application_HMI.c:57: warning: unused variable 'win1'
Finished building: ../application_HMI.c
 
Building target: HMI_ECU.elf
Invoking: AVR C Linker
avr-gcc -Wl,-Map,HMI_ECU.map -mmcu=atmega32 -o "HMI_ECU.elf"  ./LCD.o ./application_HMI.o ./gpio.o ./keypad_me.o ./timer.o ./uart.o   
Finished building target: HMI_ECU.elf
 
Invoking: AVR Create Extended Listing
avr-objdump -h -S HMI_ECU.elf  >"HMI_ECU.lss"
Finished building: HMI_ECU.lss
 
Invoking: Print Size
avr-size --format=avr --mcu=atmega32 HMI_ECU.elf
AVR Memory Usage
----------------
Device: atmega32

Program:   11974 bytes (36.5% Full)
(.text + .data + .bootloader)

Data:        642 bytes (31.3% Full)
(.data + .bss + .noinit)


Finished building: sizedummy
 
17:17:50 **** Incremental Build of configuration Debug for project control_ECU ****
make all 
Invoking: Print Size
avr-size --format=avr --mcu=atmega32 control_ECU.elf
AVR Memory Usage
----------------
Device: atmega32

Program:    9450 bytes (28.8% Full)
(.text + .data + .bootloader)

Data:        275 bytes (13.4% Full)
(.data + .bss + .noinit)


Finished building: sizedummy
 
17:18:52 **** Incremental Build of configuration Debug for project HMI_ECU ****
make all 
Building file: ../application_HMI.c
Invoking: AVR Compiler
avr-gcc -Wall -g2 -gstabs -O0 -fpack-struct -fshort-enums -ffunction-sections -fdata-sections -std=gnu99 -funsigned-char -funsigned-bitfields -mmcu=atmega32 -DF_CPU=8000000UL -MMD -MP -MF"application_HMI.d" -MT"application_HMI.o" -c -o "application_HMI.o" "../application_HMI.c"
../application_HMI.c: In function 'main':
../application_HMI.c:164: error: '_' undeclared (first use in this function)
../application_HMI.c:164: error: (Each undeclared identifier is reported only once
../application_HMI.c:164: error: for each function it appears in.)
../application_HMI.c:165: error: expected ';' before 'switch'
../application_HMI.c:59: warning: unused variable 'win2'
../application_HMI.c:58: warning: unused variable 'win1'
make: *** [application_HMI.o] Error 1
"make all" terminated with exit code 2. Build might be incomplete.
17:18:53 **** Incremental Build of configuration Debug for project control_ECU ****
make all 
Invoking: Print Size
avr-size --format=avr --mcu=atmega32 control_ECU.elf
AVR Memory Usage
----------------
Device: atmega32

Program:    9450 bytes (28.8% Full)
(.text + .data + .bootloader)

Data:        275 bytes (13.4% Full)
(.data + .bss + .noinit)


Finished building: sizedummy
 
17:18:58 **** Incremental Build of configuration Debug for project HMI_ECU ****
make all 
Building file: ../application_HMI.c
Invoking: AVR Compiler
avr-gcc -Wall -g2 -gstabs -O0 -fpack-struct -fshort-enums -ffunction-sections -fdata-sections -std=gnu99 -funsigned-char -funsigned-bitfields -mmcu=atmega32 -DF_CPU=8000000UL -MMD -MP -MF"application_HMI.d" -MT"application_HMI.o" -c -o "application_HMI.o" "../application_HMI.c"
../application_HMI.c: In function 'main':
../application_HMI.c:164: error: '_' undeclared (first use in this function)
../application_HMI.c:164: error: (Each undeclared identifier is reported only once
../application_HMI.c:164: error: for each function it appears in.)
../application_HMI.c:165: error: expected ';' before 'switch'
../application_HMI.c:59: warning: unused variable 'win2'
../application_HMI.c:58: warning: unused variable 'win1'
make: *** [application_HMI.o] Error 1
"make all" terminated with exit code 2. Build might be incomplete.
17:18:58 **** Incremental Build of configuration Debug for project control_ECU ****
make all 
Invoking: Print Size
avr-size --format=avr --mcu=atmega32 control_ECU.elf
AVR Memory Usage
----------------
Device: atmega32

Program:    9450 bytes (28.8% Full)
(.text + .data + .bootloader)

Data:        275 bytes (13.4% Full)
(.data + .bss + .noinit)


Finished building: sizedummy
 
17:19:25 **** Incremental Build of configuration Debug for project HMI_ECU ****
make all 
Building file: ../application_HMI.c
Invoking: AVR Compiler
avr-gcc -Wall -g2 -gstabs -O0 -fpack-struct -fshort-enums -ffunction-sections -fdata-sections -std=gnu99 -funsigned-char -funsigned-bitfields -mmcu=atmega32 -DF_CPU=8000000UL -MMD -MP -MF"application_HMI.d" -MT"application_HMI.o" -c -o "application_HMI.o" "../application_HMI.c"
../application_HMI.c: In function 'main':
../application_HMI.c:59: warning: unused variable 'win2'
../application_HMI.c:58: warning: unused variable 'win1'
Finished building: ../application_HMI.c
 
Building target: HMI_ECU.elf
Invoking: AVR C Linker
avr-gcc -Wl,-Map,HMI_ECU.map -mmcu=atmega32 -o "HMI_ECU.elf"  ./LCD.o ./application_HMI.o ./gpio.o ./keypad_me.o ./timer.o ./uart.o   
Finished building target: HMI_ECU.elf
 
Invoking: AVR Create Extended Listing
avr-objdump -h -S HMI_ECU.elf  >"HMI_ECU.lss"
Finished building: HMI_ECU.lss
 
Invoking: Print Size
avr-size --format=avr --mcu=atmega32 HMI_ECU.elf
AVR Memory Usage
----------------
Device: atmega32

Program:   11998 bytes (36.6% Full)
(.text + .data + .bootloader)

Data:        642 bytes (31.3% Full)
(.data + .bss + .noinit)


Finished building: sizedummy
 
17:19:26 **** Incremental Build of configuration Debug for project control_ECU ****
make all 
Invoking: Print Size
avr-size --format=avr --mcu=atmega32 control_ECU.elf
AVR Memory Usage
----------------
Device: atmega32

Program:    9450 bytes (28.8% Full)
(.text + .data + .bootloader)

Data:        275 bytes (13.4% Full)
(.data + .bss + .noinit)


Finished building: sizedummy
 
17:24:51 **** Incremental Build of configuration Debug for project HMI_ECU ****
make all 
Invoking: Print Size
avr-size --format=avr --mcu=atmega32 HMI_ECU.elf
AVR Memory Usage
----------------
Device: atmega32

Program:   11998 bytes (36.6% Full)
(.text + .data + .bootloader)

Data:        642 bytes (31.3% Full)
(.data + .bss + .noinit)


Finished building: sizedummy
 
17:24:52 **** Incremental Build of configuration Debug for project control_ECU ****
make all 
Building file: ../sensor_lm35.c
Invoking: AVR Compiler
avr-gcc -Wall -g2 -gstabs -O0 -fpack-struct -fshort-enums -ffunction-sections -fdata-sections -std=gnu99 -funsigned-char -funsigned-bitfields -mmcu=atmega32 -DF_CPU=8000000UL -MMD -MP -MF"sensor_lm35.d" -MT"sensor_lm35.o" -c -o "sensor_lm35.o" "../sensor_lm35.c"
Finished building: ../sensor_lm35.c
 
Building target: control_ECU.elf
Invoking: AVR C Linker
avr-gcc -Wl,-Map,control_ECU.map -mmcu=atmega32 -o "control_ECU.elf"  ./ADC.o ./application_control.o ./dc_motor.o ./external_eeprom.o ./gpio.o ./icu.o ./pwm.o ./sensor_lm35.o ./twi.o ./uart.o ./ultrasonic_sensor.o   
Finished building target: control_ECU.elf
 
Invoking: AVR Create Extended Listing
avr-objdump -h -S control_ECU.elf  >"control_ECU.lss"
Finished building: control_ECU.lss
 
Invoking: Print Size
avr-size --format=avr --mcu=atmega32 control_ECU.elf
AVR Memory Usage
----------------
Device: atmega32

Program:    9524 bytes (29.1% Full)
(.text + .data + .bootloader)

Data:        275 bytes (13.4% Full)
(.data + .bss + .noinit)


Finished building: sizedummy
 
17:28:31 **** Incremental Build of configuration Debug for project HMI_ECU ****
make all 
Invoking: Print Size
avr-size --format=avr --mcu=atmega32 HMI_ECU.elf
AVR Memory Usage
----------------
Device: atmega32

Program:   11998 bytes (36.6% Full)
(.text + .data + .bootloader)

Data:        642 bytes (31.3% Full)
(.data + .bss + .noinit)


Finished building: sizedummy
 
17:28:31 **** Incremental Build of configuration Debug for project control_ECU ****
make all 
Building file: ../sensor_lm35.c
Invoking: AVR Compiler
avr-gcc -Wall -g2 -gstabs -O0 -fpack-struct -fshort-enums -ffunction-sections -fdata-sections -std=gnu99 -funsigned-char -funsigned-bitfields -mmcu=atmega32 -DF_CPU=8000000UL -MMD -MP -MF"sensor_lm35.d" -MT"sensor_lm35.o" -c -o "sensor_lm35.o" "../sensor_lm35.c"
Finished building: ../sensor_lm35.c
 
Building target: control_ECU.elf
Invoking: AVR C Linker
avr-gcc -Wl,-Map,control_ECU.map -mmcu=atmega32 -o "control_ECU.elf"  ./ADC.o ./application_control.o ./dc_motor.o ./external_eeprom.o ./gpio.o ./icu.o ./pwm.o ./sensor_lm35.o ./twi.o ./uart.o ./ultrasonic_sensor.o   
Finished building target: control_ECU.elf
 
Invoking: AVR Create Extended Listing
avr-objdump -h -S control_ECU.elf  >"control_ECU.lss"
Finished building: control_ECU.lss
 
Invoking: Print Size
avr-size --format=avr --mcu=atmega32 control_ECU.elf
AVR Memory Usage
----------------
Device: atmega32

Program:    9450 bytes (28.8% Full)
(.text + .data + .bootloader)

Data:        275 bytes (13.4% Full)
(.data + .bss + .noinit)


Finished building: sizedummy
 
17:30:31 **** Incremental Build of configuration Debug for project HMI_ECU ****
make all 
Invoking: Print Size
avr-size --format=avr --mcu=atmega32 HMI_ECU.elf
AVR Memory Usage
----------------
Device: atmega32

Program:   11998 bytes (36.6% Full)
(.text + .data + .bootloader)

Data:        642 bytes (31.3% Full)
(.data + .bss + .noinit)


Finished building: sizedummy
 
17:30:32 **** Incremental Build of configuration Debug for project control_ECU ****
make all 
Building file: ../sensor_lm35.c
Invoking: AVR Compiler
avr-gcc -Wall -g2 -gstabs -O0 -fpack-struct -fshort-enums -ffunction-sections -fdata-sections -std=gnu99 -funsigned-char -funsigned-bitfields -mmcu=atmega32 -DF_CPU=8000000UL -MMD -MP -MF"sensor_lm35.d" -MT"sensor_lm35.o" -c -o "sensor_lm35.o" "../sensor_lm35.c"
Finished building: ../sensor_lm35.c
 
Building target: control_ECU.elf
Invoking: AVR C Linker
avr-gcc -Wl,-Map,control_ECU.map -mmcu=atmega32 -o "control_ECU.elf"  ./ADC.o ./application_control.o ./dc_motor.o ./external_eeprom.o ./gpio.o ./icu.o ./pwm.o ./sensor_lm35.o ./twi.o ./uart.o ./ultrasonic_sensor.o   
Finished building target: control_ECU.elf
 
Invoking: AVR Create Extended Listing
avr-objdump -h -S control_ECU.elf  >"control_ECU.lss"
Finished building: control_ECU.lss
 
Invoking: Print Size
avr-size --format=avr --mcu=atmega32 control_ECU.elf
AVR Memory Usage
----------------
Device: atmega32

Program:    9426 bytes (28.8% Full)
(.text + .data + .bootloader)

Data:        275 bytes (13.4% Full)
(.data + .bss + .noinit)


Finished building: sizedummy
 
17:31:18 **** Incremental Build of configuration Debug for project HMI_ECU ****
make all 
Invoking: Print Size
avr-size --format=avr --mcu=atmega32 HMI_ECU.elf
AVR Memory Usage
----------------
Device: atmega32

Program:   11998 bytes (36.6% Full)
(.text + .data + .bootloader)

Data:        642 bytes (31.3% Full)
(.data + .bss + .noinit)


Finished building: sizedummy
 
17:31:18 **** Incremental Build of configuration Debug for project control_ECU ****
make all 
Building file: ../sensor_lm35.c
Invoking: AVR Compiler
avr-gcc -Wall -g2 -gstabs -O0 -fpack-struct -fshort-enums -ffunction-sections -fdata-sections -std=gnu99 -funsigned-char -funsigned-bitfields -mmcu=atmega32 -DF_CPU=8000000UL -MMD -MP -MF"sensor_lm35.d" -MT"sensor_lm35.o" -c -o "sensor_lm35.o" "../sensor_lm35.c"
Finished building: ../sensor_lm35.c
 
Building target: control_ECU.elf
Invoking: AVR C Linker
avr-gcc -Wl,-Map,control_ECU.map -mmcu=atmega32 -o "control_ECU.elf"  ./ADC.o ./application_control.o ./dc_motor.o ./external_eeprom.o ./gpio.o ./icu.o ./pwm.o ./sensor_lm35.o ./twi.o ./uart.o ./ultrasonic_sensor.o   
Finished building target: control_ECU.elf
 
Invoking: AVR Create Extended Listing
avr-objdump -h -S control_ECU.elf  >"control_ECU.lss"
Finished building: control_ECU.lss
 
Invoking: Print Size
avr-size --format=avr --mcu=atmega32 control_ECU.elf
AVR Memory Usage
----------------
Device: atmega32

Program:    9524 bytes (29.1% Full)
(.text + .data + .bootloader)

Data:        275 bytes (13.4% Full)
(.data + .bss + .noinit)


Finished building: sizedummy
 
17:38:25 **** Incremental Build of configuration Debug for project HMI_ECU ****
make all 
Building file: ../application_HMI.c
Invoking: AVR Compiler
avr-gcc -Wall -g2 -gstabs -O0 -fpack-struct -fshort-enums -ffunction-sections -fdata-sections -std=gnu99 -funsigned-char -funsigned-bitfields -mmcu=atmega32 -DF_CPU=8000000UL -MMD -MP -MF"application_HMI.d" -MT"application_HMI.o" -c -o "application_HMI.o" "../application_HMI.c"
../application_HMI.c: In function 'main':
../application_HMI.c:59: warning: unused variable 'win2'
../application_HMI.c:58: warning: unused variable 'win1'
Finished building: ../application_HMI.c
 
Building target: HMI_ECU.elf
Invoking: AVR C Linker
avr-gcc -Wl,-Map,HMI_ECU.map -mmcu=atmega32 -o "HMI_ECU.elf"  ./LCD.o ./application_HMI.o ./gpio.o ./keypad_me.o ./timer.o ./uart.o   
Finished building target: HMI_ECU.elf
 
Invoking: AVR Create Extended Listing
avr-objdump -h -S HMI_ECU.elf  >"HMI_ECU.lss"
Finished building: HMI_ECU.lss
 
Invoking: Print Size
avr-size --format=avr --mcu=atmega32 HMI_ECU.elf
AVR Memory Usage
----------------
Device: atmega32

Program:   11982 bytes (36.6% Full)
(.text + .data + .bootloader)

Data:        642 bytes (31.3% Full)
(.data + .bss + .noinit)


Finished building: sizedummy
 
17:38:26 **** Incremental Build of configuration Debug for project control_ECU ****
make all 
Invoking: Print Size
avr-size --format=avr --mcu=atmega32 control_ECU.elf
AVR Memory Usage
----------------
Device: atmega32

Program:    9524 bytes (29.1% Full)
(.text + .data + .bootloader)

Data:        275 bytes (13.4% Full)
(.data + .bss + .noinit)


Finished building: sizedummy
 
17:40:33 **** Incremental Build of configuration Debug for project HMI_ECU ****
make all 
Invoking: Print Size
avr-size --format=avr --mcu=atmega32 HMI_ECU.elf
AVR Memory Usage
----------------
Device: atmega32

Program:   11982 bytes (36.6% Full)
(.text + .data + .bootloader)

Data:        642 bytes (31.3% Full)
(.data + .bss + .noinit)


Finished building: sizedummy
 
17:40:33 **** Incremental Build of configuration Debug for project control_ECU ****
make all 
Building file: ../sensor_lm35.c
Invoking: AVR Compiler
avr-gcc -Wall -g2 -gstabs -O0 -fpack-struct -fshort-enums -ffunction-sections -fdata-sections -std=gnu99 -funsigned-char -funsigned-bitfields -mmcu=atmega32 -DF_CPU=8000000UL -MMD -MP -MF"sensor_lm35.d" -MT"sensor_lm35.o" -c -o "sensor_lm35.o" "../sensor_lm35.c"
Finished building: ../sensor_lm35.c
 
Building target: control_ECU.elf
Invoking: AVR C Linker
avr-gcc -Wl,-Map,control_ECU.map -mmcu=atmega32 -o "control_ECU.elf"  ./ADC.o ./application_control.o ./dc_motor.o ./external_eeprom.o ./gpio.o ./icu.o ./pwm.o ./sensor_lm35.o ./twi.o ./uart.o ./ultrasonic_sensor.o   
Finished building target: control_ECU.elf
 
Invoking: AVR Create Extended Listing
avr-objdump -h -S control_ECU.elf  >"control_ECU.lss"
Finished building: control_ECU.lss
 
Invoking: Print Size
avr-size --format=avr --mcu=atmega32 control_ECU.elf
AVR Memory Usage
----------------
Device: atmega32

Program:    9524 bytes (29.1% Full)
(.text + .data + .bootloader)

Data:        275 bytes (13.4% Full)
(.data + .bss + .noinit)


Finished building: sizedummy
 
17:44:32 **** Incremental Build of configuration Debug for project HMI_ECU ****
make all 
Invoking: Print Size
avr-size --format=avr --mcu=atmega32 HMI_ECU.elf
AVR Memory Usage
----------------
Device: atmega32

Program:   11982 bytes (36.6% Full)
(.text + .data + .bootloader)

Data:        642 bytes (31.3% Full)
(.data + .bss + .noinit)


Finished building: sizedummy
 
17:44:33 **** Incremental Build of configuration Debug for project control_ECU ****
make all 
Building file: ../application_control.c
Invoking: AVR Compiler
avr-gcc -Wall -g2 -gstabs -O0 -fpack-struct -fshort-enums -ffunction-sections -fdata-sections -std=gnu99 -funsigned-char -funsigned-bitfields -mmcu=atmega32 -DF_CPU=8000000UL -MMD -MP -MF"application_control.d" -MT"application_control.o" -c -o "application_control.o" "../application_control.c"
In file included from ../application_control.c:17:
c:/winavr-20100110/lib/gcc/../../avr/include/util/delay.h:90:3: warning: #warning "Compiler optimizations disabled; functions from <util/delay.h> won't work as designed"
Finished building: ../application_control.c
 
Building target: control_ECU.elf
Invoking: AVR C Linker
avr-gcc -Wl,-Map,control_ECU.map -mmcu=atmega32 -o "control_ECU.elf"  ./ADC.o ./application_control.o ./dc_motor.o ./external_eeprom.o ./gpio.o ./icu.o ./pwm.o ./sensor_lm35.o ./twi.o ./uart.o ./ultrasonic_sensor.o   
Finished building target: control_ECU.elf
 
Invoking: AVR Create Extended Listing
avr-objdump -h -S control_ECU.elf  >"control_ECU.lss"
Finished building: control_ECU.lss
 
Invoking: Print Size
avr-size --format=avr --mcu=atmega32 control_ECU.elf
AVR Memory Usage
----------------
Device: atmega32

Program:    9528 bytes (29.1% Full)
(.text + .data + .bootloader)

Data:        275 bytes (13.4% Full)
(.data + .bss + .noinit)


Finished building: sizedummy
 
17:51:23 **** Incremental Build of configuration Debug for project HMI_ECU ****
make all 
Invoking: Print Size
avr-size --format=avr --mcu=atmega32 HMI_ECU.elf
AVR Memory Usage
----------------
Device: atmega32

Program:   11982 bytes (36.6% Full)
(.text + .data + .bootloader)

Data:        642 bytes (31.3% Full)
(.data + .bss + .noinit)


Finished building: sizedummy
 
17:51:23 **** Incremental Build of configuration Debug for project control_ECU ****
make all 
Building file: ../application_control.c
Invoking: AVR Compiler
avr-gcc -Wall -g2 -gstabs -O0 -fpack-struct -fshort-enums -ffunction-sections -fdata-sections -std=gnu99 -funsigned-char -funsigned-bitfields -mmcu=atmega32 -DF_CPU=8000000UL -MMD -MP -MF"application_control.d" -MT"application_control.o" -c -o "application_control.o" "../application_control.c"
In file included from ../application_control.c:17:
c:/winavr-20100110/lib/gcc/../../avr/include/util/delay.h:90:3: warning: #warning "Compiler optimizations disabled; functions from <util/delay.h> won't work as designed"
Finished building: ../application_control.c
 
Building target: control_ECU.elf
Invoking: AVR C Linker
avr-gcc -Wl,-Map,control_ECU.map -mmcu=atmega32 -o "control_ECU.elf"  ./ADC.o ./application_control.o ./dc_motor.o ./external_eeprom.o ./gpio.o ./icu.o ./pwm.o ./sensor_lm35.o ./twi.o ./uart.o ./ultrasonic_sensor.o   
Finished building target: control_ECU.elf
 
Invoking: AVR Create Extended Listing
avr-objdump -h -S control_ECU.elf  >"control_ECU.lss"
Finished building: control_ECU.lss
 
Invoking: Print Size
avr-size --format=avr --mcu=atmega32 control_ECU.elf
AVR Memory Usage
----------------
Device: atmega32

Program:    9524 bytes (29.1% Full)
(.text + .data + .bootloader)

Data:        275 bytes (13.4% Full)
(.data + .bss + .noinit)


Finished building: sizedummy
 
17:53:26 **** Incremental Build of configuration Debug for project HMI_ECU ****
make all 
Invoking: Print Size
avr-size --format=avr --mcu=atmega32 HMI_ECU.elf
AVR Memory Usage
----------------
Device: atmega32

Program:   11982 bytes (36.6% Full)
(.text + .data + .bootloader)

Data:        642 bytes (31.3% Full)
(.data + .bss + .noinit)


Finished building: sizedummy
 
17:53:27 **** Incremental Build of configuration Debug for project control_ECU ****
make all 
Building file: ../sensor_lm35.c
Invoking: AVR Compiler
avr-gcc -Wall -g2 -gstabs -O0 -fpack-struct -fshort-enums -ffunction-sections -fdata-sections -std=gnu99 -funsigned-char -funsigned-bitfields -mmcu=atmega32 -DF_CPU=8000000UL -MMD -MP -MF"sensor_lm35.d" -MT"sensor_lm35.o" -c -o "sensor_lm35.o" "../sensor_lm35.c"
Finished building: ../sensor_lm35.c
 
Building target: control_ECU.elf
Invoking: AVR C Linker
avr-gcc -Wl,-Map,control_ECU.map -mmcu=atmega32 -o "control_ECU.elf"  ./ADC.o ./application_control.o ./dc_motor.o ./external_eeprom.o ./gpio.o ./icu.o ./pwm.o ./sensor_lm35.o ./twi.o ./uart.o ./ultrasonic_sensor.o   
Finished building target: control_ECU.elf
 
Invoking: AVR Create Extended Listing
avr-objdump -h -S control_ECU.elf  >"control_ECU.lss"
Finished building: control_ECU.lss
 
Invoking: Print Size
avr-size --format=avr --mcu=atmega32 control_ECU.elf
AVR Memory Usage
----------------
Device: atmega32

Program:    9524 bytes (29.1% Full)
(.text + .data + .bootloader)

Data:        275 bytes (13.4% Full)
(.data + .bss + .noinit)


Finished building: sizedummy
 
18:18:03 **** Incremental Build of configuration Debug for project HMI_ECU ****
make all 
Building file: ../uart.c
Invoking: AVR Compiler
avr-gcc -Wall -g2 -gstabs -O0 -fpack-struct -fshort-enums -ffunction-sections -fdata-sections -std=gnu99 -funsigned-char -funsigned-bitfields -mmcu=atmega32 -DF_CPU=8000000UL -MMD -MP -MF"uart.d" -MT"uart.o" -c -o "uart.o" "../uart.c"
Finished building: ../uart.c
 
Building target: HMI_ECU.elf
Invoking: AVR C Linker
avr-gcc -Wl,-Map,HMI_ECU.map -mmcu=atmega32 -o "HMI_ECU.elf"  ./LCD.o ./application_HMI.o ./gpio.o ./keypad_me.o ./timer.o ./uart.o   
Finished building target: HMI_ECU.elf
 
Invoking: AVR Create Extended Listing
avr-objdump -h -S HMI_ECU.elf  >"HMI_ECU.lss"
Finished building: HMI_ECU.lss
 
Invoking: Print Size
avr-size --format=avr --mcu=atmega32 HMI_ECU.elf
AVR Memory Usage
----------------
Device: atmega32

Program:   11988 bytes (36.6% Full)
(.text + .data + .bootloader)

Data:        642 bytes (31.3% Full)
(.data + .bss + .noinit)


Finished building: sizedummy
 
18:18:04 **** Incremental Build of configuration Debug for project control_ECU ****
make all 
Invoking: Print Size
avr-size --format=avr --mcu=atmega32 control_ECU.elf
AVR Memory Usage
----------------
Device: atmega32

Program:    9524 bytes (29.1% Full)
(.text + .data + .bootloader)

Data:        275 bytes (13.4% Full)
(.data + .bss + .noinit)


Finished building: sizedummy
 
18:20:45 **** Incremental Build of configuration Debug for project HMI_ECU ****
make all 
Invoking: Print Size
avr-size --format=avr --mcu=atmega32 HMI_ECU.elf
AVR Memory Usage
----------------
Device: atmega32

Program:   11988 bytes (36.6% Full)
(.text + .data + .bootloader)

Data:        642 bytes (31.3% Full)
(.data + .bss + .noinit)


Finished building: sizedummy
 
18:20:45 **** Incremental Build of configuration Debug for project control_ECU ****
make all 
Invoking: Print Size
avr-size --format=avr --mcu=atmega32 control_ECU.elf
AVR Memory Usage
----------------
Device: atmega32

Program:    9524 bytes (29.1% Full)
(.text + .data + .bootloader)

Data:        275 bytes (13.4% Full)
(.data + .bss + .noinit)


Finished building: sizedummy
 
18:21:16 **** Incremental Build of configuration Debug for project HMI_ECU ****
make all 
Invoking: Print Size
avr-size --format=avr --mcu=atmega32 HMI_ECU.elf
AVR Memory Usage
----------------
Device: atmega32

Program:   11988 bytes (36.6% Full)
(.text + .data + .bootloader)

Data:        642 bytes (31.3% Full)
(.data + .bss + .noinit)


Finished building: sizedummy
 
18:21:16 **** Incremental Build of configuration Debug for project control_ECU ****
make all 
Invoking: Print Size
avr-size --format=avr --mcu=atmega32 control_ECU.elf
AVR Memory Usage
----------------
Device: atmega32

Program:    9524 bytes (29.1% Full)
(.text + .data + .bootloader)

Data:        275 bytes (13.4% Full)
(.data + .bss + .noinit)


Finished building: sizedummy
 
18:22:16 **** Incremental Build of configuration Debug for project HMI_ECU ****
make all 
Building file: ../uart.c
Invoking: AVR Compiler
avr-gcc -Wall -g2 -gstabs -O0 -fpack-struct -fshort-enums -ffunction-sections -fdata-sections -std=gnu99 -funsigned-char -funsigned-bitfields -mmcu=atmega32 -DF_CPU=8000000UL -MMD -MP -MF"uart.d" -MT"uart.o" -c -o "uart.o" "../uart.c"
Finished building: ../uart.c
 
Building target: HMI_ECU.elf
Invoking: AVR C Linker
avr-gcc -Wl,-Map,HMI_ECU.map -mmcu=atmega32 -o "HMI_ECU.elf"  ./LCD.o ./application_HMI.o ./gpio.o ./keypad_me.o ./timer.o ./uart.o   
Finished building target: HMI_ECU.elf
 
Invoking: AVR Create Extended Listing
avr-objdump -h -S HMI_ECU.elf  >"HMI_ECU.lss"
Finished building: HMI_ECU.lss
 
Invoking: Print Size
avr-size --format=avr --mcu=atmega32 HMI_ECU.elf
AVR Memory Usage
----------------
Device: atmega32

Program:   11982 bytes (36.6% Full)
(.text + .data + .bootloader)

Data:        642 bytes (31.3% Full)
(.data + .bss + .noinit)


Finished building: sizedummy
 
18:22:17 **** Incremental Build of configuration Debug for project control_ECU ****
make all 
Invoking: Print Size
avr-size --format=avr --mcu=atmega32 control_ECU.elf
AVR Memory Usage
----------------
Device: atmega32

Program:    9524 bytes (29.1% Full)
(.text + .data + .bootloader)

Data:        275 bytes (13.4% Full)
(.data + .bss + .noinit)


Finished building: sizedummy
 
18:23:04 **** Incremental Build of configuration Debug for project HMI_ECU ****
make all 
Building file: ../uart.c
Invoking: AVR Compiler
avr-gcc -Wall -g2 -gstabs -O0 -fpack-struct -fshort-enums -ffunction-sections -fdata-sections -std=gnu99 -funsigned-char -funsigned-bitfields -mmcu=atmega32 -DF_CPU=8000000UL -MMD -MP -MF"uart.d" -MT"uart.o" -c -o "uart.o" "../uart.c"
Finished building: ../uart.c
 
Building target: HMI_ECU.elf
Invoking: AVR C Linker
avr-gcc -Wl,-Map,HMI_ECU.map -mmcu=atmega32 -o "HMI_ECU.elf"  ./LCD.o ./application_HMI.o ./gpio.o ./keypad_me.o ./timer.o ./uart.o   
Finished building target: HMI_ECU.elf
 
Invoking: AVR Create Extended Listing
avr-objdump -h -S HMI_ECU.elf  >"HMI_ECU.lss"
Finished building: HMI_ECU.lss
 
Invoking: Print Size
avr-size --format=avr --mcu=atmega32 HMI_ECU.elf
AVR Memory Usage
----------------
Device: atmega32

Program:   11988 bytes (36.6% Full)
(.text + .data + .bootloader)

Data:        642 bytes (31.3% Full)
(.data + .bss + .noinit)


Finished building: sizedummy
 
18:23:05 **** Incremental Build of configuration Debug for project control_ECU ****
make all 
Invoking: Print Size
avr-size --format=avr --mcu=atmega32 control_ECU.elf
AVR Memory Usage
----------------
Device: atmega32

Program:    9524 bytes (29.1% Full)
(.text + .data + .bootloader)

Data:        275 bytes (13.4% Full)
(.data + .bss + .noinit)


Finished building: sizedummy
 
18:23:55 **** Incremental Build of configuration Debug for project HMI_ECU ****
make all 
Building file: ../uart.c
Invoking: AVR Compiler
avr-gcc -Wall -g2 -gstabs -O0 -fpack-struct -fshort-enums -ffunction-sections -fdata-sections -std=gnu99 -funsigned-char -funsigned-bitfields -mmcu=atmega32 -DF_CPU=8000000UL -MMD -MP -MF"uart.d" -MT"uart.o" -c -o "uart.o" "../uart.c"
Finished building: ../uart.c
 
Building target: HMI_ECU.elf
Invoking: AVR C Linker
avr-gcc -Wl,-Map,HMI_ECU.map -mmcu=atmega32 -o "HMI_ECU.elf"  ./LCD.o ./application_HMI.o ./gpio.o ./keypad_me.o ./timer.o ./uart.o   
Finished building target: HMI_ECU.elf
 
Invoking: AVR Create Extended Listing
avr-objdump -h -S HMI_ECU.elf  >"HMI_ECU.lss"
Finished building: HMI_ECU.lss
 
Invoking: Print Size
avr-size --format=avr --mcu=atmega32 HMI_ECU.elf
AVR Memory Usage
----------------
Device: atmega32

Program:   11982 bytes (36.6% Full)
(.text + .data + .bootloader)

Data:        642 bytes (31.3% Full)
(.data + .bss + .noinit)


Finished building: sizedummy
 
18:23:56 **** Incremental Build of configuration Debug for project control_ECU ****
make all 
Invoking: Print Size
avr-size --format=avr --mcu=atmega32 control_ECU.elf
AVR Memory Usage
----------------
Device: atmega32

Program:    9524 bytes (29.1% Full)
(.text + .data + .bootloader)

Data:        275 bytes (13.4% Full)
(.data + .bss + .noinit)


Finished building: sizedummy
 
18:25:12 **** Incremental Build of configuration Debug for project HMI_ECU ****
make all 
Building file: ../uart.c
Invoking: AVR Compiler
avr-gcc -Wall -g2 -gstabs -O0 -fpack-struct -fshort-enums -ffunction-sections -fdata-sections -std=gnu99 -funsigned-char -funsigned-bitfields -mmcu=atmega32 -DF_CPU=8000000UL -MMD -MP -MF"uart.d" -MT"uart.o" -c -o "uart.o" "../uart.c"
Finished building: ../uart.c
 
Building target: HMI_ECU.elf
Invoking: AVR C Linker
avr-gcc -Wl,-Map,HMI_ECU.map -mmcu=atmega32 -o "HMI_ECU.elf"  ./LCD.o ./application_HMI.o ./gpio.o ./keypad_me.o ./timer.o ./uart.o   
Finished building target: HMI_ECU.elf
 
Invoking: AVR Create Extended Listing
avr-objdump -h -S HMI_ECU.elf  >"HMI_ECU.lss"
Finished building: HMI_ECU.lss
 
Invoking: Print Size
avr-size --format=avr --mcu=atmega32 HMI_ECU.elf
AVR Memory Usage
----------------
Device: atmega32

Program:   11988 bytes (36.6% Full)
(.text + .data + .bootloader)

Data:        642 bytes (31.3% Full)
(.data + .bss + .noinit)


Finished building: sizedummy
 
18:25:13 **** Incremental Build of configuration Debug for project control_ECU ****
make all 
Invoking: Print Size
avr-size --format=avr --mcu=atmega32 control_ECU.elf
AVR Memory Usage
----------------
Device: atmega32

Program:    9524 bytes (29.1% Full)
(.text + .data + .bootloader)

Data:        275 bytes (13.4% Full)
(.data + .bss + .noinit)


Finished building: sizedummy
 
18:53:14 **** Incremental Build of configuration Debug for project HMI_ECU ****
make all 
Invoking: Print Size
avr-size --format=avr --mcu=atmega32 HMI_ECU.elf
AVR Memory Usage
----------------
Device: atmega32

Program:   11988 bytes (36.6% Full)
(.text + .data + .bootloader)

Data:        642 bytes (31.3% Full)
(.data + .bss + .noinit)


Finished building: sizedummy
 
18:53:15 **** Incremental Build of configuration Debug for project control_ECU ****
make all 
Invoking: Print Size
avr-size --format=avr --mcu=atmega32 control_ECU.elf
AVR Memory Usage
----------------
Device: atmega32

Program:    9524 bytes (29.1% Full)
(.text + .data + .bootloader)

Data:        275 bytes (13.4% Full)
(.data + .bss + .noinit)


Finished building: sizedummy
 
18:53:49 **** Incremental Build of configuration Debug for project HMI_ECU ****
make all 
Building file: ../uart.c
Invoking: AVR Compiler
avr-gcc -Wall -g2 -gstabs -O0 -fpack-struct -fshort-enums -ffunction-sections -fdata-sections -std=gnu99 -funsigned-char -funsigned-bitfields -mmcu=atmega32 -DF_CPU=8000000UL -MMD -MP -MF"uart.d" -MT"uart.o" -c -o "uart.o" "../uart.c"
Finished building: ../uart.c
 
Building target: HMI_ECU.elf
Invoking: AVR C Linker
avr-gcc -Wl,-Map,HMI_ECU.map -mmcu=atmega32 -o "HMI_ECU.elf"  ./LCD.o ./application_HMI.o ./gpio.o ./keypad_me.o ./timer.o ./uart.o   
Finished building target: HMI_ECU.elf
 
Invoking: AVR Create Extended Listing
avr-objdump -h -S HMI_ECU.elf  >"HMI_ECU.lss"
Finished building: HMI_ECU.lss
 
Invoking: Print Size
avr-size --format=avr --mcu=atmega32 HMI_ECU.elf
AVR Memory Usage
----------------
Device: atmega32

Program:   11982 bytes (36.6% Full)
(.text + .data + .bootloader)

Data:        642 bytes (31.3% Full)
(.data + .bss + .noinit)


Finished building: sizedummy
 
18:53:50 **** Incremental Build of configuration Debug for project control_ECU ****
make all 
Invoking: Print Size
avr-size --format=avr --mcu=atmega32 control_ECU.elf
AVR Memory Usage
----------------
Device: atmega32

Program:    9524 bytes (29.1% Full)
(.text + .data + .bootloader)

Data:        275 bytes (13.4% Full)
(.data + .bss + .noinit)


Finished building: sizedummy
 
18:54:05 **** Incremental Build of configuration Debug for project HMI_ECU ****
make all 
Building file: ../uart.c
Invoking: AVR Compiler
avr-gcc -Wall -g2 -gstabs -O0 -fpack-struct -fshort-enums -ffunction-sections -fdata-sections -std=gnu99 -funsigned-char -funsigned-bitfields -mmcu=atmega32 -DF_CPU=8000000UL -MMD -MP -MF"uart.d" -MT"uart.o" -c -o "uart.o" "../uart.c"
Finished building: ../uart.c
 
Building target: HMI_ECU.elf
Invoking: AVR C Linker
avr-gcc -Wl,-Map,HMI_ECU.map -mmcu=atmega32 -o "HMI_ECU.elf"  ./LCD.o ./application_HMI.o ./gpio.o ./keypad_me.o ./timer.o ./uart.o   
Finished building target: HMI_ECU.elf
 
Invoking: AVR Create Extended Listing
avr-objdump -h -S HMI_ECU.elf  >"HMI_ECU.lss"
Finished building: HMI_ECU.lss
 
Invoking: Print Size
avr-size --format=avr --mcu=atmega32 HMI_ECU.elf
AVR Memory Usage
----------------
Device: atmega32

Program:   11988 bytes (36.6% Full)
(.text + .data + .bootloader)

Data:        642 bytes (31.3% Full)
(.data + .bss + .noinit)


Finished building: sizedummy
 
18:54:06 **** Incremental Build of configuration Debug for project control_ECU ****
make all 
Invoking: Print Size
avr-size --format=avr --mcu=atmega32 control_ECU.elf
AVR Memory Usage
----------------
Device: atmega32

Program:    9524 bytes (29.1% Full)
(.text + .data + .bootloader)

Data:        275 bytes (13.4% Full)
(.data + .bss + .noinit)


Finished building: sizedummy
 
18:55:04 **** Incremental Build of configuration Debug for project HMI_ECU ****
make all 
Invoking: Print Size
avr-size --format=avr --mcu=atmega32 HMI_ECU.elf
AVR Memory Usage
----------------
Device: atmega32

Program:   11988 bytes (36.6% Full)
(.text + .data + .bootloader)

Data:        642 bytes (31.3% Full)
(.data + .bss + .noinit)


Finished building: sizedummy
 
18:55:05 **** Incremental Build of configuration Debug for project control_ECU ****
make all 
Invoking: Print Size
avr-size --format=avr --mcu=atmega32 control_ECU.elf
AVR Memory Usage
----------------
Device: atmega32

Program:    9524 bytes (29.1% Full)
(.text + .data + .bootloader)

Data:        275 bytes (13.4% Full)
(.data + .bss + .noinit)


Finished building: sizedummy
 
19:05:01 **** Incremental Build of configuration Debug for project HMI_ECU ****
make all 
Building file: ../LCD.c
Invoking: AVR Compiler
avr-gcc -Wall -g2 -gstabs -O0 -fpack-struct -fshort-enums -ffunction-sections -fdata-sections -std=gnu99 -funsigned-char -funsigned-bitfields -mmcu=atmega32 -DF_CPU=8000000UL -MMD -MP -MF"LCD.d" -MT"LCD.o" -c -o "LCD.o" "../LCD.c"
In file included from ../LCD.c:10:
c:/winavr-20100110/lib/gcc/../../avr/include/util/delay.h:90:3: warning: #warning "Compiler optimizations disabled; functions from <util/delay.h> won't work as designed"
../LCD.c: In function 'LCD_intgerToString':
../LCD.c:171: warning: implicit declaration of function 'itoa'
Finished building: ../LCD.c
 
Building file: ../application_HMI.c
Invoking: AVR Compiler
avr-gcc -Wall -g2 -gstabs -O0 -fpack-struct -fshort-enums -ffunction-sections -fdata-sections -std=gnu99 -funsigned-char -funsigned-bitfields -mmcu=atmega32 -DF_CPU=8000000UL -MMD -MP -MF"application_HMI.d" -MT"application_HMI.o" -c -o "application_HMI.o" "../application_HMI.c"
../application_HMI.c: In function 'main':
../application_HMI.c:59: warning: unused variable 'win2'
../application_HMI.c:58: warning: unused variable 'win1'
Finished building: ../application_HMI.c
 
Building file: ../gpio.c
Invoking: AVR Compiler
avr-gcc -Wall -g2 -gstabs -O0 -fpack-struct -fshort-enums -ffunction-sections -fdata-sections -std=gnu99 -funsigned-char -funsigned-bitfields -mmcu=atmega32 -DF_CPU=8000000UL -MMD -MP -MF"gpio.d" -MT"gpio.o" -c -o "gpio.o" "../gpio.c"
Finished building: ../gpio.c
 
Building file: ../keypad_me.c
Invoking: AVR Compiler
avr-gcc -Wall -g2 -gstabs -O0 -fpack-struct -fshort-enums -ffunction-sections -fdata-sections -std=gnu99 -funsigned-char -funsigned-bitfields -mmcu=atmega32 -DF_CPU=8000000UL -MMD -MP -MF"keypad_me.d" -MT"keypad_me.o" -c -o "keypad_me.o" "../keypad_me.c"
In file included from ../keypad_me.c:9:
c:/winavr-20100110/lib/gcc/../../avr/include/util/delay.h:90:3: warning: #warning "Compiler optimizations disabled; functions from <util/delay.h> won't work as designed"
Finished building: ../keypad_me.c
 
Building file: ../timer.c
Invoking: AVR Compiler
avr-gcc -Wall -g2 -gstabs -O0 -fpack-struct -fshort-enums -ffunction-sections -fdata-sections -std=gnu99 -funsigned-char -funsigned-bitfields -mmcu=atmega32 -DF_CPU=8000000UL -MMD -MP -MF"timer.d" -MT"timer.o" -c -o "timer.o" "../timer.c"
../timer.c: In function 'Timer_setCallBack':
../timer.c:237: warning: function return types not compatible due to 'volatile'
../timer.c:241: warning: function return types not compatible due to 'volatile'
../timer.c:246: warning: function return types not compatible due to 'volatile'
Finished building: ../timer.c
 
Building file: ../uart.c
Invoking: AVR Compiler
avr-gcc -Wall -g2 -gstabs -O0 -fpack-struct -fshort-enums -ffunction-sections -fdata-sections -std=gnu99 -funsigned-char -funsigned-bitfields -mmcu=atmega32 -DF_CPU=8000000UL -MMD -MP -MF"uart.d" -MT"uart.o" -c -o "uart.o" "../uart.c"
Finished building: ../uart.c
 
Building target: HMI_ECU.elf
Invoking: AVR C Linker
avr-gcc -Wl,-Map,HMI_ECU.map -mmcu=atmega32 -o "HMI_ECU.elf"  ./LCD.o ./application_HMI.o ./gpio.o ./keypad_me.o ./timer.o ./uart.o   
Finished building target: HMI_ECU.elf
 
Invoking: AVR Create Extended Listing
avr-objdump -h -S HMI_ECU.elf  >"HMI_ECU.lss"
Finished building: HMI_ECU.lss
 
Invoking: Print Size
avr-size --format=avr --mcu=atmega32 HMI_ECU.elf
AVR Memory Usage
----------------
Device: atmega32

Program:   11984 bytes (36.6% Full)
(.text + .data + .bootloader)

Data:        642 bytes (31.3% Full)
(.data + .bss + .noinit)


Finished building: sizedummy
 
19:05:03 **** Incremental Build of configuration Debug for project control_ECU ****
make all 
Building file: ../ADC.c
Invoking: AVR Compiler
avr-gcc -Wall -g2 -gstabs -O0 -fpack-struct -fshort-enums -ffunction-sections -fdata-sections -std=gnu99 -funsigned-char -funsigned-bitfields -mmcu=atmega32 -DF_CPU=8000000UL -MMD -MP -MF"ADC.d" -MT"ADC.o" -c -o "ADC.o" "../ADC.c"
Finished building: ../ADC.c
 
Building file: ../application_control.c
Invoking: AVR Compiler
avr-gcc -Wall -g2 -gstabs -O0 -fpack-struct -fshort-enums -ffunction-sections -fdata-sections -std=gnu99 -funsigned-char -funsigned-bitfields -mmcu=atmega32 -DF_CPU=8000000UL -MMD -MP -MF"application_control.d" -MT"application_control.o" -c -o "application_control.o" "../application_control.c"
In file included from ../application_control.c:17:
c:/winavr-20100110/lib/gcc/../../avr/include/util/delay.h:90:3: warning: #warning "Compiler optimizations disabled; functions from <util/delay.h> won't work as designed"
Finished building: ../application_control.c
 
Building file: ../dc_motor.c
Invoking: AVR Compiler
avr-gcc -Wall -g2 -gstabs -O0 -fpack-struct -fshort-enums -ffunction-sections -fdata-sections -std=gnu99 -funsigned-char -funsigned-bitfields -mmcu=atmega32 -DF_CPU=8000000UL -MMD -MP -MF"dc_motor.d" -MT"dc_motor.o" -c -o "dc_motor.o" "../dc_motor.c"
Finished building: ../dc_motor.c
 
Building file: ../external_eeprom.c
Invoking: AVR Compiler
avr-gcc -Wall -g2 -gstabs -O0 -fpack-struct -fshort-enums -ffunction-sections -fdata-sections -std=gnu99 -funsigned-char -funsigned-bitfields -mmcu=atmega32 -DF_CPU=8000000UL -MMD -MP -MF"external_eeprom.d" -MT"external_eeprom.o" -c -o "external_eeprom.o" "../external_eeprom.c"
Finished building: ../external_eeprom.c
 
Building file: ../gpio.c
Invoking: AVR Compiler
avr-gcc -Wall -g2 -gstabs -O0 -fpack-struct -fshort-enums -ffunction-sections -fdata-sections -std=gnu99 -funsigned-char -funsigned-bitfields -mmcu=atmega32 -DF_CPU=8000000UL -MMD -MP -MF"gpio.d" -MT"gpio.o" -c -o "gpio.o" "../gpio.c"
Finished building: ../gpio.c
 
Building file: ../icu.c
Invoking: AVR Compiler
avr-gcc -Wall -g2 -gstabs -O0 -fpack-struct -fshort-enums -ffunction-sections -fdata-sections -std=gnu99 -funsigned-char -funsigned-bitfields -mmcu=atmega32 -DF_CPU=8000000UL -MMD -MP -MF"icu.d" -MT"icu.o" -c -o "icu.o" "../icu.c"
../icu.c: In function 'ICU_setCallBack':
../icu.c:83: warning: function return types not compatible due to 'volatile'
Finished building: ../icu.c
 
Building file: ../pwm.c
Invoking: AVR Compiler
avr-gcc -Wall -g2 -gstabs -O0 -fpack-struct -fshort-enums -ffunction-sections -fdata-sections -std=gnu99 -funsigned-char -funsigned-bitfields -mmcu=atmega32 -DF_CPU=8000000UL -MMD -MP -MF"pwm.d" -MT"pwm.o" -c -o "pwm.o" "../pwm.c"
Finished building: ../pwm.c
 
Building file: ../sensor_lm35.c
Invoking: AVR Compiler
avr-gcc -Wall -g2 -gstabs -O0 -fpack-struct -fshort-enums -ffunction-sections -fdata-sections -std=gnu99 -funsigned-char -funsigned-bitfields -mmcu=atmega32 -DF_CPU=8000000UL -MMD -MP -MF"sensor_lm35.d" -MT"sensor_lm35.o" -c -o "sensor_lm35.o" "../sensor_lm35.c"
Finished building: ../sensor_lm35.c
 
Building file: ../twi.c
Invoking: AVR Compiler
avr-gcc -Wall -g2 -gstabs -O0 -fpack-struct -fshort-enums -ffunction-sections -fdata-sections -std=gnu99 -funsigned-char -funsigned-bitfields -mmcu=atmega32 -DF_CPU=8000000UL -MMD -MP -MF"twi.d" -MT"twi.o" -c -o "twi.o" "../twi.c"
Finished building: ../twi.c
 
Building file: ../uart.c
Invoking: AVR Compiler
avr-gcc -Wall -g2 -gstabs -O0 -fpack-struct -fshort-enums -ffunction-sections -fdata-sections -std=gnu99 -funsigned-char -funsigned-bitfields -mmcu=atmega32 -DF_CPU=8000000UL -MMD -MP -MF"uart.d" -MT"uart.o" -c -o "uart.o" "../uart.c"
Finished building: ../uart.c
 
Building file: ../ultrasonic_sensor.c
Invoking: AVR Compiler
avr-gcc -Wall -g2 -gstabs -O0 -fpack-struct -fshort-enums -ffunction-sections -fdata-sections -std=gnu99 -funsigned-char -funsigned-bitfields -mmcu=atmega32 -DF_CPU=8000000UL -MMD -MP -MF"ultrasonic_sensor.d" -MT"ultrasonic_sensor.o" -c -o "ultrasonic_sensor.o" "../ultrasonic_sensor.c"
In file included from ../ultrasonic_sensor.c:11:
c:/winavr-20100110/lib/gcc/../../avr/include/util/delay.h:90:3: warning: #warning "Compiler optimizations disabled; functions from <util/delay.h> won't work as designed"
Finished building: ../ultrasonic_sensor.c
 
Building target: control_ECU.elf
Invoking: AVR C Linker
avr-gcc -Wl,-Map,control_ECU.map -mmcu=atmega32 -o "control_ECU.elf"  ./ADC.o ./application_control.o ./dc_motor.o ./external_eeprom.o ./gpio.o ./icu.o ./pwm.o ./sensor_lm35.o ./twi.o ./uart.o ./ultrasonic_sensor.o   
Finished building target: control_ECU.elf
 
Invoking: AVR Create Extended Listing
avr-objdump -h -S control_ECU.elf  >"control_ECU.lss"
Finished building: control_ECU.lss
 
Invoking: Print Size
avr-size --format=avr --mcu=atmega32 control_ECU.elf
AVR Memory Usage
----------------
Device: atmega32

Program:    9524 bytes (29.1% Full)
(.text + .data + .bootloader)

Data:        275 bytes (13.4% Full)
(.data + .bss + .noinit)


Finished building: sizedummy
 
19:05:23 **** Incremental Build of configuration Debug for project HMI_ECU ****
make all 
Invoking: Print Size
avr-size --format=avr --mcu=atmega32 HMI_ECU.elf
AVR Memory Usage
----------------
Device: atmega32

Program:   11984 bytes (36.6% Full)
(.text + .data + .bootloader)

Data:        642 bytes (31.3% Full)
(.data + .bss + .noinit)


Finished building: sizedummy
 
19:05:23 **** Incremental Build of configuration Debug for project control_ECU ****
make all 
Invoking: Print Size
avr-size --format=avr --mcu=atmega32 control_ECU.elf
AVR Memory Usage
----------------
Device: atmega32

Program:    9524 bytes (29.1% Full)
(.text + .data + .bootloader)

Data:        275 bytes (13.4% Full)
(.data + .bss + .noinit)


Finished building: sizedummy
 
19:06:20 **** Incremental Build of configuration Debug for project HMI_ECU ****
make all 
Building file: ../application_HMI.c
Invoking: AVR Compiler
avr-gcc -Wall -g2 -gstabs -O0 -fpack-struct -fshort-enums -ffunction-sections -fdata-sections -std=gnu99 -funsigned-char -funsigned-bitfields -mmcu=atmega32 -DF_CPU=8000000UL -MMD -MP -MF"application_HMI.d" -MT"application_HMI.o" -c -o "application_HMI.o" "../application_HMI.c"
../application_HMI.c: In function 'main':
../application_HMI.c:59: warning: unused variable 'win2'
../application_HMI.c:58: warning: unused variable 'win1'
Finished building: ../application_HMI.c
 
Building target: HMI_ECU.elf
Invoking: AVR C Linker
avr-gcc -Wl,-Map,HMI_ECU.map -mmcu=atmega32 -o "HMI_ECU.elf"  ./LCD.o ./application_HMI.o ./gpio.o ./keypad_me.o ./timer.o ./uart.o   
Finished building target: HMI_ECU.elf
 
Invoking: AVR Create Extended Listing
avr-objdump -h -S HMI_ECU.elf  >"HMI_ECU.lss"
Finished building: HMI_ECU.lss
 
Invoking: Print Size
avr-size --format=avr --mcu=atmega32 HMI_ECU.elf
AVR Memory Usage
----------------
Device: atmega32

Program:   11994 bytes (36.6% Full)
(.text + .data + .bootloader)

Data:        642 bytes (31.3% Full)
(.data + .bss + .noinit)


Finished building: sizedummy
 
19:06:21 **** Incremental Build of configuration Debug for project control_ECU ****
make all 
Invoking: Print Size
avr-size --format=avr --mcu=atmega32 control_ECU.elf
AVR Memory Usage
----------------
Device: atmega32

Program:    9524 bytes (29.1% Full)
(.text + .data + .bootloader)

Data:        275 bytes (13.4% Full)
(.data + .bss + .noinit)


Finished building: sizedummy
 
19:09:58 **** Incremental Build of configuration Debug for project HMI_ECU ****
make all 
Building file: ../application_HMI.c
Invoking: AVR Compiler
avr-gcc -Wall -g2 -gstabs -O0 -fpack-struct -fshort-enums -ffunction-sections -fdata-sections -std=gnu99 -funsigned-char -funsigned-bitfields -mmcu=atmega32 -DF_CPU=8000000UL -MMD -MP -MF"application_HMI.d" -MT"application_HMI.o" -c -o "application_HMI.o" "../application_HMI.c"
../application_HMI.c: In function 'main':
../application_HMI.c:58: warning: unused variable 'win2'
../application_HMI.c:57: warning: unused variable 'win1'
Finished building: ../application_HMI.c
 
Building target: HMI_ECU.elf
Invoking: AVR C Linker
avr-gcc -Wl,-Map,HMI_ECU.map -mmcu=atmega32 -o "HMI_ECU.elf"  ./LCD.o ./application_HMI.o ./gpio.o ./keypad_me.o ./timer.o ./uart.o   
Finished building target: HMI_ECU.elf
 
Invoking: AVR Create Extended Listing
avr-objdump -h -S HMI_ECU.elf  >"HMI_ECU.lss"
Finished building: HMI_ECU.lss
 
Invoking: Print Size
avr-size --format=avr --mcu=atmega32 HMI_ECU.elf
AVR Memory Usage
----------------
Device: atmega32

Program:   11854 bytes (36.2% Full)
(.text + .data + .bootloader)

Data:        568 bytes (27.7% Full)
(.data + .bss + .noinit)


Finished building: sizedummy
 
19:09:59 **** Incremental Build of configuration Debug for project control_ECU ****
make all 
Invoking: Print Size
avr-size --format=avr --mcu=atmega32 control_ECU.elf
AVR Memory Usage
----------------
Device: atmega32

Program:    9524 bytes (29.1% Full)
(.text + .data + .bootloader)

Data:        275 bytes (13.4% Full)
(.data + .bss + .noinit)


Finished building: sizedummy
 
19:11:14 **** Incremental Build of configuration Debug for project HMI_ECU ****
make all 
Building file: ../application_HMI.c
Invoking: AVR Compiler
avr-gcc -Wall -g2 -gstabs -O0 -fpack-struct -fshort-enums -ffunction-sections -fdata-sections -std=gnu99 -funsigned-char -funsigned-bitfields -mmcu=atmega32 -DF_CPU=8000000UL -MMD -MP -MF"application_HMI.d" -MT"application_HMI.o" -c -o "application_HMI.o" "../application_HMI.c"
../application_HMI.c: In function 'main':
../application_HMI.c:59: warning: unused variable 'win2'
../application_HMI.c:58: warning: unused variable 'win1'
Finished building: ../application_HMI.c
 
Building target: HMI_ECU.elf
Invoking: AVR C Linker
avr-gcc -Wl,-Map,HMI_ECU.map -mmcu=atmega32 -o "HMI_ECU.elf"  ./LCD.o ./application_HMI.o ./gpio.o ./keypad_me.o ./timer.o ./uart.o   
Finished building target: HMI_ECU.elf
 
Invoking: AVR Create Extended Listing
avr-objdump -h -S HMI_ECU.elf  >"HMI_ECU.lss"
Finished building: HMI_ECU.lss
 
Invoking: Print Size
avr-size --format=avr --mcu=atmega32 HMI_ECU.elf
AVR Memory Usage
----------------
Device: atmega32

Program:   11988 bytes (36.6% Full)
(.text + .data + .bootloader)

Data:        642 bytes (31.3% Full)
(.data + .bss + .noinit)


Finished building: sizedummy
 
19:11:15 **** Incremental Build of configuration Debug for project control_ECU ****
make all 
Building file: ../application_control.c
Invoking: AVR Compiler
avr-gcc -Wall -g2 -gstabs -O0 -fpack-struct -fshort-enums -ffunction-sections -fdata-sections -std=gnu99 -funsigned-char -funsigned-bitfields -mmcu=atmega32 -DF_CPU=8000000UL -MMD -MP -MF"application_control.d" -MT"application_control.o" -c -o "application_control.o" "../application_control.c"
In file included from ../application_control.c:17:
c:/winavr-20100110/lib/gcc/../../avr/include/util/delay.h:90:3: warning: #warning "Compiler optimizations disabled; functions from <util/delay.h> won't work as designed"
Finished building: ../application_control.c
 
Building file: ../uart.c
Invoking: AVR Compiler
avr-gcc -Wall -g2 -gstabs -O0 -fpack-struct -fshort-enums -ffunction-sections -fdata-sections -std=gnu99 -funsigned-char -funsigned-bitfields -mmcu=atmega32 -DF_CPU=8000000UL -MMD -MP -MF"uart.d" -MT"uart.o" -c -o "uart.o" "../uart.c"
Finished building: ../uart.c
 
Building target: control_ECU.elf
Invoking: AVR C Linker
avr-gcc -Wl,-Map,control_ECU.map -mmcu=atmega32 -o "control_ECU.elf"  ./ADC.o ./application_control.o ./dc_motor.o ./external_eeprom.o ./gpio.o ./icu.o ./pwm.o ./sensor_lm35.o ./twi.o ./uart.o ./ultrasonic_sensor.o   
Finished building target: control_ECU.elf
 
Invoking: AVR Create Extended Listing
avr-objdump -h -S control_ECU.elf  >"control_ECU.lss"
Finished building: control_ECU.lss
 
Invoking: Print Size
avr-size --format=avr --mcu=atmega32 control_ECU.elf
AVR Memory Usage
----------------
Device: atmega32

Program:    9530 bytes (29.1% Full)
(.text + .data + .bootloader)

Data:        275 bytes (13.4% Full)
(.data + .bss + .noinit)


Finished building: sizedummy
 
19:25:00 **** Incremental Build of configuration Debug for project HMI_ECU ****
make all 
Building file: ../application_HMI.c
Invoking: AVR Compiler
avr-gcc -Wall -g2 -gstabs -O0 -fpack-struct -fshort-enums -ffunction-sections -fdata-sections -std=gnu99 -funsigned-char -funsigned-bitfields -mmcu=atmega32 -DF_CPU=8000000UL -MMD -MP -MF"application_HMI.d" -MT"application_HMI.o" -c -o "application_HMI.o" "../application_HMI.c"
../application_HMI.c: In function 'main':
../application_HMI.c:59: warning: unused variable 'win2'
../application_HMI.c:58: warning: unused variable 'win1'
Finished building: ../application_HMI.c
 
Building target: HMI_ECU.elf
Invoking: AVR C Linker
avr-gcc -Wl,-Map,HMI_ECU.map -mmcu=atmega32 -o "HMI_ECU.elf"  ./LCD.o ./application_HMI.o ./gpio.o ./keypad_me.o ./timer.o ./uart.o   
Finished building target: HMI_ECU.elf
 
Invoking: AVR Create Extended Listing
avr-objdump -h -S HMI_ECU.elf  >"HMI_ECU.lss"
Finished building: HMI_ECU.lss
 
Invoking: Print Size
avr-size --format=avr --mcu=atmega32 HMI_ECU.elf
AVR Memory Usage
----------------
Device: atmega32

Program:   11988 bytes (36.6% Full)
(.text + .data + .bootloader)

Data:        642 bytes (31.3% Full)
(.data + .bss + .noinit)


Finished building: sizedummy
 
19:25:01 **** Incremental Build of configuration Debug for project control_ECU ****
make all 
Invoking: Print Size
avr-size --format=avr --mcu=atmega32 control_ECU.elf
AVR Memory Usage
----------------
Device: atmega32

Program:    9530 bytes (29.1% Full)
(.text + .data + .bootloader)

Data:        275 bytes (13.4% Full)
(.data + .bss + .noinit)


Finished building: sizedummy
 
19:30:12 **** Incremental Build of configuration Debug for project HMI_ECU ****
make all 
Building file: ../application_HMI.c
Invoking: AVR Compiler
avr-gcc -Wall -g2 -gstabs -O0 -fpack-struct -fshort-enums -ffunction-sections -fdata-sections -std=gnu99 -funsigned-char -funsigned-bitfields -mmcu=atmega32 -DF_CPU=8000000UL -MMD -MP -MF"application_HMI.d" -MT"application_HMI.o" -c -o "application_HMI.o" "../application_HMI.c"
../application_HMI.c: In function 'main':
../application_HMI.c:186: error: 'uint8_t' undeclared (first use in this function)
../application_HMI.c:186: error: (Each undeclared identifier is reported only once
../application_HMI.c:186: error: for each function it appears in.)
../application_HMI.c:186: error: expected ';' before 'hdr'
../application_HMI.c:188: error: 'hdr' undeclared (first use in this function)
../application_HMI.c:189: error: expected ';' before 'error_type'
../application_HMI.c:190: error: expected ';' before 'nummm'
../application_HMI.c:59: warning: unused variable 'win2'
../application_HMI.c:58: warning: unused variable 'win1'
make: *** [application_HMI.o] Error 1
"make all" terminated with exit code 2. Build might be incomplete.
19:30:13 **** Incremental Build of configuration Debug for project control_ECU ****
make all 
Invoking: Print Size
avr-size --format=avr --mcu=atmega32 control_ECU.elf
AVR Memory Usage
----------------
Device: atmega32

Program:    9530 bytes (29.1% Full)
(.text + .data + .bootloader)

Data:        275 bytes (13.4% Full)
(.data + .bss + .noinit)


Finished building: sizedummy
 
19:31:06 **** Incremental Build of configuration Debug for project HMI_ECU ****
make all 
Building file: ../application_HMI.c
Invoking: AVR Compiler
avr-gcc -Wall -g2 -gstabs -O0 -fpack-struct -fshort-enums -ffunction-sections -fdata-sections -std=gnu99 -funsigned-char -funsigned-bitfields -mmcu=atmega32 -DF_CPU=8000000UL -MMD -MP -MF"application_HMI.d" -MT"application_HMI.o" -c -o "application_HMI.o" "../application_HMI.c"
../application_HMI.c: In function 'main':
../application_HMI.c:54: error: 'uint8_t' undeclared (first use in this function)
../application_HMI.c:54: error: (Each undeclared identifier is reported only once
../application_HMI.c:54: error: for each function it appears in.)
../application_HMI.c:54: error: expected ';' before 'hdr'
../application_HMI.c:188: error: 'hdr' undeclared (first use in this function)
../application_HMI.c:61: warning: unused variable 'win2'
../application_HMI.c:60: warning: unused variable 'win1'
make: *** [application_HMI.o] Error 1
"make all" terminated with exit code 2. Build might be incomplete.
19:31:07 **** Incremental Build of configuration Debug for project control_ECU ****
make all 
Invoking: Print Size
avr-size --format=avr --mcu=atmega32 control_ECU.elf
AVR Memory Usage
----------------
Device: atmega32

Program:    9530 bytes (29.1% Full)
(.text + .data + .bootloader)

Data:        275 bytes (13.4% Full)
(.data + .bss + .noinit)


Finished building: sizedummy
 
19:31:13 **** Incremental Build of configuration Debug for project HMI_ECU ****
make all 
Building file: ../application_HMI.c
Invoking: AVR Compiler
avr-gcc -Wall -g2 -gstabs -O0 -fpack-struct -fshort-enums -ffunction-sections -fdata-sections -std=gnu99 -funsigned-char -funsigned-bitfields -mmcu=atmega32 -DF_CPU=8000000UL -MMD -MP -MF"application_HMI.d" -MT"application_HMI.o" -c -o "application_HMI.o" "../application_HMI.c"
../application_HMI.c: In function 'main':
../application_HMI.c:61: warning: unused variable 'win2'
../application_HMI.c:60: warning: unused variable 'win1'
Finished building: ../application_HMI.c
 
Building target: HMI_ECU.elf
Invoking: AVR C Linker
avr-gcc -Wl,-Map,HMI_ECU.map -mmcu=atmega32 -o "HMI_ECU.elf"  ./LCD.o ./application_HMI.o ./gpio.o ./keypad_me.o ./timer.o ./uart.o   
Finished building target: HMI_ECU.elf
 
Invoking: AVR Create Extended Listing
avr-objdump -h -S HMI_ECU.elf  >"HMI_ECU.lss"
Finished building: HMI_ECU.lss
 
Invoking: Print Size
avr-size --format=avr --mcu=atmega32 HMI_ECU.elf
AVR Memory Usage
----------------
Device: atmega32

Program:   12034 bytes (36.7% Full)
(.text + .data + .bootloader)

Data:        662 bytes (32.3% Full)
(.data + .bss + .noinit)


Finished building: sizedummy
 
19:31:14 **** Incremental Build of configuration Debug for project control_ECU ****
make all 
Invoking: Print Size
avr-size --format=avr --mcu=atmega32 control_ECU.elf
AVR Memory Usage
----------------
Device: atmega32

Program:    9530 bytes (29.1% Full)
(.text + .data + .bootloader)

Data:        275 bytes (13.4% Full)
(.data + .bss + .noinit)


Finished building: sizedummy
 
19:37:33 **** Incremental Build of configuration Debug for project HMI_ECU ****
make all 
Invoking: Print Size
avr-size --format=avr --mcu=atmega32 HMI_ECU.elf
AVR Memory Usage
----------------
Device: atmega32

Program:   12034 bytes (36.7% Full)
(.text + .data + .bootloader)

Data:        662 bytes (32.3% Full)
(.data + .bss + .noinit)


Finished building: sizedummy
 
19:37:33 **** Incremental Build of configuration Debug for project control_ECU ****
make all 
Building file: ../application_control.c
Invoking: AVR Compiler
avr-gcc -Wall -g2 -gstabs -O0 -fpack-struct -fshort-enums -ffunction-sections -fdata-sections -std=gnu99 -funsigned-char -funsigned-bitfields -mmcu=atmega32 -DF_CPU=8000000UL -MMD -MP -MF"application_control.d" -MT"application_control.o" -c -o "application_control.o" "../application_control.c"
In file included from ../application_control.c:17:
c:/winavr-20100110/lib/gcc/../../avr/include/util/delay.h:90:3: warning: #warning "Compiler optimizations disabled; functions from <util/delay.h> won't work as designed"
Finished building: ../application_control.c
 
Building target: control_ECU.elf
Invoking: AVR C Linker
avr-gcc -Wl,-Map,control_ECU.map -mmcu=atmega32 -o "control_ECU.elf"  ./ADC.o ./application_control.o ./dc_motor.o ./external_eeprom.o ./gpio.o ./icu.o ./pwm.o ./sensor_lm35.o ./twi.o ./uart.o ./ultrasonic_sensor.o   
Finished building target: control_ECU.elf
 
Invoking: AVR Create Extended Listing
avr-objdump -h -S control_ECU.elf  >"control_ECU.lss"
Finished building: control_ECU.lss
 
Invoking: Print Size
avr-size --format=avr --mcu=atmega32 control_ECU.elf
AVR Memory Usage
----------------
Device: atmega32

Program:    9544 bytes (29.1% Full)
(.text + .data + .bootloader)

Data:        276 bytes (13.5% Full)
(.data + .bss + .noinit)


Finished building: sizedummy
 
19:44:36 **** Incremental Build of configuration Debug for project HMI_ECU ****
make all 
Building file: ../application_HMI.c
Invoking: AVR Compiler
avr-gcc -Wall -g2 -gstabs -O0 -fpack-struct -fshort-enums -ffunction-sections -fdata-sections -std=gnu99 -funsigned-char -funsigned-bitfields -mmcu=atmega32 -DF_CPU=8000000UL -MMD -MP -MF"application_HMI.d" -MT"application_HMI.o" -c -o "application_HMI.o" "../application_HMI.c"
../application_HMI.c: In function 'main':
../application_HMI.c:59: warning: unused variable 'win2'
../application_HMI.c:58: warning: unused variable 'win1'
Finished building: ../application_HMI.c
 
Building target: HMI_ECU.elf
Invoking: AVR C Linker
avr-gcc -Wl,-Map,HMI_ECU.map -mmcu=atmega32 -o "HMI_ECU.elf"  ./LCD.o ./application_HMI.o ./gpio.o ./keypad_me.o ./timer.o ./uart.o   
Finished building target: HMI_ECU.elf
 
Invoking: AVR Create Extended Listing
avr-objdump -h -S HMI_ECU.elf  >"HMI_ECU.lss"
Finished building: HMI_ECU.lss
 
Invoking: Print Size
avr-size --format=avr --mcu=atmega32 HMI_ECU.elf
AVR Memory Usage
----------------
Device: atmega32

Program:   11980 bytes (36.6% Full)
(.text + .data + .bootloader)

Data:        642 bytes (31.3% Full)
(.data + .bss + .noinit)


Finished building: sizedummy
 
19:44:37 **** Incremental Build of configuration Debug for project control_ECU ****
make all 
Invoking: Print Size
avr-size --format=avr --mcu=atmega32 control_ECU.elf
AVR Memory Usage
----------------
Device: atmega32

Program:    9544 bytes (29.1% Full)
(.text + .data + .bootloader)

Data:        276 bytes (13.5% Full)
(.data + .bss + .noinit)


Finished building: sizedummy
 
19:45:32 **** Incremental Build of configuration Debug for project HMI_ECU ****
make all 
Invoking: Print Size
avr-size --format=avr --mcu=atmega32 HMI_ECU.elf
AVR Memory Usage
----------------
Device: atmega32

Program:   11980 bytes (36.6% Full)
(.text + .data + .bootloader)

Data:        642 bytes (31.3% Full)
(.data + .bss + .noinit)


Finished building: sizedummy
 
19:45:33 **** Incremental Build of configuration Debug for project control_ECU ****
make all 
Invoking: Print Size
avr-size --format=avr --mcu=atmega32 control_ECU.elf
AVR Memory Usage
----------------
Device: atmega32

Program:    9544 bytes (29.1% Full)
(.text + .data + .bootloader)

Data:        276 bytes (13.5% Full)
(.data + .bss + .noinit)


Finished building: sizedummy
 
19:47:00 **** Incremental Build of configuration Debug for project HMI_ECU ****
make all 
Building file: ../application_HMI.c
Invoking: AVR Compiler
avr-gcc -Wall -g2 -gstabs -O0 -fpack-struct -fshort-enums -ffunction-sections -fdata-sections -std=gnu99 -funsigned-char -funsigned-bitfields -mmcu=atmega32 -DF_CPU=8000000UL -MMD -MP -MF"application_HMI.d" -MT"application_HMI.o" -c -o "application_HMI.o" "../application_HMI.c"
../application_HMI.c: In function 'main':
../application_HMI.c:59: warning: unused variable 'win2'
../application_HMI.c:58: warning: unused variable 'win1'
Finished building: ../application_HMI.c
 
Building target: HMI_ECU.elf
Invoking: AVR C Linker
avr-gcc -Wl,-Map,HMI_ECU.map -mmcu=atmega32 -o "HMI_ECU.elf"  ./LCD.o ./application_HMI.o ./gpio.o ./keypad_me.o ./timer.o ./uart.o   
Finished building target: HMI_ECU.elf
 
Invoking: AVR Create Extended Listing
avr-objdump -h -S HMI_ECU.elf  >"HMI_ECU.lss"
Finished building: HMI_ECU.lss
 
Invoking: Print Size
avr-size --format=avr --mcu=atmega32 HMI_ECU.elf
AVR Memory Usage
----------------
Device: atmega32

Program:   11988 bytes (36.6% Full)
(.text + .data + .bootloader)

Data:        642 bytes (31.3% Full)
(.data + .bss + .noinit)


Finished building: sizedummy
 
19:47:01 **** Incremental Build of configuration Debug for project control_ECU ****
make all 
Invoking: Print Size
avr-size --format=avr --mcu=atmega32 control_ECU.elf
AVR Memory Usage
----------------
Device: atmega32

Program:    9544 bytes (29.1% Full)
(.text + .data + .bootloader)

Data:        276 bytes (13.5% Full)
(.data + .bss + .noinit)


Finished building: sizedummy
 
21:07:19 **** Incremental Build of configuration Debug for project HMI_ECU ****
make all 
Building file: ../application_HMI.c
Invoking: AVR Compiler
avr-gcc -Wall -g2 -gstabs -O0 -fpack-struct -fshort-enums -ffunction-sections -fdata-sections -std=gnu99 -funsigned-char -funsigned-bitfields -mmcu=atmega32 -DF_CPU=8000000UL -MMD -MP -MF"application_HMI.d" -MT"application_HMI.o" -c -o "application_HMI.o" "../application_HMI.c"
Finished building: ../application_HMI.c
 
Building target: HMI_ECU.elf
Invoking: AVR C Linker
avr-gcc -Wl,-Map,HMI_ECU.map -mmcu=atmega32 -o "HMI_ECU.elf"  ./LCD.o ./application_HMI.o ./gpio.o ./keypad_me.o ./timer.o ./uart.o   
Finished building target: HMI_ECU.elf
 
Invoking: AVR Create Extended Listing
avr-objdump -h -S HMI_ECU.elf  >"HMI_ECU.lss"
Finished building: HMI_ECU.lss
 
Invoking: Print Size
avr-size --format=avr --mcu=atmega32 HMI_ECU.elf
AVR Memory Usage
----------------
Device: atmega32

Program:   12030 bytes (36.7% Full)
(.text + .data + .bootloader)

Data:        624 bytes (30.5% Full)
(.data + .bss + .noinit)


Finished building: sizedummy
 
21:07:20 **** Incremental Build of configuration Debug for project control_ECU ****
make all 
Building file: ../application_control.c
Invoking: AVR Compiler
avr-gcc -Wall -g2 -gstabs -O0 -fpack-struct -fshort-enums -ffunction-sections -fdata-sections -std=gnu99 -funsigned-char -funsigned-bitfields -mmcu=atmega32 -DF_CPU=8000000UL -MMD -MP -MF"application_control.d" -MT"application_control.o" -c -o "application_control.o" "../application_control.c"
In file included from ../application_control.c:17:
c:/winavr-20100110/lib/gcc/../../avr/include/util/delay.h:90:3: warning: #warning "Compiler optimizations disabled; functions from <util/delay.h> won't work as designed"
Finished building: ../application_control.c
 
Building file: ../dc_motor.c
Invoking: AVR Compiler
avr-gcc -Wall -g2 -gstabs -O0 -fpack-struct -fshort-enums -ffunction-sections -fdata-sections -std=gnu99 -funsigned-char -funsigned-bitfields -mmcu=atmega32 -DF_CPU=8000000UL -MMD -MP -MF"dc_motor.d" -MT"dc_motor.o" -c -o "dc_motor.o" "../dc_motor.c"
Finished building: ../dc_motor.c
 
Building target: control_ECU.elf
Invoking: AVR C Linker
avr-gcc -Wl,-Map,control_ECU.map -mmcu=atmega32 -o "control_ECU.elf"  ./ADC.o ./application_control.o ./dc_motor.o ./external_eeprom.o ./gpio.o ./icu.o ./pwm.o ./sensor_lm35.o ./twi.o ./uart.o ./ultrasonic_sensor.o   
Finished building target: control_ECU.elf
 
Invoking: AVR Create Extended Listing
avr-objdump -h -S control_ECU.elf  >"control_ECU.lss"
Finished building: control_ECU.lss
 
Invoking: Print Size
avr-size --format=avr --mcu=atmega32 control_ECU.elf
AVR Memory Usage
----------------
Device: atmega32

Program:    9938 bytes (30.3% Full)
(.text + .data + .bootloader)

Data:        276 bytes (13.5% Full)
(.data + .bss + .noinit)


Finished building: sizedummy
 
21:08:42 **** Incremental Build of configuration Debug for project HMI_ECU ****
make all 
Building file: ../application_HMI.c
Invoking: AVR Compiler
avr-gcc -Wall -g2 -gstabs -O0 -fpack-struct -fshort-enums -ffunction-sections -fdata-sections -std=gnu99 -funsigned-char -funsigned-bitfields -mmcu=atmega32 -DF_CPU=8000000UL -MMD -MP -MF"application_HMI.d" -MT"application_HMI.o" -c -o "application_HMI.o" "../application_HMI.c"
Finished building: ../application_HMI.c
 
Building target: HMI_ECU.elf
Invoking: AVR C Linker
avr-gcc -Wl,-Map,HMI_ECU.map -mmcu=atmega32 -o "HMI_ECU.elf"  ./LCD.o ./application_HMI.o ./gpio.o ./keypad_me.o ./timer.o ./uart.o   
Finished building target: HMI_ECU.elf
 
Invoking: AVR Create Extended Listing
avr-objdump -h -S HMI_ECU.elf  >"HMI_ECU.lss"
Finished building: HMI_ECU.lss
 
Invoking: Print Size
avr-size --format=avr --mcu=atmega32 HMI_ECU.elf
AVR Memory Usage
----------------
Device: atmega32

Program:   12062 bytes (36.8% Full)
(.text + .data + .bootloader)

Data:        656 bytes (32.0% Full)
(.data + .bss + .noinit)


Finished building: sizedummy
 
21:08:43 **** Incremental Build of configuration Debug for project control_ECU ****
make all 
Invoking: Print Size
avr-size --format=avr --mcu=atmega32 control_ECU.elf
AVR Memory Usage
----------------
Device: atmega32

Program:    9938 bytes (30.3% Full)
(.text + .data + .bootloader)

Data:        276 bytes (13.5% Full)
(.data + .bss + .noinit)


Finished building: sizedummy
 
21:18:19 **** Incremental Build of configuration Debug for project HMI_ECU ****
make all 
Invoking: Print Size
avr-size --format=avr --mcu=atmega32 HMI_ECU.elf
AVR Memory Usage
----------------
Device: atmega32

Program:   12062 bytes (36.8% Full)
(.text + .data + .bootloader)

Data:        656 bytes (32.0% Full)
(.data + .bss + .noinit)


Finished building: sizedummy
 
21:18:20 **** Incremental Build of configuration Debug for project control_ECU ****
make all 
Building file: ../dc_motor.c
Invoking: AVR Compiler
avr-gcc -Wall -g2 -gstabs -O0 -fpack-struct -fshort-enums -ffunction-sections -fdata-sections -std=gnu99 -funsigned-char -funsigned-bitfields -mmcu=atmega32 -DF_CPU=8000000UL -MMD -MP -MF"dc_motor.d" -MT"dc_motor.o" -c -o "dc_motor.o" "../dc_motor.c"
Finished building: ../dc_motor.c
 
Building target: control_ECU.elf
Invoking: AVR C Linker
avr-gcc -Wl,-Map,control_ECU.map -mmcu=atmega32 -o "control_ECU.elf"  ./ADC.o ./application_control.o ./dc_motor.o ./external_eeprom.o ./gpio.o ./icu.o ./pwm.o ./sensor_lm35.o ./twi.o ./uart.o ./ultrasonic_sensor.o   
Finished building target: control_ECU.elf
 
Invoking: AVR Create Extended Listing
avr-objdump -h -S control_ECU.elf  >"control_ECU.lss"
Finished building: control_ECU.lss
 
Invoking: Print Size
avr-size --format=avr --mcu=atmega32 control_ECU.elf
AVR Memory Usage
----------------
Device: atmega32

Program:    9938 bytes (30.3% Full)
(.text + .data + .bootloader)

Data:        276 bytes (13.5% Full)
(.data + .bss + .noinit)


Finished building: sizedummy
 
21:30:47 **** Incremental Build of configuration Debug for project HMI_ECU ****
make all 
Invoking: Print Size
avr-size --format=avr --mcu=atmega32 HMI_ECU.elf
AVR Memory Usage
----------------
Device: atmega32

Program:   12062 bytes (36.8% Full)
(.text + .data + .bootloader)

Data:        656 bytes (32.0% Full)
(.data + .bss + .noinit)


Finished building: sizedummy
 
21:30:47 **** Incremental Build of configuration Debug for project control_ECU ****
make all 
Building file: ../dc_motor.c
Invoking: AVR Compiler
avr-gcc -Wall -g2 -gstabs -O0 -fpack-struct -fshort-enums -ffunction-sections -fdata-sections -std=gnu99 -funsigned-char -funsigned-bitfields -mmcu=atmega32 -DF_CPU=8000000UL -MMD -MP -MF"dc_motor.d" -MT"dc_motor.o" -c -o "dc_motor.o" "../dc_motor.c"
Finished building: ../dc_motor.c
 
Building target: control_ECU.elf
Invoking: AVR C Linker
avr-gcc -Wl,-Map,control_ECU.map -mmcu=atmega32 -o "control_ECU.elf"  ./ADC.o ./application_control.o ./dc_motor.o ./external_eeprom.o ./gpio.o ./icu.o ./pwm.o ./sensor_lm35.o ./twi.o ./uart.o ./ultrasonic_sensor.o   
Finished building target: control_ECU.elf
 
Invoking: AVR Create Extended Listing
avr-objdump -h -S control_ECU.elf  >"control_ECU.lss"
Finished building: control_ECU.lss
 
Invoking: Print Size
avr-size --format=avr --mcu=atmega32 control_ECU.elf
AVR Memory Usage
----------------
Device: atmega32

Program:    9938 bytes (30.3% Full)
(.text + .data + .bootloader)

Data:        276 bytes (13.5% Full)
(.data + .bss + .noinit)


Finished building: sizedummy
 
21:37:21 **** Incremental Build of configuration Debug for project HMI_ECU ****
make all 
Invoking: Print Size
avr-size --format=avr --mcu=atmega32 HMI_ECU.elf
AVR Memory Usage
----------------
Device: atmega32

Program:   12062 bytes (36.8% Full)
(.text + .data + .bootloader)

Data:        656 bytes (32.0% Full)
(.data + .bss + .noinit)


Finished building: sizedummy
 
21:37:21 **** Incremental Build of configuration Debug for project control_ECU ****
make all 
Building file: ../application_control.c
Invoking: AVR Compiler
avr-gcc -Wall -g2 -gstabs -O0 -fpack-struct -fshort-enums -ffunction-sections -fdata-sections -std=gnu99 -funsigned-char -funsigned-bitfields -mmcu=atmega32 -DF_CPU=8000000UL -MMD -MP -MF"application_control.d" -MT"application_control.o" -c -o "application_control.o" "../application_control.c"
In file included from ../application_control.c:18:
c:/winavr-20100110/lib/gcc/../../avr/include/util/delay.h:90:3: warning: #warning "Compiler optimizations disabled; functions from <util/delay.h> won't work as designed"
Finished building: ../application_control.c
 
Building target: control_ECU.elf
Invoking: AVR C Linker
avr-gcc -Wl,-Map,control_ECU.map -mmcu=atmega32 -o "control_ECU.elf"  ./ADC.o ./application_control.o ./dc_motor.o ./external_eeprom.o ./gpio.o ./icu.o ./pwm.o ./sensor_lm35.o ./twi.o ./uart.o ./ultrasonic_sensor.o   
Finished building target: control_ECU.elf
 
Invoking: AVR Create Extended Listing
avr-objdump -h -S control_ECU.elf  >"control_ECU.lss"
Finished building: control_ECU.lss
 
Invoking: Print Size
avr-size --format=avr --mcu=atmega32 control_ECU.elf
AVR Memory Usage
----------------
Device: atmega32

Program:    9944 bytes (30.3% Full)
(.text + .data + .bootloader)

Data:        276 bytes (13.5% Full)
(.data + .bss + .noinit)


Finished building: sizedummy
 
21:44:11 **** Incremental Build of configuration Debug for project HMI_ECU ****
make all 
Building file: ../LCD.c
Invoking: AVR Compiler
avr-gcc -Wall -g2 -gstabs -O0 -fpack-struct -fshort-enums -ffunction-sections -fdata-sections -std=gnu99 -funsigned-char -funsigned-bitfields -mmcu=atmega32 -DF_CPU=8000000UL -MMD -MP -MF"LCD.d" -MT"LCD.o" -c -o "LCD.o" "../LCD.c"
In file included from ../LCD.c:10:
c:/winavr-20100110/lib/gcc/../../avr/include/util/delay.h:90:3: warning: #warning "Compiler optimizations disabled; functions from <util/delay.h> won't work as designed"
../LCD.c: In function 'LCD_intgerToString':
../LCD.c:171: warning: implicit declaration of function 'itoa'
Finished building: ../LCD.c
 
Building file: ../application_HMI.c
Invoking: AVR Compiler
avr-gcc -Wall -g2 -gstabs -O0 -fpack-struct -fshort-enums -ffunction-sections -fdata-sections -std=gnu99 -funsigned-char -funsigned-bitfields -mmcu=atmega32 -DF_CPU=8000000UL -MMD -MP -MF"application_HMI.d" -MT"application_HMI.o" -c -o "application_HMI.o" "../application_HMI.c"
Finished building: ../application_HMI.c
 
Building file: ../gpio.c
Invoking: AVR Compiler
avr-gcc -Wall -g2 -gstabs -O0 -fpack-struct -fshort-enums -ffunction-sections -fdata-sections -std=gnu99 -funsigned-char -funsigned-bitfields -mmcu=atmega32 -DF_CPU=8000000UL -MMD -MP -MF"gpio.d" -MT"gpio.o" -c -o "gpio.o" "../gpio.c"
Finished building: ../gpio.c
 
Building file: ../keypad_me.c
Invoking: AVR Compiler
avr-gcc -Wall -g2 -gstabs -O0 -fpack-struct -fshort-enums -ffunction-sections -fdata-sections -std=gnu99 -funsigned-char -funsigned-bitfields -mmcu=atmega32 -DF_CPU=8000000UL -MMD -MP -MF"keypad_me.d" -MT"keypad_me.o" -c -o "keypad_me.o" "../keypad_me.c"
In file included from ../keypad_me.c:9:
c:/winavr-20100110/lib/gcc/../../avr/include/util/delay.h:90:3: warning: #warning "Compiler optimizations disabled; functions from <util/delay.h> won't work as designed"
Finished building: ../keypad_me.c
 
Building file: ../timer.c
Invoking: AVR Compiler
avr-gcc -Wall -g2 -gstabs -O0 -fpack-struct -fshort-enums -ffunction-sections -fdata-sections -std=gnu99 -funsigned-char -funsigned-bitfields -mmcu=atmega32 -DF_CPU=8000000UL -MMD -MP -MF"timer.d" -MT"timer.o" -c -o "timer.o" "../timer.c"
../timer.c: In function 'Timer_setCallBack':
../timer.c:237: warning: function return types not compatible due to 'volatile'
../timer.c:241: warning: function return types not compatible due to 'volatile'
../timer.c:246: warning: function return types not compatible due to 'volatile'
Finished building: ../timer.c
 
Building file: ../uart.c
Invoking: AVR Compiler
avr-gcc -Wall -g2 -gstabs -O0 -fpack-struct -fshort-enums -ffunction-sections -fdata-sections -std=gnu99 -funsigned-char -funsigned-bitfields -mmcu=atmega32 -DF_CPU=8000000UL -MMD -MP -MF"uart.d" -MT"uart.o" -c -o "uart.o" "../uart.c"
Finished building: ../uart.c
 
Building target: HMI_ECU.elf
Invoking: AVR C Linker
avr-gcc -Wl,-Map,HMI_ECU.map -mmcu=atmega32 -o "HMI_ECU.elf"  ./LCD.o ./application_HMI.o ./gpio.o ./keypad_me.o ./timer.o ./uart.o   
Finished building target: HMI_ECU.elf
 
Invoking: AVR Create Extended Listing
avr-objdump -h -S HMI_ECU.elf  >"HMI_ECU.lss"
Finished building: HMI_ECU.lss
 
Invoking: Print Size
avr-size --format=avr --mcu=atmega32 HMI_ECU.elf
AVR Memory Usage
----------------
Device: atmega32

Program:   12062 bytes (36.8% Full)
(.text + .data + .bootloader)

Data:        656 bytes (32.0% Full)
(.data + .bss + .noinit)


Finished building: sizedummy
 
21:44:13 **** Incremental Build of configuration Debug for project control_ECU ****
make all 
Building file: ../ADC.c
Invoking: AVR Compiler
avr-gcc -Wall -g2 -gstabs -O0 -fpack-struct -fshort-enums -ffunction-sections -fdata-sections -std=gnu99 -funsigned-char -funsigned-bitfields -mmcu=atmega32 -DF_CPU=8000000UL -MMD -MP -MF"ADC.d" -MT"ADC.o" -c -o "ADC.o" "../ADC.c"
Finished building: ../ADC.c
 
Building file: ../application_control.c
Invoking: AVR Compiler
avr-gcc -Wall -g2 -gstabs -O0 -fpack-struct -fshort-enums -ffunction-sections -fdata-sections -std=gnu99 -funsigned-char -funsigned-bitfields -mmcu=atmega32 -DF_CPU=8000000UL -MMD -MP -MF"application_control.d" -MT"application_control.o" -c -o "application_control.o" "../application_control.c"
In file included from ../application_control.c:18:
c:/winavr-20100110/lib/gcc/../../avr/include/util/delay.h:90:3: warning: #warning "Compiler optimizations disabled; functions from <util/delay.h> won't work as designed"
Finished building: ../application_control.c
 
Building file: ../dc_motor.c
Invoking: AVR Compiler
avr-gcc -Wall -g2 -gstabs -O0 -fpack-struct -fshort-enums -ffunction-sections -fdata-sections -std=gnu99 -funsigned-char -funsigned-bitfields -mmcu=atmega32 -DF_CPU=8000000UL -MMD -MP -MF"dc_motor.d" -MT"dc_motor.o" -c -o "dc_motor.o" "../dc_motor.c"
Finished building: ../dc_motor.c
 
Building file: ../external_eeprom.c
Invoking: AVR Compiler
avr-gcc -Wall -g2 -gstabs -O0 -fpack-struct -fshort-enums -ffunction-sections -fdata-sections -std=gnu99 -funsigned-char -funsigned-bitfields -mmcu=atmega32 -DF_CPU=8000000UL -MMD -MP -MF"external_eeprom.d" -MT"external_eeprom.o" -c -o "external_eeprom.o" "../external_eeprom.c"
Finished building: ../external_eeprom.c
 
Building file: ../gpio.c
Invoking: AVR Compiler
avr-gcc -Wall -g2 -gstabs -O0 -fpack-struct -fshort-enums -ffunction-sections -fdata-sections -std=gnu99 -funsigned-char -funsigned-bitfields -mmcu=atmega32 -DF_CPU=8000000UL -MMD -MP -MF"gpio.d" -MT"gpio.o" -c -o "gpio.o" "../gpio.c"
Finished building: ../gpio.c
 
Building file: ../icu.c
Invoking: AVR Compiler
avr-gcc -Wall -g2 -gstabs -O0 -fpack-struct -fshort-enums -ffunction-sections -fdata-sections -std=gnu99 -funsigned-char -funsigned-bitfields -mmcu=atmega32 -DF_CPU=8000000UL -MMD -MP -MF"icu.d" -MT"icu.o" -c -o "icu.o" "../icu.c"
../icu.c: In function 'ICU_setCallBack':
../icu.c:83: warning: function return types not compatible due to 'volatile'
Finished building: ../icu.c
 
Building file: ../pwm.c
Invoking: AVR Compiler
avr-gcc -Wall -g2 -gstabs -O0 -fpack-struct -fshort-enums -ffunction-sections -fdata-sections -std=gnu99 -funsigned-char -funsigned-bitfields -mmcu=atmega32 -DF_CPU=8000000UL -MMD -MP -MF"pwm.d" -MT"pwm.o" -c -o "pwm.o" "../pwm.c"
Finished building: ../pwm.c
 
Building file: ../sensor_lm35.c
Invoking: AVR Compiler
avr-gcc -Wall -g2 -gstabs -O0 -fpack-struct -fshort-enums -ffunction-sections -fdata-sections -std=gnu99 -funsigned-char -funsigned-bitfields -mmcu=atmega32 -DF_CPU=8000000UL -MMD -MP -MF"sensor_lm35.d" -MT"sensor_lm35.o" -c -o "sensor_lm35.o" "../sensor_lm35.c"
Finished building: ../sensor_lm35.c
 
Building file: ../twi.c
Invoking: AVR Compiler
avr-gcc -Wall -g2 -gstabs -O0 -fpack-struct -fshort-enums -ffunction-sections -fdata-sections -std=gnu99 -funsigned-char -funsigned-bitfields -mmcu=atmega32 -DF_CPU=8000000UL -MMD -MP -MF"twi.d" -MT"twi.o" -c -o "twi.o" "../twi.c"
Finished building: ../twi.c
 
Building file: ../uart.c
Invoking: AVR Compiler
avr-gcc -Wall -g2 -gstabs -O0 -fpack-struct -fshort-enums -ffunction-sections -fdata-sections -std=gnu99 -funsigned-char -funsigned-bitfields -mmcu=atmega32 -DF_CPU=8000000UL -MMD -MP -MF"uart.d" -MT"uart.o" -c -o "uart.o" "../uart.c"
Finished building: ../uart.c
 
Building file: ../ultrasonic_sensor.c
Invoking: AVR Compiler
avr-gcc -Wall -g2 -gstabs -O0 -fpack-struct -fshort-enums -ffunction-sections -fdata-sections -std=gnu99 -funsigned-char -funsigned-bitfields -mmcu=atmega32 -DF_CPU=8000000UL -MMD -MP -MF"ultrasonic_sensor.d" -MT"ultrasonic_sensor.o" -c -o "ultrasonic_sensor.o" "../ultrasonic_sensor.c"
In file included from ../ultrasonic_sensor.c:11:
c:/winavr-20100110/lib/gcc/../../avr/include/util/delay.h:90:3: warning: #warning "Compiler optimizations disabled; functions from <util/delay.h> won't work as designed"
Finished building: ../ultrasonic_sensor.c
 
Building target: control_ECU.elf
Invoking: AVR C Linker
avr-gcc -Wl,-Map,control_ECU.map -mmcu=atmega32 -o "control_ECU.elf"  ./ADC.o ./application_control.o ./dc_motor.o ./external_eeprom.o ./gpio.o ./icu.o ./pwm.o ./sensor_lm35.o ./twi.o ./uart.o ./ultrasonic_sensor.o   
Finished building target: control_ECU.elf
 
Invoking: AVR Create Extended Listing
avr-objdump -h -S control_ECU.elf  >"control_ECU.lss"
Finished building: control_ECU.lss
 
Invoking: Print Size
avr-size --format=avr --mcu=atmega32 control_ECU.elf
AVR Memory Usage
----------------
Device: atmega32

Program:    9944 bytes (30.3% Full)
(.text + .data + .bootloader)

Data:        276 bytes (13.5% Full)
(.data + .bss + .noinit)


Finished building: sizedummy
 
21:44:24 **** Incremental Build of configuration Debug for project HMI_ECU ****
make all 
Invoking: Print Size
avr-size --format=avr --mcu=atmega32 HMI_ECU.elf
AVR Memory Usage
----------------
Device: atmega32

Program:   12062 bytes (36.8% Full)
(.text + .data + .bootloader)

Data:        656 bytes (32.0% Full)
(.data + .bss + .noinit)


Finished building: sizedummy
 
21:44:24 **** Incremental Build of configuration Debug for project control_ECU ****
make all 
Invoking: Print Size
avr-size --format=avr --mcu=atmega32 control_ECU.elf
AVR Memory Usage
----------------
Device: atmega32

Program:    9944 bytes (30.3% Full)
(.text + .data + .bootloader)

Data:        276 bytes (13.5% Full)
(.data + .bss + .noinit)


Finished building: sizedummy
 
21:44:29 **** Incremental Build of configuration Debug for project HMI_ECU ****
make all 
Invoking: Print Size
avr-size --format=avr --mcu=atmega32 HMI_ECU.elf
AVR Memory Usage
----------------
Device: atmega32

Program:   12062 bytes (36.8% Full)
(.text + .data + .bootloader)

Data:        656 bytes (32.0% Full)
(.data + .bss + .noinit)


Finished building: sizedummy
 
21:44:29 **** Incremental Build of configuration Debug for project control_ECU ****
make all 
Invoking: Print Size
avr-size --format=avr --mcu=atmega32 control_ECU.elf
AVR Memory Usage
----------------
Device: atmega32

Program:    9944 bytes (30.3% Full)
(.text + .data + .bootloader)

Data:        276 bytes (13.5% Full)
(.data + .bss + .noinit)


Finished building: sizedummy
 
21:49:57 **** Incremental Build of configuration Debug for project HMI_ECU ****
make all 
Invoking: Print Size
avr-size --format=avr --mcu=atmega32 HMI_ECU.elf
AVR Memory Usage
----------------
Device: atmega32

Program:   12062 bytes (36.8% Full)
(.text + .data + .bootloader)

Data:        656 bytes (32.0% Full)
(.data + .bss + .noinit)


Finished building: sizedummy
 
21:49:58 **** Incremental Build of configuration Debug for project control_ECU ****
make all 
Building file: ../application_control.c
Invoking: AVR Compiler
avr-gcc -Wall -g2 -gstabs -O0 -fpack-struct -fshort-enums -ffunction-sections -fdata-sections -std=gnu99 -funsigned-char -funsigned-bitfields -mmcu=atmega32 -DF_CPU=8000000UL -MMD -MP -MF"application_control.d" -MT"application_control.o" -c -o "application_control.o" "../application_control.c"
In file included from ../application_control.c:18:
c:/winavr-20100110/lib/gcc/../../avr/include/util/delay.h:90:3: warning: #warning "Compiler optimizations disabled; functions from <util/delay.h> won't work as designed"
Finished building: ../application_control.c
 
Building file: ../dc_motor.c
Invoking: AVR Compiler
avr-gcc -Wall -g2 -gstabs -O0 -fpack-struct -fshort-enums -ffunction-sections -fdata-sections -std=gnu99 -funsigned-char -funsigned-bitfields -mmcu=atmega32 -DF_CPU=8000000UL -MMD -MP -MF"dc_motor.d" -MT"dc_motor.o" -c -o "dc_motor.o" "../dc_motor.c"
Finished building: ../dc_motor.c
 
Building target: control_ECU.elf
Invoking: AVR C Linker
avr-gcc -Wl,-Map,control_ECU.map -mmcu=atmega32 -o "control_ECU.elf"  ./ADC.o ./application_control.o ./dc_motor.o ./external_eeprom.o ./gpio.o ./icu.o ./pwm.o ./sensor_lm35.o ./twi.o ./uart.o ./ultrasonic_sensor.o   
Finished building target: control_ECU.elf
 
Invoking: AVR Create Extended Listing
avr-objdump -h -S control_ECU.elf  >"control_ECU.lss"
Finished building: control_ECU.lss
 
Invoking: Print Size
avr-size --format=avr --mcu=atmega32 control_ECU.elf
AVR Memory Usage
----------------
Device: atmega32

Program:    9938 bytes (30.3% Full)
(.text + .data + .bootloader)

Data:        276 bytes (13.5% Full)
(.data + .bss + .noinit)


Finished building: sizedummy
 
21:50:56 **** Incremental Build of configuration Debug for project HMI_ECU ****
make all 
Invoking: Print Size
avr-size --format=avr --mcu=atmega32 HMI_ECU.elf
AVR Memory Usage
----------------
Device: atmega32

Program:   12062 bytes (36.8% Full)
(.text + .data + .bootloader)

Data:        656 bytes (32.0% Full)
(.data + .bss + .noinit)


Finished building: sizedummy
 
21:50:56 **** Incremental Build of configuration Debug for project control_ECU ****
make all 
Building file: ../dc_motor.c
Invoking: AVR Compiler
avr-gcc -Wall -g2 -gstabs -O0 -fpack-struct -fshort-enums -ffunction-sections -fdata-sections -std=gnu99 -funsigned-char -funsigned-bitfields -mmcu=atmega32 -DF_CPU=8000000UL -MMD -MP -MF"dc_motor.d" -MT"dc_motor.o" -c -o "dc_motor.o" "../dc_motor.c"
Finished building: ../dc_motor.c
 
Building target: control_ECU.elf
Invoking: AVR C Linker
avr-gcc -Wl,-Map,control_ECU.map -mmcu=atmega32 -o "control_ECU.elf"  ./ADC.o ./application_control.o ./dc_motor.o ./external_eeprom.o ./gpio.o ./icu.o ./pwm.o ./sensor_lm35.o ./twi.o ./uart.o ./ultrasonic_sensor.o   
Finished building target: control_ECU.elf
 
Invoking: AVR Create Extended Listing
avr-objdump -h -S control_ECU.elf  >"control_ECU.lss"
Finished building: control_ECU.lss
 
Invoking: Print Size
avr-size --format=avr --mcu=atmega32 control_ECU.elf
AVR Memory Usage
----------------
Device: atmega32

Program:    9944 bytes (30.3% Full)
(.text + .data + .bootloader)

Data:        276 bytes (13.5% Full)
(.data + .bss + .noinit)


Finished building: sizedummy
 
21:56:59 **** Incremental Build of configuration Debug for project HMI_ECU ****
make all 
Invoking: Print Size
avr-size --format=avr --mcu=atmega32 HMI_ECU.elf
AVR Memory Usage
----------------
Device: atmega32

Program:   12062 bytes (36.8% Full)
(.text + .data + .bootloader)

Data:        656 bytes (32.0% Full)
(.data + .bss + .noinit)


Finished building: sizedummy
 
21:56:59 **** Incremental Build of configuration Debug for project control_ECU ****
make all 
Building file: ../application_control.c
Invoking: AVR Compiler
avr-gcc -Wall -g2 -gstabs -O0 -fpack-struct -fshort-enums -ffunction-sections -fdata-sections -std=gnu99 -funsigned-char -funsigned-bitfields -mmcu=atmega32 -DF_CPU=8000000UL -MMD -MP -MF"application_control.d" -MT"application_control.o" -c -o "application_control.o" "../application_control.c"
In file included from ../application_control.c:18:
c:/winavr-20100110/lib/gcc/../../avr/include/util/delay.h:90:3: warning: #warning "Compiler optimizations disabled; functions from <util/delay.h> won't work as designed"
Finished building: ../application_control.c
 
Building file: ../dc_motor.c
Invoking: AVR Compiler
avr-gcc -Wall -g2 -gstabs -O0 -fpack-struct -fshort-enums -ffunction-sections -fdata-sections -std=gnu99 -funsigned-char -funsigned-bitfields -mmcu=atmega32 -DF_CPU=8000000UL -MMD -MP -MF"dc_motor.d" -MT"dc_motor.o" -c -o "dc_motor.o" "../dc_motor.c"
In file included from ../dc_motor.c:11:
c:/winavr-20100110/lib/gcc/../../avr/include/util/delay.h:90:3: warning: #warning "Compiler optimizations disabled; functions from <util/delay.h> won't work as designed"
Finished building: ../dc_motor.c
 
Building target: control_ECU.elf
Invoking: AVR C Linker
avr-gcc -Wl,-Map,control_ECU.map -mmcu=atmega32 -o "control_ECU.elf"  ./ADC.o ./application_control.o ./dc_motor.o ./external_eeprom.o ./gpio.o ./icu.o ./pwm.o ./sensor_lm35.o ./twi.o ./uart.o ./ultrasonic_sensor.o   
Finished building target: control_ECU.elf
 
Invoking: AVR Create Extended Listing
avr-objdump -h -S control_ECU.elf  >"control_ECU.lss"
Finished building: control_ECU.lss
 
Invoking: Print Size
avr-size --format=avr --mcu=atmega32 control_ECU.elf
AVR Memory Usage
----------------
Device: atmega32

Program:   10918 bytes (33.3% Full)
(.text + .data + .bootloader)

Data:        276 bytes (13.5% Full)
(.data + .bss + .noinit)


Finished building: sizedummy
 
22:04:41 **** Incremental Build of configuration Debug for project HMI_ECU ****
make all 
Invoking: Print Size
avr-size --format=avr --mcu=atmega32 HMI_ECU.elf
AVR Memory Usage
----------------
Device: atmega32

Program:   12062 bytes (36.8% Full)
(.text + .data + .bootloader)

Data:        656 bytes (32.0% Full)
(.data + .bss + .noinit)


Finished building: sizedummy
 
22:04:42 **** Incremental Build of configuration Debug for project control_ECU ****
make all 
Building file: ../application_control.c
Invoking: AVR Compiler
avr-gcc -Wall -g2 -gstabs -O0 -fpack-struct -fshort-enums -ffunction-sections -fdata-sections -std=gnu99 -funsigned-char -funsigned-bitfields -mmcu=atmega32 -DF_CPU=8000000UL -MMD -MP -MF"application_control.d" -MT"application_control.o" -c -o "application_control.o" "../application_control.c"
In file included from ../application_control.c:18:
c:/winavr-20100110/lib/gcc/../../avr/include/util/delay.h:90:3: warning: #warning "Compiler optimizations disabled; functions from <util/delay.h> won't work as designed"
Finished building: ../application_control.c
 
Building target: control_ECU.elf
Invoking: AVR C Linker
avr-gcc -Wl,-Map,control_ECU.map -mmcu=atmega32 -o "control_ECU.elf"  ./ADC.o ./application_control.o ./dc_motor.o ./external_eeprom.o ./gpio.o ./icu.o ./pwm.o ./sensor_lm35.o ./twi.o ./uart.o ./ultrasonic_sensor.o   
Finished building target: control_ECU.elf
 
Invoking: AVR Create Extended Listing
avr-objdump -h -S control_ECU.elf  >"control_ECU.lss"
Finished building: control_ECU.lss
 
Invoking: Print Size
avr-size --format=avr --mcu=atmega32 control_ECU.elf
AVR Memory Usage
----------------
Device: atmega32

Program:   10934 bytes (33.4% Full)
(.text + .data + .bootloader)

Data:        276 bytes (13.5% Full)
(.data + .bss + .noinit)


Finished building: sizedummy
 
22:10:01 **** Incremental Build of configuration Debug for project HMI_ECU ****
make all 
Invoking: Print Size
avr-size --format=avr --mcu=atmega32 HMI_ECU.elf
AVR Memory Usage
----------------
Device: atmega32

Program:   12062 bytes (36.8% Full)
(.text + .data + .bootloader)

Data:        656 bytes (32.0% Full)
(.data + .bss + .noinit)


Finished building: sizedummy
 
22:10:01 **** Incremental Build of configuration Debug for project control_ECU ****
make all 
Building file: ../dc_motor.c
Invoking: AVR Compiler
avr-gcc -Wall -g2 -gstabs -O0 -fpack-struct -fshort-enums -ffunction-sections -fdata-sections -std=gnu99 -funsigned-char -funsigned-bitfields -mmcu=atmega32 -DF_CPU=8000000UL -MMD -MP -MF"dc_motor.d" -MT"dc_motor.o" -c -o "dc_motor.o" "../dc_motor.c"
In file included from ../dc_motor.c:11:
c:/winavr-20100110/lib/gcc/../../avr/include/util/delay.h:90:3: warning: #warning "Compiler optimizations disabled; functions from <util/delay.h> won't work as designed"
Finished building: ../dc_motor.c
 
Building target: control_ECU.elf
Invoking: AVR C Linker
avr-gcc -Wl,-Map,control_ECU.map -mmcu=atmega32 -o "control_ECU.elf"  ./ADC.o ./application_control.o ./dc_motor.o ./external_eeprom.o ./gpio.o ./icu.o ./pwm.o ./sensor_lm35.o ./twi.o ./uart.o ./ultrasonic_sensor.o   
Finished building target: control_ECU.elf
 
Invoking: AVR Create Extended Listing
avr-objdump -h -S control_ECU.elf  >"control_ECU.lss"
Finished building: control_ECU.lss
 
Invoking: Print Size
avr-size --format=avr --mcu=atmega32 control_ECU.elf
AVR Memory Usage
----------------
Device: atmega32

Program:   10970 bytes (33.5% Full)
(.text + .data + .bootloader)

Data:        277 bytes (13.5% Full)
(.data + .bss + .noinit)


Finished building: sizedummy
 
22:14:49 **** Incremental Build of configuration Debug for project HMI_ECU ****
make all 
Building file: ../application_HMI.c
Invoking: AVR Compiler
avr-gcc -Wall -g2 -gstabs -O0 -fpack-struct -fshort-enums -ffunction-sections -fdata-sections -std=gnu99 -funsigned-char -funsigned-bitfields -mmcu=atmega32 -DF_CPU=8000000UL -MMD -MP -MF"application_HMI.d" -MT"application_HMI.o" -c -o "application_HMI.o" "../application_HMI.c"
Finished building: ../application_HMI.c
 
Building target: HMI_ECU.elf
Invoking: AVR C Linker
avr-gcc -Wl,-Map,HMI_ECU.map -mmcu=atmega32 -o "HMI_ECU.elf"  ./LCD.o ./application_HMI.o ./gpio.o ./keypad_me.o ./timer.o ./uart.o   
Finished building target: HMI_ECU.elf
 
Invoking: AVR Create Extended Listing
avr-objdump -h -S HMI_ECU.elf  >"HMI_ECU.lss"
Finished building: HMI_ECU.lss
 
Invoking: Print Size
avr-size --format=avr --mcu=atmega32 HMI_ECU.elf
AVR Memory Usage
----------------
Device: atmega32

Program:   12012 bytes (36.7% Full)
(.text + .data + .bootloader)

Data:        602 bytes (29.4% Full)
(.data + .bss + .noinit)


Finished building: sizedummy
 
22:14:50 **** Incremental Build of configuration Debug for project control_ECU ****
make all 
Invoking: Print Size
avr-size --format=avr --mcu=atmega32 control_ECU.elf
AVR Memory Usage
----------------
Device: atmega32

Program:   10970 bytes (33.5% Full)
(.text + .data + .bootloader)

Data:        277 bytes (13.5% Full)
(.data + .bss + .noinit)


Finished building: sizedummy
 
22:18:18 **** Incremental Build of configuration Debug for project HMI_ECU ****
make all 
Building file: ../application_HMI.c
Invoking: AVR Compiler
avr-gcc -Wall -g2 -gstabs -O0 -fpack-struct -fshort-enums -ffunction-sections -fdata-sections -std=gnu99 -funsigned-char -funsigned-bitfields -mmcu=atmega32 -DF_CPU=8000000UL -MMD -MP -MF"application_HMI.d" -MT"application_HMI.o" -c -o "application_HMI.o" "../application_HMI.c"
Finished building: ../application_HMI.c
 
Building target: HMI_ECU.elf
Invoking: AVR C Linker
avr-gcc -Wl,-Map,HMI_ECU.map -mmcu=atmega32 -o "HMI_ECU.elf"  ./LCD.o ./application_HMI.o ./gpio.o ./keypad_me.o ./timer.o ./uart.o   
Finished building target: HMI_ECU.elf
 
Invoking: AVR Create Extended Listing
avr-objdump -h -S HMI_ECU.elf  >"HMI_ECU.lss"
Finished building: HMI_ECU.lss
 
Invoking: Print Size
avr-size --format=avr --mcu=atmega32 HMI_ECU.elf
AVR Memory Usage
----------------
Device: atmega32

Program:   12008 bytes (36.6% Full)
(.text + .data + .bootloader)

Data:        602 bytes (29.4% Full)
(.data + .bss + .noinit)


Finished building: sizedummy
 
22:18:19 **** Incremental Build of configuration Debug for project control_ECU ****
make all 
Building file: ../application_control.c
Invoking: AVR Compiler
avr-gcc -Wall -g2 -gstabs -O0 -fpack-struct -fshort-enums -ffunction-sections -fdata-sections -std=gnu99 -funsigned-char -funsigned-bitfields -mmcu=atmega32 -DF_CPU=8000000UL -MMD -MP -MF"application_control.d" -MT"application_control.o" -c -o "application_control.o" "../application_control.c"
In file included from ../application_control.c:18:
c:/winavr-20100110/lib/gcc/../../avr/include/util/delay.h:90:3: warning: #warning "Compiler optimizations disabled; functions from <util/delay.h> won't work as designed"
Finished building: ../application_control.c
 
Building target: control_ECU.elf
Invoking: AVR C Linker
avr-gcc -Wl,-Map,control_ECU.map -mmcu=atmega32 -o "control_ECU.elf"  ./ADC.o ./application_control.o ./dc_motor.o ./external_eeprom.o ./gpio.o ./icu.o ./pwm.o ./sensor_lm35.o ./twi.o ./uart.o ./ultrasonic_sensor.o   
Finished building target: control_ECU.elf
 
Invoking: AVR Create Extended Listing
avr-objdump -h -S control_ECU.elf  >"control_ECU.lss"
Finished building: control_ECU.lss
 
Invoking: Print Size
avr-size --format=avr --mcu=atmega32 control_ECU.elf
AVR Memory Usage
----------------
Device: atmega32

Program:   10954 bytes (33.4% Full)
(.text + .data + .bootloader)

Data:        277 bytes (13.5% Full)
(.data + .bss + .noinit)


Finished building: sizedummy
 
22:19:50 **** Incremental Build of configuration Debug for project HMI_ECU ****
make all 
Building file: ../application_HMI.c
Invoking: AVR Compiler
avr-gcc -Wall -g2 -gstabs -O0 -fpack-struct -fshort-enums -ffunction-sections -fdata-sections -std=gnu99 -funsigned-char -funsigned-bitfields -mmcu=atmega32 -DF_CPU=8000000UL -MMD -MP -MF"application_HMI.d" -MT"application_HMI.o" -c -o "application_HMI.o" "../application_HMI.c"
Finished building: ../application_HMI.c
 
Building target: HMI_ECU.elf
Invoking: AVR C Linker
avr-gcc -Wl,-Map,HMI_ECU.map -mmcu=atmega32 -o "HMI_ECU.elf"  ./LCD.o ./application_HMI.o ./gpio.o ./keypad_me.o ./timer.o ./uart.o   
Finished building target: HMI_ECU.elf
 
Invoking: AVR Create Extended Listing
avr-objdump -h -S HMI_ECU.elf  >"HMI_ECU.lss"
Finished building: HMI_ECU.lss
 
Invoking: Print Size
avr-size --format=avr --mcu=atmega32 HMI_ECU.elf
AVR Memory Usage
----------------
Device: atmega32

Program:   12028 bytes (36.7% Full)
(.text + .data + .bootloader)

Data:        622 bytes (30.4% Full)
(.data + .bss + .noinit)


Finished building: sizedummy
 
22:19:51 **** Incremental Build of configuration Debug for project control_ECU ****
make all 
Invoking: Print Size
avr-size --format=avr --mcu=atmega32 control_ECU.elf
AVR Memory Usage
----------------
Device: atmega32

Program:   10954 bytes (33.4% Full)
(.text + .data + .bootloader)

Data:        277 bytes (13.5% Full)
(.data + .bss + .noinit)


Finished building: sizedummy
 
22:21:21 **** Incremental Build of configuration Debug for project HMI_ECU ****
make all 
Invoking: Print Size
avr-size --format=avr --mcu=atmega32 HMI_ECU.elf
AVR Memory Usage
----------------
Device: atmega32

Program:   12028 bytes (36.7% Full)
(.text + .data + .bootloader)

Data:        622 bytes (30.4% Full)
(.data + .bss + .noinit)


Finished building: sizedummy
 
22:21:22 **** Incremental Build of configuration Debug for project control_ECU ****
make all 
Building file: ../dc_motor.c
Invoking: AVR Compiler
avr-gcc -Wall -g2 -gstabs -O0 -fpack-struct -fshort-enums -ffunction-sections -fdata-sections -std=gnu99 -funsigned-char -funsigned-bitfields -mmcu=atmega32 -DF_CPU=8000000UL -MMD -MP -MF"dc_motor.d" -MT"dc_motor.o" -c -o "dc_motor.o" "../dc_motor.c"
In file included from ../dc_motor.c:11:
c:/winavr-20100110/lib/gcc/../../avr/include/util/delay.h:90:3: warning: #warning "Compiler optimizations disabled; functions from <util/delay.h> won't work as designed"
Finished building: ../dc_motor.c
 
Building target: control_ECU.elf
Invoking: AVR C Linker
avr-gcc -Wl,-Map,control_ECU.map -mmcu=atmega32 -o "control_ECU.elf"  ./ADC.o ./application_control.o ./dc_motor.o ./external_eeprom.o ./gpio.o ./icu.o ./pwm.o ./sensor_lm35.o ./twi.o ./uart.o ./ultrasonic_sensor.o   
Finished building target: control_ECU.elf
 
Invoking: AVR Create Extended Listing
avr-objdump -h -S control_ECU.elf  >"control_ECU.lss"
Finished building: control_ECU.lss
 
Invoking: Print Size
avr-size --format=avr --mcu=atmega32 control_ECU.elf
AVR Memory Usage
----------------
Device: atmega32

Program:    9980 bytes (30.5% Full)
(.text + .data + .bootloader)

Data:        277 bytes (13.5% Full)
(.data + .bss + .noinit)


Finished building: sizedummy
 
22:22:31 **** Incremental Build of configuration Debug for project HMI_ECU ****
make all 
Building file: ../application_HMI.c
Invoking: AVR Compiler
avr-gcc -Wall -g2 -gstabs -O0 -fpack-struct -fshort-enums -ffunction-sections -fdata-sections -std=gnu99 -funsigned-char -funsigned-bitfields -mmcu=atmega32 -DF_CPU=8000000UL -MMD -MP -MF"application_HMI.d" -MT"application_HMI.o" -c -o "application_HMI.o" "../application_HMI.c"
Finished building: ../application_HMI.c
 
Building target: HMI_ECU.elf
Invoking: AVR C Linker
avr-gcc -Wl,-Map,HMI_ECU.map -mmcu=atmega32 -o "HMI_ECU.elf"  ./LCD.o ./application_HMI.o ./gpio.o ./keypad_me.o ./timer.o ./uart.o   
Finished building target: HMI_ECU.elf
 
Invoking: AVR Create Extended Listing
avr-objdump -h -S HMI_ECU.elf  >"HMI_ECU.lss"
Finished building: HMI_ECU.lss
 
Invoking: Print Size
avr-size --format=avr --mcu=atmega32 HMI_ECU.elf
AVR Memory Usage
----------------
Device: atmega32

Program:   12012 bytes (36.7% Full)
(.text + .data + .bootloader)

Data:        602 bytes (29.4% Full)
(.data + .bss + .noinit)


Finished building: sizedummy
 
22:22:32 **** Incremental Build of configuration Debug for project control_ECU ****
make all 
Invoking: Print Size
avr-size --format=avr --mcu=atmega32 control_ECU.elf
AVR Memory Usage
----------------
Device: atmega32

Program:    9980 bytes (30.5% Full)
(.text + .data + .bootloader)

Data:        277 bytes (13.5% Full)
(.data + .bss + .noinit)


Finished building: sizedummy
 
22:24:36 **** Incremental Build of configuration Debug for project HMI_ECU ****
make all 
Building file: ../application_HMI.c
Invoking: AVR Compiler
avr-gcc -Wall -g2 -gstabs -O0 -fpack-struct -fshort-enums -ffunction-sections -fdata-sections -std=gnu99 -funsigned-char -funsigned-bitfields -mmcu=atmega32 -DF_CPU=8000000UL -MMD -MP -MF"application_HMI.d" -MT"application_HMI.o" -c -o "application_HMI.o" "../application_HMI.c"
Finished building: ../application_HMI.c
 
Building target: HMI_ECU.elf
Invoking: AVR C Linker
avr-gcc -Wl,-Map,HMI_ECU.map -mmcu=atmega32 -o "HMI_ECU.elf"  ./LCD.o ./application_HMI.o ./gpio.o ./keypad_me.o ./timer.o ./uart.o   
Finished building target: HMI_ECU.elf
 
Invoking: AVR Create Extended Listing
avr-objdump -h -S HMI_ECU.elf  >"HMI_ECU.lss"
Finished building: HMI_ECU.lss
 
Invoking: Print Size
avr-size --format=avr --mcu=atmega32 HMI_ECU.elf
AVR Memory Usage
----------------
Device: atmega32

Program:   12020 bytes (36.7% Full)
(.text + .data + .bootloader)

Data:        602 bytes (29.4% Full)
(.data + .bss + .noinit)


Finished building: sizedummy
 
22:24:37 **** Incremental Build of configuration Debug for project control_ECU ****
make all 
Invoking: Print Size
avr-size --format=avr --mcu=atmega32 control_ECU.elf
AVR Memory Usage
----------------
Device: atmega32

Program:    9980 bytes (30.5% Full)
(.text + .data + .bootloader)

Data:        277 bytes (13.5% Full)
(.data + .bss + .noinit)


Finished building: sizedummy
 
22:26:01 **** Incremental Build of configuration Debug for project HMI_ECU ****
make all 
Invoking: Print Size
avr-size --format=avr --mcu=atmega32 HMI_ECU.elf
AVR Memory Usage
----------------
Device: atmega32

Program:   12020 bytes (36.7% Full)
(.text + .data + .bootloader)

Data:        602 bytes (29.4% Full)
(.data + .bss + .noinit)


Finished building: sizedummy
 
22:26:02 **** Incremental Build of configuration Debug for project control_ECU ****
make all 
Building file: ../dc_motor.c
Invoking: AVR Compiler
avr-gcc -Wall -g2 -gstabs -O0 -fpack-struct -fshort-enums -ffunction-sections -fdata-sections -std=gnu99 -funsigned-char -funsigned-bitfields -mmcu=atmega32 -DF_CPU=8000000UL -MMD -MP -MF"dc_motor.d" -MT"dc_motor.o" -c -o "dc_motor.o" "../dc_motor.c"
In file included from ../dc_motor.c:11:
c:/winavr-20100110/lib/gcc/../../avr/include/util/delay.h:90:3: warning: #warning "Compiler optimizations disabled; functions from <util/delay.h> won't work as designed"
../dc_motor.c: In function 'DCMotor_Get_Button_WIN1':
../dc_motor.c:168: warning: control reaches end of non-void function
../dc_motor.c: In function 'DCMotor_Get_Button_WIN2':
../dc_motor.c:182: warning: control reaches end of non-void function
Finished building: ../dc_motor.c
 
Building target: control_ECU.elf
Invoking: AVR C Linker
avr-gcc -Wl,-Map,control_ECU.map -mmcu=atmega32 -o "control_ECU.elf"  ./ADC.o ./application_control.o ./dc_motor.o ./external_eeprom.o ./gpio.o ./icu.o ./pwm.o ./sensor_lm35.o ./twi.o ./uart.o ./ultrasonic_sensor.o   
Finished building target: control_ECU.elf
 
Invoking: AVR Create Extended Listing
avr-objdump -h -S control_ECU.elf  >"control_ECU.lss"
Finished building: control_ECU.lss
 
Invoking: Print Size
avr-size --format=avr --mcu=atmega32 control_ECU.elf
AVR Memory Usage
----------------
Device: atmega32

Program:    9992 bytes (30.5% Full)
(.text + .data + .bootloader)

Data:        277 bytes (13.5% Full)
(.data + .bss + .noinit)


Finished building: sizedummy
 
22:28:23 **** Incremental Build of configuration Debug for project HMI_ECU ****
make all 
Building file: ../application_HMI.c
Invoking: AVR Compiler
avr-gcc -Wall -g2 -gstabs -O0 -fpack-struct -fshort-enums -ffunction-sections -fdata-sections -std=gnu99 -funsigned-char -funsigned-bitfields -mmcu=atmega32 -DF_CPU=8000000UL -MMD -MP -MF"application_HMI.d" -MT"application_HMI.o" -c -o "application_HMI.o" "../application_HMI.c"
Finished building: ../application_HMI.c
 
Building target: HMI_ECU.elf
Invoking: AVR C Linker
avr-gcc -Wl,-Map,HMI_ECU.map -mmcu=atmega32 -o "HMI_ECU.elf"  ./LCD.o ./application_HMI.o ./gpio.o ./keypad_me.o ./timer.o ./uart.o   
Finished building target: HMI_ECU.elf
 
Invoking: AVR Create Extended Listing
avr-objdump -h -S HMI_ECU.elf  >"HMI_ECU.lss"
Finished building: HMI_ECU.lss
 
Invoking: Print Size
avr-size --format=avr --mcu=atmega32 HMI_ECU.elf
AVR Memory Usage
----------------
Device: atmega32

Program:   12022 bytes (36.7% Full)
(.text + .data + .bootloader)

Data:        602 bytes (29.4% Full)
(.data + .bss + .noinit)


Finished building: sizedummy
 
22:28:24 **** Incremental Build of configuration Debug for project control_ECU ****
make all 
Invoking: Print Size
avr-size --format=avr --mcu=atmega32 control_ECU.elf
AVR Memory Usage
----------------
Device: atmega32

Program:    9992 bytes (30.5% Full)
(.text + .data + .bootloader)

Data:        277 bytes (13.5% Full)
(.data + .bss + .noinit)


Finished building: sizedummy
 
22:29:21 **** Incremental Build of configuration Debug for project HMI_ECU ****
make all 
Building file: ../application_HMI.c
Invoking: AVR Compiler
avr-gcc -Wall -g2 -gstabs -O0 -fpack-struct -fshort-enums -ffunction-sections -fdata-sections -std=gnu99 -funsigned-char -funsigned-bitfields -mmcu=atmega32 -DF_CPU=8000000UL -MMD -MP -MF"application_HMI.d" -MT"application_HMI.o" -c -o "application_HMI.o" "../application_HMI.c"
Finished building: ../application_HMI.c
 
Building target: HMI_ECU.elf
Invoking: AVR C Linker
avr-gcc -Wl,-Map,HMI_ECU.map -mmcu=atmega32 -o "HMI_ECU.elf"  ./LCD.o ./application_HMI.o ./gpio.o ./keypad_me.o ./timer.o ./uart.o   
Finished building target: HMI_ECU.elf
 
Invoking: AVR Create Extended Listing
avr-objdump -h -S HMI_ECU.elf  >"HMI_ECU.lss"
Finished building: HMI_ECU.lss
 
Invoking: Print Size
avr-size --format=avr --mcu=atmega32 HMI_ECU.elf
AVR Memory Usage
----------------
Device: atmega32

Program:   12024 bytes (36.7% Full)
(.text + .data + .bootloader)

Data:        602 bytes (29.4% Full)
(.data + .bss + .noinit)


Finished building: sizedummy
 
22:29:22 **** Incremental Build of configuration Debug for project control_ECU ****
make all 
Invoking: Print Size
avr-size --format=avr --mcu=atmega32 control_ECU.elf
AVR Memory Usage
----------------
Device: atmega32

Program:    9992 bytes (30.5% Full)
(.text + .data + .bootloader)

Data:        277 bytes (13.5% Full)
(.data + .bss + .noinit)


Finished building: sizedummy
 
22:30:51 **** Incremental Build of configuration Debug for project HMI_ECU ****
make all 
Invoking: Print Size
avr-size --format=avr --mcu=atmega32 HMI_ECU.elf
AVR Memory Usage
----------------
Device: atmega32

Program:   12024 bytes (36.7% Full)
(.text + .data + .bootloader)

Data:        602 bytes (29.4% Full)
(.data + .bss + .noinit)


Finished building: sizedummy
 
22:30:51 **** Incremental Build of configuration Debug for project control_ECU ****
make all 
Invoking: Print Size
avr-size --format=avr --mcu=atmega32 control_ECU.elf
AVR Memory Usage
----------------
Device: atmega32

Program:    9992 bytes (30.5% Full)
(.text + .data + .bootloader)

Data:        277 bytes (13.5% Full)
(.data + .bss + .noinit)


Finished building: sizedummy
 
22:30:53 **** Incremental Build of configuration Debug for project HMI_ECU ****
make all 
Building file: ../application_HMI.c
Invoking: AVR Compiler
avr-gcc -Wall -g2 -gstabs -O0 -fpack-struct -fshort-enums -ffunction-sections -fdata-sections -std=gnu99 -funsigned-char -funsigned-bitfields -mmcu=atmega32 -DF_CPU=8000000UL -MMD -MP -MF"application_HMI.d" -MT"application_HMI.o" -c -o "application_HMI.o" "../application_HMI.c"
Finished building: ../application_HMI.c
 
Building target: HMI_ECU.elf
Invoking: AVR C Linker
avr-gcc -Wl,-Map,HMI_ECU.map -mmcu=atmega32 -o "HMI_ECU.elf"  ./LCD.o ./application_HMI.o ./gpio.o ./keypad_me.o ./timer.o ./uart.o   
Finished building target: HMI_ECU.elf
 
Invoking: AVR Create Extended Listing
avr-objdump -h -S HMI_ECU.elf  >"HMI_ECU.lss"
Finished building: HMI_ECU.lss
 
Invoking: Print Size
avr-size --format=avr --mcu=atmega32 HMI_ECU.elf
AVR Memory Usage
----------------
Device: atmega32

Program:   12028 bytes (36.7% Full)
(.text + .data + .bootloader)

Data:        602 bytes (29.4% Full)
(.data + .bss + .noinit)


Finished building: sizedummy
 
22:30:54 **** Incremental Build of configuration Debug for project control_ECU ****
make all 
Invoking: Print Size
avr-size --format=avr --mcu=atmega32 control_ECU.elf
AVR Memory Usage
----------------
Device: atmega32

Program:    9992 bytes (30.5% Full)
(.text + .data + .bootloader)

Data:        277 bytes (13.5% Full)
(.data + .bss + .noinit)


Finished building: sizedummy
 
22:32:03 **** Incremental Build of configuration Debug for project HMI_ECU ****
make all 
Building file: ../application_HMI.c
Invoking: AVR Compiler
avr-gcc -Wall -g2 -gstabs -O0 -fpack-struct -fshort-enums -ffunction-sections -fdata-sections -std=gnu99 -funsigned-char -funsigned-bitfields -mmcu=atmega32 -DF_CPU=8000000UL -MMD -MP -MF"application_HMI.d" -MT"application_HMI.o" -c -o "application_HMI.o" "../application_HMI.c"
Finished building: ../application_HMI.c
 
Building target: HMI_ECU.elf
Invoking: AVR C Linker
avr-gcc -Wl,-Map,HMI_ECU.map -mmcu=atmega32 -o "HMI_ECU.elf"  ./LCD.o ./application_HMI.o ./gpio.o ./keypad_me.o ./timer.o ./uart.o   
Finished building target: HMI_ECU.elf
 
Invoking: AVR Create Extended Listing
avr-objdump -h -S HMI_ECU.elf  >"HMI_ECU.lss"
Finished building: HMI_ECU.lss
 
Invoking: Print Size
avr-size --format=avr --mcu=atmega32 HMI_ECU.elf
AVR Memory Usage
----------------
Device: atmega32

Program:   12028 bytes (36.7% Full)
(.text + .data + .bootloader)

Data:        602 bytes (29.4% Full)
(.data + .bss + .noinit)


Finished building: sizedummy
 
22:32:04 **** Incremental Build of configuration Debug for project control_ECU ****
make all 
Invoking: Print Size
avr-size --format=avr --mcu=atmega32 control_ECU.elf
AVR Memory Usage
----------------
Device: atmega32

Program:    9992 bytes (30.5% Full)
(.text + .data + .bootloader)

Data:        277 bytes (13.5% Full)
(.data + .bss + .noinit)


Finished building: sizedummy
 
22:33:38 **** Incremental Build of configuration Debug for project HMI_ECU ****
make all 
Building file: ../application_HMI.c
Invoking: AVR Compiler
avr-gcc -Wall -g2 -gstabs -O0 -fpack-struct -fshort-enums -ffunction-sections -fdata-sections -std=gnu99 -funsigned-char -funsigned-bitfields -mmcu=atmega32 -DF_CPU=8000000UL -MMD -MP -MF"application_HMI.d" -MT"application_HMI.o" -c -o "application_HMI.o" "../application_HMI.c"
Finished building: ../application_HMI.c
 
Building target: HMI_ECU.elf
Invoking: AVR C Linker
avr-gcc -Wl,-Map,HMI_ECU.map -mmcu=atmega32 -o "HMI_ECU.elf"  ./LCD.o ./application_HMI.o ./gpio.o ./keypad_me.o ./timer.o ./uart.o   
Finished building target: HMI_ECU.elf
 
Invoking: AVR Create Extended Listing
avr-objdump -h -S HMI_ECU.elf  >"HMI_ECU.lss"
Finished building: HMI_ECU.lss
 
Invoking: Print Size
avr-size --format=avr --mcu=atmega32 HMI_ECU.elf
AVR Memory Usage
----------------
Device: atmega32

Program:   12028 bytes (36.7% Full)
(.text + .data + .bootloader)

Data:        602 bytes (29.4% Full)
(.data + .bss + .noinit)


Finished building: sizedummy
 
22:33:39 **** Incremental Build of configuration Debug for project control_ECU ****
make all 
Invoking: Print Size
avr-size --format=avr --mcu=atmega32 control_ECU.elf
AVR Memory Usage
----------------
Device: atmega32

Program:    9992 bytes (30.5% Full)
(.text + .data + .bootloader)

Data:        277 bytes (13.5% Full)
(.data + .bss + .noinit)


Finished building: sizedummy
 
22:37:53 **** Incremental Build of configuration Debug for project HMI_ECU ****
make all 
Building file: ../application_HMI.c
Invoking: AVR Compiler
avr-gcc -Wall -g2 -gstabs -O0 -fpack-struct -fshort-enums -ffunction-sections -fdata-sections -std=gnu99 -funsigned-char -funsigned-bitfields -mmcu=atmega32 -DF_CPU=8000000UL -MMD -MP -MF"application_HMI.d" -MT"application_HMI.o" -c -o "application_HMI.o" "../application_HMI.c"
Finished building: ../application_HMI.c
 
Building target: HMI_ECU.elf
Invoking: AVR C Linker
avr-gcc -Wl,-Map,HMI_ECU.map -mmcu=atmega32 -o "HMI_ECU.elf"  ./LCD.o ./application_HMI.o ./gpio.o ./keypad_me.o ./timer.o ./uart.o   
Finished building target: HMI_ECU.elf
 
Invoking: AVR Create Extended Listing
avr-objdump -h -S HMI_ECU.elf  >"HMI_ECU.lss"
Finished building: HMI_ECU.lss
 
Invoking: Print Size
avr-size --format=avr --mcu=atmega32 HMI_ECU.elf
AVR Memory Usage
----------------
Device: atmega32

Program:   12022 bytes (36.7% Full)
(.text + .data + .bootloader)

Data:        602 bytes (29.4% Full)
(.data + .bss + .noinit)


Finished building: sizedummy
 
22:37:53 **** Incremental Build of configuration Debug for project control_ECU ****
make all 
Invoking: Print Size
avr-size --format=avr --mcu=atmega32 control_ECU.elf
AVR Memory Usage
----------------
Device: atmega32

Program:    9992 bytes (30.5% Full)
(.text + .data + .bootloader)

Data:        277 bytes (13.5% Full)
(.data + .bss + .noinit)


Finished building: sizedummy
 
22:40:39 **** Incremental Build of configuration Debug for project HMI_ECU ****
make all 
Building file: ../application_HMI.c
Invoking: AVR Compiler
avr-gcc -Wall -g2 -gstabs -O0 -fpack-struct -fshort-enums -ffunction-sections -fdata-sections -std=gnu99 -funsigned-char -funsigned-bitfields -mmcu=atmega32 -DF_CPU=8000000UL -MMD -MP -MF"application_HMI.d" -MT"application_HMI.o" -c -o "application_HMI.o" "../application_HMI.c"
Finished building: ../application_HMI.c
 
Building target: HMI_ECU.elf
Invoking: AVR C Linker
avr-gcc -Wl,-Map,HMI_ECU.map -mmcu=atmega32 -o "HMI_ECU.elf"  ./LCD.o ./application_HMI.o ./gpio.o ./keypad_me.o ./timer.o ./uart.o   
Finished building target: HMI_ECU.elf
 
Invoking: AVR Create Extended Listing
avr-objdump -h -S HMI_ECU.elf  >"HMI_ECU.lss"
Finished building: HMI_ECU.lss
 
Invoking: Print Size
avr-size --format=avr --mcu=atmega32 HMI_ECU.elf
AVR Memory Usage
----------------
Device: atmega32

Program:   12140 bytes (37.0% Full)
(.text + .data + .bootloader)

Data:        718 bytes (35.1% Full)
(.data + .bss + .noinit)


Finished building: sizedummy
 
22:40:40 **** Incremental Build of configuration Debug for project control_ECU ****
make all 
Invoking: Print Size
avr-size --format=avr --mcu=atmega32 control_ECU.elf
AVR Memory Usage
----------------
Device: atmega32

Program:    9992 bytes (30.5% Full)
(.text + .data + .bootloader)

Data:        277 bytes (13.5% Full)
(.data + .bss + .noinit)


Finished building: sizedummy
 
22:42:06 **** Incremental Build of configuration Debug for project HMI_ECU ****
make all 
Building file: ../application_HMI.c
Invoking: AVR Compiler
avr-gcc -Wall -g2 -gstabs -O0 -fpack-struct -fshort-enums -ffunction-sections -fdata-sections -std=gnu99 -funsigned-char -funsigned-bitfields -mmcu=atmega32 -DF_CPU=8000000UL -MMD -MP -MF"application_HMI.d" -MT"application_HMI.o" -c -o "application_HMI.o" "../application_HMI.c"
Finished building: ../application_HMI.c
 
Building target: HMI_ECU.elf
Invoking: AVR C Linker
avr-gcc -Wl,-Map,HMI_ECU.map -mmcu=atmega32 -o "HMI_ECU.elf"  ./LCD.o ./application_HMI.o ./gpio.o ./keypad_me.o ./timer.o ./uart.o   
Finished building target: HMI_ECU.elf
 
Invoking: AVR Create Extended Listing
avr-objdump -h -S HMI_ECU.elf  >"HMI_ECU.lss"
Finished building: HMI_ECU.lss
 
Invoking: Print Size
avr-size --format=avr --mcu=atmega32 HMI_ECU.elf
AVR Memory Usage
----------------
Device: atmega32

Program:   12118 bytes (37.0% Full)
(.text + .data + .bootloader)

Data:        696 bytes (34.0% Full)
(.data + .bss + .noinit)


Finished building: sizedummy
 
22:42:07 **** Incremental Build of configuration Debug for project control_ECU ****
make all 
Invoking: Print Size
avr-size --format=avr --mcu=atmega32 control_ECU.elf
AVR Memory Usage
----------------
Device: atmega32

Program:    9992 bytes (30.5% Full)
(.text + .data + .bootloader)

Data:        277 bytes (13.5% Full)
(.data + .bss + .noinit)


Finished building: sizedummy
 
22:43:37 **** Incremental Build of configuration Debug for project HMI_ECU ****
make all 
Building file: ../application_HMI.c
Invoking: AVR Compiler
avr-gcc -Wall -g2 -gstabs -O0 -fpack-struct -fshort-enums -ffunction-sections -fdata-sections -std=gnu99 -funsigned-char -funsigned-bitfields -mmcu=atmega32 -DF_CPU=8000000UL -MMD -MP -MF"application_HMI.d" -MT"application_HMI.o" -c -o "application_HMI.o" "../application_HMI.c"
Finished building: ../application_HMI.c
 
Building target: HMI_ECU.elf
Invoking: AVR C Linker
avr-gcc -Wl,-Map,HMI_ECU.map -mmcu=atmega32 -o "HMI_ECU.elf"  ./LCD.o ./application_HMI.o ./gpio.o ./keypad_me.o ./timer.o ./uart.o   
Finished building target: HMI_ECU.elf
 
Invoking: AVR Create Extended Listing
avr-objdump -h -S HMI_ECU.elf  >"HMI_ECU.lss"
Finished building: HMI_ECU.lss
 
Invoking: Print Size
avr-size --format=avr --mcu=atmega32 HMI_ECU.elf
AVR Memory Usage
----------------
Device: atmega32

Program:   12140 bytes (37.0% Full)
(.text + .data + .bootloader)

Data:        714 bytes (34.9% Full)
(.data + .bss + .noinit)


Finished building: sizedummy
 
22:43:38 **** Incremental Build of configuration Debug for project control_ECU ****
make all 
Invoking: Print Size
avr-size --format=avr --mcu=atmega32 control_ECU.elf
AVR Memory Usage
----------------
Device: atmega32

Program:    9992 bytes (30.5% Full)
(.text + .data + .bootloader)

Data:        277 bytes (13.5% Full)
(.data + .bss + .noinit)


Finished building: sizedummy
 
22:44:55 **** Incremental Build of configuration Debug for project HMI_ECU ****
make all 
Building file: ../application_HMI.c
Invoking: AVR Compiler
avr-gcc -Wall -g2 -gstabs -O0 -fpack-struct -fshort-enums -ffunction-sections -fdata-sections -std=gnu99 -funsigned-char -funsigned-bitfields -mmcu=atmega32 -DF_CPU=8000000UL -MMD -MP -MF"application_HMI.d" -MT"application_HMI.o" -c -o "application_HMI.o" "../application_HMI.c"
Finished building: ../application_HMI.c
 
Building target: HMI_ECU.elf
Invoking: AVR C Linker
avr-gcc -Wl,-Map,HMI_ECU.map -mmcu=atmega32 -o "HMI_ECU.elf"  ./LCD.o ./application_HMI.o ./gpio.o ./keypad_me.o ./timer.o ./uart.o   
Finished building target: HMI_ECU.elf
 
Invoking: AVR Create Extended Listing
avr-objdump -h -S HMI_ECU.elf  >"HMI_ECU.lss"
Finished building: HMI_ECU.lss
 
Invoking: Print Size
avr-size --format=avr --mcu=atmega32 HMI_ECU.elf
AVR Memory Usage
----------------
Device: atmega32

Program:   12174 bytes (37.2% Full)
(.text + .data + .bootloader)

Data:        748 bytes (36.5% Full)
(.data + .bss + .noinit)


Finished building: sizedummy
 
22:44:56 **** Incremental Build of configuration Debug for project control_ECU ****
make all 
Invoking: Print Size
avr-size --format=avr --mcu=atmega32 control_ECU.elf
AVR Memory Usage
----------------
Device: atmega32

Program:    9992 bytes (30.5% Full)
(.text + .data + .bootloader)

Data:        277 bytes (13.5% Full)
(.data + .bss + .noinit)


Finished building: sizedummy
 
22:47:28 **** Incremental Build of configuration Debug for project HMI_ECU ****
make all 
Invoking: Print Size
avr-size --format=avr --mcu=atmega32 HMI_ECU.elf
AVR Memory Usage
----------------
Device: atmega32

Program:   12174 bytes (37.2% Full)
(.text + .data + .bootloader)

Data:        748 bytes (36.5% Full)
(.data + .bss + .noinit)


Finished building: sizedummy
 
22:47:29 **** Incremental Build of configuration Debug for project control_ECU ****
make all 
Building file: ../application_control.c
Invoking: AVR Compiler
avr-gcc -Wall -g2 -gstabs -O0 -fpack-struct -fshort-enums -ffunction-sections -fdata-sections -std=gnu99 -funsigned-char -funsigned-bitfields -mmcu=atmega32 -DF_CPU=8000000UL -MMD -MP -MF"application_control.d" -MT"application_control.o" -c -o "application_control.o" "../application_control.c"
In file included from ../application_control.c:18:
c:/winavr-20100110/lib/gcc/../../avr/include/util/delay.h:90:3: warning: #warning "Compiler optimizations disabled; functions from <util/delay.h> won't work as designed"
Finished building: ../application_control.c
 
Building target: control_ECU.elf
Invoking: AVR C Linker
avr-gcc -Wl,-Map,control_ECU.map -mmcu=atmega32 -o "control_ECU.elf"  ./ADC.o ./application_control.o ./dc_motor.o ./external_eeprom.o ./gpio.o ./icu.o ./pwm.o ./sensor_lm35.o ./twi.o ./uart.o ./ultrasonic_sensor.o   
Finished building target: control_ECU.elf
 
Invoking: AVR Create Extended Listing
avr-objdump -h -S control_ECU.elf  >"control_ECU.lss"
Finished building: control_ECU.lss
 
Invoking: Print Size
avr-size --format=avr --mcu=atmega32 control_ECU.elf
AVR Memory Usage
----------------
Device: atmega32

Program:   10004 bytes (30.5% Full)
(.text + .data + .bootloader)

Data:        277 bytes (13.5% Full)
(.data + .bss + .noinit)


Finished building: sizedummy
 
22:50:48 **** Incremental Build of configuration Debug for project HMI_ECU ****
make all 
Building file: ../application_HMI.c
Invoking: AVR Compiler
avr-gcc -Wall -g2 -gstabs -O0 -fpack-struct -fshort-enums -ffunction-sections -fdata-sections -std=gnu99 -funsigned-char -funsigned-bitfields -mmcu=atmega32 -DF_CPU=8000000UL -MMD -MP -MF"application_HMI.d" -MT"application_HMI.o" -c -o "application_HMI.o" "../application_HMI.c"
Finished building: ../application_HMI.c
 
Building target: HMI_ECU.elf
Invoking: AVR C Linker
avr-gcc -Wl,-Map,HMI_ECU.map -mmcu=atmega32 -o "HMI_ECU.elf"  ./LCD.o ./application_HMI.o ./gpio.o ./keypad_me.o ./timer.o ./uart.o   
Finished building target: HMI_ECU.elf
 
Invoking: AVR Create Extended Listing
avr-objdump -h -S HMI_ECU.elf  >"HMI_ECU.lss"
Finished building: HMI_ECU.lss
 
Invoking: Print Size
avr-size --format=avr --mcu=atmega32 HMI_ECU.elf
AVR Memory Usage
----------------
Device: atmega32

Program:   12096 bytes (36.9% Full)
(.text + .data + .bootloader)

Data:        662 bytes (32.3% Full)
(.data + .bss + .noinit)


Finished building: sizedummy
 
22:50:49 **** Incremental Build of configuration Debug for project control_ECU ****
make all 
Invoking: Print Size
avr-size --format=avr --mcu=atmega32 control_ECU.elf
AVR Memory Usage
----------------
Device: atmega32

Program:   10004 bytes (30.5% Full)
(.text + .data + .bootloader)

Data:        277 bytes (13.5% Full)
(.data + .bss + .noinit)


Finished building: sizedummy
 
22:50:52 **** Incremental Build of configuration Debug for project HMI_ECU ****
make all 
Invoking: Print Size
avr-size --format=avr --mcu=atmega32 HMI_ECU.elf
AVR Memory Usage
----------------
Device: atmega32

Program:   12096 bytes (36.9% Full)
(.text + .data + .bootloader)

Data:        662 bytes (32.3% Full)
(.data + .bss + .noinit)


Finished building: sizedummy
 
22:50:53 **** Incremental Build of configuration Debug for project control_ECU ****
make all 
Building file: ../application_control.c
Invoking: AVR Compiler
avr-gcc -Wall -g2 -gstabs -O0 -fpack-struct -fshort-enums -ffunction-sections -fdata-sections -std=gnu99 -funsigned-char -funsigned-bitfields -mmcu=atmega32 -DF_CPU=8000000UL -MMD -MP -MF"application_control.d" -MT"application_control.o" -c -o "application_control.o" "../application_control.c"
In file included from ../application_control.c:18:
c:/winavr-20100110/lib/gcc/../../avr/include/util/delay.h:90:3: warning: #warning "Compiler optimizations disabled; functions from <util/delay.h> won't work as designed"
Finished building: ../application_control.c
 
Building target: control_ECU.elf
Invoking: AVR C Linker
avr-gcc -Wl,-Map,control_ECU.map -mmcu=atmega32 -o "control_ECU.elf"  ./ADC.o ./application_control.o ./dc_motor.o ./external_eeprom.o ./gpio.o ./icu.o ./pwm.o ./sensor_lm35.o ./twi.o ./uart.o ./ultrasonic_sensor.o   
Finished building target: control_ECU.elf
 
Invoking: AVR Create Extended Listing
avr-objdump -h -S control_ECU.elf  >"control_ECU.lss"
Finished building: control_ECU.lss
 
Invoking: Print Size
avr-size --format=avr --mcu=atmega32 control_ECU.elf
AVR Memory Usage
----------------
Device: atmega32

Program:    9992 bytes (30.5% Full)
(.text + .data + .bootloader)

Data:        277 bytes (13.5% Full)
(.data + .bss + .noinit)


Finished building: sizedummy
 
22:52:13 **** Incremental Build of configuration Debug for project HMI_ECU ****
make all 
Building file: ../application_HMI.c
Invoking: AVR Compiler
avr-gcc -Wall -g2 -gstabs -O0 -fpack-struct -fshort-enums -ffunction-sections -fdata-sections -std=gnu99 -funsigned-char -funsigned-bitfields -mmcu=atmega32 -DF_CPU=8000000UL -MMD -MP -MF"application_HMI.d" -MT"application_HMI.o" -c -o "application_HMI.o" "../application_HMI.c"
Finished building: ../application_HMI.c
 
Building target: HMI_ECU.elf
Invoking: AVR C Linker
avr-gcc -Wl,-Map,HMI_ECU.map -mmcu=atmega32 -o "HMI_ECU.elf"  ./LCD.o ./application_HMI.o ./gpio.o ./keypad_me.o ./timer.o ./uart.o   
Finished building target: HMI_ECU.elf
 
Invoking: AVR Create Extended Listing
avr-objdump -h -S HMI_ECU.elf  >"HMI_ECU.lss"
Finished building: HMI_ECU.lss
 
Invoking: Print Size
avr-size --format=avr --mcu=atmega32 HMI_ECU.elf
AVR Memory Usage
----------------
Device: atmega32

Program:   12108 bytes (37.0% Full)
(.text + .data + .bootloader)

Data:        662 bytes (32.3% Full)
(.data + .bss + .noinit)


Finished building: sizedummy
 
22:52:14 **** Incremental Build of configuration Debug for project control_ECU ****
make all 
Invoking: Print Size
avr-size --format=avr --mcu=atmega32 control_ECU.elf
AVR Memory Usage
----------------
Device: atmega32

Program:    9992 bytes (30.5% Full)
(.text + .data + .bootloader)

Data:        277 bytes (13.5% Full)
(.data + .bss + .noinit)


Finished building: sizedummy
 
22:53:27 **** Incremental Build of configuration Debug for project HMI_ECU ****
make all 
Building file: ../application_HMI.c
Invoking: AVR Compiler
avr-gcc -Wall -g2 -gstabs -O0 -fpack-struct -fshort-enums -ffunction-sections -fdata-sections -std=gnu99 -funsigned-char -funsigned-bitfields -mmcu=atmega32 -DF_CPU=8000000UL -MMD -MP -MF"application_HMI.d" -MT"application_HMI.o" -c -o "application_HMI.o" "../application_HMI.c"
Finished building: ../application_HMI.c
 
Building target: HMI_ECU.elf
Invoking: AVR C Linker
avr-gcc -Wl,-Map,HMI_ECU.map -mmcu=atmega32 -o "HMI_ECU.elf"  ./LCD.o ./application_HMI.o ./gpio.o ./keypad_me.o ./timer.o ./uart.o   
Finished building target: HMI_ECU.elf
 
Invoking: AVR Create Extended Listing
avr-objdump -h -S HMI_ECU.elf  >"HMI_ECU.lss"
Finished building: HMI_ECU.lss
 
Invoking: Print Size
avr-size --format=avr --mcu=atmega32 HMI_ECU.elf
AVR Memory Usage
----------------
Device: atmega32

Program:   12084 bytes (36.9% Full)
(.text + .data + .bootloader)

Data:        638 bytes (31.2% Full)
(.data + .bss + .noinit)


Finished building: sizedummy
 
22:53:28 **** Incremental Build of configuration Debug for project control_ECU ****
make all 
Invoking: Print Size
avr-size --format=avr --mcu=atmega32 control_ECU.elf
AVR Memory Usage
----------------
Device: atmega32

Program:    9992 bytes (30.5% Full)
(.text + .data + .bootloader)

Data:        277 bytes (13.5% Full)
(.data + .bss + .noinit)


Finished building: sizedummy
 
23:00:37 **** Incremental Build of configuration Debug for project HMI_ECU ****
make all 
Building file: ../application_HMI.c
Invoking: AVR Compiler
avr-gcc -Wall -g2 -gstabs -O0 -fpack-struct -fshort-enums -ffunction-sections -fdata-sections -std=gnu99 -funsigned-char -funsigned-bitfields -mmcu=atmega32 -DF_CPU=8000000UL -MMD -MP -MF"application_HMI.d" -MT"application_HMI.o" -c -o "application_HMI.o" "../application_HMI.c"
Finished building: ../application_HMI.c
 
Building target: HMI_ECU.elf
Invoking: AVR C Linker
avr-gcc -Wl,-Map,HMI_ECU.map -mmcu=atmega32 -o "HMI_ECU.elf"  ./LCD.o ./application_HMI.o ./gpio.o ./keypad_me.o ./timer.o ./uart.o   
Finished building target: HMI_ECU.elf
 
Invoking: AVR Create Extended Listing
avr-objdump -h -S HMI_ECU.elf  >"HMI_ECU.lss"
Finished building: HMI_ECU.lss
 
Invoking: Print Size
avr-size --format=avr --mcu=atmega32 HMI_ECU.elf
AVR Memory Usage
----------------
Device: atmega32

Program:   12194 bytes (37.2% Full)
(.text + .data + .bootloader)

Data:        748 bytes (36.5% Full)
(.data + .bss + .noinit)


Finished building: sizedummy
 
23:00:38 **** Incremental Build of configuration Debug for project control_ECU ****
make all 
Invoking: Print Size
avr-size --format=avr --mcu=atmega32 control_ECU.elf
AVR Memory Usage
----------------
Device: atmega32

Program:    9992 bytes (30.5% Full)
(.text + .data + .bootloader)

Data:        277 bytes (13.5% Full)
(.data + .bss + .noinit)


Finished building: sizedummy
 
23:02:01 **** Incremental Build of configuration Debug for project HMI_ECU ****
make all 
Building file: ../application_HMI.c
Invoking: AVR Compiler
avr-gcc -Wall -g2 -gstabs -O0 -fpack-struct -fshort-enums -ffunction-sections -fdata-sections -std=gnu99 -funsigned-char -funsigned-bitfields -mmcu=atmega32 -DF_CPU=8000000UL -MMD -MP -MF"application_HMI.d" -MT"application_HMI.o" -c -o "application_HMI.o" "../application_HMI.c"
Finished building: ../application_HMI.c
 
Building target: HMI_ECU.elf
Invoking: AVR C Linker
avr-gcc -Wl,-Map,HMI_ECU.map -mmcu=atmega32 -o "HMI_ECU.elf"  ./LCD.o ./application_HMI.o ./gpio.o ./keypad_me.o ./timer.o ./uart.o   
Finished building target: HMI_ECU.elf
 
Invoking: AVR Create Extended Listing
avr-objdump -h -S HMI_ECU.elf  >"HMI_ECU.lss"
Finished building: HMI_ECU.lss
 
Invoking: Print Size
avr-size --format=avr --mcu=atmega32 HMI_ECU.elf
AVR Memory Usage
----------------
Device: atmega32

Program:   12206 bytes (37.2% Full)
(.text + .data + .bootloader)

Data:        748 bytes (36.5% Full)
(.data + .bss + .noinit)


Finished building: sizedummy
 
23:02:02 **** Incremental Build of configuration Debug for project control_ECU ****
make all 
Invoking: Print Size
avr-size --format=avr --mcu=atmega32 control_ECU.elf
AVR Memory Usage
----------------
Device: atmega32

Program:    9992 bytes (30.5% Full)
(.text + .data + .bootloader)

Data:        277 bytes (13.5% Full)
(.data + .bss + .noinit)


Finished building: sizedummy
 
23:04:08 **** Incremental Build of configuration Debug for project HMI_ECU ****
make all 
Building file: ../application_HMI.c
Invoking: AVR Compiler
avr-gcc -Wall -g2 -gstabs -O0 -fpack-struct -fshort-enums -ffunction-sections -fdata-sections -std=gnu99 -funsigned-char -funsigned-bitfields -mmcu=atmega32 -DF_CPU=8000000UL -MMD -MP -MF"application_HMI.d" -MT"application_HMI.o" -c -o "application_HMI.o" "../application_HMI.c"
Finished building: ../application_HMI.c
 
Building target: HMI_ECU.elf
Invoking: AVR C Linker
avr-gcc -Wl,-Map,HMI_ECU.map -mmcu=atmega32 -o "HMI_ECU.elf"  ./LCD.o ./application_HMI.o ./gpio.o ./keypad_me.o ./timer.o ./uart.o   
Finished building target: HMI_ECU.elf
 
Invoking: AVR Create Extended Listing
avr-objdump -h -S HMI_ECU.elf  >"HMI_ECU.lss"
Finished building: HMI_ECU.lss
 
Invoking: Print Size
avr-size --format=avr --mcu=atmega32 HMI_ECU.elf
AVR Memory Usage
----------------
Device: atmega32

Program:   12210 bytes (37.3% Full)
(.text + .data + .bootloader)

Data:        748 bytes (36.5% Full)
(.data + .bss + .noinit)


Finished building: sizedummy
 
23:04:09 **** Incremental Build of configuration Debug for project control_ECU ****
make all 
Invoking: Print Size
avr-size --format=avr --mcu=atmega32 control_ECU.elf
AVR Memory Usage
----------------
Device: atmega32

Program:    9992 bytes (30.5% Full)
(.text + .data + .bootloader)

Data:        277 bytes (13.5% Full)
(.data + .bss + .noinit)


Finished building: sizedummy
 
23:05:50 **** Incremental Build of configuration Debug for project HMI_ECU ****
make all 
Building file: ../application_HMI.c
Invoking: AVR Compiler
avr-gcc -Wall -g2 -gstabs -O0 -fpack-struct -fshort-enums -ffunction-sections -fdata-sections -std=gnu99 -funsigned-char -funsigned-bitfields -mmcu=atmega32 -DF_CPU=8000000UL -MMD -MP -MF"application_HMI.d" -MT"application_HMI.o" -c -o "application_HMI.o" "../application_HMI.c"
Finished building: ../application_HMI.c
 
Building target: HMI_ECU.elf
Invoking: AVR C Linker
avr-gcc -Wl,-Map,HMI_ECU.map -mmcu=atmega32 -o "HMI_ECU.elf"  ./LCD.o ./application_HMI.o ./gpio.o ./keypad_me.o ./timer.o ./uart.o   
Finished building target: HMI_ECU.elf
 
Invoking: AVR Create Extended Listing
avr-objdump -h -S HMI_ECU.elf  >"HMI_ECU.lss"
Finished building: HMI_ECU.lss
 
Invoking: Print Size
avr-size --format=avr --mcu=atmega32 HMI_ECU.elf
AVR Memory Usage
----------------
Device: atmega32

Program:   12206 bytes (37.2% Full)
(.text + .data + .bootloader)

Data:        748 bytes (36.5% Full)
(.data + .bss + .noinit)


Finished building: sizedummy
 
23:05:51 **** Incremental Build of configuration Debug for project control_ECU ****
make all 
Invoking: Print Size
avr-size --format=avr --mcu=atmega32 control_ECU.elf
AVR Memory Usage
----------------
Device: atmega32

Program:    9992 bytes (30.5% Full)
(.text + .data + .bootloader)

Data:        277 bytes (13.5% Full)
(.data + .bss + .noinit)


Finished building: sizedummy
 
23:08:51 **** Incremental Build of configuration Debug for project HMI_ECU ****
make all 
Building file: ../application_HMI.c
Invoking: AVR Compiler
avr-gcc -Wall -g2 -gstabs -O0 -fpack-struct -fshort-enums -ffunction-sections -fdata-sections -std=gnu99 -funsigned-char -funsigned-bitfields -mmcu=atmega32 -DF_CPU=8000000UL -MMD -MP -MF"application_HMI.d" -MT"application_HMI.o" -c -o "application_HMI.o" "../application_HMI.c"
Finished building: ../application_HMI.c
 
Building target: HMI_ECU.elf
Invoking: AVR C Linker
avr-gcc -Wl,-Map,HMI_ECU.map -mmcu=atmega32 -o "HMI_ECU.elf"  ./LCD.o ./application_HMI.o ./gpio.o ./keypad_me.o ./timer.o ./uart.o   
Finished building target: HMI_ECU.elf
 
Invoking: AVR Create Extended Listing
avr-objdump -h -S HMI_ECU.elf  >"HMI_ECU.lss"
Finished building: HMI_ECU.lss
 
Invoking: Print Size
avr-size --format=avr --mcu=atmega32 HMI_ECU.elf
AVR Memory Usage
----------------
Device: atmega32

Program:   12174 bytes (37.2% Full)
(.text + .data + .bootloader)

Data:        748 bytes (36.5% Full)
(.data + .bss + .noinit)


Finished building: sizedummy
 
23:08:52 **** Incremental Build of configuration Debug for project control_ECU ****
make all 
Invoking: Print Size
avr-size --format=avr --mcu=atmega32 control_ECU.elf
AVR Memory Usage
----------------
Device: atmega32

Program:    9992 bytes (30.5% Full)
(.text + .data + .bootloader)

Data:        277 bytes (13.5% Full)
(.data + .bss + .noinit)


Finished building: sizedummy
 
23:17:26 **** Incremental Build of configuration Debug for project HMI_ECU ****
make all 
Invoking: Print Size
avr-size --format=avr --mcu=atmega32 HMI_ECU.elf
AVR Memory Usage
----------------
Device: atmega32

Program:   12174 bytes (37.2% Full)
(.text + .data + .bootloader)

Data:        748 bytes (36.5% Full)
(.data + .bss + .noinit)


Finished building: sizedummy
 
23:17:26 **** Incremental Build of configuration Debug for project control_ECU ****
make all 
Building file: ../application_control.c
Invoking: AVR Compiler
avr-gcc -Wall -g2 -gstabs -O0 -fpack-struct -fshort-enums -ffunction-sections -fdata-sections -std=gnu99 -funsigned-char -funsigned-bitfields -mmcu=atmega32 -DF_CPU=8000000UL -MMD -MP -MF"application_control.d" -MT"application_control.o" -c -o "application_control.o" "../application_control.c"
In file included from ../application_control.c:18:
c:/winavr-20100110/lib/gcc/../../avr/include/util/delay.h:90:3: warning: #warning "Compiler optimizations disabled; functions from <util/delay.h> won't work as designed"
Finished building: ../application_control.c
 
Building target: control_ECU.elf
Invoking: AVR C Linker
avr-gcc -Wl,-Map,control_ECU.map -mmcu=atmega32 -o "control_ECU.elf"  ./ADC.o ./application_control.o ./dc_motor.o ./external_eeprom.o ./gpio.o ./icu.o ./pwm.o ./sensor_lm35.o ./twi.o ./uart.o ./ultrasonic_sensor.o   
Finished building target: control_ECU.elf
 
Invoking: AVR Create Extended Listing
avr-objdump -h -S control_ECU.elf  >"control_ECU.lss"
Finished building: control_ECU.lss
 
Invoking: Print Size
avr-size --format=avr --mcu=atmega32 control_ECU.elf
AVR Memory Usage
----------------
Device: atmega32

Program:    9992 bytes (30.5% Full)
(.text + .data + .bootloader)

Data:        277 bytes (13.5% Full)
(.data + .bss + .noinit)


Finished building: sizedummy
 
23:20:34 **** Incremental Build of configuration Debug for project HMI_ECU ****
make all 
Building file: ../application_HMI.c
Invoking: AVR Compiler
avr-gcc -Wall -g2 -gstabs -O0 -fpack-struct -fshort-enums -ffunction-sections -fdata-sections -std=gnu99 -funsigned-char -funsigned-bitfields -mmcu=atmega32 -DF_CPU=8000000UL -MMD -MP -MF"application_HMI.d" -MT"application_HMI.o" -c -o "application_HMI.o" "../application_HMI.c"
Finished building: ../application_HMI.c
 
Building target: HMI_ECU.elf
Invoking: AVR C Linker
avr-gcc -Wl,-Map,HMI_ECU.map -mmcu=atmega32 -o "HMI_ECU.elf"  ./LCD.o ./application_HMI.o ./gpio.o ./keypad_me.o ./timer.o ./uart.o   
Finished building target: HMI_ECU.elf
 
Invoking: AVR Create Extended Listing
avr-objdump -h -S HMI_ECU.elf  >"HMI_ECU.lss"
Finished building: HMI_ECU.lss
 
Invoking: Print Size
avr-size --format=avr --mcu=atmega32 HMI_ECU.elf
AVR Memory Usage
----------------
Device: atmega32

Program:   12116 bytes (37.0% Full)
(.text + .data + .bootloader)

Data:        666 bytes (32.5% Full)
(.data + .bss + .noinit)


Finished building: sizedummy
 
23:20:35 **** Incremental Build of configuration Debug for project control_ECU ****
make all 
Invoking: Print Size
avr-size --format=avr --mcu=atmega32 control_ECU.elf
AVR Memory Usage
----------------
Device: atmega32

Program:    9992 bytes (30.5% Full)
(.text + .data + .bootloader)

Data:        277 bytes (13.5% Full)
(.data + .bss + .noinit)


Finished building: sizedummy
 
23:23:12 **** Incremental Build of configuration Debug for project HMI_ECU ****
make all 
Building file: ../application_HMI.c
Invoking: AVR Compiler
avr-gcc -Wall -g2 -gstabs -O0 -fpack-struct -fshort-enums -ffunction-sections -fdata-sections -std=gnu99 -funsigned-char -funsigned-bitfields -mmcu=atmega32 -DF_CPU=8000000UL -MMD -MP -MF"application_HMI.d" -MT"application_HMI.o" -c -o "application_HMI.o" "../application_HMI.c"
Finished building: ../application_HMI.c
 
Building target: HMI_ECU.elf
Invoking: AVR C Linker
avr-gcc -Wl,-Map,HMI_ECU.map -mmcu=atmega32 -o "HMI_ECU.elf"  ./LCD.o ./application_HMI.o ./gpio.o ./keypad_me.o ./timer.o ./uart.o   
Finished building target: HMI_ECU.elf
 
Invoking: AVR Create Extended Listing
avr-objdump -h -S HMI_ECU.elf  >"HMI_ECU.lss"
Finished building: HMI_ECU.lss
 
Invoking: Print Size
avr-size --format=avr --mcu=atmega32 HMI_ECU.elf
AVR Memory Usage
----------------
Device: atmega32

Program:   12124 bytes (37.0% Full)
(.text + .data + .bootloader)

Data:        666 bytes (32.5% Full)
(.data + .bss + .noinit)


Finished building: sizedummy
 
23:23:13 **** Incremental Build of configuration Debug for project control_ECU ****
make all 
Invoking: Print Size
avr-size --format=avr --mcu=atmega32 control_ECU.elf
AVR Memory Usage
----------------
Device: atmega32

Program:    9992 bytes (30.5% Full)
(.text + .data + .bootloader)

Data:        277 bytes (13.5% Full)
(.data + .bss + .noinit)


Finished building: sizedummy
 
23:28:34 **** Incremental Build of configuration Debug for project HMI_ECU ****
make all 
Building file: ../application_HMI.c
Invoking: AVR Compiler
avr-gcc -Wall -g2 -gstabs -O0 -fpack-struct -fshort-enums -ffunction-sections -fdata-sections -std=gnu99 -funsigned-char -funsigned-bitfields -mmcu=atmega32 -DF_CPU=8000000UL -MMD -MP -MF"application_HMI.d" -MT"application_HMI.o" -c -o "application_HMI.o" "../application_HMI.c"
Finished building: ../application_HMI.c
 
Building target: HMI_ECU.elf
Invoking: AVR C Linker
avr-gcc -Wl,-Map,HMI_ECU.map -mmcu=atmega32 -o "HMI_ECU.elf"  ./LCD.o ./application_HMI.o ./gpio.o ./keypad_me.o ./timer.o ./uart.o   
Finished building target: HMI_ECU.elf
 
Invoking: AVR Create Extended Listing
avr-objdump -h -S HMI_ECU.elf  >"HMI_ECU.lss"
Finished building: HMI_ECU.lss
 
Invoking: Print Size
avr-size --format=avr --mcu=atmega32 HMI_ECU.elf
AVR Memory Usage
----------------
Device: atmega32

Program:   12188 bytes (37.2% Full)
(.text + .data + .bootloader)

Data:        666 bytes (32.5% Full)
(.data + .bss + .noinit)


Finished building: sizedummy
 
23:28:35 **** Incremental Build of configuration Debug for project control_ECU ****
make all 
Building file: ../dc_motor.c
Invoking: AVR Compiler
avr-gcc -Wall -g2 -gstabs -O0 -fpack-struct -fshort-enums -ffunction-sections -fdata-sections -std=gnu99 -funsigned-char -funsigned-bitfields -mmcu=atmega32 -DF_CPU=8000000UL -MMD -MP -MF"dc_motor.d" -MT"dc_motor.o" -c -o "dc_motor.o" "../dc_motor.c"
In file included from ../dc_motor.c:11:
c:/winavr-20100110/lib/gcc/../../avr/include/util/delay.h:90:3: warning: #warning "Compiler optimizations disabled; functions from <util/delay.h> won't work as designed"
Finished building: ../dc_motor.c
 
Building target: control_ECU.elf
Invoking: AVR C Linker
avr-gcc -Wl,-Map,control_ECU.map -mmcu=atmega32 -o "control_ECU.elf"  ./ADC.o ./application_control.o ./dc_motor.o ./external_eeprom.o ./gpio.o ./icu.o ./pwm.o ./sensor_lm35.o ./twi.o ./uart.o ./ultrasonic_sensor.o   
Finished building target: control_ECU.elf
 
Invoking: AVR Create Extended Listing
avr-objdump -h -S control_ECU.elf  >"control_ECU.lss"
Finished building: control_ECU.lss
 
Invoking: Print Size
avr-size --format=avr --mcu=atmega32 control_ECU.elf
AVR Memory Usage
----------------
Device: atmega32

Program:    9984 bytes (30.5% Full)
(.text + .data + .bootloader)

Data:        277 bytes (13.5% Full)
(.data + .bss + .noinit)


Finished building: sizedummy
 
23:30:34 **** Incremental Build of configuration Debug for project HMI_ECU ****
make all 
Building file: ../application_HMI.c
Invoking: AVR Compiler
avr-gcc -Wall -g2 -gstabs -O0 -fpack-struct -fshort-enums -ffunction-sections -fdata-sections -std=gnu99 -funsigned-char -funsigned-bitfields -mmcu=atmega32 -DF_CPU=8000000UL -MMD -MP -MF"application_HMI.d" -MT"application_HMI.o" -c -o "application_HMI.o" "../application_HMI.c"
Finished building: ../application_HMI.c
 
Building target: HMI_ECU.elf
Invoking: AVR C Linker
avr-gcc -Wl,-Map,HMI_ECU.map -mmcu=atmega32 -o "HMI_ECU.elf"  ./LCD.o ./application_HMI.o ./gpio.o ./keypad_me.o ./timer.o ./uart.o   
Finished building target: HMI_ECU.elf
 
Invoking: AVR Create Extended Listing
avr-objdump -h -S HMI_ECU.elf  >"HMI_ECU.lss"
Finished building: HMI_ECU.lss
 
Invoking: Print Size
avr-size --format=avr --mcu=atmega32 HMI_ECU.elf
AVR Memory Usage
----------------
Device: atmega32

Program:   12124 bytes (37.0% Full)
(.text + .data + .bootloader)

Data:        666 bytes (32.5% Full)
(.data + .bss + .noinit)


Finished building: sizedummy
 
23:30:35 **** Incremental Build of configuration Debug for project control_ECU ****
make all 
Invoking: Print Size
avr-size --format=avr --mcu=atmega32 control_ECU.elf
AVR Memory Usage
----------------
Device: atmega32

Program:    9984 bytes (30.5% Full)
(.text + .data + .bootloader)

Data:        277 bytes (13.5% Full)
(.data + .bss + .noinit)


Finished building: sizedummy
 
23:31:10 **** Incremental Build of configuration Debug for project HMI_ECU ****
make all 
Building file: ../application_HMI.c
Invoking: AVR Compiler
avr-gcc -Wall -g2 -gstabs -O0 -fpack-struct -fshort-enums -ffunction-sections -fdata-sections -std=gnu99 -funsigned-char -funsigned-bitfields -mmcu=atmega32 -DF_CPU=8000000UL -MMD -MP -MF"application_HMI.d" -MT"application_HMI.o" -c -o "application_HMI.o" "../application_HMI.c"
Finished building: ../application_HMI.c
 
Building target: HMI_ECU.elf
Invoking: AVR C Linker
avr-gcc -Wl,-Map,HMI_ECU.map -mmcu=atmega32 -o "HMI_ECU.elf"  ./LCD.o ./application_HMI.o ./gpio.o ./keypad_me.o ./timer.o ./uart.o   
Finished building target: HMI_ECU.elf
 
Invoking: AVR Create Extended Listing
avr-objdump -h -S HMI_ECU.elf  >"HMI_ECU.lss"
Finished building: HMI_ECU.lss
 
Invoking: Print Size
avr-size --format=avr --mcu=atmega32 HMI_ECU.elf
AVR Memory Usage
----------------
Device: atmega32

Program:   12188 bytes (37.2% Full)
(.text + .data + .bootloader)

Data:        666 bytes (32.5% Full)
(.data + .bss + .noinit)


Finished building: sizedummy
 
23:31:10 **** Incremental Build of configuration Debug for project control_ECU ****
make all 
Invoking: Print Size
avr-size --format=avr --mcu=atmega32 control_ECU.elf
AVR Memory Usage
----------------
Device: atmega32

Program:    9984 bytes (30.5% Full)
(.text + .data + .bootloader)

Data:        277 bytes (13.5% Full)
(.data + .bss + .noinit)


Finished building: sizedummy
 
23:51:28 **** Incremental Build of configuration Debug for project HMI_ECU ****
make all 
Invoking: Print Size
avr-size --format=avr --mcu=atmega32 HMI_ECU.elf
AVR Memory Usage
----------------
Device: atmega32

Program:   12188 bytes (37.2% Full)
(.text + .data + .bootloader)

Data:        666 bytes (32.5% Full)
(.data + .bss + .noinit)


Finished building: sizedummy
 
23:51:28 **** Incremental Build of configuration Debug for project control_ECU ****
make all 
Building file: ../dc_motor.c
Invoking: AVR Compiler
avr-gcc -Wall -g2 -gstabs -O0 -fpack-struct -fshort-enums -ffunction-sections -fdata-sections -std=gnu99 -funsigned-char -funsigned-bitfields -mmcu=atmega32 -DF_CPU=8000000UL -MMD -MP -MF"dc_motor.d" -MT"dc_motor.o" -c -o "dc_motor.o" "../dc_motor.c"
In file included from ../dc_motor.c:11:
c:/winavr-20100110/lib/gcc/../../avr/include/util/delay.h:90:3: warning: #warning "Compiler optimizations disabled; functions from <util/delay.h> won't work as designed"
Finished building: ../dc_motor.c
 
Building target: control_ECU.elf
Invoking: AVR C Linker
avr-gcc -Wl,-Map,control_ECU.map -mmcu=atmega32 -o "control_ECU.elf"  ./ADC.o ./application_control.o ./dc_motor.o ./external_eeprom.o ./gpio.o ./icu.o ./pwm.o ./sensor_lm35.o ./twi.o ./uart.o ./ultrasonic_sensor.o   
Finished building target: control_ECU.elf
 
Invoking: AVR Create Extended Listing
avr-objdump -h -S control_ECU.elf  >"control_ECU.lss"
Finished building: control_ECU.lss
 
Invoking: Print Size
avr-size --format=avr --mcu=atmega32 control_ECU.elf
AVR Memory Usage
----------------
Device: atmega32

Program:   10958 bytes (33.4% Full)
(.text + .data + .bootloader)

Data:        277 bytes (13.5% Full)
(.data + .bss + .noinit)


Finished building: sizedummy
 
00:02:25 **** Incremental Build of configuration Debug for project HMI_ECU ****
make all 
Invoking: Print Size
avr-size --format=avr --mcu=atmega32 HMI_ECU.elf
AVR Memory Usage
----------------
Device: atmega32

Program:   12188 bytes (37.2% Full)
(.text + .data + .bootloader)

Data:        666 bytes (32.5% Full)
(.data + .bss + .noinit)


Finished building: sizedummy
 
00:02:26 **** Incremental Build of configuration Debug for project control_ECU ****
make all 
Building file: ../ADC.c
Invoking: AVR Compiler
avr-gcc -Wall -g2 -gstabs -O0 -fpack-struct -fshort-enums -ffunction-sections -fdata-sections -std=gnu99 -funsigned-char -funsigned-bitfields -mmcu=atmega32 -DF_CPU=8000000UL -MMD -MP -MF"ADC.d" -MT"ADC.o" -c -o "ADC.o" "../ADC.c"
../ADC.c: In function 'ADC_deinit':
../ADC.c:42: error: expected ';' before '~' token
make: *** [ADC.o] Error 1
"make all" terminated with exit code 2. Build might be incomplete.
00:02:38 **** Incremental Build of configuration Debug for project HMI_ECU ****
make all 
Invoking: Print Size
avr-size --format=avr --mcu=atmega32 HMI_ECU.elf
AVR Memory Usage
----------------
Device: atmega32

Program:   12188 bytes (37.2% Full)
(.text + .data + .bootloader)

Data:        666 bytes (32.5% Full)
(.data + .bss + .noinit)


Finished building: sizedummy
 
00:02:38 **** Incremental Build of configuration Debug for project control_ECU ****
make all 
Building file: ../ADC.c
Invoking: AVR Compiler
avr-gcc -Wall -g2 -gstabs -O0 -fpack-struct -fshort-enums -ffunction-sections -fdata-sections -std=gnu99 -funsigned-char -funsigned-bitfields -mmcu=atmega32 -DF_CPU=8000000UL -MMD -MP -MF"ADC.d" -MT"ADC.o" -c -o "ADC.o" "../ADC.c"
../ADC.c: In function 'ADC_deinit':
../ADC.c:42: error: expected ';' before '~' token
make: *** [ADC.o] Error 1
"make all" terminated with exit code 2. Build might be incomplete.
00:03:20 **** Incremental Build of configuration Debug for project HMI_ECU ****
make all 
Invoking: Print Size
avr-size --format=avr --mcu=atmega32 HMI_ECU.elf
AVR Memory Usage
----------------
Device: atmega32

Program:   12188 bytes (37.2% Full)
(.text + .data + .bootloader)

Data:        666 bytes (32.5% Full)
(.data + .bss + .noinit)


Finished building: sizedummy
 
00:03:20 **** Incremental Build of configuration Debug for project control_ECU ****
make all 
Building file: ../ADC.c
Invoking: AVR Compiler
avr-gcc -Wall -g2 -gstabs -O0 -fpack-struct -fshort-enums -ffunction-sections -fdata-sections -std=gnu99 -funsigned-char -funsigned-bitfields -mmcu=atmega32 -DF_CPU=8000000UL -MMD -MP -MF"ADC.d" -MT"ADC.o" -c -o "ADC.o" "../ADC.c"
Finished building: ../ADC.c
 
Building file: ../application_control.c
Invoking: AVR Compiler
avr-gcc -Wall -g2 -gstabs -O0 -fpack-struct -fshort-enums -ffunction-sections -fdata-sections -std=gnu99 -funsigned-char -funsigned-bitfields -mmcu=atmega32 -DF_CPU=8000000UL -MMD -MP -MF"application_control.d" -MT"application_control.o" -c -o "application_control.o" "../application_control.c"
In file included from ../application_control.c:18:
c:/winavr-20100110/lib/gcc/../../avr/include/util/delay.h:90:3: warning: #warning "Compiler optimizations disabled; functions from <util/delay.h> won't work as designed"
Finished building: ../application_control.c
 
Building file: ../sensor_lm35.c
Invoking: AVR Compiler
avr-gcc -Wall -g2 -gstabs -O0 -fpack-struct -fshort-enums -ffunction-sections -fdata-sections -std=gnu99 -funsigned-char -funsigned-bitfields -mmcu=atmega32 -DF_CPU=8000000UL -MMD -MP -MF"sensor_lm35.d" -MT"sensor_lm35.o" -c -o "sensor_lm35.o" "../sensor_lm35.c"
Finished building: ../sensor_lm35.c
 
Building target: control_ECU.elf
Invoking: AVR C Linker
avr-gcc -Wl,-Map,control_ECU.map -mmcu=atmega32 -o "control_ECU.elf"  ./ADC.o ./application_control.o ./dc_motor.o ./external_eeprom.o ./gpio.o ./icu.o ./pwm.o ./sensor_lm35.o ./twi.o ./uart.o ./ultrasonic_sensor.o   
Finished building target: control_ECU.elf
 
Invoking: AVR Create Extended Listing
avr-objdump -h -S control_ECU.elf  >"control_ECU.lss"
Finished building: control_ECU.lss
 
Invoking: Print Size
avr-size --format=avr --mcu=atmega32 control_ECU.elf
AVR Memory Usage
----------------
Device: atmega32

Program:   10986 bytes (33.5% Full)
(.text + .data + .bootloader)

Data:        277 bytes (13.5% Full)
(.data + .bss + .noinit)


Finished building: sizedummy
 
00:06:06 **** Incremental Build of configuration Debug for project HMI_ECU ****
make all 
Invoking: Print Size
avr-size --format=avr --mcu=atmega32 HMI_ECU.elf
AVR Memory Usage
----------------
Device: atmega32

Program:   12188 bytes (37.2% Full)
(.text + .data + .bootloader)

Data:        666 bytes (32.5% Full)
(.data + .bss + .noinit)


Finished building: sizedummy
 
00:06:06 **** Incremental Build of configuration Debug for project control_ECU ****
make all 
Building file: ../application_control.c
Invoking: AVR Compiler
avr-gcc -Wall -g2 -gstabs -O0 -fpack-struct -fshort-enums -ffunction-sections -fdata-sections -std=gnu99 -funsigned-char -funsigned-bitfields -mmcu=atmega32 -DF_CPU=8000000UL -MMD -MP -MF"application_control.d" -MT"application_control.o" -c -o "application_control.o" "../application_control.c"
In file included from ../application_control.c:18:
c:/winavr-20100110/lib/gcc/../../avr/include/util/delay.h:90:3: warning: #warning "Compiler optimizations disabled; functions from <util/delay.h> won't work as designed"
../application_control.c: In function 'main':
../application_control.c:127: error: 'LM35_' undeclared (first use in this function)
../application_control.c:127: error: (Each undeclared identifier is reported only once
../application_control.c:127: error: for each function it appears in.)
../application_control.c:128: error: expected ';' before 'break'
make: *** [application_control.o] Error 1
"make all" terminated with exit code 2. Build might be incomplete.
00:08:04 **** Incremental Build of configuration Debug for project HMI_ECU ****
make all 
Invoking: Print Size
avr-size --format=avr --mcu=atmega32 HMI_ECU.elf
AVR Memory Usage
----------------
Device: atmega32

Program:   12188 bytes (37.2% Full)
(.text + .data + .bootloader)

Data:        666 bytes (32.5% Full)
(.data + .bss + .noinit)


Finished building: sizedummy
 
00:08:05 **** Incremental Build of configuration Debug for project control_ECU ****
make all 
Building file: ../application_control.c
Invoking: AVR Compiler
avr-gcc -Wall -g2 -gstabs -O0 -fpack-struct -fshort-enums -ffunction-sections -fdata-sections -std=gnu99 -funsigned-char -funsigned-bitfields -mmcu=atmega32 -DF_CPU=8000000UL -MMD -MP -MF"application_control.d" -MT"application_control.o" -c -o "application_control.o" "../application_control.c"
In file included from ../application_control.c:18:
c:/winavr-20100110/lib/gcc/../../avr/include/util/delay.h:90:3: warning: #warning "Compiler optimizations disabled; functions from <util/delay.h> won't work as designed"
Finished building: ../application_control.c
 
Building file: ../sensor_lm35.c
Invoking: AVR Compiler
avr-gcc -Wall -g2 -gstabs -O0 -fpack-struct -fshort-enums -ffunction-sections -fdata-sections -std=gnu99 -funsigned-char -funsigned-bitfields -mmcu=atmega32 -DF_CPU=8000000UL -MMD -MP -MF"sensor_lm35.d" -MT"sensor_lm35.o" -c -o "sensor_lm35.o" "../sensor_lm35.c"
Finished building: ../sensor_lm35.c
 
Building file: ../ultrasonic_sensor.c
Invoking: AVR Compiler
avr-gcc -Wall -g2 -gstabs -O0 -fpack-struct -fshort-enums -ffunction-sections -fdata-sections -std=gnu99 -funsigned-char -funsigned-bitfields -mmcu=atmega32 -DF_CPU=8000000UL -MMD -MP -MF"ultrasonic_sensor.d" -MT"ultrasonic_sensor.o" -c -o "ultrasonic_sensor.o" "../ultrasonic_sensor.c"
In file included from ../ultrasonic_sensor.c:11:
c:/winavr-20100110/lib/gcc/../../avr/include/util/delay.h:90:3: warning: #warning "Compiler optimizations disabled; functions from <util/delay.h> won't work as designed"
Finished building: ../ultrasonic_sensor.c
 
Building target: control_ECU.elf
Invoking: AVR C Linker
avr-gcc -Wl,-Map,control_ECU.map -mmcu=atmega32 -o "control_ECU.elf"  ./ADC.o ./application_control.o ./dc_motor.o ./external_eeprom.o ./gpio.o ./icu.o ./pwm.o ./sensor_lm35.o ./twi.o ./uart.o ./ultrasonic_sensor.o   
Finished building target: control_ECU.elf
 
Invoking: AVR Create Extended Listing
avr-objdump -h -S control_ECU.elf  >"control_ECU.lss"
Finished building: control_ECU.lss
 
Invoking: Print Size
avr-size --format=avr --mcu=atmega32 control_ECU.elf
AVR Memory Usage
----------------
Device: atmega32

Program:   11056 bytes (33.7% Full)
(.text + .data + .bootloader)

Data:        277 bytes (13.5% Full)
(.data + .bss + .noinit)


Finished building: sizedummy
 
00:14:42 **** Incremental Build of configuration Debug for project HMI_ECU ****
make all 
Invoking: Print Size
avr-size --format=avr --mcu=atmega32 HMI_ECU.elf
AVR Memory Usage
----------------
Device: atmega32

Program:   12188 bytes (37.2% Full)
(.text + .data + .bootloader)

Data:        666 bytes (32.5% Full)
(.data + .bss + .noinit)


Finished building: sizedummy
 
00:14:42 **** Incremental Build of configuration Debug for project control_ECU ****
make all 
Building file: ../application_control.c
Invoking: AVR Compiler
avr-gcc -Wall -g2 -gstabs -O0 -fpack-struct -fshort-enums -ffunction-sections -fdata-sections -std=gnu99 -funsigned-char -funsigned-bitfields -mmcu=atmega32 -DF_CPU=8000000UL -MMD -MP -MF"application_control.d" -MT"application_control.o" -c -o "application_control.o" "../application_control.c"
In file included from ../application_control.c:18:
c:/winavr-20100110/lib/gcc/../../avr/include/util/delay.h:90:3: warning: #warning "Compiler optimizations disabled; functions from <util/delay.h> won't work as designed"
Finished building: ../application_control.c
 
Building file: ../sensor_lm35.c
Invoking: AVR Compiler
avr-gcc -Wall -g2 -gstabs -O0 -fpack-struct -fshort-enums -ffunction-sections -fdata-sections -std=gnu99 -funsigned-char -funsigned-bitfields -mmcu=atmega32 -DF_CPU=8000000UL -MMD -MP -MF"sensor_lm35.d" -MT"sensor_lm35.o" -c -o "sensor_lm35.o" "../sensor_lm35.c"
Finished building: ../sensor_lm35.c
 
Building target: control_ECU.elf
Invoking: AVR C Linker
avr-gcc -Wl,-Map,control_ECU.map -mmcu=atmega32 -o "control_ECU.elf"  ./ADC.o ./application_control.o ./dc_motor.o ./external_eeprom.o ./gpio.o ./icu.o ./pwm.o ./sensor_lm35.o ./twi.o ./uart.o ./ultrasonic_sensor.o   
Finished building target: control_ECU.elf
 
Invoking: AVR Create Extended Listing
avr-objdump -h -S control_ECU.elf  >"control_ECU.lss"
Finished building: control_ECU.lss
 
Invoking: Print Size
avr-size --format=avr --mcu=atmega32 control_ECU.elf
AVR Memory Usage
----------------
Device: atmega32

Program:   11088 bytes (33.8% Full)
(.text + .data + .bootloader)

Data:        277 bytes (13.5% Full)
(.data + .bss + .noinit)


Finished building: sizedummy
 
00:17:28 **** Incremental Build of configuration Debug for project HMI_ECU ****
make all 
Invoking: Print Size
avr-size --format=avr --mcu=atmega32 HMI_ECU.elf
AVR Memory Usage
----------------
Device: atmega32

Program:   12188 bytes (37.2% Full)
(.text + .data + .bootloader)

Data:        666 bytes (32.5% Full)
(.data + .bss + .noinit)


Finished building: sizedummy
 
00:17:28 **** Incremental Build of configuration Debug for project control_ECU ****
make all 
Building file: ../application_control.c
Invoking: AVR Compiler
avr-gcc -Wall -g2 -gstabs -O0 -fpack-struct -fshort-enums -ffunction-sections -fdata-sections -std=gnu99 -funsigned-char -funsigned-bitfields -mmcu=atmega32 -DF_CPU=8000000UL -MMD -MP -MF"application_control.d" -MT"application_control.o" -c -o "application_control.o" "../application_control.c"
In file included from ../application_control.c:18:
c:/winavr-20100110/lib/gcc/../../avr/include/util/delay.h:90:3: warning: #warning "Compiler optimizations disabled; functions from <util/delay.h> won't work as designed"
Finished building: ../application_control.c
 
Building file: ../sensor_lm35.c
Invoking: AVR Compiler
avr-gcc -Wall -g2 -gstabs -O0 -fpack-struct -fshort-enums -ffunction-sections -fdata-sections -std=gnu99 -funsigned-char -funsigned-bitfields -mmcu=atmega32 -DF_CPU=8000000UL -MMD -MP -MF"sensor_lm35.d" -MT"sensor_lm35.o" -c -o "sensor_lm35.o" "../sensor_lm35.c"
Finished building: ../sensor_lm35.c
 
Building target: control_ECU.elf
Invoking: AVR C Linker
avr-gcc -Wl,-Map,control_ECU.map -mmcu=atmega32 -o "control_ECU.elf"  ./ADC.o ./application_control.o ./dc_motor.o ./external_eeprom.o ./gpio.o ./icu.o ./pwm.o ./sensor_lm35.o ./twi.o ./uart.o ./ultrasonic_sensor.o   
Finished building target: control_ECU.elf
 
Invoking: AVR Create Extended Listing
avr-objdump -h -S control_ECU.elf  >"control_ECU.lss"
Finished building: control_ECU.lss
 
Invoking: Print Size
avr-size --format=avr --mcu=atmega32 control_ECU.elf
AVR Memory Usage
----------------
Device: atmega32

Program:   11056 bytes (33.7% Full)
(.text + .data + .bootloader)

Data:        277 bytes (13.5% Full)
(.data + .bss + .noinit)


Finished building: sizedummy
 
00:20:18 **** Incremental Build of configuration Debug for project HMI_ECU ****
make all 
Building file: ../application_HMI.c
Invoking: AVR Compiler
avr-gcc -Wall -g2 -gstabs -O0 -fpack-struct -fshort-enums -ffunction-sections -fdata-sections -std=gnu99 -funsigned-char -funsigned-bitfields -mmcu=atmega32 -DF_CPU=8000000UL -MMD -MP -MF"application_HMI.d" -MT"application_HMI.o" -c -o "application_HMI.o" "../application_HMI.c"
In file included from ../application_HMI.c:13:
c:/winavr-20100110/lib/gcc/../../avr/include/util/delay.h:90:3: warning: #warning "Compiler optimizations disabled; functions from <util/delay.h> won't work as designed"
Finished building: ../application_HMI.c
 
Building target: HMI_ECU.elf
Invoking: AVR C Linker
avr-gcc -Wl,-Map,HMI_ECU.map -mmcu=atmega32 -o "HMI_ECU.elf"  ./LCD.o ./application_HMI.o ./gpio.o ./keypad_me.o ./timer.o ./uart.o   
Finished building target: HMI_ECU.elf
 
Invoking: AVR Create Extended Listing
avr-objdump -h -S HMI_ECU.elf  >"HMI_ECU.lss"
Finished building: HMI_ECU.lss
 
Invoking: Print Size
avr-size --format=avr --mcu=atmega32 HMI_ECU.elf
AVR Memory Usage
----------------
Device: atmega32

Program:   12416 bytes (37.9% Full)
(.text + .data + .bootloader)

Data:        666 bytes (32.5% Full)
(.data + .bss + .noinit)


Finished building: sizedummy
 
00:20:19 **** Incremental Build of configuration Debug for project control_ECU ****
make all 
Invoking: Print Size
avr-size --format=avr --mcu=atmega32 control_ECU.elf
AVR Memory Usage
----------------
Device: atmega32

Program:   11056 bytes (33.7% Full)
(.text + .data + .bootloader)

Data:        277 bytes (13.5% Full)
(.data + .bss + .noinit)


Finished building: sizedummy
 
00:21:51 **** Incremental Build of configuration Debug for project HMI_ECU ****
make all 
Building file: ../application_HMI.c
Invoking: AVR Compiler
avr-gcc -Wall -g2 -gstabs -O0 -fpack-struct -fshort-enums -ffunction-sections -fdata-sections -std=gnu99 -funsigned-char -funsigned-bitfields -mmcu=atmega32 -DF_CPU=8000000UL -MMD -MP -MF"application_HMI.d" -MT"application_HMI.o" -c -o "application_HMI.o" "../application_HMI.c"
In file included from ../application_HMI.c:13:
c:/winavr-20100110/lib/gcc/../../avr/include/util/delay.h:90:3: warning: #warning "Compiler optimizations disabled; functions from <util/delay.h> won't work as designed"
Finished building: ../application_HMI.c
 
Building target: HMI_ECU.elf
Invoking: AVR C Linker
avr-gcc -Wl,-Map,HMI_ECU.map -mmcu=atmega32 -o "HMI_ECU.elf"  ./LCD.o ./application_HMI.o ./gpio.o ./keypad_me.o ./timer.o ./uart.o   
Finished building target: HMI_ECU.elf
 
Invoking: AVR Create Extended Listing
avr-objdump -h -S HMI_ECU.elf  >"HMI_ECU.lss"
Finished building: HMI_ECU.lss
 
Invoking: Print Size
avr-size --format=avr --mcu=atmega32 HMI_ECU.elf
AVR Memory Usage
----------------
Device: atmega32

Program:   12188 bytes (37.2% Full)
(.text + .data + .bootloader)

Data:        666 bytes (32.5% Full)
(.data + .bss + .noinit)


Finished building: sizedummy
 
00:21:52 **** Incremental Build of configuration Debug for project control_ECU ****
make all 
Invoking: Print Size
avr-size --format=avr --mcu=atmega32 control_ECU.elf
AVR Memory Usage
----------------
Device: atmega32

Program:   11056 bytes (33.7% Full)
(.text + .data + .bootloader)

Data:        277 bytes (13.5% Full)
(.data + .bss + .noinit)


Finished building: sizedummy
 
00:52:44 **** Incremental Build of configuration Debug for project HMI_ECU ****
make all 
Building file: ../application_HMI.c
Invoking: AVR Compiler
avr-gcc -Wall -g2 -gstabs -O0 -fpack-struct -fshort-enums -ffunction-sections -fdata-sections -std=gnu99 -funsigned-char -funsigned-bitfields -mmcu=atmega32 -DF_CPU=8000000UL -MMD -MP -MF"application_HMI.d" -MT"application_HMI.o" -c -o "application_HMI.o" "../application_HMI.c"
In file included from ../application_HMI.c:13:
c:/winavr-20100110/lib/gcc/../../avr/include/util/delay.h:90:3: warning: #warning "Compiler optimizations disabled; functions from <util/delay.h> won't work as designed"
../application_HMI.c: In function 'main':
../application_HMI.c:271: error: case label not within a switch statement
../application_HMI.c:293: error: case label not within a switch statement
../application_HMI.c: At top level:
../application_HMI.c:306: error: expected identifier or '(' before '}' token
make: *** [application_HMI.o] Error 1
"make all" terminated with exit code 2. Build might be incomplete.
00:52:44 **** Incremental Build of configuration Debug for project control_ECU ****
make all 
Invoking: Print Size
avr-size --format=avr --mcu=atmega32 control_ECU.elf
AVR Memory Usage
----------------
Device: atmega32

Program:   11056 bytes (33.7% Full)
(.text + .data + .bootloader)

Data:        277 bytes (13.5% Full)
(.data + .bss + .noinit)


Finished building: sizedummy
 
00:53:23 **** Incremental Build of configuration Debug for project HMI_ECU ****
make all 
Building file: ../application_HMI.c
Invoking: AVR Compiler
avr-gcc -Wall -g2 -gstabs -O0 -fpack-struct -fshort-enums -ffunction-sections -fdata-sections -std=gnu99 -funsigned-char -funsigned-bitfields -mmcu=atmega32 -DF_CPU=8000000UL -MMD -MP -MF"application_HMI.d" -MT"application_HMI.o" -c -o "application_HMI.o" "../application_HMI.c"
In file included from ../application_HMI.c:13:
c:/winavr-20100110/lib/gcc/../../avr/include/util/delay.h:90:3: warning: #warning "Compiler optimizations disabled; functions from <util/delay.h> won't work as designed"
Finished building: ../application_HMI.c
 
Building target: HMI_ECU.elf
Invoking: AVR C Linker
avr-gcc -Wl,-Map,HMI_ECU.map -mmcu=atmega32 -o "HMI_ECU.elf"  ./LCD.o ./application_HMI.o ./gpio.o ./keypad_me.o ./timer.o ./uart.o   
Finished building target: HMI_ECU.elf
 
Invoking: AVR Create Extended Listing
avr-objdump -h -S HMI_ECU.elf  >"HMI_ECU.lss"
Finished building: HMI_ECU.lss
 
Invoking: Print Size
avr-size --format=avr --mcu=atmega32 HMI_ECU.elf
AVR Memory Usage
----------------
Device: atmega32

Program:   12188 bytes (37.2% Full)
(.text + .data + .bootloader)

Data:        666 bytes (32.5% Full)
(.data + .bss + .noinit)


Finished building: sizedummy
 
00:53:23 **** Incremental Build of configuration Debug for project control_ECU ****
make all 
Invoking: Print Size
avr-size --format=avr --mcu=atmega32 control_ECU.elf
AVR Memory Usage
----------------
Device: atmega32

Program:   11056 bytes (33.7% Full)
(.text + .data + .bootloader)

Data:        277 bytes (13.5% Full)
(.data + .bss + .noinit)


Finished building: sizedummy
 
00:56:48 **** Incremental Build of configuration Debug for project HMI_ECU ****
make all 
Invoking: Print Size
avr-size --format=avr --mcu=atmega32 HMI_ECU.elf
AVR Memory Usage
----------------
Device: atmega32

Program:   12188 bytes (37.2% Full)
(.text + .data + .bootloader)

Data:        666 bytes (32.5% Full)
(.data + .bss + .noinit)


Finished building: sizedummy
 
00:56:49 **** Incremental Build of configuration Debug for project control_ECU ****
make all 
Invoking: Print Size
avr-size --format=avr --mcu=atmega32 control_ECU.elf
AVR Memory Usage
----------------
Device: atmega32

Program:   11056 bytes (33.7% Full)
(.text + .data + .bootloader)

Data:        277 bytes (13.5% Full)
(.data + .bss + .noinit)


Finished building: sizedummy
 
00:59:39 **** Incremental Build of configuration Debug for project HMI_ECU ****
make all 
Building file: ../application_HMI.c
Invoking: AVR Compiler
avr-gcc -Wall -g2 -gstabs -O0 -fpack-struct -fshort-enums -ffunction-sections -fdata-sections -std=gnu99 -funsigned-char -funsigned-bitfields -mmcu=atmega32 -DF_CPU=8000000UL -MMD -MP -MF"application_HMI.d" -MT"application_HMI.o" -c -o "application_HMI.o" "../application_HMI.c"
In file included from ../application_HMI.c:13:
c:/winavr-20100110/lib/gcc/../../avr/include/util/delay.h:90:3: warning: #warning "Compiler optimizations disabled; functions from <util/delay.h> won't work as designed"
../application_HMI.c:217:5: warning: "/*" within comment
Finished building: ../application_HMI.c
 
Building target: HMI_ECU.elf
Invoking: AVR C Linker
avr-gcc -Wl,-Map,HMI_ECU.map -mmcu=atmega32 -o "HMI_ECU.elf"  ./LCD.o ./application_HMI.o ./gpio.o ./keypad_me.o ./timer.o ./uart.o   
Finished building target: HMI_ECU.elf
 
Invoking: AVR Create Extended Listing
avr-objdump -h -S HMI_ECU.elf  >"HMI_ECU.lss"
Finished building: HMI_ECU.lss
 
Invoking: Print Size
avr-size --format=avr --mcu=atmega32 HMI_ECU.elf
AVR Memory Usage
----------------
Device: atmega32

Program:   12212 bytes (37.3% Full)
(.text + .data + .bootloader)

Data:        678 bytes (33.1% Full)
(.data + .bss + .noinit)


Finished building: sizedummy
 
00:59:40 **** Incremental Build of configuration Debug for project control_ECU ****
make all 
Invoking: Print Size
avr-size --format=avr --mcu=atmega32 control_ECU.elf
AVR Memory Usage
----------------
Device: atmega32

Program:   11056 bytes (33.7% Full)
(.text + .data + .bootloader)

Data:        277 bytes (13.5% Full)
(.data + .bss + .noinit)


Finished building: sizedummy
 
01:10:06 **** Incremental Build of configuration Debug for project HMI_ECU ****
make all 
Building file: ../application_HMI.c
Invoking: AVR Compiler
avr-gcc -Wall -g2 -gstabs -O0 -fpack-struct -fshort-enums -ffunction-sections -fdata-sections -std=gnu99 -funsigned-char -funsigned-bitfields -mmcu=atmega32 -DF_CPU=8000000UL -MMD -MP -MF"application_HMI.d" -MT"application_HMI.o" -c -o "application_HMI.o" "../application_HMI.c"
In file included from ../application_HMI.c:13:
c:/winavr-20100110/lib/gcc/../../avr/include/util/delay.h:90:3: warning: #warning "Compiler optimizations disabled; functions from <util/delay.h> won't work as designed"
../application_HMI.c:217:5: warning: "/*" within comment
Finished building: ../application_HMI.c
 
Building target: HMI_ECU.elf
Invoking: AVR C Linker
avr-gcc -Wl,-Map,HMI_ECU.map -mmcu=atmega32 -o "HMI_ECU.elf"  ./LCD.o ./application_HMI.o ./gpio.o ./keypad_me.o ./timer.o ./uart.o   
Finished building target: HMI_ECU.elf
 
Invoking: AVR Create Extended Listing
avr-objdump -h -S HMI_ECU.elf  >"HMI_ECU.lss"
Finished building: HMI_ECU.lss
 
Invoking: Print Size
avr-size --format=avr --mcu=atmega32 HMI_ECU.elf
AVR Memory Usage
----------------
Device: atmega32

Program:   12214 bytes (37.3% Full)
(.text + .data + .bootloader)

Data:        678 bytes (33.1% Full)
(.data + .bss + .noinit)


Finished building: sizedummy
 
01:10:07 **** Incremental Build of configuration Debug for project control_ECU ****
make all 
Invoking: Print Size
avr-size --format=avr --mcu=atmega32 control_ECU.elf
AVR Memory Usage
----------------
Device: atmega32

Program:   11056 bytes (33.7% Full)
(.text + .data + .bootloader)

Data:        277 bytes (13.5% Full)
(.data + .bss + .noinit)


Finished building: sizedummy
 
01:14:49 **** Incremental Build of configuration Debug for project HMI_ECU ****
make all 
Invoking: Print Size
avr-size --format=avr --mcu=atmega32 HMI_ECU.elf
AVR Memory Usage
----------------
Device: atmega32

Program:   12214 bytes (37.3% Full)
(.text + .data + .bootloader)

Data:        678 bytes (33.1% Full)
(.data + .bss + .noinit)


Finished building: sizedummy
 
01:14:50 **** Incremental Build of configuration Debug for project control_ECU ****
make all 
Building file: ../application_control.c
Invoking: AVR Compiler
avr-gcc -Wall -g2 -gstabs -O0 -fpack-struct -fshort-enums -ffunction-sections -fdata-sections -std=gnu99 -funsigned-char -funsigned-bitfields -mmcu=atmega32 -DF_CPU=8000000UL -MMD -MP -MF"application_control.d" -MT"application_control.o" -c -o "application_control.o" "../application_control.c"
In file included from ../application_control.c:18:
c:/winavr-20100110/lib/gcc/../../avr/include/util/delay.h:90:3: warning: #warning "Compiler optimizations disabled; functions from <util/delay.h> won't work as designed"
Finished building: ../application_control.c
 
Building target: control_ECU.elf
Invoking: AVR C Linker
avr-gcc -Wl,-Map,control_ECU.map -mmcu=atmega32 -o "control_ECU.elf"  ./ADC.o ./application_control.o ./dc_motor.o ./external_eeprom.o ./gpio.o ./icu.o ./pwm.o ./sensor_lm35.o ./twi.o ./uart.o ./ultrasonic_sensor.o   
Finished building target: control_ECU.elf
 
Invoking: AVR Create Extended Listing
avr-objdump -h -S control_ECU.elf  >"control_ECU.lss"
Finished building: control_ECU.lss
 
Invoking: Print Size
avr-size --format=avr --mcu=atmega32 control_ECU.elf
AVR Memory Usage
----------------
Device: atmega32

Program:   11056 bytes (33.7% Full)
(.text + .data + .bootloader)

Data:        277 bytes (13.5% Full)
(.data + .bss + .noinit)


Finished building: sizedummy
 
02:03:45 **** Incremental Build of configuration Debug for project HMI_ECU ****
make all 
Building file: ../application_HMI.c
Invoking: AVR Compiler
avr-gcc -Wall -g2 -gstabs -O0 -fpack-struct -fshort-enums -ffunction-sections -fdata-sections -std=gnu99 -funsigned-char -funsigned-bitfields -mmcu=atmega32 -DF_CPU=8000000UL -MMD -MP -MF"application_HMI.d" -MT"application_HMI.o" -c -o "application_HMI.o" "../application_HMI.c"
In file included from ../application_HMI.c:13:
c:/winavr-20100110/lib/gcc/../../avr/include/util/delay.h:90:3: warning: #warning "Compiler optimizations disabled; functions from <util/delay.h> won't work as designed"
../application_HMI.c: In function 'main':
../application_HMI.c:63: warning: unused variable 'error_type'
../application_HMI.c:53: warning: unused variable 'nummm'
../application_HMI.c:52: warning: unused variable 'display'
Finished building: ../application_HMI.c
 
Building target: HMI_ECU.elf
Invoking: AVR C Linker
avr-gcc -Wl,-Map,HMI_ECU.map -mmcu=atmega32 -o "HMI_ECU.elf"  ./LCD.o ./application_HMI.o ./gpio.o ./keypad_me.o ./timer.o ./uart.o   
Finished building target: HMI_ECU.elf
 
Invoking: AVR Create Extended Listing
avr-objdump -h -S HMI_ECU.elf  >"HMI_ECU.lss"
Finished building: HMI_ECU.lss
 
Invoking: Print Size
avr-size --format=avr --mcu=atmega32 HMI_ECU.elf
AVR Memory Usage
----------------
Device: atmega32

Program:   12752 bytes (38.9% Full)
(.text + .data + .bootloader)

Data:        652 bytes (31.8% Full)
(.data + .bss + .noinit)


Finished building: sizedummy
 
02:03:46 **** Incremental Build of configuration Debug for project control_ECU ****
make all 
Building file: ../application_control.c
Invoking: AVR Compiler
avr-gcc -Wall -g2 -gstabs -O0 -fpack-struct -fshort-enums -ffunction-sections -fdata-sections -std=gnu99 -funsigned-char -funsigned-bitfields -mmcu=atmega32 -DF_CPU=8000000UL -MMD -MP -MF"application_control.d" -MT"application_control.o" -c -o "application_control.o" "../application_control.c"
In file included from ../application_control.c:18:
c:/winavr-20100110/lib/gcc/../../avr/include/util/delay.h:90:3: warning: #warning "Compiler optimizations disabled; functions from <util/delay.h> won't work as designed"
../application_control.c: In function 'main':
../application_control.c:119: error: a label can only be part of a statement and a declaration is not a statement
../application_control.c:120: error: expected expression before 'uint8'
../application_control.c:122: error: 'code' undeclared (first use in this function)
../application_control.c:122: error: (Each undeclared identifier is reported only once
../application_control.c:122: error: for each function it appears in.)
../application_control.c:39: warning: unused variable 'error'
../application_control.c:38: warning: unused variable 'display_counter'
make: *** [application_control.o] Error 1
"make all" terminated with exit code 2. Build might be incomplete.
02:06:28 **** Incremental Build of configuration Debug for project HMI_ECU ****
make all 
Building file: ../application_HMI.c
Invoking: AVR Compiler
avr-gcc -Wall -g2 -gstabs -O0 -fpack-struct -fshort-enums -ffunction-sections -fdata-sections -std=gnu99 -funsigned-char -funsigned-bitfields -mmcu=atmega32 -DF_CPU=8000000UL -MMD -MP -MF"application_HMI.d" -MT"application_HMI.o" -c -o "application_HMI.o" "../application_HMI.c"
In file included from ../application_HMI.c:13:
c:/winavr-20100110/lib/gcc/../../avr/include/util/delay.h:90:3: warning: #warning "Compiler optimizations disabled; functions from <util/delay.h> won't work as designed"
Finished building: ../application_HMI.c
 
Building target: HMI_ECU.elf
Invoking: AVR C Linker
avr-gcc -Wl,-Map,HMI_ECU.map -mmcu=atmega32 -o "HMI_ECU.elf"  ./LCD.o ./application_HMI.o ./gpio.o ./keypad_me.o ./timer.o ./uart.o   
Finished building target: HMI_ECU.elf
 
Invoking: AVR Create Extended Listing
avr-objdump -h -S HMI_ECU.elf  >"HMI_ECU.lss"
Finished building: HMI_ECU.lss
 
Invoking: Print Size
avr-size --format=avr --mcu=atmega32 HMI_ECU.elf
AVR Memory Usage
----------------
Device: atmega32

Program:   12214 bytes (37.3% Full)
(.text + .data + .bootloader)

Data:        678 bytes (33.1% Full)
(.data + .bss + .noinit)


Finished building: sizedummy
 
02:06:29 **** Incremental Build of configuration Debug for project control_ECU ****
make all 
Building file: ../application_control.c
Invoking: AVR Compiler
avr-gcc -Wall -g2 -gstabs -O0 -fpack-struct -fshort-enums -ffunction-sections -fdata-sections -std=gnu99 -funsigned-char -funsigned-bitfields -mmcu=atmega32 -DF_CPU=8000000UL -MMD -MP -MF"application_control.d" -MT"application_control.o" -c -o "application_control.o" "../application_control.c"
In file included from ../application_control.c:18:
c:/winavr-20100110/lib/gcc/../../avr/include/util/delay.h:90:3: warning: #warning "Compiler optimizations disabled; functions from <util/delay.h> won't work as designed"
Finished building: ../application_control.c
 
Building target: control_ECU.elf
Invoking: AVR C Linker
avr-gcc -Wl,-Map,control_ECU.map -mmcu=atmega32 -o "control_ECU.elf"  ./ADC.o ./application_control.o ./dc_motor.o ./external_eeprom.o ./gpio.o ./icu.o ./pwm.o ./sensor_lm35.o ./twi.o ./uart.o ./ultrasonic_sensor.o   
Finished building target: control_ECU.elf
 
Invoking: AVR Create Extended Listing
avr-objdump -h -S control_ECU.elf  >"control_ECU.lss"
Finished building: control_ECU.lss
 
Invoking: Print Size
avr-size --format=avr --mcu=atmega32 control_ECU.elf
AVR Memory Usage
----------------
Device: atmega32

Program:   11056 bytes (33.7% Full)
(.text + .data + .bootloader)

Data:        277 bytes (13.5% Full)
(.data + .bss + .noinit)


Finished building: sizedummy
 
02:06:38 **** Incremental Build of configuration Debug for project HMI_ECU ****
make all 
Invoking: Print Size
avr-size --format=avr --mcu=atmega32 HMI_ECU.elf
AVR Memory Usage
----------------
Device: atmega32

Program:   12214 bytes (37.3% Full)
(.text + .data + .bootloader)

Data:        678 bytes (33.1% Full)
(.data + .bss + .noinit)


Finished building: sizedummy
 
02:06:39 **** Incremental Build of configuration Debug for project control_ECU ****
make all 
Invoking: Print Size
avr-size --format=avr --mcu=atmega32 control_ECU.elf
AVR Memory Usage
----------------
Device: atmega32

Program:   11056 bytes (33.7% Full)
(.text + .data + .bootloader)

Data:        277 bytes (13.5% Full)
(.data + .bss + .noinit)


Finished building: sizedummy
 
02:12:18 **** Incremental Build of configuration Debug for project HMI_ECU ****
make all 
Building file: ../application_HMI.c
Invoking: AVR Compiler
avr-gcc -Wall -g2 -gstabs -O0 -fpack-struct -fshort-enums -ffunction-sections -fdata-sections -std=gnu99 -funsigned-char -funsigned-bitfields -mmcu=atmega32 -DF_CPU=8000000UL -MMD -MP -MF"application_HMI.d" -MT"application_HMI.o" -c -o "application_HMI.o" "../application_HMI.c"
In file included from ../application_HMI.c:13:
c:/winavr-20100110/lib/gcc/../../avr/include/util/delay.h:90:3: warning: #warning "Compiler optimizations disabled; functions from <util/delay.h> won't work as designed"
Finished building: ../application_HMI.c
 
Building target: HMI_ECU.elf
Invoking: AVR C Linker
avr-gcc -Wl,-Map,HMI_ECU.map -mmcu=atmega32 -o "HMI_ECU.elf"  ./LCD.o ./application_HMI.o ./gpio.o ./keypad_me.o ./timer.o ./uart.o   
Finished building target: HMI_ECU.elf
 
Invoking: AVR Create Extended Listing
avr-objdump -h -S HMI_ECU.elf  >"HMI_ECU.lss"
Finished building: HMI_ECU.lss
 
Invoking: Print Size
avr-size --format=avr --mcu=atmega32 HMI_ECU.elf
AVR Memory Usage
----------------
Device: atmega32

Program:   12202 bytes (37.2% Full)
(.text + .data + .bootloader)

Data:        666 bytes (32.5% Full)
(.data + .bss + .noinit)


Finished building: sizedummy
 
02:12:19 **** Incremental Build of configuration Debug for project control_ECU ****
make all 
Invoking: Print Size
avr-size --format=avr --mcu=atmega32 control_ECU.elf
AVR Memory Usage
----------------
Device: atmega32

Program:   11056 bytes (33.7% Full)
(.text + .data + .bootloader)

Data:        277 bytes (13.5% Full)
(.data + .bss + .noinit)


Finished building: sizedummy
 
