
control_ECU.elf:     file format elf32-avr

Sections:
Idx Name          Size      VMA       LMA       File off  Algn
  0 .text         00002a22  00000000  00000000  00000094  2**1
                  CONTENTS, ALLOC, LOAD, READONLY, CODE
  1 .data         0000010e  00800060  00002a22  00002ab6  2**0
                  CONTENTS, ALLOC, LOAD, DATA
  2 .bss          00000007  0080016e  0080016e  00002bc4  2**0
                  ALLOC
  3 .stab         00002cdc  00000000  00000000  00002bc4  2**2
                  CONTENTS, READONLY, DEBUGGING
  4 .stabstr      00001603  00000000  00000000  000058a0  2**0
                  CONTENTS, READONLY, DEBUGGING
  5 .debug_aranges 000001a0  00000000  00000000  00006ea3  2**0
                  CONTENTS, READONLY, DEBUGGING
  6 .debug_pubnames 000001f2  00000000  00000000  00007043  2**0
                  CONTENTS, READONLY, DEBUGGING
  7 .debug_info   0000240b  00000000  00000000  00007235  2**0
                  CONTENTS, READONLY, DEBUGGING
  8 .debug_abbrev 00001386  00000000  00000000  00009640  2**0
                  CONTENTS, READONLY, DEBUGGING
  9 .debug_line   000011d6  00000000  00000000  0000a9c6  2**0
                  CONTENTS, READONLY, DEBUGGING
 10 .debug_frame  000001c0  00000000  00000000  0000bb9c  2**2
                  CONTENTS, READONLY, DEBUGGING
 11 .debug_str    000002f6  00000000  00000000  0000bd5c  2**0
                  CONTENTS, READONLY, DEBUGGING
 12 .debug_loc    0000096e  00000000  00000000  0000c052  2**0
                  CONTENTS, READONLY, DEBUGGING
 13 .debug_ranges 00000050  00000000  00000000  0000c9c0  2**0
                  CONTENTS, READONLY, DEBUGGING

Disassembly of section .text:

00000000 <__vectors>:
       0:	0c 94 2a 00 	jmp	0x54	; 0x54 <__ctors_end>
       4:	0c 94 47 00 	jmp	0x8e	; 0x8e <__bad_interrupt>
       8:	0c 94 47 00 	jmp	0x8e	; 0x8e <__bad_interrupt>
       c:	0c 94 47 00 	jmp	0x8e	; 0x8e <__bad_interrupt>
      10:	0c 94 47 00 	jmp	0x8e	; 0x8e <__bad_interrupt>
      14:	0c 94 47 00 	jmp	0x8e	; 0x8e <__bad_interrupt>
      18:	0c 94 e4 0f 	jmp	0x1fc8	; 0x1fc8 <__vector_6>
      1c:	0c 94 47 00 	jmp	0x8e	; 0x8e <__bad_interrupt>
      20:	0c 94 47 00 	jmp	0x8e	; 0x8e <__bad_interrupt>
      24:	0c 94 47 00 	jmp	0x8e	; 0x8e <__bad_interrupt>
      28:	0c 94 47 00 	jmp	0x8e	; 0x8e <__bad_interrupt>
      2c:	0c 94 47 00 	jmp	0x8e	; 0x8e <__bad_interrupt>
      30:	0c 94 47 00 	jmp	0x8e	; 0x8e <__bad_interrupt>
      34:	0c 94 47 00 	jmp	0x8e	; 0x8e <__bad_interrupt>
      38:	0c 94 47 00 	jmp	0x8e	; 0x8e <__bad_interrupt>
      3c:	0c 94 47 00 	jmp	0x8e	; 0x8e <__bad_interrupt>
      40:	0c 94 47 00 	jmp	0x8e	; 0x8e <__bad_interrupt>
      44:	0c 94 47 00 	jmp	0x8e	; 0x8e <__bad_interrupt>
      48:	0c 94 47 00 	jmp	0x8e	; 0x8e <__bad_interrupt>
      4c:	0c 94 47 00 	jmp	0x8e	; 0x8e <__bad_interrupt>
      50:	0c 94 47 00 	jmp	0x8e	; 0x8e <__bad_interrupt>

00000054 <__ctors_end>:
      54:	11 24       	eor	r1, r1
      56:	1f be       	out	0x3f, r1	; 63
      58:	cf e5       	ldi	r28, 0x5F	; 95
      5a:	d8 e0       	ldi	r29, 0x08	; 8
      5c:	de bf       	out	0x3e, r29	; 62
      5e:	cd bf       	out	0x3d, r28	; 61

00000060 <__do_copy_data>:
      60:	11 e0       	ldi	r17, 0x01	; 1
      62:	a0 e6       	ldi	r26, 0x60	; 96
      64:	b0 e0       	ldi	r27, 0x00	; 0
      66:	e2 e2       	ldi	r30, 0x22	; 34
      68:	fa e2       	ldi	r31, 0x2A	; 42
      6a:	02 c0       	rjmp	.+4      	; 0x70 <.do_copy_data_start>

0000006c <.do_copy_data_loop>:
      6c:	05 90       	lpm	r0, Z+
      6e:	0d 92       	st	X+, r0

00000070 <.do_copy_data_start>:
      70:	ae 36       	cpi	r26, 0x6E	; 110
      72:	b1 07       	cpc	r27, r17
      74:	d9 f7       	brne	.-10     	; 0x6c <.do_copy_data_loop>

00000076 <__do_clear_bss>:
      76:	11 e0       	ldi	r17, 0x01	; 1
      78:	ae e6       	ldi	r26, 0x6E	; 110
      7a:	b1 e0       	ldi	r27, 0x01	; 1
      7c:	01 c0       	rjmp	.+2      	; 0x80 <.do_clear_bss_start>

0000007e <.do_clear_bss_loop>:
      7e:	1d 92       	st	X+, r1

00000080 <.do_clear_bss_start>:
      80:	a5 37       	cpi	r26, 0x75	; 117
      82:	b1 07       	cpc	r27, r17
      84:	e1 f7       	brne	.-8      	; 0x7e <.do_clear_bss_loop>
      86:	0e 94 7a 07 	call	0xef4	; 0xef4 <main>
      8a:	0c 94 0f 15 	jmp	0x2a1e	; 0x2a1e <_exit>

0000008e <__bad_interrupt>:
      8e:	0c 94 00 00 	jmp	0	; 0x0 <__vectors>

00000092 <__fixunssfsi>:
      92:	ef 92       	push	r14
      94:	ff 92       	push	r15
      96:	0f 93       	push	r16
      98:	1f 93       	push	r17
      9a:	7b 01       	movw	r14, r22
      9c:	8c 01       	movw	r16, r24
      9e:	20 e0       	ldi	r18, 0x00	; 0
      a0:	30 e0       	ldi	r19, 0x00	; 0
      a2:	40 e0       	ldi	r20, 0x00	; 0
      a4:	5f e4       	ldi	r21, 0x4F	; 79
      a6:	0e 94 f5 03 	call	0x7ea	; 0x7ea <__gesf2>
      aa:	88 23       	and	r24, r24
      ac:	8c f0       	brlt	.+34     	; 0xd0 <__fixunssfsi+0x3e>
      ae:	c8 01       	movw	r24, r16
      b0:	b7 01       	movw	r22, r14
      b2:	20 e0       	ldi	r18, 0x00	; 0
      b4:	30 e0       	ldi	r19, 0x00	; 0
      b6:	40 e0       	ldi	r20, 0x00	; 0
      b8:	5f e4       	ldi	r21, 0x4F	; 79
      ba:	0e 94 c1 01 	call	0x382	; 0x382 <__subsf3>
      be:	0e 94 55 04 	call	0x8aa	; 0x8aa <__fixsfsi>
      c2:	9b 01       	movw	r18, r22
      c4:	ac 01       	movw	r20, r24
      c6:	20 50       	subi	r18, 0x00	; 0
      c8:	30 40       	sbci	r19, 0x00	; 0
      ca:	40 40       	sbci	r20, 0x00	; 0
      cc:	50 48       	sbci	r21, 0x80	; 128
      ce:	06 c0       	rjmp	.+12     	; 0xdc <__fixunssfsi+0x4a>
      d0:	c8 01       	movw	r24, r16
      d2:	b7 01       	movw	r22, r14
      d4:	0e 94 55 04 	call	0x8aa	; 0x8aa <__fixsfsi>
      d8:	9b 01       	movw	r18, r22
      da:	ac 01       	movw	r20, r24
      dc:	b9 01       	movw	r22, r18
      de:	ca 01       	movw	r24, r20
      e0:	1f 91       	pop	r17
      e2:	0f 91       	pop	r16
      e4:	ff 90       	pop	r15
      e6:	ef 90       	pop	r14
      e8:	08 95       	ret

000000ea <_fpadd_parts>:
      ea:	a0 e0       	ldi	r26, 0x00	; 0
      ec:	b0 e0       	ldi	r27, 0x00	; 0
      ee:	eb e7       	ldi	r30, 0x7B	; 123
      f0:	f0 e0       	ldi	r31, 0x00	; 0
      f2:	0c 94 d8 14 	jmp	0x29b0	; 0x29b0 <__prologue_saves__>
      f6:	dc 01       	movw	r26, r24
      f8:	2b 01       	movw	r4, r22
      fa:	fa 01       	movw	r30, r20
      fc:	9c 91       	ld	r25, X
      fe:	92 30       	cpi	r25, 0x02	; 2
     100:	08 f4       	brcc	.+2      	; 0x104 <_fpadd_parts+0x1a>
     102:	39 c1       	rjmp	.+626    	; 0x376 <_fpadd_parts+0x28c>
     104:	eb 01       	movw	r28, r22
     106:	88 81       	ld	r24, Y
     108:	82 30       	cpi	r24, 0x02	; 2
     10a:	08 f4       	brcc	.+2      	; 0x10e <_fpadd_parts+0x24>
     10c:	33 c1       	rjmp	.+614    	; 0x374 <_fpadd_parts+0x28a>
     10e:	94 30       	cpi	r25, 0x04	; 4
     110:	69 f4       	brne	.+26     	; 0x12c <_fpadd_parts+0x42>
     112:	84 30       	cpi	r24, 0x04	; 4
     114:	09 f0       	breq	.+2      	; 0x118 <_fpadd_parts+0x2e>
     116:	2f c1       	rjmp	.+606    	; 0x376 <_fpadd_parts+0x28c>
     118:	11 96       	adiw	r26, 0x01	; 1
     11a:	9c 91       	ld	r25, X
     11c:	11 97       	sbiw	r26, 0x01	; 1
     11e:	89 81       	ldd	r24, Y+1	; 0x01
     120:	98 17       	cp	r25, r24
     122:	09 f4       	brne	.+2      	; 0x126 <_fpadd_parts+0x3c>
     124:	28 c1       	rjmp	.+592    	; 0x376 <_fpadd_parts+0x28c>
     126:	a0 e6       	ldi	r26, 0x60	; 96
     128:	b0 e0       	ldi	r27, 0x00	; 0
     12a:	25 c1       	rjmp	.+586    	; 0x376 <_fpadd_parts+0x28c>
     12c:	84 30       	cpi	r24, 0x04	; 4
     12e:	09 f4       	brne	.+2      	; 0x132 <_fpadd_parts+0x48>
     130:	21 c1       	rjmp	.+578    	; 0x374 <_fpadd_parts+0x28a>
     132:	82 30       	cpi	r24, 0x02	; 2
     134:	a9 f4       	brne	.+42     	; 0x160 <_fpadd_parts+0x76>
     136:	92 30       	cpi	r25, 0x02	; 2
     138:	09 f0       	breq	.+2      	; 0x13c <_fpadd_parts+0x52>
     13a:	1d c1       	rjmp	.+570    	; 0x376 <_fpadd_parts+0x28c>
     13c:	9a 01       	movw	r18, r20
     13e:	ad 01       	movw	r20, r26
     140:	88 e0       	ldi	r24, 0x08	; 8
     142:	ea 01       	movw	r28, r20
     144:	09 90       	ld	r0, Y+
     146:	ae 01       	movw	r20, r28
     148:	e9 01       	movw	r28, r18
     14a:	09 92       	st	Y+, r0
     14c:	9e 01       	movw	r18, r28
     14e:	81 50       	subi	r24, 0x01	; 1
     150:	c1 f7       	brne	.-16     	; 0x142 <_fpadd_parts+0x58>
     152:	e2 01       	movw	r28, r4
     154:	89 81       	ldd	r24, Y+1	; 0x01
     156:	11 96       	adiw	r26, 0x01	; 1
     158:	9c 91       	ld	r25, X
     15a:	89 23       	and	r24, r25
     15c:	81 83       	std	Z+1, r24	; 0x01
     15e:	08 c1       	rjmp	.+528    	; 0x370 <_fpadd_parts+0x286>
     160:	92 30       	cpi	r25, 0x02	; 2
     162:	09 f4       	brne	.+2      	; 0x166 <_fpadd_parts+0x7c>
     164:	07 c1       	rjmp	.+526    	; 0x374 <_fpadd_parts+0x28a>
     166:	12 96       	adiw	r26, 0x02	; 2
     168:	2d 90       	ld	r2, X+
     16a:	3c 90       	ld	r3, X
     16c:	13 97       	sbiw	r26, 0x03	; 3
     16e:	eb 01       	movw	r28, r22
     170:	8a 81       	ldd	r24, Y+2	; 0x02
     172:	9b 81       	ldd	r25, Y+3	; 0x03
     174:	14 96       	adiw	r26, 0x04	; 4
     176:	ad 90       	ld	r10, X+
     178:	bd 90       	ld	r11, X+
     17a:	cd 90       	ld	r12, X+
     17c:	dc 90       	ld	r13, X
     17e:	17 97       	sbiw	r26, 0x07	; 7
     180:	ec 80       	ldd	r14, Y+4	; 0x04
     182:	fd 80       	ldd	r15, Y+5	; 0x05
     184:	0e 81       	ldd	r16, Y+6	; 0x06
     186:	1f 81       	ldd	r17, Y+7	; 0x07
     188:	91 01       	movw	r18, r2
     18a:	28 1b       	sub	r18, r24
     18c:	39 0b       	sbc	r19, r25
     18e:	b9 01       	movw	r22, r18
     190:	37 ff       	sbrs	r19, 7
     192:	04 c0       	rjmp	.+8      	; 0x19c <_fpadd_parts+0xb2>
     194:	66 27       	eor	r22, r22
     196:	77 27       	eor	r23, r23
     198:	62 1b       	sub	r22, r18
     19a:	73 0b       	sbc	r23, r19
     19c:	60 32       	cpi	r22, 0x20	; 32
     19e:	71 05       	cpc	r23, r1
     1a0:	0c f0       	brlt	.+2      	; 0x1a4 <_fpadd_parts+0xba>
     1a2:	61 c0       	rjmp	.+194    	; 0x266 <_fpadd_parts+0x17c>
     1a4:	12 16       	cp	r1, r18
     1a6:	13 06       	cpc	r1, r19
     1a8:	6c f5       	brge	.+90     	; 0x204 <_fpadd_parts+0x11a>
     1aa:	37 01       	movw	r6, r14
     1ac:	48 01       	movw	r8, r16
     1ae:	06 2e       	mov	r0, r22
     1b0:	04 c0       	rjmp	.+8      	; 0x1ba <_fpadd_parts+0xd0>
     1b2:	96 94       	lsr	r9
     1b4:	87 94       	ror	r8
     1b6:	77 94       	ror	r7
     1b8:	67 94       	ror	r6
     1ba:	0a 94       	dec	r0
     1bc:	d2 f7       	brpl	.-12     	; 0x1b2 <_fpadd_parts+0xc8>
     1be:	21 e0       	ldi	r18, 0x01	; 1
     1c0:	30 e0       	ldi	r19, 0x00	; 0
     1c2:	40 e0       	ldi	r20, 0x00	; 0
     1c4:	50 e0       	ldi	r21, 0x00	; 0
     1c6:	04 c0       	rjmp	.+8      	; 0x1d0 <_fpadd_parts+0xe6>
     1c8:	22 0f       	add	r18, r18
     1ca:	33 1f       	adc	r19, r19
     1cc:	44 1f       	adc	r20, r20
     1ce:	55 1f       	adc	r21, r21
     1d0:	6a 95       	dec	r22
     1d2:	d2 f7       	brpl	.-12     	; 0x1c8 <_fpadd_parts+0xde>
     1d4:	21 50       	subi	r18, 0x01	; 1
     1d6:	30 40       	sbci	r19, 0x00	; 0
     1d8:	40 40       	sbci	r20, 0x00	; 0
     1da:	50 40       	sbci	r21, 0x00	; 0
     1dc:	2e 21       	and	r18, r14
     1de:	3f 21       	and	r19, r15
     1e0:	40 23       	and	r20, r16
     1e2:	51 23       	and	r21, r17
     1e4:	21 15       	cp	r18, r1
     1e6:	31 05       	cpc	r19, r1
     1e8:	41 05       	cpc	r20, r1
     1ea:	51 05       	cpc	r21, r1
     1ec:	21 f0       	breq	.+8      	; 0x1f6 <_fpadd_parts+0x10c>
     1ee:	21 e0       	ldi	r18, 0x01	; 1
     1f0:	30 e0       	ldi	r19, 0x00	; 0
     1f2:	40 e0       	ldi	r20, 0x00	; 0
     1f4:	50 e0       	ldi	r21, 0x00	; 0
     1f6:	79 01       	movw	r14, r18
     1f8:	8a 01       	movw	r16, r20
     1fa:	e6 28       	or	r14, r6
     1fc:	f7 28       	or	r15, r7
     1fe:	08 29       	or	r16, r8
     200:	19 29       	or	r17, r9
     202:	3c c0       	rjmp	.+120    	; 0x27c <_fpadd_parts+0x192>
     204:	23 2b       	or	r18, r19
     206:	d1 f1       	breq	.+116    	; 0x27c <_fpadd_parts+0x192>
     208:	26 0e       	add	r2, r22
     20a:	37 1e       	adc	r3, r23
     20c:	35 01       	movw	r6, r10
     20e:	46 01       	movw	r8, r12
     210:	06 2e       	mov	r0, r22
     212:	04 c0       	rjmp	.+8      	; 0x21c <_fpadd_parts+0x132>
     214:	96 94       	lsr	r9
     216:	87 94       	ror	r8
     218:	77 94       	ror	r7
     21a:	67 94       	ror	r6
     21c:	0a 94       	dec	r0
     21e:	d2 f7       	brpl	.-12     	; 0x214 <_fpadd_parts+0x12a>
     220:	21 e0       	ldi	r18, 0x01	; 1
     222:	30 e0       	ldi	r19, 0x00	; 0
     224:	40 e0       	ldi	r20, 0x00	; 0
     226:	50 e0       	ldi	r21, 0x00	; 0
     228:	04 c0       	rjmp	.+8      	; 0x232 <_fpadd_parts+0x148>
     22a:	22 0f       	add	r18, r18
     22c:	33 1f       	adc	r19, r19
     22e:	44 1f       	adc	r20, r20
     230:	55 1f       	adc	r21, r21
     232:	6a 95       	dec	r22
     234:	d2 f7       	brpl	.-12     	; 0x22a <_fpadd_parts+0x140>
     236:	21 50       	subi	r18, 0x01	; 1
     238:	30 40       	sbci	r19, 0x00	; 0
     23a:	40 40       	sbci	r20, 0x00	; 0
     23c:	50 40       	sbci	r21, 0x00	; 0
     23e:	2a 21       	and	r18, r10
     240:	3b 21       	and	r19, r11
     242:	4c 21       	and	r20, r12
     244:	5d 21       	and	r21, r13
     246:	21 15       	cp	r18, r1
     248:	31 05       	cpc	r19, r1
     24a:	41 05       	cpc	r20, r1
     24c:	51 05       	cpc	r21, r1
     24e:	21 f0       	breq	.+8      	; 0x258 <_fpadd_parts+0x16e>
     250:	21 e0       	ldi	r18, 0x01	; 1
     252:	30 e0       	ldi	r19, 0x00	; 0
     254:	40 e0       	ldi	r20, 0x00	; 0
     256:	50 e0       	ldi	r21, 0x00	; 0
     258:	59 01       	movw	r10, r18
     25a:	6a 01       	movw	r12, r20
     25c:	a6 28       	or	r10, r6
     25e:	b7 28       	or	r11, r7
     260:	c8 28       	or	r12, r8
     262:	d9 28       	or	r13, r9
     264:	0b c0       	rjmp	.+22     	; 0x27c <_fpadd_parts+0x192>
     266:	82 15       	cp	r24, r2
     268:	93 05       	cpc	r25, r3
     26a:	2c f0       	brlt	.+10     	; 0x276 <_fpadd_parts+0x18c>
     26c:	1c 01       	movw	r2, r24
     26e:	aa 24       	eor	r10, r10
     270:	bb 24       	eor	r11, r11
     272:	65 01       	movw	r12, r10
     274:	03 c0       	rjmp	.+6      	; 0x27c <_fpadd_parts+0x192>
     276:	ee 24       	eor	r14, r14
     278:	ff 24       	eor	r15, r15
     27a:	87 01       	movw	r16, r14
     27c:	11 96       	adiw	r26, 0x01	; 1
     27e:	9c 91       	ld	r25, X
     280:	d2 01       	movw	r26, r4
     282:	11 96       	adiw	r26, 0x01	; 1
     284:	8c 91       	ld	r24, X
     286:	98 17       	cp	r25, r24
     288:	09 f4       	brne	.+2      	; 0x28c <_fpadd_parts+0x1a2>
     28a:	45 c0       	rjmp	.+138    	; 0x316 <_fpadd_parts+0x22c>
     28c:	99 23       	and	r25, r25
     28e:	39 f0       	breq	.+14     	; 0x29e <_fpadd_parts+0x1b4>
     290:	a8 01       	movw	r20, r16
     292:	97 01       	movw	r18, r14
     294:	2a 19       	sub	r18, r10
     296:	3b 09       	sbc	r19, r11
     298:	4c 09       	sbc	r20, r12
     29a:	5d 09       	sbc	r21, r13
     29c:	06 c0       	rjmp	.+12     	; 0x2aa <_fpadd_parts+0x1c0>
     29e:	a6 01       	movw	r20, r12
     2a0:	95 01       	movw	r18, r10
     2a2:	2e 19       	sub	r18, r14
     2a4:	3f 09       	sbc	r19, r15
     2a6:	40 0b       	sbc	r20, r16
     2a8:	51 0b       	sbc	r21, r17
     2aa:	57 fd       	sbrc	r21, 7
     2ac:	08 c0       	rjmp	.+16     	; 0x2be <_fpadd_parts+0x1d4>
     2ae:	11 82       	std	Z+1, r1	; 0x01
     2b0:	33 82       	std	Z+3, r3	; 0x03
     2b2:	22 82       	std	Z+2, r2	; 0x02
     2b4:	24 83       	std	Z+4, r18	; 0x04
     2b6:	35 83       	std	Z+5, r19	; 0x05
     2b8:	46 83       	std	Z+6, r20	; 0x06
     2ba:	57 83       	std	Z+7, r21	; 0x07
     2bc:	1d c0       	rjmp	.+58     	; 0x2f8 <_fpadd_parts+0x20e>
     2be:	81 e0       	ldi	r24, 0x01	; 1
     2c0:	81 83       	std	Z+1, r24	; 0x01
     2c2:	33 82       	std	Z+3, r3	; 0x03
     2c4:	22 82       	std	Z+2, r2	; 0x02
     2c6:	88 27       	eor	r24, r24
     2c8:	99 27       	eor	r25, r25
     2ca:	dc 01       	movw	r26, r24
     2cc:	82 1b       	sub	r24, r18
     2ce:	93 0b       	sbc	r25, r19
     2d0:	a4 0b       	sbc	r26, r20
     2d2:	b5 0b       	sbc	r27, r21
     2d4:	84 83       	std	Z+4, r24	; 0x04
     2d6:	95 83       	std	Z+5, r25	; 0x05
     2d8:	a6 83       	std	Z+6, r26	; 0x06
     2da:	b7 83       	std	Z+7, r27	; 0x07
     2dc:	0d c0       	rjmp	.+26     	; 0x2f8 <_fpadd_parts+0x20e>
     2de:	22 0f       	add	r18, r18
     2e0:	33 1f       	adc	r19, r19
     2e2:	44 1f       	adc	r20, r20
     2e4:	55 1f       	adc	r21, r21
     2e6:	24 83       	std	Z+4, r18	; 0x04
     2e8:	35 83       	std	Z+5, r19	; 0x05
     2ea:	46 83       	std	Z+6, r20	; 0x06
     2ec:	57 83       	std	Z+7, r21	; 0x07
     2ee:	82 81       	ldd	r24, Z+2	; 0x02
     2f0:	93 81       	ldd	r25, Z+3	; 0x03
     2f2:	01 97       	sbiw	r24, 0x01	; 1
     2f4:	93 83       	std	Z+3, r25	; 0x03
     2f6:	82 83       	std	Z+2, r24	; 0x02
     2f8:	24 81       	ldd	r18, Z+4	; 0x04
     2fa:	35 81       	ldd	r19, Z+5	; 0x05
     2fc:	46 81       	ldd	r20, Z+6	; 0x06
     2fe:	57 81       	ldd	r21, Z+7	; 0x07
     300:	da 01       	movw	r26, r20
     302:	c9 01       	movw	r24, r18
     304:	01 97       	sbiw	r24, 0x01	; 1
     306:	a1 09       	sbc	r26, r1
     308:	b1 09       	sbc	r27, r1
     30a:	8f 5f       	subi	r24, 0xFF	; 255
     30c:	9f 4f       	sbci	r25, 0xFF	; 255
     30e:	af 4f       	sbci	r26, 0xFF	; 255
     310:	bf 43       	sbci	r27, 0x3F	; 63
     312:	28 f3       	brcs	.-54     	; 0x2de <_fpadd_parts+0x1f4>
     314:	0b c0       	rjmp	.+22     	; 0x32c <_fpadd_parts+0x242>
     316:	91 83       	std	Z+1, r25	; 0x01
     318:	33 82       	std	Z+3, r3	; 0x03
     31a:	22 82       	std	Z+2, r2	; 0x02
     31c:	ea 0c       	add	r14, r10
     31e:	fb 1c       	adc	r15, r11
     320:	0c 1d       	adc	r16, r12
     322:	1d 1d       	adc	r17, r13
     324:	e4 82       	std	Z+4, r14	; 0x04
     326:	f5 82       	std	Z+5, r15	; 0x05
     328:	06 83       	std	Z+6, r16	; 0x06
     32a:	17 83       	std	Z+7, r17	; 0x07
     32c:	83 e0       	ldi	r24, 0x03	; 3
     32e:	80 83       	st	Z, r24
     330:	24 81       	ldd	r18, Z+4	; 0x04
     332:	35 81       	ldd	r19, Z+5	; 0x05
     334:	46 81       	ldd	r20, Z+6	; 0x06
     336:	57 81       	ldd	r21, Z+7	; 0x07
     338:	57 ff       	sbrs	r21, 7
     33a:	1a c0       	rjmp	.+52     	; 0x370 <_fpadd_parts+0x286>
     33c:	c9 01       	movw	r24, r18
     33e:	aa 27       	eor	r26, r26
     340:	97 fd       	sbrc	r25, 7
     342:	a0 95       	com	r26
     344:	ba 2f       	mov	r27, r26
     346:	81 70       	andi	r24, 0x01	; 1
     348:	90 70       	andi	r25, 0x00	; 0
     34a:	a0 70       	andi	r26, 0x00	; 0
     34c:	b0 70       	andi	r27, 0x00	; 0
     34e:	56 95       	lsr	r21
     350:	47 95       	ror	r20
     352:	37 95       	ror	r19
     354:	27 95       	ror	r18
     356:	82 2b       	or	r24, r18
     358:	93 2b       	or	r25, r19
     35a:	a4 2b       	or	r26, r20
     35c:	b5 2b       	or	r27, r21
     35e:	84 83       	std	Z+4, r24	; 0x04
     360:	95 83       	std	Z+5, r25	; 0x05
     362:	a6 83       	std	Z+6, r26	; 0x06
     364:	b7 83       	std	Z+7, r27	; 0x07
     366:	82 81       	ldd	r24, Z+2	; 0x02
     368:	93 81       	ldd	r25, Z+3	; 0x03
     36a:	01 96       	adiw	r24, 0x01	; 1
     36c:	93 83       	std	Z+3, r25	; 0x03
     36e:	82 83       	std	Z+2, r24	; 0x02
     370:	df 01       	movw	r26, r30
     372:	01 c0       	rjmp	.+2      	; 0x376 <_fpadd_parts+0x28c>
     374:	d2 01       	movw	r26, r4
     376:	cd 01       	movw	r24, r26
     378:	cd b7       	in	r28, 0x3d	; 61
     37a:	de b7       	in	r29, 0x3e	; 62
     37c:	e2 e1       	ldi	r30, 0x12	; 18
     37e:	0c 94 f4 14 	jmp	0x29e8	; 0x29e8 <__epilogue_restores__>

00000382 <__subsf3>:
     382:	a0 e2       	ldi	r26, 0x20	; 32
     384:	b0 e0       	ldi	r27, 0x00	; 0
     386:	e7 ec       	ldi	r30, 0xC7	; 199
     388:	f1 e0       	ldi	r31, 0x01	; 1
     38a:	0c 94 e4 14 	jmp	0x29c8	; 0x29c8 <__prologue_saves__+0x18>
     38e:	69 83       	std	Y+1, r22	; 0x01
     390:	7a 83       	std	Y+2, r23	; 0x02
     392:	8b 83       	std	Y+3, r24	; 0x03
     394:	9c 83       	std	Y+4, r25	; 0x04
     396:	2d 83       	std	Y+5, r18	; 0x05
     398:	3e 83       	std	Y+6, r19	; 0x06
     39a:	4f 83       	std	Y+7, r20	; 0x07
     39c:	58 87       	std	Y+8, r21	; 0x08
     39e:	e9 e0       	ldi	r30, 0x09	; 9
     3a0:	ee 2e       	mov	r14, r30
     3a2:	f1 2c       	mov	r15, r1
     3a4:	ec 0e       	add	r14, r28
     3a6:	fd 1e       	adc	r15, r29
     3a8:	ce 01       	movw	r24, r28
     3aa:	01 96       	adiw	r24, 0x01	; 1
     3ac:	b7 01       	movw	r22, r14
     3ae:	0e 94 46 06 	call	0xc8c	; 0xc8c <__unpack_f>
     3b2:	8e 01       	movw	r16, r28
     3b4:	0f 5e       	subi	r16, 0xEF	; 239
     3b6:	1f 4f       	sbci	r17, 0xFF	; 255
     3b8:	ce 01       	movw	r24, r28
     3ba:	05 96       	adiw	r24, 0x05	; 5
     3bc:	b8 01       	movw	r22, r16
     3be:	0e 94 46 06 	call	0xc8c	; 0xc8c <__unpack_f>
     3c2:	8a 89       	ldd	r24, Y+18	; 0x12
     3c4:	91 e0       	ldi	r25, 0x01	; 1
     3c6:	89 27       	eor	r24, r25
     3c8:	8a 8b       	std	Y+18, r24	; 0x12
     3ca:	c7 01       	movw	r24, r14
     3cc:	b8 01       	movw	r22, r16
     3ce:	ae 01       	movw	r20, r28
     3d0:	47 5e       	subi	r20, 0xE7	; 231
     3d2:	5f 4f       	sbci	r21, 0xFF	; 255
     3d4:	0e 94 75 00 	call	0xea	; 0xea <_fpadd_parts>
     3d8:	0e 94 71 05 	call	0xae2	; 0xae2 <__pack_f>
     3dc:	a0 96       	adiw	r28, 0x20	; 32
     3de:	e6 e0       	ldi	r30, 0x06	; 6
     3e0:	0c 94 00 15 	jmp	0x2a00	; 0x2a00 <__epilogue_restores__+0x18>

000003e4 <__addsf3>:
     3e4:	a0 e2       	ldi	r26, 0x20	; 32
     3e6:	b0 e0       	ldi	r27, 0x00	; 0
     3e8:	e8 ef       	ldi	r30, 0xF8	; 248
     3ea:	f1 e0       	ldi	r31, 0x01	; 1
     3ec:	0c 94 e4 14 	jmp	0x29c8	; 0x29c8 <__prologue_saves__+0x18>
     3f0:	69 83       	std	Y+1, r22	; 0x01
     3f2:	7a 83       	std	Y+2, r23	; 0x02
     3f4:	8b 83       	std	Y+3, r24	; 0x03
     3f6:	9c 83       	std	Y+4, r25	; 0x04
     3f8:	2d 83       	std	Y+5, r18	; 0x05
     3fa:	3e 83       	std	Y+6, r19	; 0x06
     3fc:	4f 83       	std	Y+7, r20	; 0x07
     3fe:	58 87       	std	Y+8, r21	; 0x08
     400:	f9 e0       	ldi	r31, 0x09	; 9
     402:	ef 2e       	mov	r14, r31
     404:	f1 2c       	mov	r15, r1
     406:	ec 0e       	add	r14, r28
     408:	fd 1e       	adc	r15, r29
     40a:	ce 01       	movw	r24, r28
     40c:	01 96       	adiw	r24, 0x01	; 1
     40e:	b7 01       	movw	r22, r14
     410:	0e 94 46 06 	call	0xc8c	; 0xc8c <__unpack_f>
     414:	8e 01       	movw	r16, r28
     416:	0f 5e       	subi	r16, 0xEF	; 239
     418:	1f 4f       	sbci	r17, 0xFF	; 255
     41a:	ce 01       	movw	r24, r28
     41c:	05 96       	adiw	r24, 0x05	; 5
     41e:	b8 01       	movw	r22, r16
     420:	0e 94 46 06 	call	0xc8c	; 0xc8c <__unpack_f>
     424:	c7 01       	movw	r24, r14
     426:	b8 01       	movw	r22, r16
     428:	ae 01       	movw	r20, r28
     42a:	47 5e       	subi	r20, 0xE7	; 231
     42c:	5f 4f       	sbci	r21, 0xFF	; 255
     42e:	0e 94 75 00 	call	0xea	; 0xea <_fpadd_parts>
     432:	0e 94 71 05 	call	0xae2	; 0xae2 <__pack_f>
     436:	a0 96       	adiw	r28, 0x20	; 32
     438:	e6 e0       	ldi	r30, 0x06	; 6
     43a:	0c 94 00 15 	jmp	0x2a00	; 0x2a00 <__epilogue_restores__+0x18>

0000043e <__mulsf3>:
     43e:	a0 e2       	ldi	r26, 0x20	; 32
     440:	b0 e0       	ldi	r27, 0x00	; 0
     442:	e5 e2       	ldi	r30, 0x25	; 37
     444:	f2 e0       	ldi	r31, 0x02	; 2
     446:	0c 94 d8 14 	jmp	0x29b0	; 0x29b0 <__prologue_saves__>
     44a:	69 83       	std	Y+1, r22	; 0x01
     44c:	7a 83       	std	Y+2, r23	; 0x02
     44e:	8b 83       	std	Y+3, r24	; 0x03
     450:	9c 83       	std	Y+4, r25	; 0x04
     452:	2d 83       	std	Y+5, r18	; 0x05
     454:	3e 83       	std	Y+6, r19	; 0x06
     456:	4f 83       	std	Y+7, r20	; 0x07
     458:	58 87       	std	Y+8, r21	; 0x08
     45a:	ce 01       	movw	r24, r28
     45c:	01 96       	adiw	r24, 0x01	; 1
     45e:	be 01       	movw	r22, r28
     460:	67 5f       	subi	r22, 0xF7	; 247
     462:	7f 4f       	sbci	r23, 0xFF	; 255
     464:	0e 94 46 06 	call	0xc8c	; 0xc8c <__unpack_f>
     468:	ce 01       	movw	r24, r28
     46a:	05 96       	adiw	r24, 0x05	; 5
     46c:	be 01       	movw	r22, r28
     46e:	6f 5e       	subi	r22, 0xEF	; 239
     470:	7f 4f       	sbci	r23, 0xFF	; 255
     472:	0e 94 46 06 	call	0xc8c	; 0xc8c <__unpack_f>
     476:	99 85       	ldd	r25, Y+9	; 0x09
     478:	92 30       	cpi	r25, 0x02	; 2
     47a:	88 f0       	brcs	.+34     	; 0x49e <__mulsf3+0x60>
     47c:	89 89       	ldd	r24, Y+17	; 0x11
     47e:	82 30       	cpi	r24, 0x02	; 2
     480:	c8 f0       	brcs	.+50     	; 0x4b4 <__mulsf3+0x76>
     482:	94 30       	cpi	r25, 0x04	; 4
     484:	19 f4       	brne	.+6      	; 0x48c <__mulsf3+0x4e>
     486:	82 30       	cpi	r24, 0x02	; 2
     488:	51 f4       	brne	.+20     	; 0x49e <__mulsf3+0x60>
     48a:	04 c0       	rjmp	.+8      	; 0x494 <__mulsf3+0x56>
     48c:	84 30       	cpi	r24, 0x04	; 4
     48e:	29 f4       	brne	.+10     	; 0x49a <__mulsf3+0x5c>
     490:	92 30       	cpi	r25, 0x02	; 2
     492:	81 f4       	brne	.+32     	; 0x4b4 <__mulsf3+0x76>
     494:	80 e6       	ldi	r24, 0x60	; 96
     496:	90 e0       	ldi	r25, 0x00	; 0
     498:	c6 c0       	rjmp	.+396    	; 0x626 <__mulsf3+0x1e8>
     49a:	92 30       	cpi	r25, 0x02	; 2
     49c:	49 f4       	brne	.+18     	; 0x4b0 <__mulsf3+0x72>
     49e:	20 e0       	ldi	r18, 0x00	; 0
     4a0:	9a 85       	ldd	r25, Y+10	; 0x0a
     4a2:	8a 89       	ldd	r24, Y+18	; 0x12
     4a4:	98 13       	cpse	r25, r24
     4a6:	21 e0       	ldi	r18, 0x01	; 1
     4a8:	2a 87       	std	Y+10, r18	; 0x0a
     4aa:	ce 01       	movw	r24, r28
     4ac:	09 96       	adiw	r24, 0x09	; 9
     4ae:	bb c0       	rjmp	.+374    	; 0x626 <__mulsf3+0x1e8>
     4b0:	82 30       	cpi	r24, 0x02	; 2
     4b2:	49 f4       	brne	.+18     	; 0x4c6 <__mulsf3+0x88>
     4b4:	20 e0       	ldi	r18, 0x00	; 0
     4b6:	9a 85       	ldd	r25, Y+10	; 0x0a
     4b8:	8a 89       	ldd	r24, Y+18	; 0x12
     4ba:	98 13       	cpse	r25, r24
     4bc:	21 e0       	ldi	r18, 0x01	; 1
     4be:	2a 8b       	std	Y+18, r18	; 0x12
     4c0:	ce 01       	movw	r24, r28
     4c2:	41 96       	adiw	r24, 0x11	; 17
     4c4:	b0 c0       	rjmp	.+352    	; 0x626 <__mulsf3+0x1e8>
     4c6:	2d 84       	ldd	r2, Y+13	; 0x0d
     4c8:	3e 84       	ldd	r3, Y+14	; 0x0e
     4ca:	4f 84       	ldd	r4, Y+15	; 0x0f
     4cc:	58 88       	ldd	r5, Y+16	; 0x10
     4ce:	6d 88       	ldd	r6, Y+21	; 0x15
     4d0:	7e 88       	ldd	r7, Y+22	; 0x16
     4d2:	8f 88       	ldd	r8, Y+23	; 0x17
     4d4:	98 8c       	ldd	r9, Y+24	; 0x18
     4d6:	ee 24       	eor	r14, r14
     4d8:	ff 24       	eor	r15, r15
     4da:	87 01       	movw	r16, r14
     4dc:	aa 24       	eor	r10, r10
     4de:	bb 24       	eor	r11, r11
     4e0:	65 01       	movw	r12, r10
     4e2:	40 e0       	ldi	r20, 0x00	; 0
     4e4:	50 e0       	ldi	r21, 0x00	; 0
     4e6:	60 e0       	ldi	r22, 0x00	; 0
     4e8:	70 e0       	ldi	r23, 0x00	; 0
     4ea:	e0 e0       	ldi	r30, 0x00	; 0
     4ec:	f0 e0       	ldi	r31, 0x00	; 0
     4ee:	c1 01       	movw	r24, r2
     4f0:	81 70       	andi	r24, 0x01	; 1
     4f2:	90 70       	andi	r25, 0x00	; 0
     4f4:	89 2b       	or	r24, r25
     4f6:	e9 f0       	breq	.+58     	; 0x532 <__mulsf3+0xf4>
     4f8:	e6 0c       	add	r14, r6
     4fa:	f7 1c       	adc	r15, r7
     4fc:	08 1d       	adc	r16, r8
     4fe:	19 1d       	adc	r17, r9
     500:	9a 01       	movw	r18, r20
     502:	ab 01       	movw	r20, r22
     504:	2a 0d       	add	r18, r10
     506:	3b 1d       	adc	r19, r11
     508:	4c 1d       	adc	r20, r12
     50a:	5d 1d       	adc	r21, r13
     50c:	80 e0       	ldi	r24, 0x00	; 0
     50e:	90 e0       	ldi	r25, 0x00	; 0
     510:	a0 e0       	ldi	r26, 0x00	; 0
     512:	b0 e0       	ldi	r27, 0x00	; 0
     514:	e6 14       	cp	r14, r6
     516:	f7 04       	cpc	r15, r7
     518:	08 05       	cpc	r16, r8
     51a:	19 05       	cpc	r17, r9
     51c:	20 f4       	brcc	.+8      	; 0x526 <__mulsf3+0xe8>
     51e:	81 e0       	ldi	r24, 0x01	; 1
     520:	90 e0       	ldi	r25, 0x00	; 0
     522:	a0 e0       	ldi	r26, 0x00	; 0
     524:	b0 e0       	ldi	r27, 0x00	; 0
     526:	ba 01       	movw	r22, r20
     528:	a9 01       	movw	r20, r18
     52a:	48 0f       	add	r20, r24
     52c:	59 1f       	adc	r21, r25
     52e:	6a 1f       	adc	r22, r26
     530:	7b 1f       	adc	r23, r27
     532:	aa 0c       	add	r10, r10
     534:	bb 1c       	adc	r11, r11
     536:	cc 1c       	adc	r12, r12
     538:	dd 1c       	adc	r13, r13
     53a:	97 fe       	sbrs	r9, 7
     53c:	08 c0       	rjmp	.+16     	; 0x54e <__mulsf3+0x110>
     53e:	81 e0       	ldi	r24, 0x01	; 1
     540:	90 e0       	ldi	r25, 0x00	; 0
     542:	a0 e0       	ldi	r26, 0x00	; 0
     544:	b0 e0       	ldi	r27, 0x00	; 0
     546:	a8 2a       	or	r10, r24
     548:	b9 2a       	or	r11, r25
     54a:	ca 2a       	or	r12, r26
     54c:	db 2a       	or	r13, r27
     54e:	31 96       	adiw	r30, 0x01	; 1
     550:	e0 32       	cpi	r30, 0x20	; 32
     552:	f1 05       	cpc	r31, r1
     554:	49 f0       	breq	.+18     	; 0x568 <__mulsf3+0x12a>
     556:	66 0c       	add	r6, r6
     558:	77 1c       	adc	r7, r7
     55a:	88 1c       	adc	r8, r8
     55c:	99 1c       	adc	r9, r9
     55e:	56 94       	lsr	r5
     560:	47 94       	ror	r4
     562:	37 94       	ror	r3
     564:	27 94       	ror	r2
     566:	c3 cf       	rjmp	.-122    	; 0x4ee <__mulsf3+0xb0>
     568:	fa 85       	ldd	r31, Y+10	; 0x0a
     56a:	ea 89       	ldd	r30, Y+18	; 0x12
     56c:	2b 89       	ldd	r18, Y+19	; 0x13
     56e:	3c 89       	ldd	r19, Y+20	; 0x14
     570:	8b 85       	ldd	r24, Y+11	; 0x0b
     572:	9c 85       	ldd	r25, Y+12	; 0x0c
     574:	28 0f       	add	r18, r24
     576:	39 1f       	adc	r19, r25
     578:	2e 5f       	subi	r18, 0xFE	; 254
     57a:	3f 4f       	sbci	r19, 0xFF	; 255
     57c:	17 c0       	rjmp	.+46     	; 0x5ac <__mulsf3+0x16e>
     57e:	ca 01       	movw	r24, r20
     580:	81 70       	andi	r24, 0x01	; 1
     582:	90 70       	andi	r25, 0x00	; 0
     584:	89 2b       	or	r24, r25
     586:	61 f0       	breq	.+24     	; 0x5a0 <__mulsf3+0x162>
     588:	16 95       	lsr	r17
     58a:	07 95       	ror	r16
     58c:	f7 94       	ror	r15
     58e:	e7 94       	ror	r14
     590:	80 e0       	ldi	r24, 0x00	; 0
     592:	90 e0       	ldi	r25, 0x00	; 0
     594:	a0 e0       	ldi	r26, 0x00	; 0
     596:	b0 e8       	ldi	r27, 0x80	; 128
     598:	e8 2a       	or	r14, r24
     59a:	f9 2a       	or	r15, r25
     59c:	0a 2b       	or	r16, r26
     59e:	1b 2b       	or	r17, r27
     5a0:	76 95       	lsr	r23
     5a2:	67 95       	ror	r22
     5a4:	57 95       	ror	r21
     5a6:	47 95       	ror	r20
     5a8:	2f 5f       	subi	r18, 0xFF	; 255
     5aa:	3f 4f       	sbci	r19, 0xFF	; 255
     5ac:	77 fd       	sbrc	r23, 7
     5ae:	e7 cf       	rjmp	.-50     	; 0x57e <__mulsf3+0x140>
     5b0:	0c c0       	rjmp	.+24     	; 0x5ca <__mulsf3+0x18c>
     5b2:	44 0f       	add	r20, r20
     5b4:	55 1f       	adc	r21, r21
     5b6:	66 1f       	adc	r22, r22
     5b8:	77 1f       	adc	r23, r23
     5ba:	17 fd       	sbrc	r17, 7
     5bc:	41 60       	ori	r20, 0x01	; 1
     5be:	ee 0c       	add	r14, r14
     5c0:	ff 1c       	adc	r15, r15
     5c2:	00 1f       	adc	r16, r16
     5c4:	11 1f       	adc	r17, r17
     5c6:	21 50       	subi	r18, 0x01	; 1
     5c8:	30 40       	sbci	r19, 0x00	; 0
     5ca:	40 30       	cpi	r20, 0x00	; 0
     5cc:	90 e0       	ldi	r25, 0x00	; 0
     5ce:	59 07       	cpc	r21, r25
     5d0:	90 e0       	ldi	r25, 0x00	; 0
     5d2:	69 07       	cpc	r22, r25
     5d4:	90 e4       	ldi	r25, 0x40	; 64
     5d6:	79 07       	cpc	r23, r25
     5d8:	60 f3       	brcs	.-40     	; 0x5b2 <__mulsf3+0x174>
     5da:	2b 8f       	std	Y+27, r18	; 0x1b
     5dc:	3c 8f       	std	Y+28, r19	; 0x1c
     5de:	db 01       	movw	r26, r22
     5e0:	ca 01       	movw	r24, r20
     5e2:	8f 77       	andi	r24, 0x7F	; 127
     5e4:	90 70       	andi	r25, 0x00	; 0
     5e6:	a0 70       	andi	r26, 0x00	; 0
     5e8:	b0 70       	andi	r27, 0x00	; 0
     5ea:	80 34       	cpi	r24, 0x40	; 64
     5ec:	91 05       	cpc	r25, r1
     5ee:	a1 05       	cpc	r26, r1
     5f0:	b1 05       	cpc	r27, r1
     5f2:	61 f4       	brne	.+24     	; 0x60c <__mulsf3+0x1ce>
     5f4:	47 fd       	sbrc	r20, 7
     5f6:	0a c0       	rjmp	.+20     	; 0x60c <__mulsf3+0x1ce>
     5f8:	e1 14       	cp	r14, r1
     5fa:	f1 04       	cpc	r15, r1
     5fc:	01 05       	cpc	r16, r1
     5fe:	11 05       	cpc	r17, r1
     600:	29 f0       	breq	.+10     	; 0x60c <__mulsf3+0x1ce>
     602:	40 5c       	subi	r20, 0xC0	; 192
     604:	5f 4f       	sbci	r21, 0xFF	; 255
     606:	6f 4f       	sbci	r22, 0xFF	; 255
     608:	7f 4f       	sbci	r23, 0xFF	; 255
     60a:	40 78       	andi	r20, 0x80	; 128
     60c:	1a 8e       	std	Y+26, r1	; 0x1a
     60e:	fe 17       	cp	r31, r30
     610:	11 f0       	breq	.+4      	; 0x616 <__mulsf3+0x1d8>
     612:	81 e0       	ldi	r24, 0x01	; 1
     614:	8a 8f       	std	Y+26, r24	; 0x1a
     616:	4d 8f       	std	Y+29, r20	; 0x1d
     618:	5e 8f       	std	Y+30, r21	; 0x1e
     61a:	6f 8f       	std	Y+31, r22	; 0x1f
     61c:	78 a3       	std	Y+32, r23	; 0x20
     61e:	83 e0       	ldi	r24, 0x03	; 3
     620:	89 8f       	std	Y+25, r24	; 0x19
     622:	ce 01       	movw	r24, r28
     624:	49 96       	adiw	r24, 0x19	; 25
     626:	0e 94 71 05 	call	0xae2	; 0xae2 <__pack_f>
     62a:	a0 96       	adiw	r28, 0x20	; 32
     62c:	e2 e1       	ldi	r30, 0x12	; 18
     62e:	0c 94 f4 14 	jmp	0x29e8	; 0x29e8 <__epilogue_restores__>

00000632 <__divsf3>:
     632:	a8 e1       	ldi	r26, 0x18	; 24
     634:	b0 e0       	ldi	r27, 0x00	; 0
     636:	ef e1       	ldi	r30, 0x1F	; 31
     638:	f3 e0       	ldi	r31, 0x03	; 3
     63a:	0c 94 e0 14 	jmp	0x29c0	; 0x29c0 <__prologue_saves__+0x10>
     63e:	69 83       	std	Y+1, r22	; 0x01
     640:	7a 83       	std	Y+2, r23	; 0x02
     642:	8b 83       	std	Y+3, r24	; 0x03
     644:	9c 83       	std	Y+4, r25	; 0x04
     646:	2d 83       	std	Y+5, r18	; 0x05
     648:	3e 83       	std	Y+6, r19	; 0x06
     64a:	4f 83       	std	Y+7, r20	; 0x07
     64c:	58 87       	std	Y+8, r21	; 0x08
     64e:	b9 e0       	ldi	r27, 0x09	; 9
     650:	eb 2e       	mov	r14, r27
     652:	f1 2c       	mov	r15, r1
     654:	ec 0e       	add	r14, r28
     656:	fd 1e       	adc	r15, r29
     658:	ce 01       	movw	r24, r28
     65a:	01 96       	adiw	r24, 0x01	; 1
     65c:	b7 01       	movw	r22, r14
     65e:	0e 94 46 06 	call	0xc8c	; 0xc8c <__unpack_f>
     662:	8e 01       	movw	r16, r28
     664:	0f 5e       	subi	r16, 0xEF	; 239
     666:	1f 4f       	sbci	r17, 0xFF	; 255
     668:	ce 01       	movw	r24, r28
     66a:	05 96       	adiw	r24, 0x05	; 5
     66c:	b8 01       	movw	r22, r16
     66e:	0e 94 46 06 	call	0xc8c	; 0xc8c <__unpack_f>
     672:	29 85       	ldd	r18, Y+9	; 0x09
     674:	22 30       	cpi	r18, 0x02	; 2
     676:	08 f4       	brcc	.+2      	; 0x67a <__divsf3+0x48>
     678:	7e c0       	rjmp	.+252    	; 0x776 <__divsf3+0x144>
     67a:	39 89       	ldd	r19, Y+17	; 0x11
     67c:	32 30       	cpi	r19, 0x02	; 2
     67e:	10 f4       	brcc	.+4      	; 0x684 <__divsf3+0x52>
     680:	b8 01       	movw	r22, r16
     682:	7c c0       	rjmp	.+248    	; 0x77c <__divsf3+0x14a>
     684:	8a 85       	ldd	r24, Y+10	; 0x0a
     686:	9a 89       	ldd	r25, Y+18	; 0x12
     688:	89 27       	eor	r24, r25
     68a:	8a 87       	std	Y+10, r24	; 0x0a
     68c:	24 30       	cpi	r18, 0x04	; 4
     68e:	11 f0       	breq	.+4      	; 0x694 <__divsf3+0x62>
     690:	22 30       	cpi	r18, 0x02	; 2
     692:	31 f4       	brne	.+12     	; 0x6a0 <__divsf3+0x6e>
     694:	23 17       	cp	r18, r19
     696:	09 f0       	breq	.+2      	; 0x69a <__divsf3+0x68>
     698:	6e c0       	rjmp	.+220    	; 0x776 <__divsf3+0x144>
     69a:	60 e6       	ldi	r22, 0x60	; 96
     69c:	70 e0       	ldi	r23, 0x00	; 0
     69e:	6e c0       	rjmp	.+220    	; 0x77c <__divsf3+0x14a>
     6a0:	34 30       	cpi	r19, 0x04	; 4
     6a2:	39 f4       	brne	.+14     	; 0x6b2 <__divsf3+0x80>
     6a4:	1d 86       	std	Y+13, r1	; 0x0d
     6a6:	1e 86       	std	Y+14, r1	; 0x0e
     6a8:	1f 86       	std	Y+15, r1	; 0x0f
     6aa:	18 8a       	std	Y+16, r1	; 0x10
     6ac:	1c 86       	std	Y+12, r1	; 0x0c
     6ae:	1b 86       	std	Y+11, r1	; 0x0b
     6b0:	04 c0       	rjmp	.+8      	; 0x6ba <__divsf3+0x88>
     6b2:	32 30       	cpi	r19, 0x02	; 2
     6b4:	21 f4       	brne	.+8      	; 0x6be <__divsf3+0x8c>
     6b6:	84 e0       	ldi	r24, 0x04	; 4
     6b8:	89 87       	std	Y+9, r24	; 0x09
     6ba:	b7 01       	movw	r22, r14
     6bc:	5f c0       	rjmp	.+190    	; 0x77c <__divsf3+0x14a>
     6be:	2b 85       	ldd	r18, Y+11	; 0x0b
     6c0:	3c 85       	ldd	r19, Y+12	; 0x0c
     6c2:	8b 89       	ldd	r24, Y+19	; 0x13
     6c4:	9c 89       	ldd	r25, Y+20	; 0x14
     6c6:	28 1b       	sub	r18, r24
     6c8:	39 0b       	sbc	r19, r25
     6ca:	3c 87       	std	Y+12, r19	; 0x0c
     6cc:	2b 87       	std	Y+11, r18	; 0x0b
     6ce:	ed 84       	ldd	r14, Y+13	; 0x0d
     6d0:	fe 84       	ldd	r15, Y+14	; 0x0e
     6d2:	0f 85       	ldd	r16, Y+15	; 0x0f
     6d4:	18 89       	ldd	r17, Y+16	; 0x10
     6d6:	ad 88       	ldd	r10, Y+21	; 0x15
     6d8:	be 88       	ldd	r11, Y+22	; 0x16
     6da:	cf 88       	ldd	r12, Y+23	; 0x17
     6dc:	d8 8c       	ldd	r13, Y+24	; 0x18
     6de:	ea 14       	cp	r14, r10
     6e0:	fb 04       	cpc	r15, r11
     6e2:	0c 05       	cpc	r16, r12
     6e4:	1d 05       	cpc	r17, r13
     6e6:	40 f4       	brcc	.+16     	; 0x6f8 <__divsf3+0xc6>
     6e8:	ee 0c       	add	r14, r14
     6ea:	ff 1c       	adc	r15, r15
     6ec:	00 1f       	adc	r16, r16
     6ee:	11 1f       	adc	r17, r17
     6f0:	21 50       	subi	r18, 0x01	; 1
     6f2:	30 40       	sbci	r19, 0x00	; 0
     6f4:	3c 87       	std	Y+12, r19	; 0x0c
     6f6:	2b 87       	std	Y+11, r18	; 0x0b
     6f8:	20 e0       	ldi	r18, 0x00	; 0
     6fa:	30 e0       	ldi	r19, 0x00	; 0
     6fc:	40 e0       	ldi	r20, 0x00	; 0
     6fe:	50 e0       	ldi	r21, 0x00	; 0
     700:	80 e0       	ldi	r24, 0x00	; 0
     702:	90 e0       	ldi	r25, 0x00	; 0
     704:	a0 e0       	ldi	r26, 0x00	; 0
     706:	b0 e4       	ldi	r27, 0x40	; 64
     708:	60 e0       	ldi	r22, 0x00	; 0
     70a:	70 e0       	ldi	r23, 0x00	; 0
     70c:	ea 14       	cp	r14, r10
     70e:	fb 04       	cpc	r15, r11
     710:	0c 05       	cpc	r16, r12
     712:	1d 05       	cpc	r17, r13
     714:	40 f0       	brcs	.+16     	; 0x726 <__divsf3+0xf4>
     716:	28 2b       	or	r18, r24
     718:	39 2b       	or	r19, r25
     71a:	4a 2b       	or	r20, r26
     71c:	5b 2b       	or	r21, r27
     71e:	ea 18       	sub	r14, r10
     720:	fb 08       	sbc	r15, r11
     722:	0c 09       	sbc	r16, r12
     724:	1d 09       	sbc	r17, r13
     726:	b6 95       	lsr	r27
     728:	a7 95       	ror	r26
     72a:	97 95       	ror	r25
     72c:	87 95       	ror	r24
     72e:	ee 0c       	add	r14, r14
     730:	ff 1c       	adc	r15, r15
     732:	00 1f       	adc	r16, r16
     734:	11 1f       	adc	r17, r17
     736:	6f 5f       	subi	r22, 0xFF	; 255
     738:	7f 4f       	sbci	r23, 0xFF	; 255
     73a:	6f 31       	cpi	r22, 0x1F	; 31
     73c:	71 05       	cpc	r23, r1
     73e:	31 f7       	brne	.-52     	; 0x70c <__divsf3+0xda>
     740:	da 01       	movw	r26, r20
     742:	c9 01       	movw	r24, r18
     744:	8f 77       	andi	r24, 0x7F	; 127
     746:	90 70       	andi	r25, 0x00	; 0
     748:	a0 70       	andi	r26, 0x00	; 0
     74a:	b0 70       	andi	r27, 0x00	; 0
     74c:	80 34       	cpi	r24, 0x40	; 64
     74e:	91 05       	cpc	r25, r1
     750:	a1 05       	cpc	r26, r1
     752:	b1 05       	cpc	r27, r1
     754:	61 f4       	brne	.+24     	; 0x76e <__divsf3+0x13c>
     756:	27 fd       	sbrc	r18, 7
     758:	0a c0       	rjmp	.+20     	; 0x76e <__divsf3+0x13c>
     75a:	e1 14       	cp	r14, r1
     75c:	f1 04       	cpc	r15, r1
     75e:	01 05       	cpc	r16, r1
     760:	11 05       	cpc	r17, r1
     762:	29 f0       	breq	.+10     	; 0x76e <__divsf3+0x13c>
     764:	20 5c       	subi	r18, 0xC0	; 192
     766:	3f 4f       	sbci	r19, 0xFF	; 255
     768:	4f 4f       	sbci	r20, 0xFF	; 255
     76a:	5f 4f       	sbci	r21, 0xFF	; 255
     76c:	20 78       	andi	r18, 0x80	; 128
     76e:	2d 87       	std	Y+13, r18	; 0x0d
     770:	3e 87       	std	Y+14, r19	; 0x0e
     772:	4f 87       	std	Y+15, r20	; 0x0f
     774:	58 8b       	std	Y+16, r21	; 0x10
     776:	be 01       	movw	r22, r28
     778:	67 5f       	subi	r22, 0xF7	; 247
     77a:	7f 4f       	sbci	r23, 0xFF	; 255
     77c:	cb 01       	movw	r24, r22
     77e:	0e 94 71 05 	call	0xae2	; 0xae2 <__pack_f>
     782:	68 96       	adiw	r28, 0x18	; 24
     784:	ea e0       	ldi	r30, 0x0A	; 10
     786:	0c 94 fc 14 	jmp	0x29f8	; 0x29f8 <__epilogue_restores__+0x10>

0000078a <__gtsf2>:
     78a:	a8 e1       	ldi	r26, 0x18	; 24
     78c:	b0 e0       	ldi	r27, 0x00	; 0
     78e:	eb ec       	ldi	r30, 0xCB	; 203
     790:	f3 e0       	ldi	r31, 0x03	; 3
     792:	0c 94 e4 14 	jmp	0x29c8	; 0x29c8 <__prologue_saves__+0x18>
     796:	69 83       	std	Y+1, r22	; 0x01
     798:	7a 83       	std	Y+2, r23	; 0x02
     79a:	8b 83       	std	Y+3, r24	; 0x03
     79c:	9c 83       	std	Y+4, r25	; 0x04
     79e:	2d 83       	std	Y+5, r18	; 0x05
     7a0:	3e 83       	std	Y+6, r19	; 0x06
     7a2:	4f 83       	std	Y+7, r20	; 0x07
     7a4:	58 87       	std	Y+8, r21	; 0x08
     7a6:	89 e0       	ldi	r24, 0x09	; 9
     7a8:	e8 2e       	mov	r14, r24
     7aa:	f1 2c       	mov	r15, r1
     7ac:	ec 0e       	add	r14, r28
     7ae:	fd 1e       	adc	r15, r29
     7b0:	ce 01       	movw	r24, r28
     7b2:	01 96       	adiw	r24, 0x01	; 1
     7b4:	b7 01       	movw	r22, r14
     7b6:	0e 94 46 06 	call	0xc8c	; 0xc8c <__unpack_f>
     7ba:	8e 01       	movw	r16, r28
     7bc:	0f 5e       	subi	r16, 0xEF	; 239
     7be:	1f 4f       	sbci	r17, 0xFF	; 255
     7c0:	ce 01       	movw	r24, r28
     7c2:	05 96       	adiw	r24, 0x05	; 5
     7c4:	b8 01       	movw	r22, r16
     7c6:	0e 94 46 06 	call	0xc8c	; 0xc8c <__unpack_f>
     7ca:	89 85       	ldd	r24, Y+9	; 0x09
     7cc:	82 30       	cpi	r24, 0x02	; 2
     7ce:	40 f0       	brcs	.+16     	; 0x7e0 <__gtsf2+0x56>
     7d0:	89 89       	ldd	r24, Y+17	; 0x11
     7d2:	82 30       	cpi	r24, 0x02	; 2
     7d4:	28 f0       	brcs	.+10     	; 0x7e0 <__gtsf2+0x56>
     7d6:	c7 01       	movw	r24, r14
     7d8:	b8 01       	movw	r22, r16
     7da:	0e 94 be 06 	call	0xd7c	; 0xd7c <__fpcmp_parts_f>
     7de:	01 c0       	rjmp	.+2      	; 0x7e2 <__gtsf2+0x58>
     7e0:	8f ef       	ldi	r24, 0xFF	; 255
     7e2:	68 96       	adiw	r28, 0x18	; 24
     7e4:	e6 e0       	ldi	r30, 0x06	; 6
     7e6:	0c 94 00 15 	jmp	0x2a00	; 0x2a00 <__epilogue_restores__+0x18>

000007ea <__gesf2>:
     7ea:	a8 e1       	ldi	r26, 0x18	; 24
     7ec:	b0 e0       	ldi	r27, 0x00	; 0
     7ee:	eb ef       	ldi	r30, 0xFB	; 251
     7f0:	f3 e0       	ldi	r31, 0x03	; 3
     7f2:	0c 94 e4 14 	jmp	0x29c8	; 0x29c8 <__prologue_saves__+0x18>
     7f6:	69 83       	std	Y+1, r22	; 0x01
     7f8:	7a 83       	std	Y+2, r23	; 0x02
     7fa:	8b 83       	std	Y+3, r24	; 0x03
     7fc:	9c 83       	std	Y+4, r25	; 0x04
     7fe:	2d 83       	std	Y+5, r18	; 0x05
     800:	3e 83       	std	Y+6, r19	; 0x06
     802:	4f 83       	std	Y+7, r20	; 0x07
     804:	58 87       	std	Y+8, r21	; 0x08
     806:	89 e0       	ldi	r24, 0x09	; 9
     808:	e8 2e       	mov	r14, r24
     80a:	f1 2c       	mov	r15, r1
     80c:	ec 0e       	add	r14, r28
     80e:	fd 1e       	adc	r15, r29
     810:	ce 01       	movw	r24, r28
     812:	01 96       	adiw	r24, 0x01	; 1
     814:	b7 01       	movw	r22, r14
     816:	0e 94 46 06 	call	0xc8c	; 0xc8c <__unpack_f>
     81a:	8e 01       	movw	r16, r28
     81c:	0f 5e       	subi	r16, 0xEF	; 239
     81e:	1f 4f       	sbci	r17, 0xFF	; 255
     820:	ce 01       	movw	r24, r28
     822:	05 96       	adiw	r24, 0x05	; 5
     824:	b8 01       	movw	r22, r16
     826:	0e 94 46 06 	call	0xc8c	; 0xc8c <__unpack_f>
     82a:	89 85       	ldd	r24, Y+9	; 0x09
     82c:	82 30       	cpi	r24, 0x02	; 2
     82e:	40 f0       	brcs	.+16     	; 0x840 <__gesf2+0x56>
     830:	89 89       	ldd	r24, Y+17	; 0x11
     832:	82 30       	cpi	r24, 0x02	; 2
     834:	28 f0       	brcs	.+10     	; 0x840 <__gesf2+0x56>
     836:	c7 01       	movw	r24, r14
     838:	b8 01       	movw	r22, r16
     83a:	0e 94 be 06 	call	0xd7c	; 0xd7c <__fpcmp_parts_f>
     83e:	01 c0       	rjmp	.+2      	; 0x842 <__gesf2+0x58>
     840:	8f ef       	ldi	r24, 0xFF	; 255
     842:	68 96       	adiw	r28, 0x18	; 24
     844:	e6 e0       	ldi	r30, 0x06	; 6
     846:	0c 94 00 15 	jmp	0x2a00	; 0x2a00 <__epilogue_restores__+0x18>

0000084a <__ltsf2>:
     84a:	a8 e1       	ldi	r26, 0x18	; 24
     84c:	b0 e0       	ldi	r27, 0x00	; 0
     84e:	eb e2       	ldi	r30, 0x2B	; 43
     850:	f4 e0       	ldi	r31, 0x04	; 4
     852:	0c 94 e4 14 	jmp	0x29c8	; 0x29c8 <__prologue_saves__+0x18>
     856:	69 83       	std	Y+1, r22	; 0x01
     858:	7a 83       	std	Y+2, r23	; 0x02
     85a:	8b 83       	std	Y+3, r24	; 0x03
     85c:	9c 83       	std	Y+4, r25	; 0x04
     85e:	2d 83       	std	Y+5, r18	; 0x05
     860:	3e 83       	std	Y+6, r19	; 0x06
     862:	4f 83       	std	Y+7, r20	; 0x07
     864:	58 87       	std	Y+8, r21	; 0x08
     866:	89 e0       	ldi	r24, 0x09	; 9
     868:	e8 2e       	mov	r14, r24
     86a:	f1 2c       	mov	r15, r1
     86c:	ec 0e       	add	r14, r28
     86e:	fd 1e       	adc	r15, r29
     870:	ce 01       	movw	r24, r28
     872:	01 96       	adiw	r24, 0x01	; 1
     874:	b7 01       	movw	r22, r14
     876:	0e 94 46 06 	call	0xc8c	; 0xc8c <__unpack_f>
     87a:	8e 01       	movw	r16, r28
     87c:	0f 5e       	subi	r16, 0xEF	; 239
     87e:	1f 4f       	sbci	r17, 0xFF	; 255
     880:	ce 01       	movw	r24, r28
     882:	05 96       	adiw	r24, 0x05	; 5
     884:	b8 01       	movw	r22, r16
     886:	0e 94 46 06 	call	0xc8c	; 0xc8c <__unpack_f>
     88a:	89 85       	ldd	r24, Y+9	; 0x09
     88c:	82 30       	cpi	r24, 0x02	; 2
     88e:	40 f0       	brcs	.+16     	; 0x8a0 <__stack+0x41>
     890:	89 89       	ldd	r24, Y+17	; 0x11
     892:	82 30       	cpi	r24, 0x02	; 2
     894:	28 f0       	brcs	.+10     	; 0x8a0 <__stack+0x41>
     896:	c7 01       	movw	r24, r14
     898:	b8 01       	movw	r22, r16
     89a:	0e 94 be 06 	call	0xd7c	; 0xd7c <__fpcmp_parts_f>
     89e:	01 c0       	rjmp	.+2      	; 0x8a2 <__stack+0x43>
     8a0:	81 e0       	ldi	r24, 0x01	; 1
     8a2:	68 96       	adiw	r28, 0x18	; 24
     8a4:	e6 e0       	ldi	r30, 0x06	; 6
     8a6:	0c 94 00 15 	jmp	0x2a00	; 0x2a00 <__epilogue_restores__+0x18>

000008aa <__fixsfsi>:
     8aa:	ac e0       	ldi	r26, 0x0C	; 12
     8ac:	b0 e0       	ldi	r27, 0x00	; 0
     8ae:	eb e5       	ldi	r30, 0x5B	; 91
     8b0:	f4 e0       	ldi	r31, 0x04	; 4
     8b2:	0c 94 e8 14 	jmp	0x29d0	; 0x29d0 <__prologue_saves__+0x20>
     8b6:	69 83       	std	Y+1, r22	; 0x01
     8b8:	7a 83       	std	Y+2, r23	; 0x02
     8ba:	8b 83       	std	Y+3, r24	; 0x03
     8bc:	9c 83       	std	Y+4, r25	; 0x04
     8be:	ce 01       	movw	r24, r28
     8c0:	01 96       	adiw	r24, 0x01	; 1
     8c2:	be 01       	movw	r22, r28
     8c4:	6b 5f       	subi	r22, 0xFB	; 251
     8c6:	7f 4f       	sbci	r23, 0xFF	; 255
     8c8:	0e 94 46 06 	call	0xc8c	; 0xc8c <__unpack_f>
     8cc:	8d 81       	ldd	r24, Y+5	; 0x05
     8ce:	82 30       	cpi	r24, 0x02	; 2
     8d0:	61 f1       	breq	.+88     	; 0x92a <__fixsfsi+0x80>
     8d2:	82 30       	cpi	r24, 0x02	; 2
     8d4:	50 f1       	brcs	.+84     	; 0x92a <__fixsfsi+0x80>
     8d6:	84 30       	cpi	r24, 0x04	; 4
     8d8:	21 f4       	brne	.+8      	; 0x8e2 <__fixsfsi+0x38>
     8da:	8e 81       	ldd	r24, Y+6	; 0x06
     8dc:	88 23       	and	r24, r24
     8de:	51 f1       	breq	.+84     	; 0x934 <__fixsfsi+0x8a>
     8e0:	2e c0       	rjmp	.+92     	; 0x93e <__fixsfsi+0x94>
     8e2:	2f 81       	ldd	r18, Y+7	; 0x07
     8e4:	38 85       	ldd	r19, Y+8	; 0x08
     8e6:	37 fd       	sbrc	r19, 7
     8e8:	20 c0       	rjmp	.+64     	; 0x92a <__fixsfsi+0x80>
     8ea:	6e 81       	ldd	r22, Y+6	; 0x06
     8ec:	2f 31       	cpi	r18, 0x1F	; 31
     8ee:	31 05       	cpc	r19, r1
     8f0:	1c f0       	brlt	.+6      	; 0x8f8 <__fixsfsi+0x4e>
     8f2:	66 23       	and	r22, r22
     8f4:	f9 f0       	breq	.+62     	; 0x934 <__fixsfsi+0x8a>
     8f6:	23 c0       	rjmp	.+70     	; 0x93e <__fixsfsi+0x94>
     8f8:	8e e1       	ldi	r24, 0x1E	; 30
     8fa:	90 e0       	ldi	r25, 0x00	; 0
     8fc:	82 1b       	sub	r24, r18
     8fe:	93 0b       	sbc	r25, r19
     900:	29 85       	ldd	r18, Y+9	; 0x09
     902:	3a 85       	ldd	r19, Y+10	; 0x0a
     904:	4b 85       	ldd	r20, Y+11	; 0x0b
     906:	5c 85       	ldd	r21, Y+12	; 0x0c
     908:	04 c0       	rjmp	.+8      	; 0x912 <__fixsfsi+0x68>
     90a:	56 95       	lsr	r21
     90c:	47 95       	ror	r20
     90e:	37 95       	ror	r19
     910:	27 95       	ror	r18
     912:	8a 95       	dec	r24
     914:	d2 f7       	brpl	.-12     	; 0x90a <__fixsfsi+0x60>
     916:	66 23       	and	r22, r22
     918:	b1 f0       	breq	.+44     	; 0x946 <__fixsfsi+0x9c>
     91a:	50 95       	com	r21
     91c:	40 95       	com	r20
     91e:	30 95       	com	r19
     920:	21 95       	neg	r18
     922:	3f 4f       	sbci	r19, 0xFF	; 255
     924:	4f 4f       	sbci	r20, 0xFF	; 255
     926:	5f 4f       	sbci	r21, 0xFF	; 255
     928:	0e c0       	rjmp	.+28     	; 0x946 <__fixsfsi+0x9c>
     92a:	20 e0       	ldi	r18, 0x00	; 0
     92c:	30 e0       	ldi	r19, 0x00	; 0
     92e:	40 e0       	ldi	r20, 0x00	; 0
     930:	50 e0       	ldi	r21, 0x00	; 0
     932:	09 c0       	rjmp	.+18     	; 0x946 <__fixsfsi+0x9c>
     934:	2f ef       	ldi	r18, 0xFF	; 255
     936:	3f ef       	ldi	r19, 0xFF	; 255
     938:	4f ef       	ldi	r20, 0xFF	; 255
     93a:	5f e7       	ldi	r21, 0x7F	; 127
     93c:	04 c0       	rjmp	.+8      	; 0x946 <__fixsfsi+0x9c>
     93e:	20 e0       	ldi	r18, 0x00	; 0
     940:	30 e0       	ldi	r19, 0x00	; 0
     942:	40 e0       	ldi	r20, 0x00	; 0
     944:	50 e8       	ldi	r21, 0x80	; 128
     946:	b9 01       	movw	r22, r18
     948:	ca 01       	movw	r24, r20
     94a:	2c 96       	adiw	r28, 0x0c	; 12
     94c:	e2 e0       	ldi	r30, 0x02	; 2
     94e:	0c 94 04 15 	jmp	0x2a08	; 0x2a08 <__epilogue_restores__+0x20>

00000952 <__floatunsisf>:
     952:	a8 e0       	ldi	r26, 0x08	; 8
     954:	b0 e0       	ldi	r27, 0x00	; 0
     956:	ef ea       	ldi	r30, 0xAF	; 175
     958:	f4 e0       	ldi	r31, 0x04	; 4
     95a:	0c 94 e0 14 	jmp	0x29c0	; 0x29c0 <__prologue_saves__+0x10>
     95e:	7b 01       	movw	r14, r22
     960:	8c 01       	movw	r16, r24
     962:	61 15       	cp	r22, r1
     964:	71 05       	cpc	r23, r1
     966:	81 05       	cpc	r24, r1
     968:	91 05       	cpc	r25, r1
     96a:	19 f4       	brne	.+6      	; 0x972 <__floatunsisf+0x20>
     96c:	82 e0       	ldi	r24, 0x02	; 2
     96e:	89 83       	std	Y+1, r24	; 0x01
     970:	60 c0       	rjmp	.+192    	; 0xa32 <__floatunsisf+0xe0>
     972:	83 e0       	ldi	r24, 0x03	; 3
     974:	89 83       	std	Y+1, r24	; 0x01
     976:	8e e1       	ldi	r24, 0x1E	; 30
     978:	c8 2e       	mov	r12, r24
     97a:	d1 2c       	mov	r13, r1
     97c:	dc 82       	std	Y+4, r13	; 0x04
     97e:	cb 82       	std	Y+3, r12	; 0x03
     980:	ed 82       	std	Y+5, r14	; 0x05
     982:	fe 82       	std	Y+6, r15	; 0x06
     984:	0f 83       	std	Y+7, r16	; 0x07
     986:	18 87       	std	Y+8, r17	; 0x08
     988:	c8 01       	movw	r24, r16
     98a:	b7 01       	movw	r22, r14
     98c:	0e 94 22 05 	call	0xa44	; 0xa44 <__clzsi2>
     990:	fc 01       	movw	r30, r24
     992:	31 97       	sbiw	r30, 0x01	; 1
     994:	f7 ff       	sbrs	r31, 7
     996:	3b c0       	rjmp	.+118    	; 0xa0e <__floatunsisf+0xbc>
     998:	22 27       	eor	r18, r18
     99a:	33 27       	eor	r19, r19
     99c:	2e 1b       	sub	r18, r30
     99e:	3f 0b       	sbc	r19, r31
     9a0:	57 01       	movw	r10, r14
     9a2:	68 01       	movw	r12, r16
     9a4:	02 2e       	mov	r0, r18
     9a6:	04 c0       	rjmp	.+8      	; 0x9b0 <__floatunsisf+0x5e>
     9a8:	d6 94       	lsr	r13
     9aa:	c7 94       	ror	r12
     9ac:	b7 94       	ror	r11
     9ae:	a7 94       	ror	r10
     9b0:	0a 94       	dec	r0
     9b2:	d2 f7       	brpl	.-12     	; 0x9a8 <__floatunsisf+0x56>
     9b4:	40 e0       	ldi	r20, 0x00	; 0
     9b6:	50 e0       	ldi	r21, 0x00	; 0
     9b8:	60 e0       	ldi	r22, 0x00	; 0
     9ba:	70 e0       	ldi	r23, 0x00	; 0
     9bc:	81 e0       	ldi	r24, 0x01	; 1
     9be:	90 e0       	ldi	r25, 0x00	; 0
     9c0:	a0 e0       	ldi	r26, 0x00	; 0
     9c2:	b0 e0       	ldi	r27, 0x00	; 0
     9c4:	04 c0       	rjmp	.+8      	; 0x9ce <__floatunsisf+0x7c>
     9c6:	88 0f       	add	r24, r24
     9c8:	99 1f       	adc	r25, r25
     9ca:	aa 1f       	adc	r26, r26
     9cc:	bb 1f       	adc	r27, r27
     9ce:	2a 95       	dec	r18
     9d0:	d2 f7       	brpl	.-12     	; 0x9c6 <__floatunsisf+0x74>
     9d2:	01 97       	sbiw	r24, 0x01	; 1
     9d4:	a1 09       	sbc	r26, r1
     9d6:	b1 09       	sbc	r27, r1
     9d8:	8e 21       	and	r24, r14
     9da:	9f 21       	and	r25, r15
     9dc:	a0 23       	and	r26, r16
     9de:	b1 23       	and	r27, r17
     9e0:	00 97       	sbiw	r24, 0x00	; 0
     9e2:	a1 05       	cpc	r26, r1
     9e4:	b1 05       	cpc	r27, r1
     9e6:	21 f0       	breq	.+8      	; 0x9f0 <__floatunsisf+0x9e>
     9e8:	41 e0       	ldi	r20, 0x01	; 1
     9ea:	50 e0       	ldi	r21, 0x00	; 0
     9ec:	60 e0       	ldi	r22, 0x00	; 0
     9ee:	70 e0       	ldi	r23, 0x00	; 0
     9f0:	4a 29       	or	r20, r10
     9f2:	5b 29       	or	r21, r11
     9f4:	6c 29       	or	r22, r12
     9f6:	7d 29       	or	r23, r13
     9f8:	4d 83       	std	Y+5, r20	; 0x05
     9fa:	5e 83       	std	Y+6, r21	; 0x06
     9fc:	6f 83       	std	Y+7, r22	; 0x07
     9fe:	78 87       	std	Y+8, r23	; 0x08
     a00:	8e e1       	ldi	r24, 0x1E	; 30
     a02:	90 e0       	ldi	r25, 0x00	; 0
     a04:	8e 1b       	sub	r24, r30
     a06:	9f 0b       	sbc	r25, r31
     a08:	9c 83       	std	Y+4, r25	; 0x04
     a0a:	8b 83       	std	Y+3, r24	; 0x03
     a0c:	12 c0       	rjmp	.+36     	; 0xa32 <__floatunsisf+0xe0>
     a0e:	30 97       	sbiw	r30, 0x00	; 0
     a10:	81 f0       	breq	.+32     	; 0xa32 <__floatunsisf+0xe0>
     a12:	0e 2e       	mov	r0, r30
     a14:	04 c0       	rjmp	.+8      	; 0xa1e <__floatunsisf+0xcc>
     a16:	ee 0c       	add	r14, r14
     a18:	ff 1c       	adc	r15, r15
     a1a:	00 1f       	adc	r16, r16
     a1c:	11 1f       	adc	r17, r17
     a1e:	0a 94       	dec	r0
     a20:	d2 f7       	brpl	.-12     	; 0xa16 <__floatunsisf+0xc4>
     a22:	ed 82       	std	Y+5, r14	; 0x05
     a24:	fe 82       	std	Y+6, r15	; 0x06
     a26:	0f 83       	std	Y+7, r16	; 0x07
     a28:	18 87       	std	Y+8, r17	; 0x08
     a2a:	ce 1a       	sub	r12, r30
     a2c:	df 0a       	sbc	r13, r31
     a2e:	dc 82       	std	Y+4, r13	; 0x04
     a30:	cb 82       	std	Y+3, r12	; 0x03
     a32:	1a 82       	std	Y+2, r1	; 0x02
     a34:	ce 01       	movw	r24, r28
     a36:	01 96       	adiw	r24, 0x01	; 1
     a38:	0e 94 71 05 	call	0xae2	; 0xae2 <__pack_f>
     a3c:	28 96       	adiw	r28, 0x08	; 8
     a3e:	ea e0       	ldi	r30, 0x0A	; 10
     a40:	0c 94 fc 14 	jmp	0x29f8	; 0x29f8 <__epilogue_restores__+0x10>

00000a44 <__clzsi2>:
     a44:	ef 92       	push	r14
     a46:	ff 92       	push	r15
     a48:	0f 93       	push	r16
     a4a:	1f 93       	push	r17
     a4c:	7b 01       	movw	r14, r22
     a4e:	8c 01       	movw	r16, r24
     a50:	80 e0       	ldi	r24, 0x00	; 0
     a52:	e8 16       	cp	r14, r24
     a54:	80 e0       	ldi	r24, 0x00	; 0
     a56:	f8 06       	cpc	r15, r24
     a58:	81 e0       	ldi	r24, 0x01	; 1
     a5a:	08 07       	cpc	r16, r24
     a5c:	80 e0       	ldi	r24, 0x00	; 0
     a5e:	18 07       	cpc	r17, r24
     a60:	88 f4       	brcc	.+34     	; 0xa84 <__clzsi2+0x40>
     a62:	8f ef       	ldi	r24, 0xFF	; 255
     a64:	e8 16       	cp	r14, r24
     a66:	f1 04       	cpc	r15, r1
     a68:	01 05       	cpc	r16, r1
     a6a:	11 05       	cpc	r17, r1
     a6c:	31 f0       	breq	.+12     	; 0xa7a <__clzsi2+0x36>
     a6e:	28 f0       	brcs	.+10     	; 0xa7a <__clzsi2+0x36>
     a70:	88 e0       	ldi	r24, 0x08	; 8
     a72:	90 e0       	ldi	r25, 0x00	; 0
     a74:	a0 e0       	ldi	r26, 0x00	; 0
     a76:	b0 e0       	ldi	r27, 0x00	; 0
     a78:	17 c0       	rjmp	.+46     	; 0xaa8 <__clzsi2+0x64>
     a7a:	80 e0       	ldi	r24, 0x00	; 0
     a7c:	90 e0       	ldi	r25, 0x00	; 0
     a7e:	a0 e0       	ldi	r26, 0x00	; 0
     a80:	b0 e0       	ldi	r27, 0x00	; 0
     a82:	12 c0       	rjmp	.+36     	; 0xaa8 <__clzsi2+0x64>
     a84:	80 e0       	ldi	r24, 0x00	; 0
     a86:	e8 16       	cp	r14, r24
     a88:	80 e0       	ldi	r24, 0x00	; 0
     a8a:	f8 06       	cpc	r15, r24
     a8c:	80 e0       	ldi	r24, 0x00	; 0
     a8e:	08 07       	cpc	r16, r24
     a90:	81 e0       	ldi	r24, 0x01	; 1
     a92:	18 07       	cpc	r17, r24
     a94:	28 f0       	brcs	.+10     	; 0xaa0 <__clzsi2+0x5c>
     a96:	88 e1       	ldi	r24, 0x18	; 24
     a98:	90 e0       	ldi	r25, 0x00	; 0
     a9a:	a0 e0       	ldi	r26, 0x00	; 0
     a9c:	b0 e0       	ldi	r27, 0x00	; 0
     a9e:	04 c0       	rjmp	.+8      	; 0xaa8 <__clzsi2+0x64>
     aa0:	80 e1       	ldi	r24, 0x10	; 16
     aa2:	90 e0       	ldi	r25, 0x00	; 0
     aa4:	a0 e0       	ldi	r26, 0x00	; 0
     aa6:	b0 e0       	ldi	r27, 0x00	; 0
     aa8:	20 e2       	ldi	r18, 0x20	; 32
     aaa:	30 e0       	ldi	r19, 0x00	; 0
     aac:	40 e0       	ldi	r20, 0x00	; 0
     aae:	50 e0       	ldi	r21, 0x00	; 0
     ab0:	28 1b       	sub	r18, r24
     ab2:	39 0b       	sbc	r19, r25
     ab4:	4a 0b       	sbc	r20, r26
     ab6:	5b 0b       	sbc	r21, r27
     ab8:	04 c0       	rjmp	.+8      	; 0xac2 <__clzsi2+0x7e>
     aba:	16 95       	lsr	r17
     abc:	07 95       	ror	r16
     abe:	f7 94       	ror	r15
     ac0:	e7 94       	ror	r14
     ac2:	8a 95       	dec	r24
     ac4:	d2 f7       	brpl	.-12     	; 0xaba <__clzsi2+0x76>
     ac6:	f7 01       	movw	r30, r14
     ac8:	e8 59       	subi	r30, 0x98	; 152
     aca:	ff 4f       	sbci	r31, 0xFF	; 255
     acc:	80 81       	ld	r24, Z
     ace:	28 1b       	sub	r18, r24
     ad0:	31 09       	sbc	r19, r1
     ad2:	41 09       	sbc	r20, r1
     ad4:	51 09       	sbc	r21, r1
     ad6:	c9 01       	movw	r24, r18
     ad8:	1f 91       	pop	r17
     ada:	0f 91       	pop	r16
     adc:	ff 90       	pop	r15
     ade:	ef 90       	pop	r14
     ae0:	08 95       	ret

00000ae2 <__pack_f>:
     ae2:	df 92       	push	r13
     ae4:	ef 92       	push	r14
     ae6:	ff 92       	push	r15
     ae8:	0f 93       	push	r16
     aea:	1f 93       	push	r17
     aec:	fc 01       	movw	r30, r24
     aee:	e4 80       	ldd	r14, Z+4	; 0x04
     af0:	f5 80       	ldd	r15, Z+5	; 0x05
     af2:	06 81       	ldd	r16, Z+6	; 0x06
     af4:	17 81       	ldd	r17, Z+7	; 0x07
     af6:	d1 80       	ldd	r13, Z+1	; 0x01
     af8:	80 81       	ld	r24, Z
     afa:	82 30       	cpi	r24, 0x02	; 2
     afc:	48 f4       	brcc	.+18     	; 0xb10 <__pack_f+0x2e>
     afe:	80 e0       	ldi	r24, 0x00	; 0
     b00:	90 e0       	ldi	r25, 0x00	; 0
     b02:	a0 e1       	ldi	r26, 0x10	; 16
     b04:	b0 e0       	ldi	r27, 0x00	; 0
     b06:	e8 2a       	or	r14, r24
     b08:	f9 2a       	or	r15, r25
     b0a:	0a 2b       	or	r16, r26
     b0c:	1b 2b       	or	r17, r27
     b0e:	a5 c0       	rjmp	.+330    	; 0xc5a <__pack_f+0x178>
     b10:	84 30       	cpi	r24, 0x04	; 4
     b12:	09 f4       	brne	.+2      	; 0xb16 <__pack_f+0x34>
     b14:	9f c0       	rjmp	.+318    	; 0xc54 <__pack_f+0x172>
     b16:	82 30       	cpi	r24, 0x02	; 2
     b18:	21 f4       	brne	.+8      	; 0xb22 <__pack_f+0x40>
     b1a:	ee 24       	eor	r14, r14
     b1c:	ff 24       	eor	r15, r15
     b1e:	87 01       	movw	r16, r14
     b20:	05 c0       	rjmp	.+10     	; 0xb2c <__pack_f+0x4a>
     b22:	e1 14       	cp	r14, r1
     b24:	f1 04       	cpc	r15, r1
     b26:	01 05       	cpc	r16, r1
     b28:	11 05       	cpc	r17, r1
     b2a:	19 f4       	brne	.+6      	; 0xb32 <__pack_f+0x50>
     b2c:	e0 e0       	ldi	r30, 0x00	; 0
     b2e:	f0 e0       	ldi	r31, 0x00	; 0
     b30:	96 c0       	rjmp	.+300    	; 0xc5e <__pack_f+0x17c>
     b32:	62 81       	ldd	r22, Z+2	; 0x02
     b34:	73 81       	ldd	r23, Z+3	; 0x03
     b36:	9f ef       	ldi	r25, 0xFF	; 255
     b38:	62 38       	cpi	r22, 0x82	; 130
     b3a:	79 07       	cpc	r23, r25
     b3c:	0c f0       	brlt	.+2      	; 0xb40 <__pack_f+0x5e>
     b3e:	5b c0       	rjmp	.+182    	; 0xbf6 <__pack_f+0x114>
     b40:	22 e8       	ldi	r18, 0x82	; 130
     b42:	3f ef       	ldi	r19, 0xFF	; 255
     b44:	26 1b       	sub	r18, r22
     b46:	37 0b       	sbc	r19, r23
     b48:	2a 31       	cpi	r18, 0x1A	; 26
     b4a:	31 05       	cpc	r19, r1
     b4c:	2c f0       	brlt	.+10     	; 0xb58 <__pack_f+0x76>
     b4e:	20 e0       	ldi	r18, 0x00	; 0
     b50:	30 e0       	ldi	r19, 0x00	; 0
     b52:	40 e0       	ldi	r20, 0x00	; 0
     b54:	50 e0       	ldi	r21, 0x00	; 0
     b56:	2a c0       	rjmp	.+84     	; 0xbac <__pack_f+0xca>
     b58:	b8 01       	movw	r22, r16
     b5a:	a7 01       	movw	r20, r14
     b5c:	02 2e       	mov	r0, r18
     b5e:	04 c0       	rjmp	.+8      	; 0xb68 <__pack_f+0x86>
     b60:	76 95       	lsr	r23
     b62:	67 95       	ror	r22
     b64:	57 95       	ror	r21
     b66:	47 95       	ror	r20
     b68:	0a 94       	dec	r0
     b6a:	d2 f7       	brpl	.-12     	; 0xb60 <__pack_f+0x7e>
     b6c:	81 e0       	ldi	r24, 0x01	; 1
     b6e:	90 e0       	ldi	r25, 0x00	; 0
     b70:	a0 e0       	ldi	r26, 0x00	; 0
     b72:	b0 e0       	ldi	r27, 0x00	; 0
     b74:	04 c0       	rjmp	.+8      	; 0xb7e <__pack_f+0x9c>
     b76:	88 0f       	add	r24, r24
     b78:	99 1f       	adc	r25, r25
     b7a:	aa 1f       	adc	r26, r26
     b7c:	bb 1f       	adc	r27, r27
     b7e:	2a 95       	dec	r18
     b80:	d2 f7       	brpl	.-12     	; 0xb76 <__pack_f+0x94>
     b82:	01 97       	sbiw	r24, 0x01	; 1
     b84:	a1 09       	sbc	r26, r1
     b86:	b1 09       	sbc	r27, r1
     b88:	8e 21       	and	r24, r14
     b8a:	9f 21       	and	r25, r15
     b8c:	a0 23       	and	r26, r16
     b8e:	b1 23       	and	r27, r17
     b90:	00 97       	sbiw	r24, 0x00	; 0
     b92:	a1 05       	cpc	r26, r1
     b94:	b1 05       	cpc	r27, r1
     b96:	21 f0       	breq	.+8      	; 0xba0 <__pack_f+0xbe>
     b98:	81 e0       	ldi	r24, 0x01	; 1
     b9a:	90 e0       	ldi	r25, 0x00	; 0
     b9c:	a0 e0       	ldi	r26, 0x00	; 0
     b9e:	b0 e0       	ldi	r27, 0x00	; 0
     ba0:	9a 01       	movw	r18, r20
     ba2:	ab 01       	movw	r20, r22
     ba4:	28 2b       	or	r18, r24
     ba6:	39 2b       	or	r19, r25
     ba8:	4a 2b       	or	r20, r26
     baa:	5b 2b       	or	r21, r27
     bac:	da 01       	movw	r26, r20
     bae:	c9 01       	movw	r24, r18
     bb0:	8f 77       	andi	r24, 0x7F	; 127
     bb2:	90 70       	andi	r25, 0x00	; 0
     bb4:	a0 70       	andi	r26, 0x00	; 0
     bb6:	b0 70       	andi	r27, 0x00	; 0
     bb8:	80 34       	cpi	r24, 0x40	; 64
     bba:	91 05       	cpc	r25, r1
     bbc:	a1 05       	cpc	r26, r1
     bbe:	b1 05       	cpc	r27, r1
     bc0:	39 f4       	brne	.+14     	; 0xbd0 <__pack_f+0xee>
     bc2:	27 ff       	sbrs	r18, 7
     bc4:	09 c0       	rjmp	.+18     	; 0xbd8 <__pack_f+0xf6>
     bc6:	20 5c       	subi	r18, 0xC0	; 192
     bc8:	3f 4f       	sbci	r19, 0xFF	; 255
     bca:	4f 4f       	sbci	r20, 0xFF	; 255
     bcc:	5f 4f       	sbci	r21, 0xFF	; 255
     bce:	04 c0       	rjmp	.+8      	; 0xbd8 <__pack_f+0xf6>
     bd0:	21 5c       	subi	r18, 0xC1	; 193
     bd2:	3f 4f       	sbci	r19, 0xFF	; 255
     bd4:	4f 4f       	sbci	r20, 0xFF	; 255
     bd6:	5f 4f       	sbci	r21, 0xFF	; 255
     bd8:	e0 e0       	ldi	r30, 0x00	; 0
     bda:	f0 e0       	ldi	r31, 0x00	; 0
     bdc:	20 30       	cpi	r18, 0x00	; 0
     bde:	a0 e0       	ldi	r26, 0x00	; 0
     be0:	3a 07       	cpc	r19, r26
     be2:	a0 e0       	ldi	r26, 0x00	; 0
     be4:	4a 07       	cpc	r20, r26
     be6:	a0 e4       	ldi	r26, 0x40	; 64
     be8:	5a 07       	cpc	r21, r26
     bea:	10 f0       	brcs	.+4      	; 0xbf0 <__pack_f+0x10e>
     bec:	e1 e0       	ldi	r30, 0x01	; 1
     bee:	f0 e0       	ldi	r31, 0x00	; 0
     bf0:	79 01       	movw	r14, r18
     bf2:	8a 01       	movw	r16, r20
     bf4:	27 c0       	rjmp	.+78     	; 0xc44 <__pack_f+0x162>
     bf6:	60 38       	cpi	r22, 0x80	; 128
     bf8:	71 05       	cpc	r23, r1
     bfa:	64 f5       	brge	.+88     	; 0xc54 <__pack_f+0x172>
     bfc:	fb 01       	movw	r30, r22
     bfe:	e1 58       	subi	r30, 0x81	; 129
     c00:	ff 4f       	sbci	r31, 0xFF	; 255
     c02:	d8 01       	movw	r26, r16
     c04:	c7 01       	movw	r24, r14
     c06:	8f 77       	andi	r24, 0x7F	; 127
     c08:	90 70       	andi	r25, 0x00	; 0
     c0a:	a0 70       	andi	r26, 0x00	; 0
     c0c:	b0 70       	andi	r27, 0x00	; 0
     c0e:	80 34       	cpi	r24, 0x40	; 64
     c10:	91 05       	cpc	r25, r1
     c12:	a1 05       	cpc	r26, r1
     c14:	b1 05       	cpc	r27, r1
     c16:	39 f4       	brne	.+14     	; 0xc26 <__pack_f+0x144>
     c18:	e7 fe       	sbrs	r14, 7
     c1a:	0d c0       	rjmp	.+26     	; 0xc36 <__pack_f+0x154>
     c1c:	80 e4       	ldi	r24, 0x40	; 64
     c1e:	90 e0       	ldi	r25, 0x00	; 0
     c20:	a0 e0       	ldi	r26, 0x00	; 0
     c22:	b0 e0       	ldi	r27, 0x00	; 0
     c24:	04 c0       	rjmp	.+8      	; 0xc2e <__pack_f+0x14c>
     c26:	8f e3       	ldi	r24, 0x3F	; 63
     c28:	90 e0       	ldi	r25, 0x00	; 0
     c2a:	a0 e0       	ldi	r26, 0x00	; 0
     c2c:	b0 e0       	ldi	r27, 0x00	; 0
     c2e:	e8 0e       	add	r14, r24
     c30:	f9 1e       	adc	r15, r25
     c32:	0a 1f       	adc	r16, r26
     c34:	1b 1f       	adc	r17, r27
     c36:	17 ff       	sbrs	r17, 7
     c38:	05 c0       	rjmp	.+10     	; 0xc44 <__pack_f+0x162>
     c3a:	16 95       	lsr	r17
     c3c:	07 95       	ror	r16
     c3e:	f7 94       	ror	r15
     c40:	e7 94       	ror	r14
     c42:	31 96       	adiw	r30, 0x01	; 1
     c44:	87 e0       	ldi	r24, 0x07	; 7
     c46:	16 95       	lsr	r17
     c48:	07 95       	ror	r16
     c4a:	f7 94       	ror	r15
     c4c:	e7 94       	ror	r14
     c4e:	8a 95       	dec	r24
     c50:	d1 f7       	brne	.-12     	; 0xc46 <__pack_f+0x164>
     c52:	05 c0       	rjmp	.+10     	; 0xc5e <__pack_f+0x17c>
     c54:	ee 24       	eor	r14, r14
     c56:	ff 24       	eor	r15, r15
     c58:	87 01       	movw	r16, r14
     c5a:	ef ef       	ldi	r30, 0xFF	; 255
     c5c:	f0 e0       	ldi	r31, 0x00	; 0
     c5e:	6e 2f       	mov	r22, r30
     c60:	67 95       	ror	r22
     c62:	66 27       	eor	r22, r22
     c64:	67 95       	ror	r22
     c66:	90 2f       	mov	r25, r16
     c68:	9f 77       	andi	r25, 0x7F	; 127
     c6a:	d7 94       	ror	r13
     c6c:	dd 24       	eor	r13, r13
     c6e:	d7 94       	ror	r13
     c70:	8e 2f       	mov	r24, r30
     c72:	86 95       	lsr	r24
     c74:	49 2f       	mov	r20, r25
     c76:	46 2b       	or	r20, r22
     c78:	58 2f       	mov	r21, r24
     c7a:	5d 29       	or	r21, r13
     c7c:	b7 01       	movw	r22, r14
     c7e:	ca 01       	movw	r24, r20
     c80:	1f 91       	pop	r17
     c82:	0f 91       	pop	r16
     c84:	ff 90       	pop	r15
     c86:	ef 90       	pop	r14
     c88:	df 90       	pop	r13
     c8a:	08 95       	ret

00000c8c <__unpack_f>:
     c8c:	fc 01       	movw	r30, r24
     c8e:	db 01       	movw	r26, r22
     c90:	40 81       	ld	r20, Z
     c92:	51 81       	ldd	r21, Z+1	; 0x01
     c94:	22 81       	ldd	r18, Z+2	; 0x02
     c96:	62 2f       	mov	r22, r18
     c98:	6f 77       	andi	r22, 0x7F	; 127
     c9a:	70 e0       	ldi	r23, 0x00	; 0
     c9c:	22 1f       	adc	r18, r18
     c9e:	22 27       	eor	r18, r18
     ca0:	22 1f       	adc	r18, r18
     ca2:	93 81       	ldd	r25, Z+3	; 0x03
     ca4:	89 2f       	mov	r24, r25
     ca6:	88 0f       	add	r24, r24
     ca8:	82 2b       	or	r24, r18
     caa:	28 2f       	mov	r18, r24
     cac:	30 e0       	ldi	r19, 0x00	; 0
     cae:	99 1f       	adc	r25, r25
     cb0:	99 27       	eor	r25, r25
     cb2:	99 1f       	adc	r25, r25
     cb4:	11 96       	adiw	r26, 0x01	; 1
     cb6:	9c 93       	st	X, r25
     cb8:	11 97       	sbiw	r26, 0x01	; 1
     cba:	21 15       	cp	r18, r1
     cbc:	31 05       	cpc	r19, r1
     cbe:	a9 f5       	brne	.+106    	; 0xd2a <__unpack_f+0x9e>
     cc0:	41 15       	cp	r20, r1
     cc2:	51 05       	cpc	r21, r1
     cc4:	61 05       	cpc	r22, r1
     cc6:	71 05       	cpc	r23, r1
     cc8:	11 f4       	brne	.+4      	; 0xcce <__unpack_f+0x42>
     cca:	82 e0       	ldi	r24, 0x02	; 2
     ccc:	37 c0       	rjmp	.+110    	; 0xd3c <__unpack_f+0xb0>
     cce:	82 e8       	ldi	r24, 0x82	; 130
     cd0:	9f ef       	ldi	r25, 0xFF	; 255
     cd2:	13 96       	adiw	r26, 0x03	; 3
     cd4:	9c 93       	st	X, r25
     cd6:	8e 93       	st	-X, r24
     cd8:	12 97       	sbiw	r26, 0x02	; 2
     cda:	9a 01       	movw	r18, r20
     cdc:	ab 01       	movw	r20, r22
     cde:	67 e0       	ldi	r22, 0x07	; 7
     ce0:	22 0f       	add	r18, r18
     ce2:	33 1f       	adc	r19, r19
     ce4:	44 1f       	adc	r20, r20
     ce6:	55 1f       	adc	r21, r21
     ce8:	6a 95       	dec	r22
     cea:	d1 f7       	brne	.-12     	; 0xce0 <__unpack_f+0x54>
     cec:	83 e0       	ldi	r24, 0x03	; 3
     cee:	8c 93       	st	X, r24
     cf0:	0d c0       	rjmp	.+26     	; 0xd0c <__unpack_f+0x80>
     cf2:	22 0f       	add	r18, r18
     cf4:	33 1f       	adc	r19, r19
     cf6:	44 1f       	adc	r20, r20
     cf8:	55 1f       	adc	r21, r21
     cfa:	12 96       	adiw	r26, 0x02	; 2
     cfc:	8d 91       	ld	r24, X+
     cfe:	9c 91       	ld	r25, X
     d00:	13 97       	sbiw	r26, 0x03	; 3
     d02:	01 97       	sbiw	r24, 0x01	; 1
     d04:	13 96       	adiw	r26, 0x03	; 3
     d06:	9c 93       	st	X, r25
     d08:	8e 93       	st	-X, r24
     d0a:	12 97       	sbiw	r26, 0x02	; 2
     d0c:	20 30       	cpi	r18, 0x00	; 0
     d0e:	80 e0       	ldi	r24, 0x00	; 0
     d10:	38 07       	cpc	r19, r24
     d12:	80 e0       	ldi	r24, 0x00	; 0
     d14:	48 07       	cpc	r20, r24
     d16:	80 e4       	ldi	r24, 0x40	; 64
     d18:	58 07       	cpc	r21, r24
     d1a:	58 f3       	brcs	.-42     	; 0xcf2 <__unpack_f+0x66>
     d1c:	14 96       	adiw	r26, 0x04	; 4
     d1e:	2d 93       	st	X+, r18
     d20:	3d 93       	st	X+, r19
     d22:	4d 93       	st	X+, r20
     d24:	5c 93       	st	X, r21
     d26:	17 97       	sbiw	r26, 0x07	; 7
     d28:	08 95       	ret
     d2a:	2f 3f       	cpi	r18, 0xFF	; 255
     d2c:	31 05       	cpc	r19, r1
     d2e:	79 f4       	brne	.+30     	; 0xd4e <__unpack_f+0xc2>
     d30:	41 15       	cp	r20, r1
     d32:	51 05       	cpc	r21, r1
     d34:	61 05       	cpc	r22, r1
     d36:	71 05       	cpc	r23, r1
     d38:	19 f4       	brne	.+6      	; 0xd40 <__unpack_f+0xb4>
     d3a:	84 e0       	ldi	r24, 0x04	; 4
     d3c:	8c 93       	st	X, r24
     d3e:	08 95       	ret
     d40:	64 ff       	sbrs	r22, 4
     d42:	03 c0       	rjmp	.+6      	; 0xd4a <__unpack_f+0xbe>
     d44:	81 e0       	ldi	r24, 0x01	; 1
     d46:	8c 93       	st	X, r24
     d48:	12 c0       	rjmp	.+36     	; 0xd6e <__unpack_f+0xe2>
     d4a:	1c 92       	st	X, r1
     d4c:	10 c0       	rjmp	.+32     	; 0xd6e <__unpack_f+0xe2>
     d4e:	2f 57       	subi	r18, 0x7F	; 127
     d50:	30 40       	sbci	r19, 0x00	; 0
     d52:	13 96       	adiw	r26, 0x03	; 3
     d54:	3c 93       	st	X, r19
     d56:	2e 93       	st	-X, r18
     d58:	12 97       	sbiw	r26, 0x02	; 2
     d5a:	83 e0       	ldi	r24, 0x03	; 3
     d5c:	8c 93       	st	X, r24
     d5e:	87 e0       	ldi	r24, 0x07	; 7
     d60:	44 0f       	add	r20, r20
     d62:	55 1f       	adc	r21, r21
     d64:	66 1f       	adc	r22, r22
     d66:	77 1f       	adc	r23, r23
     d68:	8a 95       	dec	r24
     d6a:	d1 f7       	brne	.-12     	; 0xd60 <__unpack_f+0xd4>
     d6c:	70 64       	ori	r23, 0x40	; 64
     d6e:	14 96       	adiw	r26, 0x04	; 4
     d70:	4d 93       	st	X+, r20
     d72:	5d 93       	st	X+, r21
     d74:	6d 93       	st	X+, r22
     d76:	7c 93       	st	X, r23
     d78:	17 97       	sbiw	r26, 0x07	; 7
     d7a:	08 95       	ret

00000d7c <__fpcmp_parts_f>:
     d7c:	1f 93       	push	r17
     d7e:	dc 01       	movw	r26, r24
     d80:	fb 01       	movw	r30, r22
     d82:	9c 91       	ld	r25, X
     d84:	92 30       	cpi	r25, 0x02	; 2
     d86:	08 f4       	brcc	.+2      	; 0xd8a <__fpcmp_parts_f+0xe>
     d88:	47 c0       	rjmp	.+142    	; 0xe18 <__fpcmp_parts_f+0x9c>
     d8a:	80 81       	ld	r24, Z
     d8c:	82 30       	cpi	r24, 0x02	; 2
     d8e:	08 f4       	brcc	.+2      	; 0xd92 <__fpcmp_parts_f+0x16>
     d90:	43 c0       	rjmp	.+134    	; 0xe18 <__fpcmp_parts_f+0x9c>
     d92:	94 30       	cpi	r25, 0x04	; 4
     d94:	51 f4       	brne	.+20     	; 0xdaa <__fpcmp_parts_f+0x2e>
     d96:	11 96       	adiw	r26, 0x01	; 1
     d98:	1c 91       	ld	r17, X
     d9a:	84 30       	cpi	r24, 0x04	; 4
     d9c:	99 f5       	brne	.+102    	; 0xe04 <__fpcmp_parts_f+0x88>
     d9e:	81 81       	ldd	r24, Z+1	; 0x01
     da0:	68 2f       	mov	r22, r24
     da2:	70 e0       	ldi	r23, 0x00	; 0
     da4:	61 1b       	sub	r22, r17
     da6:	71 09       	sbc	r23, r1
     da8:	3f c0       	rjmp	.+126    	; 0xe28 <__fpcmp_parts_f+0xac>
     daa:	84 30       	cpi	r24, 0x04	; 4
     dac:	21 f0       	breq	.+8      	; 0xdb6 <__fpcmp_parts_f+0x3a>
     dae:	92 30       	cpi	r25, 0x02	; 2
     db0:	31 f4       	brne	.+12     	; 0xdbe <__fpcmp_parts_f+0x42>
     db2:	82 30       	cpi	r24, 0x02	; 2
     db4:	b9 f1       	breq	.+110    	; 0xe24 <__fpcmp_parts_f+0xa8>
     db6:	81 81       	ldd	r24, Z+1	; 0x01
     db8:	88 23       	and	r24, r24
     dba:	89 f1       	breq	.+98     	; 0xe1e <__fpcmp_parts_f+0xa2>
     dbc:	2d c0       	rjmp	.+90     	; 0xe18 <__fpcmp_parts_f+0x9c>
     dbe:	11 96       	adiw	r26, 0x01	; 1
     dc0:	1c 91       	ld	r17, X
     dc2:	11 97       	sbiw	r26, 0x01	; 1
     dc4:	82 30       	cpi	r24, 0x02	; 2
     dc6:	f1 f0       	breq	.+60     	; 0xe04 <__fpcmp_parts_f+0x88>
     dc8:	81 81       	ldd	r24, Z+1	; 0x01
     dca:	18 17       	cp	r17, r24
     dcc:	d9 f4       	brne	.+54     	; 0xe04 <__fpcmp_parts_f+0x88>
     dce:	12 96       	adiw	r26, 0x02	; 2
     dd0:	2d 91       	ld	r18, X+
     dd2:	3c 91       	ld	r19, X
     dd4:	13 97       	sbiw	r26, 0x03	; 3
     dd6:	82 81       	ldd	r24, Z+2	; 0x02
     dd8:	93 81       	ldd	r25, Z+3	; 0x03
     dda:	82 17       	cp	r24, r18
     ddc:	93 07       	cpc	r25, r19
     dde:	94 f0       	brlt	.+36     	; 0xe04 <__fpcmp_parts_f+0x88>
     de0:	28 17       	cp	r18, r24
     de2:	39 07       	cpc	r19, r25
     de4:	bc f0       	brlt	.+46     	; 0xe14 <__fpcmp_parts_f+0x98>
     de6:	14 96       	adiw	r26, 0x04	; 4
     de8:	8d 91       	ld	r24, X+
     dea:	9d 91       	ld	r25, X+
     dec:	0d 90       	ld	r0, X+
     dee:	bc 91       	ld	r27, X
     df0:	a0 2d       	mov	r26, r0
     df2:	24 81       	ldd	r18, Z+4	; 0x04
     df4:	35 81       	ldd	r19, Z+5	; 0x05
     df6:	46 81       	ldd	r20, Z+6	; 0x06
     df8:	57 81       	ldd	r21, Z+7	; 0x07
     dfa:	28 17       	cp	r18, r24
     dfc:	39 07       	cpc	r19, r25
     dfe:	4a 07       	cpc	r20, r26
     e00:	5b 07       	cpc	r21, r27
     e02:	18 f4       	brcc	.+6      	; 0xe0a <__fpcmp_parts_f+0x8e>
     e04:	11 23       	and	r17, r17
     e06:	41 f0       	breq	.+16     	; 0xe18 <__fpcmp_parts_f+0x9c>
     e08:	0a c0       	rjmp	.+20     	; 0xe1e <__fpcmp_parts_f+0xa2>
     e0a:	82 17       	cp	r24, r18
     e0c:	93 07       	cpc	r25, r19
     e0e:	a4 07       	cpc	r26, r20
     e10:	b5 07       	cpc	r27, r21
     e12:	40 f4       	brcc	.+16     	; 0xe24 <__fpcmp_parts_f+0xa8>
     e14:	11 23       	and	r17, r17
     e16:	19 f0       	breq	.+6      	; 0xe1e <__fpcmp_parts_f+0xa2>
     e18:	61 e0       	ldi	r22, 0x01	; 1
     e1a:	70 e0       	ldi	r23, 0x00	; 0
     e1c:	05 c0       	rjmp	.+10     	; 0xe28 <__fpcmp_parts_f+0xac>
     e1e:	6f ef       	ldi	r22, 0xFF	; 255
     e20:	7f ef       	ldi	r23, 0xFF	; 255
     e22:	02 c0       	rjmp	.+4      	; 0xe28 <__fpcmp_parts_f+0xac>
     e24:	60 e0       	ldi	r22, 0x00	; 0
     e26:	70 e0       	ldi	r23, 0x00	; 0
     e28:	cb 01       	movw	r24, r22
     e2a:	1f 91       	pop	r17
     e2c:	08 95       	ret

00000e2e <ADC_init>:
 */
#include "ADC.h"
#include <avr/io.h>
#include "common_macros.h"

void ADC_init(const ADC_ConfigType* Confi_Ptr){
     e2e:	df 93       	push	r29
     e30:	cf 93       	push	r28
     e32:	00 d0       	rcall	.+0      	; 0xe34 <ADC_init+0x6>
     e34:	cd b7       	in	r28, 0x3d	; 61
     e36:	de b7       	in	r29, 0x3e	; 62
     e38:	9a 83       	std	Y+2, r25	; 0x02
     e3a:	89 83       	std	Y+1, r24	; 0x01
	/*choosing Vref
	 * */
	ADMUX=(((Confi_Ptr->ref_volt)&0X03)<<6);
     e3c:	a7 e2       	ldi	r26, 0x27	; 39
     e3e:	b0 e0       	ldi	r27, 0x00	; 0
     e40:	e9 81       	ldd	r30, Y+1	; 0x01
     e42:	fa 81       	ldd	r31, Y+2	; 0x02
     e44:	80 81       	ld	r24, Z
     e46:	88 2f       	mov	r24, r24
     e48:	90 e0       	ldi	r25, 0x00	; 0
     e4a:	00 24       	eor	r0, r0
     e4c:	96 95       	lsr	r25
     e4e:	87 95       	ror	r24
     e50:	07 94       	ror	r0
     e52:	96 95       	lsr	r25
     e54:	87 95       	ror	r24
     e56:	07 94       	ror	r0
     e58:	98 2f       	mov	r25, r24
     e5a:	80 2d       	mov	r24, r0
     e5c:	8c 93       	st	X, r24
	/*enable the adc and choose the prescaler
	 * */
	ADCSRA=(1<<ADEN)|((Confi_Ptr->prescaler)&0x07);
     e5e:	a6 e2       	ldi	r26, 0x26	; 38
     e60:	b0 e0       	ldi	r27, 0x00	; 0
     e62:	e9 81       	ldd	r30, Y+1	; 0x01
     e64:	fa 81       	ldd	r31, Y+2	; 0x02
     e66:	81 81       	ldd	r24, Z+1	; 0x01
     e68:	87 70       	andi	r24, 0x07	; 7
     e6a:	80 68       	ori	r24, 0x80	; 128
     e6c:	8c 93       	st	X, r24

}
     e6e:	0f 90       	pop	r0
     e70:	0f 90       	pop	r0
     e72:	cf 91       	pop	r28
     e74:	df 91       	pop	r29
     e76:	08 95       	ret

00000e78 <ADC_readChannel>:
uint16 ADC_readChannel(uint8 ch_num){
     e78:	df 93       	push	r29
     e7a:	cf 93       	push	r28
     e7c:	0f 92       	push	r0
     e7e:	cd b7       	in	r28, 0x3d	; 61
     e80:	de b7       	in	r29, 0x3e	; 62
     e82:	89 83       	std	Y+1, r24	; 0x01
	/*insert the number of the channel in the ADMIX register
	 * */
	ADMUX=(ADMUX&0xE0)|(ch_num&0x1F);
     e84:	a7 e2       	ldi	r26, 0x27	; 39
     e86:	b0 e0       	ldi	r27, 0x00	; 0
     e88:	e7 e2       	ldi	r30, 0x27	; 39
     e8a:	f0 e0       	ldi	r31, 0x00	; 0
     e8c:	80 81       	ld	r24, Z
     e8e:	98 2f       	mov	r25, r24
     e90:	90 7e       	andi	r25, 0xE0	; 224
     e92:	89 81       	ldd	r24, Y+1	; 0x01
     e94:	8f 71       	andi	r24, 0x1F	; 31
     e96:	89 2b       	or	r24, r25
     e98:	8c 93       	st	X, r24
	/*starts the conversion
	 * */
	SET_BIT(ADCSRA,ADSC);
     e9a:	a6 e2       	ldi	r26, 0x26	; 38
     e9c:	b0 e0       	ldi	r27, 0x00	; 0
     e9e:	e6 e2       	ldi	r30, 0x26	; 38
     ea0:	f0 e0       	ldi	r31, 0x00	; 0
     ea2:	80 81       	ld	r24, Z
     ea4:	80 64       	ori	r24, 0x40	; 64
     ea6:	8c 93       	st	X, r24
	/*polling till the conversion ends
	 *  */
	while(BIT_IS_CLEAR(ADCSRA,ADIF)){}
     ea8:	e6 e2       	ldi	r30, 0x26	; 38
     eaa:	f0 e0       	ldi	r31, 0x00	; 0
     eac:	80 81       	ld	r24, Z
     eae:	88 2f       	mov	r24, r24
     eb0:	90 e0       	ldi	r25, 0x00	; 0
     eb2:	80 71       	andi	r24, 0x10	; 16
     eb4:	90 70       	andi	r25, 0x00	; 0
     eb6:	00 97       	sbiw	r24, 0x00	; 0
     eb8:	b9 f3       	breq	.-18     	; 0xea8 <ADC_readChannel+0x30>
	/*clearing the flag
	 * */
	SET_BIT(ADCSRA,ADIF);
     eba:	a6 e2       	ldi	r26, 0x26	; 38
     ebc:	b0 e0       	ldi	r27, 0x00	; 0
     ebe:	e6 e2       	ldi	r30, 0x26	; 38
     ec0:	f0 e0       	ldi	r31, 0x00	; 0
     ec2:	80 81       	ld	r24, Z
     ec4:	80 61       	ori	r24, 0x10	; 16
     ec6:	8c 93       	st	X, r24
	/*reading the converted number
	 * */
	return ADC;
     ec8:	e4 e2       	ldi	r30, 0x24	; 36
     eca:	f0 e0       	ldi	r31, 0x00	; 0
     ecc:	80 81       	ld	r24, Z
     ece:	91 81       	ldd	r25, Z+1	; 0x01


}
     ed0:	0f 90       	pop	r0
     ed2:	cf 91       	pop	r28
     ed4:	df 91       	pop	r29
     ed6:	08 95       	ret

00000ed8 <ADC_deinit>:
/*this function displays the adc by clearing the adc enable bit
 * */
void ADC_deinit(){
     ed8:	df 93       	push	r29
     eda:	cf 93       	push	r28
     edc:	cd b7       	in	r28, 0x3d	; 61
     ede:	de b7       	in	r29, 0x3e	; 62
	ADCSRA &= ~(1<<ADEN);
     ee0:	a6 e2       	ldi	r26, 0x26	; 38
     ee2:	b0 e0       	ldi	r27, 0x00	; 0
     ee4:	e6 e2       	ldi	r30, 0x26	; 38
     ee6:	f0 e0       	ldi	r31, 0x00	; 0
     ee8:	80 81       	ld	r24, Z
     eea:	8f 77       	andi	r24, 0x7F	; 127
     eec:	8c 93       	st	X, r24
}
     eee:	cf 91       	pop	r28
     ef0:	df 91       	pop	r29
     ef2:	08 95       	ret

00000ef4 <main>:

#define HMI_READY 0x10
#define HMI_STOP 0x11
#define SEND_AGAIN_ERROR 0x12

int main() {
     ef4:	df 93       	push	r29
     ef6:	cf 93       	push	r28
     ef8:	cd b7       	in	r28, 0x3d	; 61
     efa:	de b7       	in	r29, 0x3e	; 62
     efc:	63 97       	sbiw	r28, 0x13	; 19
     efe:	0f b6       	in	r0, 0x3f	; 63
     f00:	f8 94       	cli
     f02:	de bf       	out	0x3e, r29	; 62
     f04:	0f be       	out	0x3f, r0	; 63
     f06:	cd bf       	out	0x3d, r28	; 61
	/*initializing modules
	 * */
	/* enabling the global interrupt */
	SREG |= (1 << 7);
     f08:	af e5       	ldi	r26, 0x5F	; 95
     f0a:	b0 e0       	ldi	r27, 0x00	; 0
     f0c:	ef e5       	ldi	r30, 0x5F	; 95
     f0e:	f0 e0       	ldi	r31, 0x00	; 0
     f10:	80 81       	ld	r24, Z
     f12:	80 68       	ori	r24, 0x80	; 128
     f14:	8c 93       	st	X, r24

	UART_ConfigType uart_configurations = { BIT_8, NO_PARITY, ONE_BIT,
			BAUD_RATE_9600 };
     f16:	9e 01       	movw	r18, r28
     f18:	2b 5f       	subi	r18, 0xFB	; 251
     f1a:	3f 4f       	sbci	r19, 0xFF	; 255
     f1c:	38 8b       	std	Y+16, r19	; 0x10
     f1e:	2f 87       	std	Y+15, r18	; 0x0f
     f20:	88 e6       	ldi	r24, 0x68	; 104
     f22:	91 e0       	ldi	r25, 0x01	; 1
     f24:	9a 8b       	std	Y+18, r25	; 0x12
     f26:	89 8b       	std	Y+17, r24	; 0x11
     f28:	95 e0       	ldi	r25, 0x05	; 5
     f2a:	9b 8b       	std	Y+19, r25	; 0x13
     f2c:	e9 89       	ldd	r30, Y+17	; 0x11
     f2e:	fa 89       	ldd	r31, Y+18	; 0x12
     f30:	00 80       	ld	r0, Z
     f32:	29 89       	ldd	r18, Y+17	; 0x11
     f34:	3a 89       	ldd	r19, Y+18	; 0x12
     f36:	2f 5f       	subi	r18, 0xFF	; 255
     f38:	3f 4f       	sbci	r19, 0xFF	; 255
     f3a:	3a 8b       	std	Y+18, r19	; 0x12
     f3c:	29 8b       	std	Y+17, r18	; 0x11
     f3e:	ef 85       	ldd	r30, Y+15	; 0x0f
     f40:	f8 89       	ldd	r31, Y+16	; 0x10
     f42:	00 82       	st	Z, r0
     f44:	2f 85       	ldd	r18, Y+15	; 0x0f
     f46:	38 89       	ldd	r19, Y+16	; 0x10
     f48:	2f 5f       	subi	r18, 0xFF	; 255
     f4a:	3f 4f       	sbci	r19, 0xFF	; 255
     f4c:	38 8b       	std	Y+16, r19	; 0x10
     f4e:	2f 87       	std	Y+15, r18	; 0x0f
     f50:	3b 89       	ldd	r19, Y+19	; 0x13
     f52:	31 50       	subi	r19, 0x01	; 1
     f54:	3b 8b       	std	Y+19, r19	; 0x13
     f56:	8b 89       	ldd	r24, Y+19	; 0x13
     f58:	88 23       	and	r24, r24
     f5a:	41 f7       	brne	.-48     	; 0xf2c <main+0x38>
	UART_init(&uart_configurations);
     f5c:	ce 01       	movw	r24, r28
     f5e:	05 96       	adiw	r24, 0x05	; 5
     f60:	0e 94 21 12 	call	0x2442	; 0x2442 <UART_init>
	/*counter for number of error logged
	 * counter for the loop of the sending
	 * variable that hold the value of the error
	 * */
	static uint8 error_counter = 0;
	uint8 display_counter = 0;
     f64:	1c 82       	std	Y+4, r1	; 0x04
	uint8 error;


	/*flags used for error logging
	 * */
	boolean temp_flag = FALSE;
     f66:	1b 82       	std	Y+3, r1	; 0x03
	boolean dis_flag = FALSE;
     f68:	1a 82       	std	Y+2, r1	; 0x02
	/*variable used for the cases of the switch case
	 * */
	uint8 cases;

	while (1) {
		if (Ultrasonic_readDistance() < 10) {
     f6a:	0e 94 13 14 	call	0x2826	; 0x2826 <Ultrasonic_readDistance>
     f6e:	8a 30       	cpi	r24, 0x0A	; 10
     f70:	91 05       	cpc	r25, r1
     f72:	a0 f4       	brcc	.+40     	; 0xf9c <main+0xa8>
			if (dis_flag == FALSE) {
     f74:	8a 81       	ldd	r24, Y+2	; 0x02
     f76:	88 23       	and	r24, r24
     f78:	91 f4       	brne	.+36     	; 0xf9e <main+0xaa>
				EEPROM_writeByte(0x0311 + error_counter, 1);
     f7a:	80 91 6e 01 	lds	r24, 0x016E
     f7e:	88 2f       	mov	r24, r24
     f80:	90 e0       	ldi	r25, 0x00	; 0
     f82:	8f 5e       	subi	r24, 0xEF	; 239
     f84:	9c 4f       	sbci	r25, 0xFC	; 252
     f86:	61 e0       	ldi	r22, 0x01	; 1
     f88:	0e 94 e8 0b 	call	0x17d0	; 0x17d0 <EEPROM_writeByte>
				error_counter++;
     f8c:	80 91 6e 01 	lds	r24, 0x016E
     f90:	8f 5f       	subi	r24, 0xFF	; 255
     f92:	80 93 6e 01 	sts	0x016E, r24
				dis_flag = TRUE;
     f96:	81 e0       	ldi	r24, 0x01	; 1
     f98:	8a 83       	std	Y+2, r24	; 0x02
     f9a:	01 c0       	rjmp	.+2      	; 0xf9e <main+0xaa>
			}

		}

		else {
			dis_flag = FALSE;
     f9c:	1a 82       	std	Y+2, r1	; 0x02
		}

		if (LM35_getTemperature() > 90) {
     f9e:	0e 94 00 11 	call	0x2200	; 0x2200 <LM35_getTemperature>
     fa2:	8b 35       	cpi	r24, 0x5B	; 91
     fa4:	a0 f0       	brcs	.+40     	; 0xfce <main+0xda>
			if (temp_flag == FALSE) {
     fa6:	8b 81       	ldd	r24, Y+3	; 0x03
     fa8:	88 23       	and	r24, r24
     faa:	91 f4       	brne	.+36     	; 0xfd0 <main+0xdc>

				EEPROM_writeByte(0x0311 + error_counter, 2);
     fac:	80 91 6e 01 	lds	r24, 0x016E
     fb0:	88 2f       	mov	r24, r24
     fb2:	90 e0       	ldi	r25, 0x00	; 0
     fb4:	8f 5e       	subi	r24, 0xEF	; 239
     fb6:	9c 4f       	sbci	r25, 0xFC	; 252
     fb8:	62 e0       	ldi	r22, 0x02	; 2
     fba:	0e 94 e8 0b 	call	0x17d0	; 0x17d0 <EEPROM_writeByte>
				error_counter++;
     fbe:	80 91 6e 01 	lds	r24, 0x016E
     fc2:	8f 5f       	subi	r24, 0xFF	; 255
     fc4:	80 93 6e 01 	sts	0x016E, r24
				temp_flag = TRUE;
     fc8:	81 e0       	ldi	r24, 0x01	; 1
     fca:	8b 83       	std	Y+3, r24	; 0x03
     fcc:	01 c0       	rjmp	.+2      	; 0xfd0 <main+0xdc>
			}

		} else {
			temp_flag = FALSE;
     fce:	1b 82       	std	Y+3, r1	; 0x03
		}


		cases = UART_recieveByte();
     fd0:	0e 94 a2 12 	call	0x2544	; 0x2544 <UART_recieveByte>
     fd4:	89 83       	std	Y+1, r24	; 0x01
		switch (cases) {
     fd6:	89 81       	ldd	r24, Y+1	; 0x01
     fd8:	e8 2f       	mov	r30, r24
     fda:	f0 e0       	ldi	r31, 0x00	; 0
     fdc:	fe 87       	std	Y+14, r31	; 0x0e
     fde:	ed 87       	std	Y+13, r30	; 0x0d
     fe0:	2d 85       	ldd	r18, Y+13	; 0x0d
     fe2:	3e 85       	ldd	r19, Y+14	; 0x0e
     fe4:	22 30       	cpi	r18, 0x02	; 2
     fe6:	31 05       	cpc	r19, r1
     fe8:	21 f1       	breq	.+72     	; 0x1032 <main+0x13e>
     fea:	8d 85       	ldd	r24, Y+13	; 0x0d
     fec:	9e 85       	ldd	r25, Y+14	; 0x0e
     fee:	83 30       	cpi	r24, 0x03	; 3
     ff0:	91 05       	cpc	r25, r1
     ff2:	34 f4       	brge	.+12     	; 0x1000 <main+0x10c>
     ff4:	ed 85       	ldd	r30, Y+13	; 0x0d
     ff6:	fe 85       	ldd	r31, Y+14	; 0x0e
     ff8:	e1 30       	cpi	r30, 0x01	; 1
     ffa:	f1 05       	cpc	r31, r1
     ffc:	69 f0       	breq	.+26     	; 0x1018 <main+0x124>
     ffe:	b5 cf       	rjmp	.-150    	; 0xf6a <main+0x76>
    1000:	2d 85       	ldd	r18, Y+13	; 0x0d
    1002:	3e 85       	ldd	r19, Y+14	; 0x0e
    1004:	23 30       	cpi	r18, 0x03	; 3
    1006:	31 05       	cpc	r19, r1
    1008:	61 f1       	breq	.+88     	; 0x1062 <main+0x16e>
    100a:	8d 85       	ldd	r24, Y+13	; 0x0d
    100c:	9e 85       	ldd	r25, Y+14	; 0x0e
    100e:	84 30       	cpi	r24, 0x04	; 4
    1010:	91 05       	cpc	r25, r1
    1012:	09 f4       	brne	.+2      	; 0x1016 <main+0x122>
    1014:	4d c0       	rjmp	.+154    	; 0x10b0 <main+0x1bc>
    1016:	a9 cf       	rjmp	.-174    	; 0xf6a <main+0x76>
		case 1:
			/*start monitoring
			 * initializing modules
			 * */
			DcMotor_Init();
    1018:	0e 94 5d 08 	call	0x10ba	; 0x10ba <DcMotor_Init>
			Ultrasonic_init();
    101c:	0e 94 1d 13 	call	0x263a	; 0x263a <Ultrasonic_init>
			TWI_ConfigType twi_configuration = { 1, BIT_RATE_400K };
    1020:	81 e0       	ldi	r24, 0x01	; 1
    1022:	8b 87       	std	Y+11, r24	; 0x0b
    1024:	81 e0       	ldi	r24, 0x01	; 1
    1026:	8c 87       	std	Y+12, r24	; 0x0c
			TWI_init(&twi_configuration);
    1028:	ce 01       	movw	r24, r28
    102a:	0b 96       	adiw	r24, 0x0b	; 11
    102c:	0e 94 8a 11 	call	0x2314	; 0x2314 <TWI_init>
    1030:	9c cf       	rjmp	.-200    	; 0xf6a <main+0x76>
			 * */
			/*for controlling the motors
						 * */

			do {
				UART_sendByte(HMI_READY);
    1032:	80 e1       	ldi	r24, 0x10	; 16
    1034:	0e 94 8b 12 	call	0x2516	; 0x2516 <UART_sendByte>
				UART_sendByte(LM35_getTemperature());
    1038:	0e 94 00 11 	call	0x2200	; 0x2200 <LM35_getTemperature>
    103c:	0e 94 8b 12 	call	0x2516	; 0x2516 <UART_sendByte>
				UART_sendByte((uint8) Ultrasonic_readDistance());
    1040:	0e 94 13 14 	call	0x2826	; 0x2826 <Ultrasonic_readDistance>
    1044:	0e 94 8b 12 	call	0x2516	; 0x2516 <UART_sendByte>
				UART_sendByte(DCMotor_Get_Button_WIN1());
    1048:	0e 94 a0 0b 	call	0x1740	; 0x1740 <DCMotor_Get_Button_WIN1>
    104c:	0e 94 8b 12 	call	0x2516	; 0x2516 <UART_sendByte>
				UART_sendByte(DCMotor_Get_Button_WIN2());
    1050:	0e 94 c4 0b 	call	0x1788	; 0x1788 <DCMotor_Get_Button_WIN2>
    1054:	0e 94 8b 12 	call	0x2516	; 0x2516 <UART_sendByte>
			} while (UART_recieveByte() != HMI_STOP);
    1058:	0e 94 a2 12 	call	0x2544	; 0x2544 <UART_recieveByte>
    105c:	81 31       	cpi	r24, 0x11	; 17
    105e:	49 f7       	brne	.-46     	; 0x1032 <main+0x13e>
    1060:	84 cf       	rjmp	.-248    	; 0xf6a <main+0x76>
		case 3:
			/*logged errors
			 * */
			/*for controlling the motors
			 * */
			for (display_counter = 0; display_counter < error_counter;
    1062:	1c 82       	std	Y+4, r1	; 0x04
    1064:	1c c0       	rjmp	.+56     	; 0x109e <main+0x1aa>
					display_counter++) {
				EEPROM_readByte(0x0311+display_counter,&error);
    1066:	8c 81       	ldd	r24, Y+4	; 0x04
    1068:	88 2f       	mov	r24, r24
    106a:	90 e0       	ldi	r25, 0x00	; 0
    106c:	8f 5e       	subi	r24, 0xEF	; 239
    106e:	9c 4f       	sbci	r25, 0xFC	; 252
    1070:	9e 01       	movw	r18, r28
    1072:	26 5f       	subi	r18, 0xF6	; 246
    1074:	3f 4f       	sbci	r19, 0xFF	; 255
    1076:	b9 01       	movw	r22, r18
    1078:	0e 94 29 0c 	call	0x1852	; 0x1852 <EEPROM_readByte>
				UART_sendByte(HMI_READY);
    107c:	80 e1       	ldi	r24, 0x10	; 16
    107e:	0e 94 8b 12 	call	0x2516	; 0x2516 <UART_sendByte>
				UART_sendByte(error);
    1082:	8a 85       	ldd	r24, Y+10	; 0x0a
    1084:	0e 94 8b 12 	call	0x2516	; 0x2516 <UART_sendByte>
				UART_sendByte(error_counter);
    1088:	80 91 6e 01 	lds	r24, 0x016E
    108c:	0e 94 8b 12 	call	0x2516	; 0x2516 <UART_sendByte>
				while(UART_recieveByte()!=SEND_AGAIN_ERROR);
    1090:	0e 94 a2 12 	call	0x2544	; 0x2544 <UART_recieveByte>
    1094:	82 31       	cpi	r24, 0x12	; 18
    1096:	e1 f7       	brne	.-8      	; 0x1090 <main+0x19c>
			/*logged errors
			 * */
			/*for controlling the motors
			 * */
			for (display_counter = 0; display_counter < error_counter;
					display_counter++) {
    1098:	8c 81       	ldd	r24, Y+4	; 0x04
    109a:	8f 5f       	subi	r24, 0xFF	; 255
    109c:	8c 83       	std	Y+4, r24	; 0x04
		case 3:
			/*logged errors
			 * */
			/*for controlling the motors
			 * */
			for (display_counter = 0; display_counter < error_counter;
    109e:	90 91 6e 01 	lds	r25, 0x016E
    10a2:	8c 81       	ldd	r24, Y+4	; 0x04
    10a4:	89 17       	cp	r24, r25
    10a6:	f8 f2       	brcs	.-66     	; 0x1066 <main+0x172>
				UART_sendByte(HMI_READY);
				UART_sendByte(error);
				UART_sendByte(error_counter);
				while(UART_recieveByte()!=SEND_AGAIN_ERROR);
			}
			UART_sendByte(HMI_STOP);
    10a8:	81 e1       	ldi	r24, 0x11	; 17
    10aa:	0e 94 8b 12 	call	0x2516	; 0x2516 <UART_sendByte>
    10ae:	5d cf       	rjmp	.-326    	; 0xf6a <main+0x76>
			break;
		case 4:
			/*stop monitoring
			 * this will deinitialize the sensors
			 * */
			LM55_deinit();
    10b0:	0e 94 81 11 	call	0x2302	; 0x2302 <LM55_deinit>
			Ultrasonic_deint();
    10b4:	0e 94 67 14 	call	0x28ce	; 0x28ce <Ultrasonic_deint>
    10b8:	58 cf       	rjmp	.-336    	; 0xf6a <main+0x76>

000010ba <DcMotor_Init>:
 * Initializes the DC motor by setting the direction
 * for the motor pins and stopping the
 * motor at the beginning.
 * and initializing button
 * */
void DcMotor_Init(void) {
    10ba:	df 93       	push	r29
    10bc:	cf 93       	push	r28
    10be:	cd b7       	in	r28, 0x3d	; 61
    10c0:	de b7       	in	r29, 0x3e	; 62

	GPIO_setupPinDirection(DC_MOTOR1_IN1_PORT_ID, DC_MOTOR1_IN1_PIN_ID,
    10c2:	81 e0       	ldi	r24, 0x01	; 1
    10c4:	64 e0       	ldi	r22, 0x04	; 4
    10c6:	41 e0       	ldi	r20, 0x01	; 1
    10c8:	0e 94 89 0c 	call	0x1912	; 0x1912 <GPIO_setupPinDirection>
			PIN_OUTPUT);
	GPIO_setupPinDirection(DC_MOTOR1_IN2_PORT_ID, DC_MOTOR1_IN2_PIN_ID,
    10cc:	81 e0       	ldi	r24, 0x01	; 1
    10ce:	65 e0       	ldi	r22, 0x05	; 5
    10d0:	41 e0       	ldi	r20, 0x01	; 1
    10d2:	0e 94 89 0c 	call	0x1912	; 0x1912 <GPIO_setupPinDirection>
			PIN_OUTPUT);

	GPIO_setupPinDirection(DC_MOTOR2_IN1_PORT_ID, DC_MOTOR2_IN1_PIN_ID,
    10d6:	81 e0       	ldi	r24, 0x01	; 1
    10d8:	66 e0       	ldi	r22, 0x06	; 6
    10da:	41 e0       	ldi	r20, 0x01	; 1
    10dc:	0e 94 89 0c 	call	0x1912	; 0x1912 <GPIO_setupPinDirection>
			PIN_OUTPUT);
	GPIO_setupPinDirection(DC_MOTOR2_IN2_PORT_ID, DC_MOTOR2_IN2_PIN_ID,
    10e0:	81 e0       	ldi	r24, 0x01	; 1
    10e2:	67 e0       	ldi	r22, 0x07	; 7
    10e4:	41 e0       	ldi	r20, 0x01	; 1
    10e6:	0e 94 89 0c 	call	0x1912	; 0x1912 <GPIO_setupPinDirection>
			PIN_OUTPUT);

	GPIO_setupPinDirection(OPEN_WINDOW_1_PORT, OPEN_WINDOW_1_PIN, PIN_INPUT);
    10ea:	80 e0       	ldi	r24, 0x00	; 0
    10ec:	62 e0       	ldi	r22, 0x02	; 2
    10ee:	40 e0       	ldi	r20, 0x00	; 0
    10f0:	0e 94 89 0c 	call	0x1912	; 0x1912 <GPIO_setupPinDirection>
	GPIO_setupPinDirection(CLOSE_WINDOW_1_PORT, CLOSE_WINDOW_1_PIN, PIN_INPUT);
    10f4:	80 e0       	ldi	r24, 0x00	; 0
    10f6:	63 e0       	ldi	r22, 0x03	; 3
    10f8:	40 e0       	ldi	r20, 0x00	; 0
    10fa:	0e 94 89 0c 	call	0x1912	; 0x1912 <GPIO_setupPinDirection>

	GPIO_setupPinDirection(OPEN_WINDOW_2_PORT, OPEN_WINDOW_2_PIN, PIN_INPUT);
    10fe:	80 e0       	ldi	r24, 0x00	; 0
    1100:	64 e0       	ldi	r22, 0x04	; 4
    1102:	40 e0       	ldi	r20, 0x00	; 0
    1104:	0e 94 89 0c 	call	0x1912	; 0x1912 <GPIO_setupPinDirection>
	GPIO_setupPinDirection(CLOSE_WINDOW_2_PORT, CLOSE_WINDOW_2_PIN, PIN_INPUT);
    1108:	80 e0       	ldi	r24, 0x00	; 0
    110a:	65 e0       	ldi	r22, 0x05	; 5
    110c:	40 e0       	ldi	r20, 0x00	; 0
    110e:	0e 94 89 0c 	call	0x1912	; 0x1912 <GPIO_setupPinDirection>

	GPIO_writePin(DC_MOTOR1_IN1_PORT_ID, DC_MOTOR1_IN1_PIN_ID, LOGIC_LOW);
    1112:	81 e0       	ldi	r24, 0x01	; 1
    1114:	64 e0       	ldi	r22, 0x04	; 4
    1116:	40 e0       	ldi	r20, 0x00	; 0
    1118:	0e 94 74 0d 	call	0x1ae8	; 0x1ae8 <GPIO_writePin>
	GPIO_writePin(DC_MOTOR1_IN2_PORT_ID, DC_MOTOR1_IN2_PIN_ID, LOGIC_LOW);
    111c:	81 e0       	ldi	r24, 0x01	; 1
    111e:	65 e0       	ldi	r22, 0x05	; 5
    1120:	40 e0       	ldi	r20, 0x00	; 0
    1122:	0e 94 74 0d 	call	0x1ae8	; 0x1ae8 <GPIO_writePin>

	GPIO_writePin(DC_MOTOR2_IN1_PORT_ID, DC_MOTOR2_IN1_PIN_ID, LOGIC_LOW);
    1126:	81 e0       	ldi	r24, 0x01	; 1
    1128:	66 e0       	ldi	r22, 0x06	; 6
    112a:	40 e0       	ldi	r20, 0x00	; 0
    112c:	0e 94 74 0d 	call	0x1ae8	; 0x1ae8 <GPIO_writePin>
	GPIO_writePin(DC_MOTOR2_IN2_PORT_ID, DC_MOTOR2_IN2_PIN_ID, LOGIC_LOW);
    1130:	81 e0       	ldi	r24, 0x01	; 1
    1132:	67 e0       	ldi	r22, 0x07	; 7
    1134:	40 e0       	ldi	r20, 0x00	; 0
    1136:	0e 94 74 0d 	call	0x1ae8	; 0x1ae8 <GPIO_writePin>
	/*initializing the pwm
	 * */
	PWM_Timer0_Start(0);
    113a:	80 e0       	ldi	r24, 0x00	; 0
    113c:	0e 94 ce 10 	call	0x219c	; 0x219c <PWM_Timer0_Start>
}
    1140:	cf 91       	pop	r28
    1142:	df 91       	pop	r29
    1144:	08 95       	ret

00001146 <DcMotor_Rotate>:
 * Controls the motor's state (Clockwise/Anti-Clockwise/Stop)
 * and adjusts the speed based
 * on the input duty cycle.
 * */
void DcMotor_Rotate(DcMotor_window_number number, DcMotor_State state,
		uint8 speed) {
    1146:	df 93       	push	r29
    1148:	cf 93       	push	r28
    114a:	cd b7       	in	r28, 0x3d	; 61
    114c:	de b7       	in	r29, 0x3e	; 62
    114e:	29 97       	sbiw	r28, 0x09	; 9
    1150:	0f b6       	in	r0, 0x3f	; 63
    1152:	f8 94       	cli
    1154:	de bf       	out	0x3e, r29	; 62
    1156:	0f be       	out	0x3f, r0	; 63
    1158:	cd bf       	out	0x3d, r28	; 61
    115a:	89 83       	std	Y+1, r24	; 0x01
    115c:	6a 83       	std	Y+2, r22	; 0x02
    115e:	4b 83       	std	Y+3, r20	; 0x03
	switch (number) {
    1160:	89 81       	ldd	r24, Y+1	; 0x01
    1162:	28 2f       	mov	r18, r24
    1164:	30 e0       	ldi	r19, 0x00	; 0
    1166:	39 87       	std	Y+9, r19	; 0x09
    1168:	28 87       	std	Y+8, r18	; 0x08
    116a:	88 85       	ldd	r24, Y+8	; 0x08
    116c:	99 85       	ldd	r25, Y+9	; 0x09
    116e:	81 30       	cpi	r24, 0x01	; 1
    1170:	91 05       	cpc	r25, r1
    1172:	39 f0       	breq	.+14     	; 0x1182 <DcMotor_Rotate+0x3c>
    1174:	28 85       	ldd	r18, Y+8	; 0x08
    1176:	39 85       	ldd	r19, Y+9	; 0x09
    1178:	22 30       	cpi	r18, 0x02	; 2
    117a:	31 05       	cpc	r19, r1
    117c:	09 f4       	brne	.+2      	; 0x1180 <DcMotor_Rotate+0x3a>
    117e:	3f c0       	rjmp	.+126    	; 0x11fe <DcMotor_Rotate+0xb8>
    1180:	7a c0       	rjmp	.+244    	; 0x1276 <DcMotor_Rotate+0x130>
	case 1:
		switch (state) {
    1182:	8a 81       	ldd	r24, Y+2	; 0x02
    1184:	28 2f       	mov	r18, r24
    1186:	30 e0       	ldi	r19, 0x00	; 0
    1188:	3f 83       	std	Y+7, r19	; 0x07
    118a:	2e 83       	std	Y+6, r18	; 0x06
    118c:	8e 81       	ldd	r24, Y+6	; 0x06
    118e:	9f 81       	ldd	r25, Y+7	; 0x07
    1190:	81 30       	cpi	r24, 0x01	; 1
    1192:	91 05       	cpc	r25, r1
    1194:	c1 f0       	breq	.+48     	; 0x11c6 <DcMotor_Rotate+0x80>
    1196:	2e 81       	ldd	r18, Y+6	; 0x06
    1198:	3f 81       	ldd	r19, Y+7	; 0x07
    119a:	22 30       	cpi	r18, 0x02	; 2
    119c:	31 05       	cpc	r19, r1
    119e:	09 f1       	breq	.+66     	; 0x11e2 <DcMotor_Rotate+0x9c>
    11a0:	8e 81       	ldd	r24, Y+6	; 0x06
    11a2:	9f 81       	ldd	r25, Y+7	; 0x07
    11a4:	00 97       	sbiw	r24, 0x00	; 0
    11a6:	09 f0       	breq	.+2      	; 0x11aa <DcMotor_Rotate+0x64>
    11a8:	66 c0       	rjmp	.+204    	; 0x1276 <DcMotor_Rotate+0x130>
		case 0:
			GPIO_writePin(DC_MOTOR1_IN1_PORT_ID, DC_MOTOR1_IN1_PIN_ID,
    11aa:	81 e0       	ldi	r24, 0x01	; 1
    11ac:	64 e0       	ldi	r22, 0x04	; 4
    11ae:	40 e0       	ldi	r20, 0x00	; 0
    11b0:	0e 94 74 0d 	call	0x1ae8	; 0x1ae8 <GPIO_writePin>
			LOGIC_LOW);
			GPIO_writePin(DC_MOTOR1_IN2_PORT_ID, DC_MOTOR1_IN2_PIN_ID,
    11b4:	81 e0       	ldi	r24, 0x01	; 1
    11b6:	65 e0       	ldi	r22, 0x05	; 5
    11b8:	40 e0       	ldi	r20, 0x00	; 0
    11ba:	0e 94 74 0d 	call	0x1ae8	; 0x1ae8 <GPIO_writePin>
			LOGIC_LOW);
			PWM_Timer0_Start(0);
    11be:	80 e0       	ldi	r24, 0x00	; 0
    11c0:	0e 94 ce 10 	call	0x219c	; 0x219c <PWM_Timer0_Start>
    11c4:	58 c0       	rjmp	.+176    	; 0x1276 <DcMotor_Rotate+0x130>
			break;
		case 1:
			GPIO_writePin(DC_MOTOR1_IN1_PORT_ID, DC_MOTOR1_IN1_PIN_ID,
    11c6:	81 e0       	ldi	r24, 0x01	; 1
    11c8:	64 e0       	ldi	r22, 0x04	; 4
    11ca:	41 e0       	ldi	r20, 0x01	; 1
    11cc:	0e 94 74 0d 	call	0x1ae8	; 0x1ae8 <GPIO_writePin>
			LOGIC_HIGH);
			GPIO_writePin(DC_MOTOR1_IN2_PORT_ID, DC_MOTOR1_IN2_PIN_ID,
    11d0:	81 e0       	ldi	r24, 0x01	; 1
    11d2:	65 e0       	ldi	r22, 0x05	; 5
    11d4:	40 e0       	ldi	r20, 0x00	; 0
    11d6:	0e 94 74 0d 	call	0x1ae8	; 0x1ae8 <GPIO_writePin>
			LOGIC_LOW);
			PWM_Timer0_Start(speed);
    11da:	8b 81       	ldd	r24, Y+3	; 0x03
    11dc:	0e 94 ce 10 	call	0x219c	; 0x219c <PWM_Timer0_Start>
    11e0:	4a c0       	rjmp	.+148    	; 0x1276 <DcMotor_Rotate+0x130>
			break;
		case 2:
			GPIO_writePin(DC_MOTOR1_IN1_PORT_ID, DC_MOTOR1_IN1_PIN_ID,
    11e2:	81 e0       	ldi	r24, 0x01	; 1
    11e4:	64 e0       	ldi	r22, 0x04	; 4
    11e6:	40 e0       	ldi	r20, 0x00	; 0
    11e8:	0e 94 74 0d 	call	0x1ae8	; 0x1ae8 <GPIO_writePin>
			LOGIC_LOW);
			GPIO_writePin(DC_MOTOR1_IN2_PORT_ID, DC_MOTOR1_IN2_PIN_ID,
    11ec:	81 e0       	ldi	r24, 0x01	; 1
    11ee:	65 e0       	ldi	r22, 0x05	; 5
    11f0:	41 e0       	ldi	r20, 0x01	; 1
    11f2:	0e 94 74 0d 	call	0x1ae8	; 0x1ae8 <GPIO_writePin>
			LOGIC_HIGH);
			PWM_Timer0_Start(speed);
    11f6:	8b 81       	ldd	r24, Y+3	; 0x03
    11f8:	0e 94 ce 10 	call	0x219c	; 0x219c <PWM_Timer0_Start>
    11fc:	3c c0       	rjmp	.+120    	; 0x1276 <DcMotor_Rotate+0x130>
			break;
		}
		break;
	case 2:
		switch (state) {
    11fe:	8a 81       	ldd	r24, Y+2	; 0x02
    1200:	28 2f       	mov	r18, r24
    1202:	30 e0       	ldi	r19, 0x00	; 0
    1204:	3d 83       	std	Y+5, r19	; 0x05
    1206:	2c 83       	std	Y+4, r18	; 0x04
    1208:	8c 81       	ldd	r24, Y+4	; 0x04
    120a:	9d 81       	ldd	r25, Y+5	; 0x05
    120c:	81 30       	cpi	r24, 0x01	; 1
    120e:	91 05       	cpc	r25, r1
    1210:	b9 f0       	breq	.+46     	; 0x1240 <DcMotor_Rotate+0xfa>
    1212:	2c 81       	ldd	r18, Y+4	; 0x04
    1214:	3d 81       	ldd	r19, Y+5	; 0x05
    1216:	22 30       	cpi	r18, 0x02	; 2
    1218:	31 05       	cpc	r19, r1
    121a:	01 f1       	breq	.+64     	; 0x125c <DcMotor_Rotate+0x116>
    121c:	8c 81       	ldd	r24, Y+4	; 0x04
    121e:	9d 81       	ldd	r25, Y+5	; 0x05
    1220:	00 97       	sbiw	r24, 0x00	; 0
    1222:	49 f5       	brne	.+82     	; 0x1276 <DcMotor_Rotate+0x130>
		case 0:
			GPIO_writePin(DC_MOTOR2_IN1_PORT_ID, DC_MOTOR2_IN1_PIN_ID,
    1224:	81 e0       	ldi	r24, 0x01	; 1
    1226:	66 e0       	ldi	r22, 0x06	; 6
    1228:	40 e0       	ldi	r20, 0x00	; 0
    122a:	0e 94 74 0d 	call	0x1ae8	; 0x1ae8 <GPIO_writePin>
			LOGIC_LOW);
			GPIO_writePin(DC_MOTOR2_IN2_PORT_ID, DC_MOTOR2_IN2_PIN_ID,
    122e:	81 e0       	ldi	r24, 0x01	; 1
    1230:	67 e0       	ldi	r22, 0x07	; 7
    1232:	40 e0       	ldi	r20, 0x00	; 0
    1234:	0e 94 74 0d 	call	0x1ae8	; 0x1ae8 <GPIO_writePin>
			LOGIC_LOW);
			PWM_Timer0_Start(0);
    1238:	80 e0       	ldi	r24, 0x00	; 0
    123a:	0e 94 ce 10 	call	0x219c	; 0x219c <PWM_Timer0_Start>
    123e:	1b c0       	rjmp	.+54     	; 0x1276 <DcMotor_Rotate+0x130>
			break;
		case 1:
			GPIO_writePin(DC_MOTOR2_IN1_PORT_ID, DC_MOTOR2_IN1_PIN_ID,
    1240:	81 e0       	ldi	r24, 0x01	; 1
    1242:	66 e0       	ldi	r22, 0x06	; 6
    1244:	41 e0       	ldi	r20, 0x01	; 1
    1246:	0e 94 74 0d 	call	0x1ae8	; 0x1ae8 <GPIO_writePin>
			LOGIC_HIGH);
			GPIO_writePin(DC_MOTOR2_IN2_PORT_ID, DC_MOTOR2_IN2_PIN_ID,
    124a:	81 e0       	ldi	r24, 0x01	; 1
    124c:	67 e0       	ldi	r22, 0x07	; 7
    124e:	40 e0       	ldi	r20, 0x00	; 0
    1250:	0e 94 74 0d 	call	0x1ae8	; 0x1ae8 <GPIO_writePin>
			LOGIC_LOW);
			PWM_Timer0_Start(speed);
    1254:	8b 81       	ldd	r24, Y+3	; 0x03
    1256:	0e 94 ce 10 	call	0x219c	; 0x219c <PWM_Timer0_Start>
    125a:	0d c0       	rjmp	.+26     	; 0x1276 <DcMotor_Rotate+0x130>
			break;
		case 2:
			GPIO_writePin(DC_MOTOR2_IN1_PORT_ID, DC_MOTOR2_IN1_PIN_ID,
    125c:	81 e0       	ldi	r24, 0x01	; 1
    125e:	66 e0       	ldi	r22, 0x06	; 6
    1260:	40 e0       	ldi	r20, 0x00	; 0
    1262:	0e 94 74 0d 	call	0x1ae8	; 0x1ae8 <GPIO_writePin>
			LOGIC_LOW);
			GPIO_writePin(DC_MOTOR2_IN2_PORT_ID, DC_MOTOR2_IN2_PIN_ID,
    1266:	81 e0       	ldi	r24, 0x01	; 1
    1268:	67 e0       	ldi	r22, 0x07	; 7
    126a:	41 e0       	ldi	r20, 0x01	; 1
    126c:	0e 94 74 0d 	call	0x1ae8	; 0x1ae8 <GPIO_writePin>
			LOGIC_HIGH);
			PWM_Timer0_Start(speed);
    1270:	8b 81       	ldd	r24, Y+3	; 0x03
    1272:	0e 94 ce 10 	call	0x219c	; 0x219c <PWM_Timer0_Start>
			break;
		}
		break;
	}
}
    1276:	29 96       	adiw	r28, 0x09	; 9
    1278:	0f b6       	in	r0, 0x3f	; 63
    127a:	f8 94       	cli
    127c:	de bf       	out	0x3e, r29	; 62
    127e:	0f be       	out	0x3f, r0	; 63
    1280:	cd bf       	out	0x3d, r28	; 61
    1282:	cf 91       	pop	r28
    1284:	df 91       	pop	r29
    1286:	08 95       	ret

00001288 <DCMotor_Open_Close>:
/*description:
 * this function opens and closes the window as it takes window number and window state
 *   returns a number that represents the state
 * */
uint8 DCMotor_Open_Close(DcMotor_window_number number,
		DcMotor_window_state state) {
    1288:	df 93       	push	r29
    128a:	cf 93       	push	r28
    128c:	cd b7       	in	r28, 0x3d	; 61
    128e:	de b7       	in	r29, 0x3e	; 62
    1290:	c1 54       	subi	r28, 0x41	; 65
    1292:	d0 40       	sbci	r29, 0x00	; 0
    1294:	0f b6       	in	r0, 0x3f	; 63
    1296:	f8 94       	cli
    1298:	de bf       	out	0x3e, r29	; 62
    129a:	0f be       	out	0x3f, r0	; 63
    129c:	cd bf       	out	0x3d, r28	; 61
    129e:	89 af       	std	Y+57, r24	; 0x39
    12a0:	6a af       	std	Y+58, r22	; 0x3a
	switch (number) {
    12a2:	89 ad       	ldd	r24, Y+57	; 0x39
    12a4:	28 2f       	mov	r18, r24
    12a6:	30 e0       	ldi	r19, 0x00	; 0
    12a8:	22 96       	adiw	r28, 0x02	; 2
    12aa:	3f af       	std	Y+63, r19	; 0x3f
    12ac:	2e af       	std	Y+62, r18	; 0x3e
    12ae:	22 97       	sbiw	r28, 0x02	; 2
    12b0:	22 96       	adiw	r28, 0x02	; 2
    12b2:	8e ad       	ldd	r24, Y+62	; 0x3e
    12b4:	9f ad       	ldd	r25, Y+63	; 0x3f
    12b6:	22 97       	sbiw	r28, 0x02	; 2
    12b8:	81 30       	cpi	r24, 0x01	; 1
    12ba:	91 05       	cpc	r25, r1
    12bc:	49 f0       	breq	.+18     	; 0x12d0 <DCMotor_Open_Close+0x48>
    12be:	22 96       	adiw	r28, 0x02	; 2
    12c0:	2e ad       	ldd	r18, Y+62	; 0x3e
    12c2:	3f ad       	ldd	r19, Y+63	; 0x3f
    12c4:	22 97       	sbiw	r28, 0x02	; 2
    12c6:	22 30       	cpi	r18, 0x02	; 2
    12c8:	31 05       	cpc	r19, r1
    12ca:	09 f4       	brne	.+2      	; 0x12ce <DCMotor_Open_Close+0x46>
    12cc:	16 c1       	rjmp	.+556    	; 0x14fa <DCMotor_Open_Close+0x272>
    12ce:	2a c2       	rjmp	.+1108   	; 0x1724 <DCMotor_Open_Close+0x49c>
	case 1:
		switch (state) {
    12d0:	8a ad       	ldd	r24, Y+58	; 0x3a
    12d2:	28 2f       	mov	r18, r24
    12d4:	30 e0       	ldi	r19, 0x00	; 0
    12d6:	3f af       	std	Y+63, r19	; 0x3f
    12d8:	2e af       	std	Y+62, r18	; 0x3e
    12da:	8e ad       	ldd	r24, Y+62	; 0x3e
    12dc:	9f ad       	ldd	r25, Y+63	; 0x3f
    12de:	00 97       	sbiw	r24, 0x00	; 0
    12e0:	39 f0       	breq	.+14     	; 0x12f0 <DCMotor_Open_Close+0x68>
    12e2:	2e ad       	ldd	r18, Y+62	; 0x3e
    12e4:	3f ad       	ldd	r19, Y+63	; 0x3f
    12e6:	21 30       	cpi	r18, 0x01	; 1
    12e8:	31 05       	cpc	r19, r1
    12ea:	09 f4       	brne	.+2      	; 0x12ee <DCMotor_Open_Close+0x66>
    12ec:	83 c0       	rjmp	.+262    	; 0x13f4 <DCMotor_Open_Close+0x16c>
    12ee:	1a c2       	rjmp	.+1076   	; 0x1724 <DCMotor_Open_Close+0x49c>
		case 0:
			DcMotor_Rotate(WINDOW_1, ANTICLOCKWISE, 100);
    12f0:	81 e0       	ldi	r24, 0x01	; 1
    12f2:	62 e0       	ldi	r22, 0x02	; 2
    12f4:	44 e6       	ldi	r20, 0x64	; 100
    12f6:	0e 94 a3 08 	call	0x1146	; 0x1146 <DcMotor_Rotate>
    12fa:	80 e0       	ldi	r24, 0x00	; 0
    12fc:	90 e0       	ldi	r25, 0x00	; 0
    12fe:	aa ef       	ldi	r26, 0xFA	; 250
    1300:	b4 e4       	ldi	r27, 0x44	; 68
    1302:	8d ab       	std	Y+53, r24	; 0x35
    1304:	9e ab       	std	Y+54, r25	; 0x36
    1306:	af ab       	std	Y+55, r26	; 0x37
    1308:	b8 af       	std	Y+56, r27	; 0x38
 */
void
_delay_ms(double __ms)
{
	uint16_t __ticks;
	double __tmp = ((F_CPU) / 4e3) * __ms;
    130a:	6d a9       	ldd	r22, Y+53	; 0x35
    130c:	7e a9       	ldd	r23, Y+54	; 0x36
    130e:	8f a9       	ldd	r24, Y+55	; 0x37
    1310:	98 ad       	ldd	r25, Y+56	; 0x38
    1312:	20 e0       	ldi	r18, 0x00	; 0
    1314:	30 e0       	ldi	r19, 0x00	; 0
    1316:	4a ef       	ldi	r20, 0xFA	; 250
    1318:	54 e4       	ldi	r21, 0x44	; 68
    131a:	0e 94 1f 02 	call	0x43e	; 0x43e <__mulsf3>
    131e:	dc 01       	movw	r26, r24
    1320:	cb 01       	movw	r24, r22
    1322:	89 ab       	std	Y+49, r24	; 0x31
    1324:	9a ab       	std	Y+50, r25	; 0x32
    1326:	ab ab       	std	Y+51, r26	; 0x33
    1328:	bc ab       	std	Y+52, r27	; 0x34
	if (__tmp < 1.0)
    132a:	69 a9       	ldd	r22, Y+49	; 0x31
    132c:	7a a9       	ldd	r23, Y+50	; 0x32
    132e:	8b a9       	ldd	r24, Y+51	; 0x33
    1330:	9c a9       	ldd	r25, Y+52	; 0x34
    1332:	20 e0       	ldi	r18, 0x00	; 0
    1334:	30 e0       	ldi	r19, 0x00	; 0
    1336:	40 e8       	ldi	r20, 0x80	; 128
    1338:	5f e3       	ldi	r21, 0x3F	; 63
    133a:	0e 94 25 04 	call	0x84a	; 0x84a <__ltsf2>
    133e:	88 23       	and	r24, r24
    1340:	2c f4       	brge	.+10     	; 0x134c <DCMotor_Open_Close+0xc4>
		__ticks = 1;
    1342:	81 e0       	ldi	r24, 0x01	; 1
    1344:	90 e0       	ldi	r25, 0x00	; 0
    1346:	98 ab       	std	Y+48, r25	; 0x30
    1348:	8f a7       	std	Y+47, r24	; 0x2f
    134a:	3f c0       	rjmp	.+126    	; 0x13ca <DCMotor_Open_Close+0x142>
	else if (__tmp > 65535)
    134c:	69 a9       	ldd	r22, Y+49	; 0x31
    134e:	7a a9       	ldd	r23, Y+50	; 0x32
    1350:	8b a9       	ldd	r24, Y+51	; 0x33
    1352:	9c a9       	ldd	r25, Y+52	; 0x34
    1354:	20 e0       	ldi	r18, 0x00	; 0
    1356:	3f ef       	ldi	r19, 0xFF	; 255
    1358:	4f e7       	ldi	r20, 0x7F	; 127
    135a:	57 e4       	ldi	r21, 0x47	; 71
    135c:	0e 94 c5 03 	call	0x78a	; 0x78a <__gtsf2>
    1360:	18 16       	cp	r1, r24
    1362:	4c f5       	brge	.+82     	; 0x13b6 <DCMotor_Open_Close+0x12e>
	{
		//	__ticks = requested delay in 1/10 ms
		__ticks = (uint16_t) (__ms * 10.0);
    1364:	6d a9       	ldd	r22, Y+53	; 0x35
    1366:	7e a9       	ldd	r23, Y+54	; 0x36
    1368:	8f a9       	ldd	r24, Y+55	; 0x37
    136a:	98 ad       	ldd	r25, Y+56	; 0x38
    136c:	20 e0       	ldi	r18, 0x00	; 0
    136e:	30 e0       	ldi	r19, 0x00	; 0
    1370:	40 e2       	ldi	r20, 0x20	; 32
    1372:	51 e4       	ldi	r21, 0x41	; 65
    1374:	0e 94 1f 02 	call	0x43e	; 0x43e <__mulsf3>
    1378:	dc 01       	movw	r26, r24
    137a:	cb 01       	movw	r24, r22
    137c:	bc 01       	movw	r22, r24
    137e:	cd 01       	movw	r24, r26
    1380:	0e 94 49 00 	call	0x92	; 0x92 <__fixunssfsi>
    1384:	dc 01       	movw	r26, r24
    1386:	cb 01       	movw	r24, r22
    1388:	98 ab       	std	Y+48, r25	; 0x30
    138a:	8f a7       	std	Y+47, r24	; 0x2f
    138c:	0f c0       	rjmp	.+30     	; 0x13ac <DCMotor_Open_Close+0x124>
    138e:	88 ec       	ldi	r24, 0xC8	; 200
    1390:	90 e0       	ldi	r25, 0x00	; 0
    1392:	9e a7       	std	Y+46, r25	; 0x2e
    1394:	8d a7       	std	Y+45, r24	; 0x2d
    milliseconds can be achieved.
 */
void
_delay_loop_2(uint16_t __count)
{
	__asm__ volatile (
    1396:	8d a5       	ldd	r24, Y+45	; 0x2d
    1398:	9e a5       	ldd	r25, Y+46	; 0x2e
    139a:	01 97       	sbiw	r24, 0x01	; 1
    139c:	f1 f7       	brne	.-4      	; 0x139a <DCMotor_Open_Close+0x112>
    139e:	9e a7       	std	Y+46, r25	; 0x2e
    13a0:	8d a7       	std	Y+45, r24	; 0x2d
		while(__ticks)
		{
			// wait 1/10 ms
			_delay_loop_2(((F_CPU) / 4e3) / 10);
			__ticks --;
    13a2:	8f a5       	ldd	r24, Y+47	; 0x2f
    13a4:	98 a9       	ldd	r25, Y+48	; 0x30
    13a6:	01 97       	sbiw	r24, 0x01	; 1
    13a8:	98 ab       	std	Y+48, r25	; 0x30
    13aa:	8f a7       	std	Y+47, r24	; 0x2f
		__ticks = 1;
	else if (__tmp > 65535)
	{
		//	__ticks = requested delay in 1/10 ms
		__ticks = (uint16_t) (__ms * 10.0);
		while(__ticks)
    13ac:	8f a5       	ldd	r24, Y+47	; 0x2f
    13ae:	98 a9       	ldd	r25, Y+48	; 0x30
    13b0:	00 97       	sbiw	r24, 0x00	; 0
    13b2:	69 f7       	brne	.-38     	; 0x138e <DCMotor_Open_Close+0x106>
    13b4:	14 c0       	rjmp	.+40     	; 0x13de <DCMotor_Open_Close+0x156>
			__ticks --;
		}
		return;
	}
	else
		__ticks = (uint16_t)__tmp;
    13b6:	69 a9       	ldd	r22, Y+49	; 0x31
    13b8:	7a a9       	ldd	r23, Y+50	; 0x32
    13ba:	8b a9       	ldd	r24, Y+51	; 0x33
    13bc:	9c a9       	ldd	r25, Y+52	; 0x34
    13be:	0e 94 49 00 	call	0x92	; 0x92 <__fixunssfsi>
    13c2:	dc 01       	movw	r26, r24
    13c4:	cb 01       	movw	r24, r22
    13c6:	98 ab       	std	Y+48, r25	; 0x30
    13c8:	8f a7       	std	Y+47, r24	; 0x2f
    13ca:	8f a5       	ldd	r24, Y+47	; 0x2f
    13cc:	98 a9       	ldd	r25, Y+48	; 0x30
    13ce:	9c a7       	std	Y+44, r25	; 0x2c
    13d0:	8b a7       	std	Y+43, r24	; 0x2b
    13d2:	8b a5       	ldd	r24, Y+43	; 0x2b
    13d4:	9c a5       	ldd	r25, Y+44	; 0x2c
    13d6:	01 97       	sbiw	r24, 0x01	; 1
    13d8:	f1 f7       	brne	.-4      	; 0x13d6 <DCMotor_Open_Close+0x14e>
    13da:	9c a7       	std	Y+44, r25	; 0x2c
    13dc:	8b a7       	std	Y+43, r24	; 0x2b
			_delay_ms(2000);
			DcMotor_Rotate(WINDOW_1, STOP, 100);
    13de:	81 e0       	ldi	r24, 0x01	; 1
    13e0:	60 e0       	ldi	r22, 0x00	; 0
    13e2:	44 e6       	ldi	r20, 0x64	; 100
    13e4:	0e 94 a3 08 	call	0x1146	; 0x1146 <DcMotor_Rotate>
			State_to_HMI=FALSE;
    13e8:	10 92 6f 01 	sts	0x016F, r1
			return State_to_HMI;
    13ec:	30 91 6f 01 	lds	r19, 0x016F
    13f0:	3d af       	std	Y+61, r19	; 0x3d
    13f2:	9b c1       	rjmp	.+822    	; 0x172a <DCMotor_Open_Close+0x4a2>

			break;
		case 1:
			DcMotor_Rotate(WINDOW_1, CLOCKWISE, 100);
    13f4:	81 e0       	ldi	r24, 0x01	; 1
    13f6:	61 e0       	ldi	r22, 0x01	; 1
    13f8:	44 e6       	ldi	r20, 0x64	; 100
    13fa:	0e 94 a3 08 	call	0x1146	; 0x1146 <DcMotor_Rotate>
    13fe:	80 e0       	ldi	r24, 0x00	; 0
    1400:	90 e0       	ldi	r25, 0x00	; 0
    1402:	aa ef       	ldi	r26, 0xFA	; 250
    1404:	b4 e4       	ldi	r27, 0x44	; 68
    1406:	8f a3       	std	Y+39, r24	; 0x27
    1408:	98 a7       	std	Y+40, r25	; 0x28
    140a:	a9 a7       	std	Y+41, r26	; 0x29
    140c:	ba a7       	std	Y+42, r27	; 0x2a
 */
void
_delay_ms(double __ms)
{
	uint16_t __ticks;
	double __tmp = ((F_CPU) / 4e3) * __ms;
    140e:	6f a1       	ldd	r22, Y+39	; 0x27
    1410:	78 a5       	ldd	r23, Y+40	; 0x28
    1412:	89 a5       	ldd	r24, Y+41	; 0x29
    1414:	9a a5       	ldd	r25, Y+42	; 0x2a
    1416:	20 e0       	ldi	r18, 0x00	; 0
    1418:	30 e0       	ldi	r19, 0x00	; 0
    141a:	4a ef       	ldi	r20, 0xFA	; 250
    141c:	54 e4       	ldi	r21, 0x44	; 68
    141e:	0e 94 1f 02 	call	0x43e	; 0x43e <__mulsf3>
    1422:	dc 01       	movw	r26, r24
    1424:	cb 01       	movw	r24, r22
    1426:	8b a3       	std	Y+35, r24	; 0x23
    1428:	9c a3       	std	Y+36, r25	; 0x24
    142a:	ad a3       	std	Y+37, r26	; 0x25
    142c:	be a3       	std	Y+38, r27	; 0x26
	if (__tmp < 1.0)
    142e:	6b a1       	ldd	r22, Y+35	; 0x23
    1430:	7c a1       	ldd	r23, Y+36	; 0x24
    1432:	8d a1       	ldd	r24, Y+37	; 0x25
    1434:	9e a1       	ldd	r25, Y+38	; 0x26
    1436:	20 e0       	ldi	r18, 0x00	; 0
    1438:	30 e0       	ldi	r19, 0x00	; 0
    143a:	40 e8       	ldi	r20, 0x80	; 128
    143c:	5f e3       	ldi	r21, 0x3F	; 63
    143e:	0e 94 25 04 	call	0x84a	; 0x84a <__ltsf2>
    1442:	88 23       	and	r24, r24
    1444:	2c f4       	brge	.+10     	; 0x1450 <DCMotor_Open_Close+0x1c8>
		__ticks = 1;
    1446:	81 e0       	ldi	r24, 0x01	; 1
    1448:	90 e0       	ldi	r25, 0x00	; 0
    144a:	9a a3       	std	Y+34, r25	; 0x22
    144c:	89 a3       	std	Y+33, r24	; 0x21
    144e:	3f c0       	rjmp	.+126    	; 0x14ce <DCMotor_Open_Close+0x246>
	else if (__tmp > 65535)
    1450:	6b a1       	ldd	r22, Y+35	; 0x23
    1452:	7c a1       	ldd	r23, Y+36	; 0x24
    1454:	8d a1       	ldd	r24, Y+37	; 0x25
    1456:	9e a1       	ldd	r25, Y+38	; 0x26
    1458:	20 e0       	ldi	r18, 0x00	; 0
    145a:	3f ef       	ldi	r19, 0xFF	; 255
    145c:	4f e7       	ldi	r20, 0x7F	; 127
    145e:	57 e4       	ldi	r21, 0x47	; 71
    1460:	0e 94 c5 03 	call	0x78a	; 0x78a <__gtsf2>
    1464:	18 16       	cp	r1, r24
    1466:	4c f5       	brge	.+82     	; 0x14ba <DCMotor_Open_Close+0x232>
	{
		//	__ticks = requested delay in 1/10 ms
		__ticks = (uint16_t) (__ms * 10.0);
    1468:	6f a1       	ldd	r22, Y+39	; 0x27
    146a:	78 a5       	ldd	r23, Y+40	; 0x28
    146c:	89 a5       	ldd	r24, Y+41	; 0x29
    146e:	9a a5       	ldd	r25, Y+42	; 0x2a
    1470:	20 e0       	ldi	r18, 0x00	; 0
    1472:	30 e0       	ldi	r19, 0x00	; 0
    1474:	40 e2       	ldi	r20, 0x20	; 32
    1476:	51 e4       	ldi	r21, 0x41	; 65
    1478:	0e 94 1f 02 	call	0x43e	; 0x43e <__mulsf3>
    147c:	dc 01       	movw	r26, r24
    147e:	cb 01       	movw	r24, r22
    1480:	bc 01       	movw	r22, r24
    1482:	cd 01       	movw	r24, r26
    1484:	0e 94 49 00 	call	0x92	; 0x92 <__fixunssfsi>
    1488:	dc 01       	movw	r26, r24
    148a:	cb 01       	movw	r24, r22
    148c:	9a a3       	std	Y+34, r25	; 0x22
    148e:	89 a3       	std	Y+33, r24	; 0x21
    1490:	0f c0       	rjmp	.+30     	; 0x14b0 <DCMotor_Open_Close+0x228>
    1492:	88 ec       	ldi	r24, 0xC8	; 200
    1494:	90 e0       	ldi	r25, 0x00	; 0
    1496:	98 a3       	std	Y+32, r25	; 0x20
    1498:	8f 8f       	std	Y+31, r24	; 0x1f
    149a:	8f 8d       	ldd	r24, Y+31	; 0x1f
    149c:	98 a1       	ldd	r25, Y+32	; 0x20
    149e:	01 97       	sbiw	r24, 0x01	; 1
    14a0:	f1 f7       	brne	.-4      	; 0x149e <DCMotor_Open_Close+0x216>
    14a2:	98 a3       	std	Y+32, r25	; 0x20
    14a4:	8f 8f       	std	Y+31, r24	; 0x1f
		while(__ticks)
		{
			// wait 1/10 ms
			_delay_loop_2(((F_CPU) / 4e3) / 10);
			__ticks --;
    14a6:	89 a1       	ldd	r24, Y+33	; 0x21
    14a8:	9a a1       	ldd	r25, Y+34	; 0x22
    14aa:	01 97       	sbiw	r24, 0x01	; 1
    14ac:	9a a3       	std	Y+34, r25	; 0x22
    14ae:	89 a3       	std	Y+33, r24	; 0x21
		__ticks = 1;
	else if (__tmp > 65535)
	{
		//	__ticks = requested delay in 1/10 ms
		__ticks = (uint16_t) (__ms * 10.0);
		while(__ticks)
    14b0:	89 a1       	ldd	r24, Y+33	; 0x21
    14b2:	9a a1       	ldd	r25, Y+34	; 0x22
    14b4:	00 97       	sbiw	r24, 0x00	; 0
    14b6:	69 f7       	brne	.-38     	; 0x1492 <DCMotor_Open_Close+0x20a>
    14b8:	14 c0       	rjmp	.+40     	; 0x14e2 <DCMotor_Open_Close+0x25a>
			__ticks --;
		}
		return;
	}
	else
		__ticks = (uint16_t)__tmp;
    14ba:	6b a1       	ldd	r22, Y+35	; 0x23
    14bc:	7c a1       	ldd	r23, Y+36	; 0x24
    14be:	8d a1       	ldd	r24, Y+37	; 0x25
    14c0:	9e a1       	ldd	r25, Y+38	; 0x26
    14c2:	0e 94 49 00 	call	0x92	; 0x92 <__fixunssfsi>
    14c6:	dc 01       	movw	r26, r24
    14c8:	cb 01       	movw	r24, r22
    14ca:	9a a3       	std	Y+34, r25	; 0x22
    14cc:	89 a3       	std	Y+33, r24	; 0x21
    14ce:	89 a1       	ldd	r24, Y+33	; 0x21
    14d0:	9a a1       	ldd	r25, Y+34	; 0x22
    14d2:	9e 8f       	std	Y+30, r25	; 0x1e
    14d4:	8d 8f       	std	Y+29, r24	; 0x1d
    14d6:	8d 8d       	ldd	r24, Y+29	; 0x1d
    14d8:	9e 8d       	ldd	r25, Y+30	; 0x1e
    14da:	01 97       	sbiw	r24, 0x01	; 1
    14dc:	f1 f7       	brne	.-4      	; 0x14da <DCMotor_Open_Close+0x252>
    14de:	9e 8f       	std	Y+30, r25	; 0x1e
    14e0:	8d 8f       	std	Y+29, r24	; 0x1d
			_delay_ms(2000);
			DcMotor_Rotate(WINDOW_1, STOP, 100);
    14e2:	81 e0       	ldi	r24, 0x01	; 1
    14e4:	60 e0       	ldi	r22, 0x00	; 0
    14e6:	44 e6       	ldi	r20, 0x64	; 100
    14e8:	0e 94 a3 08 	call	0x1146	; 0x1146 <DcMotor_Rotate>
			State_to_HMI=TRUE;
    14ec:	81 e0       	ldi	r24, 0x01	; 1
    14ee:	80 93 6f 01 	sts	0x016F, r24
			return State_to_HMI;
    14f2:	80 91 6f 01 	lds	r24, 0x016F
    14f6:	8d af       	std	Y+61, r24	; 0x3d
    14f8:	18 c1       	rjmp	.+560    	; 0x172a <DCMotor_Open_Close+0x4a2>
			break;
		}
		break;
	case 2:
		switch (state) {
    14fa:	8a ad       	ldd	r24, Y+58	; 0x3a
    14fc:	28 2f       	mov	r18, r24
    14fe:	30 e0       	ldi	r19, 0x00	; 0
    1500:	3c af       	std	Y+60, r19	; 0x3c
    1502:	2b af       	std	Y+59, r18	; 0x3b
    1504:	8b ad       	ldd	r24, Y+59	; 0x3b
    1506:	9c ad       	ldd	r25, Y+60	; 0x3c
    1508:	00 97       	sbiw	r24, 0x00	; 0
    150a:	39 f0       	breq	.+14     	; 0x151a <DCMotor_Open_Close+0x292>
    150c:	2b ad       	ldd	r18, Y+59	; 0x3b
    150e:	3c ad       	ldd	r19, Y+60	; 0x3c
    1510:	21 30       	cpi	r18, 0x01	; 1
    1512:	31 05       	cpc	r19, r1
    1514:	09 f4       	brne	.+2      	; 0x1518 <DCMotor_Open_Close+0x290>
    1516:	83 c0       	rjmp	.+262    	; 0x161e <DCMotor_Open_Close+0x396>
    1518:	05 c1       	rjmp	.+522    	; 0x1724 <DCMotor_Open_Close+0x49c>
		case 0:
			DcMotor_Rotate(WINDOW_2, ANTICLOCKWISE, 100);
    151a:	82 e0       	ldi	r24, 0x02	; 2
    151c:	62 e0       	ldi	r22, 0x02	; 2
    151e:	44 e6       	ldi	r20, 0x64	; 100
    1520:	0e 94 a3 08 	call	0x1146	; 0x1146 <DcMotor_Rotate>
    1524:	80 e0       	ldi	r24, 0x00	; 0
    1526:	90 e0       	ldi	r25, 0x00	; 0
    1528:	aa ef       	ldi	r26, 0xFA	; 250
    152a:	b4 e4       	ldi	r27, 0x44	; 68
    152c:	89 8f       	std	Y+25, r24	; 0x19
    152e:	9a 8f       	std	Y+26, r25	; 0x1a
    1530:	ab 8f       	std	Y+27, r26	; 0x1b
    1532:	bc 8f       	std	Y+28, r27	; 0x1c
 */
void
_delay_ms(double __ms)
{
	uint16_t __ticks;
	double __tmp = ((F_CPU) / 4e3) * __ms;
    1534:	69 8d       	ldd	r22, Y+25	; 0x19
    1536:	7a 8d       	ldd	r23, Y+26	; 0x1a
    1538:	8b 8d       	ldd	r24, Y+27	; 0x1b
    153a:	9c 8d       	ldd	r25, Y+28	; 0x1c
    153c:	20 e0       	ldi	r18, 0x00	; 0
    153e:	30 e0       	ldi	r19, 0x00	; 0
    1540:	4a ef       	ldi	r20, 0xFA	; 250
    1542:	54 e4       	ldi	r21, 0x44	; 68
    1544:	0e 94 1f 02 	call	0x43e	; 0x43e <__mulsf3>
    1548:	dc 01       	movw	r26, r24
    154a:	cb 01       	movw	r24, r22
    154c:	8d 8b       	std	Y+21, r24	; 0x15
    154e:	9e 8b       	std	Y+22, r25	; 0x16
    1550:	af 8b       	std	Y+23, r26	; 0x17
    1552:	b8 8f       	std	Y+24, r27	; 0x18
	if (__tmp < 1.0)
    1554:	6d 89       	ldd	r22, Y+21	; 0x15
    1556:	7e 89       	ldd	r23, Y+22	; 0x16
    1558:	8f 89       	ldd	r24, Y+23	; 0x17
    155a:	98 8d       	ldd	r25, Y+24	; 0x18
    155c:	20 e0       	ldi	r18, 0x00	; 0
    155e:	30 e0       	ldi	r19, 0x00	; 0
    1560:	40 e8       	ldi	r20, 0x80	; 128
    1562:	5f e3       	ldi	r21, 0x3F	; 63
    1564:	0e 94 25 04 	call	0x84a	; 0x84a <__ltsf2>
    1568:	88 23       	and	r24, r24
    156a:	2c f4       	brge	.+10     	; 0x1576 <DCMotor_Open_Close+0x2ee>
		__ticks = 1;
    156c:	81 e0       	ldi	r24, 0x01	; 1
    156e:	90 e0       	ldi	r25, 0x00	; 0
    1570:	9c 8b       	std	Y+20, r25	; 0x14
    1572:	8b 8b       	std	Y+19, r24	; 0x13
    1574:	3f c0       	rjmp	.+126    	; 0x15f4 <DCMotor_Open_Close+0x36c>
	else if (__tmp > 65535)
    1576:	6d 89       	ldd	r22, Y+21	; 0x15
    1578:	7e 89       	ldd	r23, Y+22	; 0x16
    157a:	8f 89       	ldd	r24, Y+23	; 0x17
    157c:	98 8d       	ldd	r25, Y+24	; 0x18
    157e:	20 e0       	ldi	r18, 0x00	; 0
    1580:	3f ef       	ldi	r19, 0xFF	; 255
    1582:	4f e7       	ldi	r20, 0x7F	; 127
    1584:	57 e4       	ldi	r21, 0x47	; 71
    1586:	0e 94 c5 03 	call	0x78a	; 0x78a <__gtsf2>
    158a:	18 16       	cp	r1, r24
    158c:	4c f5       	brge	.+82     	; 0x15e0 <DCMotor_Open_Close+0x358>
	{
		//	__ticks = requested delay in 1/10 ms
		__ticks = (uint16_t) (__ms * 10.0);
    158e:	69 8d       	ldd	r22, Y+25	; 0x19
    1590:	7a 8d       	ldd	r23, Y+26	; 0x1a
    1592:	8b 8d       	ldd	r24, Y+27	; 0x1b
    1594:	9c 8d       	ldd	r25, Y+28	; 0x1c
    1596:	20 e0       	ldi	r18, 0x00	; 0
    1598:	30 e0       	ldi	r19, 0x00	; 0
    159a:	40 e2       	ldi	r20, 0x20	; 32
    159c:	51 e4       	ldi	r21, 0x41	; 65
    159e:	0e 94 1f 02 	call	0x43e	; 0x43e <__mulsf3>
    15a2:	dc 01       	movw	r26, r24
    15a4:	cb 01       	movw	r24, r22
    15a6:	bc 01       	movw	r22, r24
    15a8:	cd 01       	movw	r24, r26
    15aa:	0e 94 49 00 	call	0x92	; 0x92 <__fixunssfsi>
    15ae:	dc 01       	movw	r26, r24
    15b0:	cb 01       	movw	r24, r22
    15b2:	9c 8b       	std	Y+20, r25	; 0x14
    15b4:	8b 8b       	std	Y+19, r24	; 0x13
    15b6:	0f c0       	rjmp	.+30     	; 0x15d6 <DCMotor_Open_Close+0x34e>
    15b8:	88 ec       	ldi	r24, 0xC8	; 200
    15ba:	90 e0       	ldi	r25, 0x00	; 0
    15bc:	9a 8b       	std	Y+18, r25	; 0x12
    15be:	89 8b       	std	Y+17, r24	; 0x11
    15c0:	89 89       	ldd	r24, Y+17	; 0x11
    15c2:	9a 89       	ldd	r25, Y+18	; 0x12
    15c4:	01 97       	sbiw	r24, 0x01	; 1
    15c6:	f1 f7       	brne	.-4      	; 0x15c4 <DCMotor_Open_Close+0x33c>
    15c8:	9a 8b       	std	Y+18, r25	; 0x12
    15ca:	89 8b       	std	Y+17, r24	; 0x11
		while(__ticks)
		{
			// wait 1/10 ms
			_delay_loop_2(((F_CPU) / 4e3) / 10);
			__ticks --;
    15cc:	8b 89       	ldd	r24, Y+19	; 0x13
    15ce:	9c 89       	ldd	r25, Y+20	; 0x14
    15d0:	01 97       	sbiw	r24, 0x01	; 1
    15d2:	9c 8b       	std	Y+20, r25	; 0x14
    15d4:	8b 8b       	std	Y+19, r24	; 0x13
		__ticks = 1;
	else if (__tmp > 65535)
	{
		//	__ticks = requested delay in 1/10 ms
		__ticks = (uint16_t) (__ms * 10.0);
		while(__ticks)
    15d6:	8b 89       	ldd	r24, Y+19	; 0x13
    15d8:	9c 89       	ldd	r25, Y+20	; 0x14
    15da:	00 97       	sbiw	r24, 0x00	; 0
    15dc:	69 f7       	brne	.-38     	; 0x15b8 <DCMotor_Open_Close+0x330>
    15de:	14 c0       	rjmp	.+40     	; 0x1608 <DCMotor_Open_Close+0x380>
			__ticks --;
		}
		return;
	}
	else
		__ticks = (uint16_t)__tmp;
    15e0:	6d 89       	ldd	r22, Y+21	; 0x15
    15e2:	7e 89       	ldd	r23, Y+22	; 0x16
    15e4:	8f 89       	ldd	r24, Y+23	; 0x17
    15e6:	98 8d       	ldd	r25, Y+24	; 0x18
    15e8:	0e 94 49 00 	call	0x92	; 0x92 <__fixunssfsi>
    15ec:	dc 01       	movw	r26, r24
    15ee:	cb 01       	movw	r24, r22
    15f0:	9c 8b       	std	Y+20, r25	; 0x14
    15f2:	8b 8b       	std	Y+19, r24	; 0x13
    15f4:	8b 89       	ldd	r24, Y+19	; 0x13
    15f6:	9c 89       	ldd	r25, Y+20	; 0x14
    15f8:	98 8b       	std	Y+16, r25	; 0x10
    15fa:	8f 87       	std	Y+15, r24	; 0x0f
    15fc:	8f 85       	ldd	r24, Y+15	; 0x0f
    15fe:	98 89       	ldd	r25, Y+16	; 0x10
    1600:	01 97       	sbiw	r24, 0x01	; 1
    1602:	f1 f7       	brne	.-4      	; 0x1600 <DCMotor_Open_Close+0x378>
    1604:	98 8b       	std	Y+16, r25	; 0x10
    1606:	8f 87       	std	Y+15, r24	; 0x0f
			_delay_ms(2000);
			DcMotor_Rotate(WINDOW_2, STOP, 100);
    1608:	82 e0       	ldi	r24, 0x02	; 2
    160a:	60 e0       	ldi	r22, 0x00	; 0
    160c:	44 e6       	ldi	r20, 0x64	; 100
    160e:	0e 94 a3 08 	call	0x1146	; 0x1146 <DcMotor_Rotate>
			State_to_HMI=FALSE;
    1612:	10 92 6f 01 	sts	0x016F, r1
			return State_to_HMI;
    1616:	30 91 6f 01 	lds	r19, 0x016F
    161a:	3d af       	std	Y+61, r19	; 0x3d
    161c:	86 c0       	rjmp	.+268    	; 0x172a <DCMotor_Open_Close+0x4a2>
			break;
		case 1:
			DcMotor_Rotate(WINDOW_2, CLOCKWISE, 100);
    161e:	82 e0       	ldi	r24, 0x02	; 2
    1620:	61 e0       	ldi	r22, 0x01	; 1
    1622:	44 e6       	ldi	r20, 0x64	; 100
    1624:	0e 94 a3 08 	call	0x1146	; 0x1146 <DcMotor_Rotate>
    1628:	80 e0       	ldi	r24, 0x00	; 0
    162a:	90 e0       	ldi	r25, 0x00	; 0
    162c:	aa ef       	ldi	r26, 0xFA	; 250
    162e:	b4 e4       	ldi	r27, 0x44	; 68
    1630:	8b 87       	std	Y+11, r24	; 0x0b
    1632:	9c 87       	std	Y+12, r25	; 0x0c
    1634:	ad 87       	std	Y+13, r26	; 0x0d
    1636:	be 87       	std	Y+14, r27	; 0x0e
 */
void
_delay_ms(double __ms)
{
	uint16_t __ticks;
	double __tmp = ((F_CPU) / 4e3) * __ms;
    1638:	6b 85       	ldd	r22, Y+11	; 0x0b
    163a:	7c 85       	ldd	r23, Y+12	; 0x0c
    163c:	8d 85       	ldd	r24, Y+13	; 0x0d
    163e:	9e 85       	ldd	r25, Y+14	; 0x0e
    1640:	20 e0       	ldi	r18, 0x00	; 0
    1642:	30 e0       	ldi	r19, 0x00	; 0
    1644:	4a ef       	ldi	r20, 0xFA	; 250
    1646:	54 e4       	ldi	r21, 0x44	; 68
    1648:	0e 94 1f 02 	call	0x43e	; 0x43e <__mulsf3>
    164c:	dc 01       	movw	r26, r24
    164e:	cb 01       	movw	r24, r22
    1650:	8f 83       	std	Y+7, r24	; 0x07
    1652:	98 87       	std	Y+8, r25	; 0x08
    1654:	a9 87       	std	Y+9, r26	; 0x09
    1656:	ba 87       	std	Y+10, r27	; 0x0a
	if (__tmp < 1.0)
    1658:	6f 81       	ldd	r22, Y+7	; 0x07
    165a:	78 85       	ldd	r23, Y+8	; 0x08
    165c:	89 85       	ldd	r24, Y+9	; 0x09
    165e:	9a 85       	ldd	r25, Y+10	; 0x0a
    1660:	20 e0       	ldi	r18, 0x00	; 0
    1662:	30 e0       	ldi	r19, 0x00	; 0
    1664:	40 e8       	ldi	r20, 0x80	; 128
    1666:	5f e3       	ldi	r21, 0x3F	; 63
    1668:	0e 94 25 04 	call	0x84a	; 0x84a <__ltsf2>
    166c:	88 23       	and	r24, r24
    166e:	2c f4       	brge	.+10     	; 0x167a <DCMotor_Open_Close+0x3f2>
		__ticks = 1;
    1670:	81 e0       	ldi	r24, 0x01	; 1
    1672:	90 e0       	ldi	r25, 0x00	; 0
    1674:	9e 83       	std	Y+6, r25	; 0x06
    1676:	8d 83       	std	Y+5, r24	; 0x05
    1678:	3f c0       	rjmp	.+126    	; 0x16f8 <DCMotor_Open_Close+0x470>
	else if (__tmp > 65535)
    167a:	6f 81       	ldd	r22, Y+7	; 0x07
    167c:	78 85       	ldd	r23, Y+8	; 0x08
    167e:	89 85       	ldd	r24, Y+9	; 0x09
    1680:	9a 85       	ldd	r25, Y+10	; 0x0a
    1682:	20 e0       	ldi	r18, 0x00	; 0
    1684:	3f ef       	ldi	r19, 0xFF	; 255
    1686:	4f e7       	ldi	r20, 0x7F	; 127
    1688:	57 e4       	ldi	r21, 0x47	; 71
    168a:	0e 94 c5 03 	call	0x78a	; 0x78a <__gtsf2>
    168e:	18 16       	cp	r1, r24
    1690:	4c f5       	brge	.+82     	; 0x16e4 <DCMotor_Open_Close+0x45c>
	{
		//	__ticks = requested delay in 1/10 ms
		__ticks = (uint16_t) (__ms * 10.0);
    1692:	6b 85       	ldd	r22, Y+11	; 0x0b
    1694:	7c 85       	ldd	r23, Y+12	; 0x0c
    1696:	8d 85       	ldd	r24, Y+13	; 0x0d
    1698:	9e 85       	ldd	r25, Y+14	; 0x0e
    169a:	20 e0       	ldi	r18, 0x00	; 0
    169c:	30 e0       	ldi	r19, 0x00	; 0
    169e:	40 e2       	ldi	r20, 0x20	; 32
    16a0:	51 e4       	ldi	r21, 0x41	; 65
    16a2:	0e 94 1f 02 	call	0x43e	; 0x43e <__mulsf3>
    16a6:	dc 01       	movw	r26, r24
    16a8:	cb 01       	movw	r24, r22
    16aa:	bc 01       	movw	r22, r24
    16ac:	cd 01       	movw	r24, r26
    16ae:	0e 94 49 00 	call	0x92	; 0x92 <__fixunssfsi>
    16b2:	dc 01       	movw	r26, r24
    16b4:	cb 01       	movw	r24, r22
    16b6:	9e 83       	std	Y+6, r25	; 0x06
    16b8:	8d 83       	std	Y+5, r24	; 0x05
    16ba:	0f c0       	rjmp	.+30     	; 0x16da <DCMotor_Open_Close+0x452>
    16bc:	88 ec       	ldi	r24, 0xC8	; 200
    16be:	90 e0       	ldi	r25, 0x00	; 0
    16c0:	9c 83       	std	Y+4, r25	; 0x04
    16c2:	8b 83       	std	Y+3, r24	; 0x03
    16c4:	8b 81       	ldd	r24, Y+3	; 0x03
    16c6:	9c 81       	ldd	r25, Y+4	; 0x04
    16c8:	01 97       	sbiw	r24, 0x01	; 1
    16ca:	f1 f7       	brne	.-4      	; 0x16c8 <DCMotor_Open_Close+0x440>
    16cc:	9c 83       	std	Y+4, r25	; 0x04
    16ce:	8b 83       	std	Y+3, r24	; 0x03
		while(__ticks)
		{
			// wait 1/10 ms
			_delay_loop_2(((F_CPU) / 4e3) / 10);
			__ticks --;
    16d0:	8d 81       	ldd	r24, Y+5	; 0x05
    16d2:	9e 81       	ldd	r25, Y+6	; 0x06
    16d4:	01 97       	sbiw	r24, 0x01	; 1
    16d6:	9e 83       	std	Y+6, r25	; 0x06
    16d8:	8d 83       	std	Y+5, r24	; 0x05
		__ticks = 1;
	else if (__tmp > 65535)
	{
		//	__ticks = requested delay in 1/10 ms
		__ticks = (uint16_t) (__ms * 10.0);
		while(__ticks)
    16da:	8d 81       	ldd	r24, Y+5	; 0x05
    16dc:	9e 81       	ldd	r25, Y+6	; 0x06
    16de:	00 97       	sbiw	r24, 0x00	; 0
    16e0:	69 f7       	brne	.-38     	; 0x16bc <DCMotor_Open_Close+0x434>
    16e2:	14 c0       	rjmp	.+40     	; 0x170c <DCMotor_Open_Close+0x484>
			__ticks --;
		}
		return;
	}
	else
		__ticks = (uint16_t)__tmp;
    16e4:	6f 81       	ldd	r22, Y+7	; 0x07
    16e6:	78 85       	ldd	r23, Y+8	; 0x08
    16e8:	89 85       	ldd	r24, Y+9	; 0x09
    16ea:	9a 85       	ldd	r25, Y+10	; 0x0a
    16ec:	0e 94 49 00 	call	0x92	; 0x92 <__fixunssfsi>
    16f0:	dc 01       	movw	r26, r24
    16f2:	cb 01       	movw	r24, r22
    16f4:	9e 83       	std	Y+6, r25	; 0x06
    16f6:	8d 83       	std	Y+5, r24	; 0x05
    16f8:	8d 81       	ldd	r24, Y+5	; 0x05
    16fa:	9e 81       	ldd	r25, Y+6	; 0x06
    16fc:	9a 83       	std	Y+2, r25	; 0x02
    16fe:	89 83       	std	Y+1, r24	; 0x01
    1700:	89 81       	ldd	r24, Y+1	; 0x01
    1702:	9a 81       	ldd	r25, Y+2	; 0x02
    1704:	01 97       	sbiw	r24, 0x01	; 1
    1706:	f1 f7       	brne	.-4      	; 0x1704 <DCMotor_Open_Close+0x47c>
    1708:	9a 83       	std	Y+2, r25	; 0x02
    170a:	89 83       	std	Y+1, r24	; 0x01
			_delay_ms(2000);
			DcMotor_Rotate(WINDOW_2, STOP, 100);
    170c:	82 e0       	ldi	r24, 0x02	; 2
    170e:	60 e0       	ldi	r22, 0x00	; 0
    1710:	44 e6       	ldi	r20, 0x64	; 100
    1712:	0e 94 a3 08 	call	0x1146	; 0x1146 <DcMotor_Rotate>
			State_to_HMI=TRUE;
    1716:	81 e0       	ldi	r24, 0x01	; 1
    1718:	80 93 6f 01 	sts	0x016F, r24
			return State_to_HMI;
    171c:	80 91 6f 01 	lds	r24, 0x016F
    1720:	8d af       	std	Y+61, r24	; 0x3d
    1722:	03 c0       	rjmp	.+6      	; 0x172a <DCMotor_Open_Close+0x4a2>
			break;
		}
		break;
	}
	return State_to_HMI;
    1724:	90 91 6f 01 	lds	r25, 0x016F
    1728:	9d af       	std	Y+61, r25	; 0x3d
    172a:	8d ad       	ldd	r24, Y+61	; 0x3d

}
    172c:	cf 5b       	subi	r28, 0xBF	; 191
    172e:	df 4f       	sbci	r29, 0xFF	; 255
    1730:	0f b6       	in	r0, 0x3f	; 63
    1732:	f8 94       	cli
    1734:	de bf       	out	0x3e, r29	; 62
    1736:	0f be       	out	0x3f, r0	; 63
    1738:	cd bf       	out	0x3d, r28	; 61
    173a:	cf 91       	pop	r28
    173c:	df 91       	pop	r29
    173e:	08 95       	ret

00001740 <DCMotor_Get_Button_WIN1>:
/*description: this function check which key is pressed and then make the command of this button
 * */
uint8 DCMotor_Get_Button_WIN1() {
    1740:	df 93       	push	r29
    1742:	cf 93       	push	r28
    1744:	0f 92       	push	r0
    1746:	cd b7       	in	r28, 0x3d	; 61
    1748:	de b7       	in	r29, 0x3e	; 62
	if (GPIO_readPin(OPEN_WINDOW_1_PORT, OPEN_WINDOW_1_PIN) == BUTTON_PRESSED) {
    174a:	80 e0       	ldi	r24, 0x00	; 0
    174c:	62 e0       	ldi	r22, 0x02	; 2
    174e:	0e 94 5f 0e 	call	0x1cbe	; 0x1cbe <GPIO_readPin>
    1752:	88 23       	and	r24, r24
    1754:	31 f4       	brne	.+12     	; 0x1762 <DCMotor_Get_Button_WIN1+0x22>

		return DCMotor_Open_Close(WINDOW_1, OPENED);
    1756:	81 e0       	ldi	r24, 0x01	; 1
    1758:	61 e0       	ldi	r22, 0x01	; 1
    175a:	0e 94 44 09 	call	0x1288	; 0x1288 <DCMotor_Open_Close>
    175e:	89 83       	std	Y+1, r24	; 0x01
    1760:	0e c0       	rjmp	.+28     	; 0x177e <DCMotor_Get_Button_WIN1+0x3e>
	} else if (GPIO_readPin(CLOSE_WINDOW_1_PORT,
    1762:	80 e0       	ldi	r24, 0x00	; 0
    1764:	63 e0       	ldi	r22, 0x03	; 3
    1766:	0e 94 5f 0e 	call	0x1cbe	; 0x1cbe <GPIO_readPin>
    176a:	88 23       	and	r24, r24
    176c:	31 f4       	brne	.+12     	; 0x177a <DCMotor_Get_Button_WIN1+0x3a>
			CLOSE_WINDOW_1_PIN)==BUTTON_PRESSED) {
		return DCMotor_Open_Close(WINDOW_1, CLOSED);
    176e:	81 e0       	ldi	r24, 0x01	; 1
    1770:	60 e0       	ldi	r22, 0x00	; 0
    1772:	0e 94 44 09 	call	0x1288	; 0x1288 <DCMotor_Open_Close>
    1776:	89 83       	std	Y+1, r24	; 0x01
    1778:	02 c0       	rjmp	.+4      	; 0x177e <DCMotor_Get_Button_WIN1+0x3e>
	}
	else{
		return 7;
    177a:	87 e0       	ldi	r24, 0x07	; 7
    177c:	89 83       	std	Y+1, r24	; 0x01
    177e:	89 81       	ldd	r24, Y+1	; 0x01
	}
}
    1780:	0f 90       	pop	r0
    1782:	cf 91       	pop	r28
    1784:	df 91       	pop	r29
    1786:	08 95       	ret

00001788 <DCMotor_Get_Button_WIN2>:
/*description: this function check which key is pressed FOR WINDOW 1 and then make the command of this button
 * */

uint8 DCMotor_Get_Button_WIN2() {
    1788:	df 93       	push	r29
    178a:	cf 93       	push	r28
    178c:	0f 92       	push	r0
    178e:	cd b7       	in	r28, 0x3d	; 61
    1790:	de b7       	in	r29, 0x3e	; 62
	if (GPIO_readPin(OPEN_WINDOW_2_PORT, OPEN_WINDOW_2_PIN) == BUTTON_PRESSED) {
    1792:	80 e0       	ldi	r24, 0x00	; 0
    1794:	64 e0       	ldi	r22, 0x04	; 4
    1796:	0e 94 5f 0e 	call	0x1cbe	; 0x1cbe <GPIO_readPin>
    179a:	88 23       	and	r24, r24
    179c:	31 f4       	brne	.+12     	; 0x17aa <DCMotor_Get_Button_WIN2+0x22>
		return DCMotor_Open_Close(WINDOW_2, OPENED);
    179e:	82 e0       	ldi	r24, 0x02	; 2
    17a0:	61 e0       	ldi	r22, 0x01	; 1
    17a2:	0e 94 44 09 	call	0x1288	; 0x1288 <DCMotor_Open_Close>
    17a6:	89 83       	std	Y+1, r24	; 0x01
    17a8:	0e c0       	rjmp	.+28     	; 0x17c6 <DCMotor_Get_Button_WIN2+0x3e>
	}
	else if (GPIO_readPin(CLOSE_WINDOW_2_PORT,
    17aa:	80 e0       	ldi	r24, 0x00	; 0
    17ac:	65 e0       	ldi	r22, 0x05	; 5
    17ae:	0e 94 5f 0e 	call	0x1cbe	; 0x1cbe <GPIO_readPin>
    17b2:	88 23       	and	r24, r24
    17b4:	31 f4       	brne	.+12     	; 0x17c2 <DCMotor_Get_Button_WIN2+0x3a>
			CLOSE_WINDOW_2_PIN)==BUTTON_PRESSED) {
		return DCMotor_Open_Close(WINDOW_2, CLOSED);
    17b6:	82 e0       	ldi	r24, 0x02	; 2
    17b8:	60 e0       	ldi	r22, 0x00	; 0
    17ba:	0e 94 44 09 	call	0x1288	; 0x1288 <DCMotor_Open_Close>
    17be:	89 83       	std	Y+1, r24	; 0x01
    17c0:	02 c0       	rjmp	.+4      	; 0x17c6 <DCMotor_Get_Button_WIN2+0x3e>
	}

	else{
			return 7;
    17c2:	87 e0       	ldi	r24, 0x07	; 7
    17c4:	89 83       	std	Y+1, r24	; 0x01
    17c6:	89 81       	ldd	r24, Y+1	; 0x01
		}
}
    17c8:	0f 90       	pop	r0
    17ca:	cf 91       	pop	r28
    17cc:	df 91       	pop	r29
    17ce:	08 95       	ret

000017d0 <EEPROM_writeByte>:
 *******************************************************************************/
#include "external_eeprom.h"
#include "twi.h"

uint8 EEPROM_writeByte(uint16 u16addr, uint8 u8data)
{
    17d0:	df 93       	push	r29
    17d2:	cf 93       	push	r28
    17d4:	00 d0       	rcall	.+0      	; 0x17d6 <EEPROM_writeByte+0x6>
    17d6:	00 d0       	rcall	.+0      	; 0x17d8 <EEPROM_writeByte+0x8>
    17d8:	cd b7       	in	r28, 0x3d	; 61
    17da:	de b7       	in	r29, 0x3e	; 62
    17dc:	9a 83       	std	Y+2, r25	; 0x02
    17de:	89 83       	std	Y+1, r24	; 0x01
    17e0:	6b 83       	std	Y+3, r22	; 0x03
	/* Send the Start Bit */
    TWI_start();
    17e2:	0e 94 ba 11 	call	0x2374	; 0x2374 <TWI_start>
    if (TWI_getStatus() != TWI_START)
    17e6:	0e 94 12 12 	call	0x2424	; 0x2424 <TWI_getStatus>
    17ea:	88 30       	cpi	r24, 0x08	; 8
    17ec:	11 f0       	breq	.+4      	; 0x17f2 <EEPROM_writeByte+0x22>
        return ERROR;
    17ee:	1c 82       	std	Y+4, r1	; 0x04
    17f0:	28 c0       	rjmp	.+80     	; 0x1842 <EEPROM_writeByte+0x72>
		
    /* Send the device address, we need to get A8 A9 A10 address bits from the
     * memory location address and R/W=0 (write) */
    TWI_writeByte((uint8)(0xA0 | ((u16addr & 0x0700)>>7)));
    17f2:	89 81       	ldd	r24, Y+1	; 0x01
    17f4:	9a 81       	ldd	r25, Y+2	; 0x02
    17f6:	80 70       	andi	r24, 0x00	; 0
    17f8:	97 70       	andi	r25, 0x07	; 7
    17fa:	88 0f       	add	r24, r24
    17fc:	89 2f       	mov	r24, r25
    17fe:	88 1f       	adc	r24, r24
    1800:	99 0b       	sbc	r25, r25
    1802:	91 95       	neg	r25
    1804:	80 6a       	ori	r24, 0xA0	; 160
    1806:	0e 94 d5 11 	call	0x23aa	; 0x23aa <TWI_writeByte>
    if (TWI_getStatus() != TWI_MT_SLA_W_ACK)
    180a:	0e 94 12 12 	call	0x2424	; 0x2424 <TWI_getStatus>
    180e:	88 31       	cpi	r24, 0x18	; 24
    1810:	11 f0       	breq	.+4      	; 0x1816 <EEPROM_writeByte+0x46>
        return ERROR; 
    1812:	1c 82       	std	Y+4, r1	; 0x04
    1814:	16 c0       	rjmp	.+44     	; 0x1842 <EEPROM_writeByte+0x72>
		 
    /* Send the required memory location address */
    TWI_writeByte((uint8)(u16addr));
    1816:	89 81       	ldd	r24, Y+1	; 0x01
    1818:	0e 94 d5 11 	call	0x23aa	; 0x23aa <TWI_writeByte>
    if (TWI_getStatus() != TWI_MT_DATA_ACK)
    181c:	0e 94 12 12 	call	0x2424	; 0x2424 <TWI_getStatus>
    1820:	88 32       	cpi	r24, 0x28	; 40
    1822:	11 f0       	breq	.+4      	; 0x1828 <EEPROM_writeByte+0x58>
        return ERROR;
    1824:	1c 82       	std	Y+4, r1	; 0x04
    1826:	0d c0       	rjmp	.+26     	; 0x1842 <EEPROM_writeByte+0x72>
		
    /* write byte to eeprom */
    TWI_writeByte(u8data);
    1828:	8b 81       	ldd	r24, Y+3	; 0x03
    182a:	0e 94 d5 11 	call	0x23aa	; 0x23aa <TWI_writeByte>
    if (TWI_getStatus() != TWI_MT_DATA_ACK)
    182e:	0e 94 12 12 	call	0x2424	; 0x2424 <TWI_getStatus>
    1832:	88 32       	cpi	r24, 0x28	; 40
    1834:	11 f0       	breq	.+4      	; 0x183a <EEPROM_writeByte+0x6a>
        return ERROR;
    1836:	1c 82       	std	Y+4, r1	; 0x04
    1838:	04 c0       	rjmp	.+8      	; 0x1842 <EEPROM_writeByte+0x72>

    /* Send the Stop Bit */
    TWI_stop();
    183a:	0e 94 ca 11 	call	0x2394	; 0x2394 <TWI_stop>
	
    return SUCCESS;
    183e:	81 e0       	ldi	r24, 0x01	; 1
    1840:	8c 83       	std	Y+4, r24	; 0x04
    1842:	8c 81       	ldd	r24, Y+4	; 0x04
}
    1844:	0f 90       	pop	r0
    1846:	0f 90       	pop	r0
    1848:	0f 90       	pop	r0
    184a:	0f 90       	pop	r0
    184c:	cf 91       	pop	r28
    184e:	df 91       	pop	r29
    1850:	08 95       	ret

00001852 <EEPROM_readByte>:

uint8 EEPROM_readByte(uint16 u16addr, uint8 *u8data)
{
    1852:	df 93       	push	r29
    1854:	cf 93       	push	r28
    1856:	00 d0       	rcall	.+0      	; 0x1858 <EEPROM_readByte+0x6>
    1858:	00 d0       	rcall	.+0      	; 0x185a <EEPROM_readByte+0x8>
    185a:	0f 92       	push	r0
    185c:	cd b7       	in	r28, 0x3d	; 61
    185e:	de b7       	in	r29, 0x3e	; 62
    1860:	9a 83       	std	Y+2, r25	; 0x02
    1862:	89 83       	std	Y+1, r24	; 0x01
    1864:	7c 83       	std	Y+4, r23	; 0x04
    1866:	6b 83       	std	Y+3, r22	; 0x03
	/* Send the Start Bit */
    TWI_start();
    1868:	0e 94 ba 11 	call	0x2374	; 0x2374 <TWI_start>
    if (TWI_getStatus() != TWI_START)
    186c:	0e 94 12 12 	call	0x2424	; 0x2424 <TWI_getStatus>
    1870:	88 30       	cpi	r24, 0x08	; 8
    1872:	11 f0       	breq	.+4      	; 0x1878 <EEPROM_readByte+0x26>
        return ERROR;
    1874:	1d 82       	std	Y+5, r1	; 0x05
    1876:	44 c0       	rjmp	.+136    	; 0x1900 <EEPROM_readByte+0xae>
		
    /* Send the device address, we need to get A8 A9 A10 address bits from the
     * memory location address and R/W=0 (write) */
    TWI_writeByte((uint8)((0xA0) | ((u16addr & 0x0700)>>7)));
    1878:	89 81       	ldd	r24, Y+1	; 0x01
    187a:	9a 81       	ldd	r25, Y+2	; 0x02
    187c:	80 70       	andi	r24, 0x00	; 0
    187e:	97 70       	andi	r25, 0x07	; 7
    1880:	88 0f       	add	r24, r24
    1882:	89 2f       	mov	r24, r25
    1884:	88 1f       	adc	r24, r24
    1886:	99 0b       	sbc	r25, r25
    1888:	91 95       	neg	r25
    188a:	80 6a       	ori	r24, 0xA0	; 160
    188c:	0e 94 d5 11 	call	0x23aa	; 0x23aa <TWI_writeByte>
    if (TWI_getStatus() != TWI_MT_SLA_W_ACK)
    1890:	0e 94 12 12 	call	0x2424	; 0x2424 <TWI_getStatus>
    1894:	88 31       	cpi	r24, 0x18	; 24
    1896:	11 f0       	breq	.+4      	; 0x189c <EEPROM_readByte+0x4a>
        return ERROR;
    1898:	1d 82       	std	Y+5, r1	; 0x05
    189a:	32 c0       	rjmp	.+100    	; 0x1900 <EEPROM_readByte+0xae>
		
    /* Send the required memory location address */
    TWI_writeByte((uint8)(u16addr));
    189c:	89 81       	ldd	r24, Y+1	; 0x01
    189e:	0e 94 d5 11 	call	0x23aa	; 0x23aa <TWI_writeByte>
    if (TWI_getStatus() != TWI_MT_DATA_ACK)
    18a2:	0e 94 12 12 	call	0x2424	; 0x2424 <TWI_getStatus>
    18a6:	88 32       	cpi	r24, 0x28	; 40
    18a8:	11 f0       	breq	.+4      	; 0x18ae <EEPROM_readByte+0x5c>
        return ERROR;
    18aa:	1d 82       	std	Y+5, r1	; 0x05
    18ac:	29 c0       	rjmp	.+82     	; 0x1900 <EEPROM_readByte+0xae>
		
    /* Send the Repeated Start Bit */
    TWI_start();
    18ae:	0e 94 ba 11 	call	0x2374	; 0x2374 <TWI_start>
    if (TWI_getStatus() != TWI_REP_START)
    18b2:	0e 94 12 12 	call	0x2424	; 0x2424 <TWI_getStatus>
    18b6:	80 31       	cpi	r24, 0x10	; 16
    18b8:	11 f0       	breq	.+4      	; 0x18be <EEPROM_readByte+0x6c>
        return ERROR;
    18ba:	1d 82       	std	Y+5, r1	; 0x05
    18bc:	21 c0       	rjmp	.+66     	; 0x1900 <EEPROM_readByte+0xae>
		
    /* Send the device address, we need to get A8 A9 A10 address bits from the
     * memory location address and R/W=1 (Read) */
    TWI_writeByte((uint8)((0xA0) | ((u16addr & 0x0700)>>7) | 1));
    18be:	89 81       	ldd	r24, Y+1	; 0x01
    18c0:	9a 81       	ldd	r25, Y+2	; 0x02
    18c2:	80 70       	andi	r24, 0x00	; 0
    18c4:	97 70       	andi	r25, 0x07	; 7
    18c6:	88 0f       	add	r24, r24
    18c8:	89 2f       	mov	r24, r25
    18ca:	88 1f       	adc	r24, r24
    18cc:	99 0b       	sbc	r25, r25
    18ce:	91 95       	neg	r25
    18d0:	81 6a       	ori	r24, 0xA1	; 161
    18d2:	0e 94 d5 11 	call	0x23aa	; 0x23aa <TWI_writeByte>
    if (TWI_getStatus() != TWI_MT_SLA_R_ACK)
    18d6:	0e 94 12 12 	call	0x2424	; 0x2424 <TWI_getStatus>
    18da:	80 34       	cpi	r24, 0x40	; 64
    18dc:	11 f0       	breq	.+4      	; 0x18e2 <EEPROM_readByte+0x90>
        return ERROR;
    18de:	1d 82       	std	Y+5, r1	; 0x05
    18e0:	0f c0       	rjmp	.+30     	; 0x1900 <EEPROM_readByte+0xae>

    /* Read Byte from Memory without send ACK */
    *u8data = TWI_readByteWithNACK();
    18e2:	0e 94 ff 11 	call	0x23fe	; 0x23fe <TWI_readByteWithNACK>
    18e6:	eb 81       	ldd	r30, Y+3	; 0x03
    18e8:	fc 81       	ldd	r31, Y+4	; 0x04
    18ea:	80 83       	st	Z, r24
    if (TWI_getStatus() != TWI_MR_DATA_NACK)
    18ec:	0e 94 12 12 	call	0x2424	; 0x2424 <TWI_getStatus>
    18f0:	88 35       	cpi	r24, 0x58	; 88
    18f2:	11 f0       	breq	.+4      	; 0x18f8 <EEPROM_readByte+0xa6>
        return ERROR;
    18f4:	1d 82       	std	Y+5, r1	; 0x05
    18f6:	04 c0       	rjmp	.+8      	; 0x1900 <EEPROM_readByte+0xae>

    /* Send the Stop Bit */
    TWI_stop();
    18f8:	0e 94 ca 11 	call	0x2394	; 0x2394 <TWI_stop>

    return SUCCESS;
    18fc:	81 e0       	ldi	r24, 0x01	; 1
    18fe:	8d 83       	std	Y+5, r24	; 0x05
    1900:	8d 81       	ldd	r24, Y+5	; 0x05
}
    1902:	0f 90       	pop	r0
    1904:	0f 90       	pop	r0
    1906:	0f 90       	pop	r0
    1908:	0f 90       	pop	r0
    190a:	0f 90       	pop	r0
    190c:	cf 91       	pop	r28
    190e:	df 91       	pop	r29
    1910:	08 95       	ret

00001912 <GPIO_setupPinDirection>:
 * Description :
 * Setup the direction of the required pin input/output.
 * If the input port number or pin number are not correct, The function will not handle the request.
 */
void GPIO_setupPinDirection(uint8 port_num, uint8 pin_num,
		GPIO_PinDirectionType direction) {
    1912:	df 93       	push	r29
    1914:	cf 93       	push	r28
    1916:	00 d0       	rcall	.+0      	; 0x1918 <GPIO_setupPinDirection+0x6>
    1918:	00 d0       	rcall	.+0      	; 0x191a <GPIO_setupPinDirection+0x8>
    191a:	0f 92       	push	r0
    191c:	cd b7       	in	r28, 0x3d	; 61
    191e:	de b7       	in	r29, 0x3e	; 62
    1920:	89 83       	std	Y+1, r24	; 0x01
    1922:	6a 83       	std	Y+2, r22	; 0x02
    1924:	4b 83       	std	Y+3, r20	; 0x03
	/*
	 * Check if the input port number is greater than NUM_OF_PINS_PER_PORT value.
	 * Or if the input pin number is greater than NUM_OF_PINS_PER_PORT value.
	 * In this case the input is not valid port/pin number
	 */
	if ((pin_num >= NUM_OF_PINS_PER_PORT) || (port_num >= NUM_OF_PORTS)) {
    1926:	8a 81       	ldd	r24, Y+2	; 0x02
    1928:	88 30       	cpi	r24, 0x08	; 8
    192a:	08 f0       	brcs	.+2      	; 0x192e <GPIO_setupPinDirection+0x1c>
    192c:	d5 c0       	rjmp	.+426    	; 0x1ad8 <GPIO_setupPinDirection+0x1c6>
    192e:	89 81       	ldd	r24, Y+1	; 0x01
    1930:	84 30       	cpi	r24, 0x04	; 4
    1932:	08 f0       	brcs	.+2      	; 0x1936 <GPIO_setupPinDirection+0x24>
    1934:	d1 c0       	rjmp	.+418    	; 0x1ad8 <GPIO_setupPinDirection+0x1c6>
		/* Do Nothing and exits the function*/
		return;
	} else {
		/* Setup the pin direction as required */
		switch (port_num) {
    1936:	89 81       	ldd	r24, Y+1	; 0x01
    1938:	28 2f       	mov	r18, r24
    193a:	30 e0       	ldi	r19, 0x00	; 0
    193c:	3d 83       	std	Y+5, r19	; 0x05
    193e:	2c 83       	std	Y+4, r18	; 0x04
    1940:	8c 81       	ldd	r24, Y+4	; 0x04
    1942:	9d 81       	ldd	r25, Y+5	; 0x05
    1944:	81 30       	cpi	r24, 0x01	; 1
    1946:	91 05       	cpc	r25, r1
    1948:	09 f4       	brne	.+2      	; 0x194c <GPIO_setupPinDirection+0x3a>
    194a:	43 c0       	rjmp	.+134    	; 0x19d2 <GPIO_setupPinDirection+0xc0>
    194c:	2c 81       	ldd	r18, Y+4	; 0x04
    194e:	3d 81       	ldd	r19, Y+5	; 0x05
    1950:	22 30       	cpi	r18, 0x02	; 2
    1952:	31 05       	cpc	r19, r1
    1954:	2c f4       	brge	.+10     	; 0x1960 <GPIO_setupPinDirection+0x4e>
    1956:	8c 81       	ldd	r24, Y+4	; 0x04
    1958:	9d 81       	ldd	r25, Y+5	; 0x05
    195a:	00 97       	sbiw	r24, 0x00	; 0
    195c:	71 f0       	breq	.+28     	; 0x197a <GPIO_setupPinDirection+0x68>
    195e:	bc c0       	rjmp	.+376    	; 0x1ad8 <GPIO_setupPinDirection+0x1c6>
    1960:	2c 81       	ldd	r18, Y+4	; 0x04
    1962:	3d 81       	ldd	r19, Y+5	; 0x05
    1964:	22 30       	cpi	r18, 0x02	; 2
    1966:	31 05       	cpc	r19, r1
    1968:	09 f4       	brne	.+2      	; 0x196c <GPIO_setupPinDirection+0x5a>
    196a:	5f c0       	rjmp	.+190    	; 0x1a2a <GPIO_setupPinDirection+0x118>
    196c:	8c 81       	ldd	r24, Y+4	; 0x04
    196e:	9d 81       	ldd	r25, Y+5	; 0x05
    1970:	83 30       	cpi	r24, 0x03	; 3
    1972:	91 05       	cpc	r25, r1
    1974:	09 f4       	brne	.+2      	; 0x1978 <GPIO_setupPinDirection+0x66>
    1976:	85 c0       	rjmp	.+266    	; 0x1a82 <GPIO_setupPinDirection+0x170>
    1978:	af c0       	rjmp	.+350    	; 0x1ad8 <GPIO_setupPinDirection+0x1c6>
		case PORTA_ID:
			if (direction == PIN_OUTPUT) {
    197a:	8b 81       	ldd	r24, Y+3	; 0x03
    197c:	81 30       	cpi	r24, 0x01	; 1
    197e:	a1 f4       	brne	.+40     	; 0x19a8 <GPIO_setupPinDirection+0x96>
				SET_BIT(DDRA, pin_num);
    1980:	aa e3       	ldi	r26, 0x3A	; 58
    1982:	b0 e0       	ldi	r27, 0x00	; 0
    1984:	ea e3       	ldi	r30, 0x3A	; 58
    1986:	f0 e0       	ldi	r31, 0x00	; 0
    1988:	80 81       	ld	r24, Z
    198a:	48 2f       	mov	r20, r24
    198c:	8a 81       	ldd	r24, Y+2	; 0x02
    198e:	28 2f       	mov	r18, r24
    1990:	30 e0       	ldi	r19, 0x00	; 0
    1992:	81 e0       	ldi	r24, 0x01	; 1
    1994:	90 e0       	ldi	r25, 0x00	; 0
    1996:	02 2e       	mov	r0, r18
    1998:	02 c0       	rjmp	.+4      	; 0x199e <GPIO_setupPinDirection+0x8c>
    199a:	88 0f       	add	r24, r24
    199c:	99 1f       	adc	r25, r25
    199e:	0a 94       	dec	r0
    19a0:	e2 f7       	brpl	.-8      	; 0x199a <GPIO_setupPinDirection+0x88>
    19a2:	84 2b       	or	r24, r20
    19a4:	8c 93       	st	X, r24
    19a6:	98 c0       	rjmp	.+304    	; 0x1ad8 <GPIO_setupPinDirection+0x1c6>
			} else {
				CLEAR_BIT(DDRA, pin_num);
    19a8:	aa e3       	ldi	r26, 0x3A	; 58
    19aa:	b0 e0       	ldi	r27, 0x00	; 0
    19ac:	ea e3       	ldi	r30, 0x3A	; 58
    19ae:	f0 e0       	ldi	r31, 0x00	; 0
    19b0:	80 81       	ld	r24, Z
    19b2:	48 2f       	mov	r20, r24
    19b4:	8a 81       	ldd	r24, Y+2	; 0x02
    19b6:	28 2f       	mov	r18, r24
    19b8:	30 e0       	ldi	r19, 0x00	; 0
    19ba:	81 e0       	ldi	r24, 0x01	; 1
    19bc:	90 e0       	ldi	r25, 0x00	; 0
    19be:	02 2e       	mov	r0, r18
    19c0:	02 c0       	rjmp	.+4      	; 0x19c6 <GPIO_setupPinDirection+0xb4>
    19c2:	88 0f       	add	r24, r24
    19c4:	99 1f       	adc	r25, r25
    19c6:	0a 94       	dec	r0
    19c8:	e2 f7       	brpl	.-8      	; 0x19c2 <GPIO_setupPinDirection+0xb0>
    19ca:	80 95       	com	r24
    19cc:	84 23       	and	r24, r20
    19ce:	8c 93       	st	X, r24
    19d0:	83 c0       	rjmp	.+262    	; 0x1ad8 <GPIO_setupPinDirection+0x1c6>
			}
			break;
		case PORTB_ID:
			if (direction == PIN_OUTPUT) {
    19d2:	8b 81       	ldd	r24, Y+3	; 0x03
    19d4:	81 30       	cpi	r24, 0x01	; 1
    19d6:	a1 f4       	brne	.+40     	; 0x1a00 <GPIO_setupPinDirection+0xee>
				SET_BIT(DDRB, pin_num);
    19d8:	a7 e3       	ldi	r26, 0x37	; 55
    19da:	b0 e0       	ldi	r27, 0x00	; 0
    19dc:	e7 e3       	ldi	r30, 0x37	; 55
    19de:	f0 e0       	ldi	r31, 0x00	; 0
    19e0:	80 81       	ld	r24, Z
    19e2:	48 2f       	mov	r20, r24
    19e4:	8a 81       	ldd	r24, Y+2	; 0x02
    19e6:	28 2f       	mov	r18, r24
    19e8:	30 e0       	ldi	r19, 0x00	; 0
    19ea:	81 e0       	ldi	r24, 0x01	; 1
    19ec:	90 e0       	ldi	r25, 0x00	; 0
    19ee:	02 2e       	mov	r0, r18
    19f0:	02 c0       	rjmp	.+4      	; 0x19f6 <GPIO_setupPinDirection+0xe4>
    19f2:	88 0f       	add	r24, r24
    19f4:	99 1f       	adc	r25, r25
    19f6:	0a 94       	dec	r0
    19f8:	e2 f7       	brpl	.-8      	; 0x19f2 <GPIO_setupPinDirection+0xe0>
    19fa:	84 2b       	or	r24, r20
    19fc:	8c 93       	st	X, r24
    19fe:	6c c0       	rjmp	.+216    	; 0x1ad8 <GPIO_setupPinDirection+0x1c6>
			} else {
				CLEAR_BIT(DDRB, pin_num);
    1a00:	a7 e3       	ldi	r26, 0x37	; 55
    1a02:	b0 e0       	ldi	r27, 0x00	; 0
    1a04:	e7 e3       	ldi	r30, 0x37	; 55
    1a06:	f0 e0       	ldi	r31, 0x00	; 0
    1a08:	80 81       	ld	r24, Z
    1a0a:	48 2f       	mov	r20, r24
    1a0c:	8a 81       	ldd	r24, Y+2	; 0x02
    1a0e:	28 2f       	mov	r18, r24
    1a10:	30 e0       	ldi	r19, 0x00	; 0
    1a12:	81 e0       	ldi	r24, 0x01	; 1
    1a14:	90 e0       	ldi	r25, 0x00	; 0
    1a16:	02 2e       	mov	r0, r18
    1a18:	02 c0       	rjmp	.+4      	; 0x1a1e <GPIO_setupPinDirection+0x10c>
    1a1a:	88 0f       	add	r24, r24
    1a1c:	99 1f       	adc	r25, r25
    1a1e:	0a 94       	dec	r0
    1a20:	e2 f7       	brpl	.-8      	; 0x1a1a <GPIO_setupPinDirection+0x108>
    1a22:	80 95       	com	r24
    1a24:	84 23       	and	r24, r20
    1a26:	8c 93       	st	X, r24
    1a28:	57 c0       	rjmp	.+174    	; 0x1ad8 <GPIO_setupPinDirection+0x1c6>
			}
			break;
		case PORTC_ID:
			if (direction == PIN_OUTPUT) {
    1a2a:	8b 81       	ldd	r24, Y+3	; 0x03
    1a2c:	81 30       	cpi	r24, 0x01	; 1
    1a2e:	a1 f4       	brne	.+40     	; 0x1a58 <GPIO_setupPinDirection+0x146>
				SET_BIT(DDRC, pin_num);
    1a30:	a4 e3       	ldi	r26, 0x34	; 52
    1a32:	b0 e0       	ldi	r27, 0x00	; 0
    1a34:	e4 e3       	ldi	r30, 0x34	; 52
    1a36:	f0 e0       	ldi	r31, 0x00	; 0
    1a38:	80 81       	ld	r24, Z
    1a3a:	48 2f       	mov	r20, r24
    1a3c:	8a 81       	ldd	r24, Y+2	; 0x02
    1a3e:	28 2f       	mov	r18, r24
    1a40:	30 e0       	ldi	r19, 0x00	; 0
    1a42:	81 e0       	ldi	r24, 0x01	; 1
    1a44:	90 e0       	ldi	r25, 0x00	; 0
    1a46:	02 2e       	mov	r0, r18
    1a48:	02 c0       	rjmp	.+4      	; 0x1a4e <GPIO_setupPinDirection+0x13c>
    1a4a:	88 0f       	add	r24, r24
    1a4c:	99 1f       	adc	r25, r25
    1a4e:	0a 94       	dec	r0
    1a50:	e2 f7       	brpl	.-8      	; 0x1a4a <GPIO_setupPinDirection+0x138>
    1a52:	84 2b       	or	r24, r20
    1a54:	8c 93       	st	X, r24
    1a56:	40 c0       	rjmp	.+128    	; 0x1ad8 <GPIO_setupPinDirection+0x1c6>
			} else {
				CLEAR_BIT(DDRC, pin_num);
    1a58:	a4 e3       	ldi	r26, 0x34	; 52
    1a5a:	b0 e0       	ldi	r27, 0x00	; 0
    1a5c:	e4 e3       	ldi	r30, 0x34	; 52
    1a5e:	f0 e0       	ldi	r31, 0x00	; 0
    1a60:	80 81       	ld	r24, Z
    1a62:	48 2f       	mov	r20, r24
    1a64:	8a 81       	ldd	r24, Y+2	; 0x02
    1a66:	28 2f       	mov	r18, r24
    1a68:	30 e0       	ldi	r19, 0x00	; 0
    1a6a:	81 e0       	ldi	r24, 0x01	; 1
    1a6c:	90 e0       	ldi	r25, 0x00	; 0
    1a6e:	02 2e       	mov	r0, r18
    1a70:	02 c0       	rjmp	.+4      	; 0x1a76 <GPIO_setupPinDirection+0x164>
    1a72:	88 0f       	add	r24, r24
    1a74:	99 1f       	adc	r25, r25
    1a76:	0a 94       	dec	r0
    1a78:	e2 f7       	brpl	.-8      	; 0x1a72 <GPIO_setupPinDirection+0x160>
    1a7a:	80 95       	com	r24
    1a7c:	84 23       	and	r24, r20
    1a7e:	8c 93       	st	X, r24
    1a80:	2b c0       	rjmp	.+86     	; 0x1ad8 <GPIO_setupPinDirection+0x1c6>
			}
			break;
		case PORTD_ID:
			if (direction == PIN_OUTPUT) {
    1a82:	8b 81       	ldd	r24, Y+3	; 0x03
    1a84:	81 30       	cpi	r24, 0x01	; 1
    1a86:	a1 f4       	brne	.+40     	; 0x1ab0 <GPIO_setupPinDirection+0x19e>
				SET_BIT(DDRD, pin_num);
    1a88:	a1 e3       	ldi	r26, 0x31	; 49
    1a8a:	b0 e0       	ldi	r27, 0x00	; 0
    1a8c:	e1 e3       	ldi	r30, 0x31	; 49
    1a8e:	f0 e0       	ldi	r31, 0x00	; 0
    1a90:	80 81       	ld	r24, Z
    1a92:	48 2f       	mov	r20, r24
    1a94:	8a 81       	ldd	r24, Y+2	; 0x02
    1a96:	28 2f       	mov	r18, r24
    1a98:	30 e0       	ldi	r19, 0x00	; 0
    1a9a:	81 e0       	ldi	r24, 0x01	; 1
    1a9c:	90 e0       	ldi	r25, 0x00	; 0
    1a9e:	02 2e       	mov	r0, r18
    1aa0:	02 c0       	rjmp	.+4      	; 0x1aa6 <GPIO_setupPinDirection+0x194>
    1aa2:	88 0f       	add	r24, r24
    1aa4:	99 1f       	adc	r25, r25
    1aa6:	0a 94       	dec	r0
    1aa8:	e2 f7       	brpl	.-8      	; 0x1aa2 <GPIO_setupPinDirection+0x190>
    1aaa:	84 2b       	or	r24, r20
    1aac:	8c 93       	st	X, r24
    1aae:	14 c0       	rjmp	.+40     	; 0x1ad8 <GPIO_setupPinDirection+0x1c6>
			} else {
				CLEAR_BIT(DDRD, pin_num);
    1ab0:	a1 e3       	ldi	r26, 0x31	; 49
    1ab2:	b0 e0       	ldi	r27, 0x00	; 0
    1ab4:	e1 e3       	ldi	r30, 0x31	; 49
    1ab6:	f0 e0       	ldi	r31, 0x00	; 0
    1ab8:	80 81       	ld	r24, Z
    1aba:	48 2f       	mov	r20, r24
    1abc:	8a 81       	ldd	r24, Y+2	; 0x02
    1abe:	28 2f       	mov	r18, r24
    1ac0:	30 e0       	ldi	r19, 0x00	; 0
    1ac2:	81 e0       	ldi	r24, 0x01	; 1
    1ac4:	90 e0       	ldi	r25, 0x00	; 0
    1ac6:	02 2e       	mov	r0, r18
    1ac8:	02 c0       	rjmp	.+4      	; 0x1ace <GPIO_setupPinDirection+0x1bc>
    1aca:	88 0f       	add	r24, r24
    1acc:	99 1f       	adc	r25, r25
    1ace:	0a 94       	dec	r0
    1ad0:	e2 f7       	brpl	.-8      	; 0x1aca <GPIO_setupPinDirection+0x1b8>
    1ad2:	80 95       	com	r24
    1ad4:	84 23       	and	r24, r20
    1ad6:	8c 93       	st	X, r24
			}
			break;
		}
	}
}
    1ad8:	0f 90       	pop	r0
    1ada:	0f 90       	pop	r0
    1adc:	0f 90       	pop	r0
    1ade:	0f 90       	pop	r0
    1ae0:	0f 90       	pop	r0
    1ae2:	cf 91       	pop	r28
    1ae4:	df 91       	pop	r29
    1ae6:	08 95       	ret

00001ae8 <GPIO_writePin>:
 * Description :
 * Write the value Logic High or Logic Low on the required pin.
 * If the input port number or pin number are not correct, The function will not handle the request.
 * If the pin is input, this function will enable/disable the internal pull-up resistor.
 */
void GPIO_writePin(uint8 port_num, uint8 pin_num, uint8 value) {
    1ae8:	df 93       	push	r29
    1aea:	cf 93       	push	r28
    1aec:	00 d0       	rcall	.+0      	; 0x1aee <GPIO_writePin+0x6>
    1aee:	00 d0       	rcall	.+0      	; 0x1af0 <GPIO_writePin+0x8>
    1af0:	0f 92       	push	r0
    1af2:	cd b7       	in	r28, 0x3d	; 61
    1af4:	de b7       	in	r29, 0x3e	; 62
    1af6:	89 83       	std	Y+1, r24	; 0x01
    1af8:	6a 83       	std	Y+2, r22	; 0x02
    1afa:	4b 83       	std	Y+3, r20	; 0x03
	if ((port_num >= NUM_OF_PORTS) || (pin_num >= NUM_OF_PINS_PER_PORT)) {
    1afc:	89 81       	ldd	r24, Y+1	; 0x01
    1afe:	84 30       	cpi	r24, 0x04	; 4
    1b00:	08 f0       	brcs	.+2      	; 0x1b04 <GPIO_writePin+0x1c>
    1b02:	d5 c0       	rjmp	.+426    	; 0x1cae <GPIO_writePin+0x1c6>
    1b04:	8a 81       	ldd	r24, Y+2	; 0x02
    1b06:	88 30       	cpi	r24, 0x08	; 8
    1b08:	08 f0       	brcs	.+2      	; 0x1b0c <GPIO_writePin+0x24>
    1b0a:	d1 c0       	rjmp	.+418    	; 0x1cae <GPIO_writePin+0x1c6>
		/*if the number of ports or pins is greater so, do nothing an leave the function*/
		return;
	} else {
		/* check which port and then checks what is the value */
		switch (port_num) {
    1b0c:	89 81       	ldd	r24, Y+1	; 0x01
    1b0e:	28 2f       	mov	r18, r24
    1b10:	30 e0       	ldi	r19, 0x00	; 0
    1b12:	3d 83       	std	Y+5, r19	; 0x05
    1b14:	2c 83       	std	Y+4, r18	; 0x04
    1b16:	8c 81       	ldd	r24, Y+4	; 0x04
    1b18:	9d 81       	ldd	r25, Y+5	; 0x05
    1b1a:	81 30       	cpi	r24, 0x01	; 1
    1b1c:	91 05       	cpc	r25, r1
    1b1e:	09 f4       	brne	.+2      	; 0x1b22 <GPIO_writePin+0x3a>
    1b20:	43 c0       	rjmp	.+134    	; 0x1ba8 <GPIO_writePin+0xc0>
    1b22:	2c 81       	ldd	r18, Y+4	; 0x04
    1b24:	3d 81       	ldd	r19, Y+5	; 0x05
    1b26:	22 30       	cpi	r18, 0x02	; 2
    1b28:	31 05       	cpc	r19, r1
    1b2a:	2c f4       	brge	.+10     	; 0x1b36 <GPIO_writePin+0x4e>
    1b2c:	8c 81       	ldd	r24, Y+4	; 0x04
    1b2e:	9d 81       	ldd	r25, Y+5	; 0x05
    1b30:	00 97       	sbiw	r24, 0x00	; 0
    1b32:	71 f0       	breq	.+28     	; 0x1b50 <GPIO_writePin+0x68>
    1b34:	bc c0       	rjmp	.+376    	; 0x1cae <GPIO_writePin+0x1c6>
    1b36:	2c 81       	ldd	r18, Y+4	; 0x04
    1b38:	3d 81       	ldd	r19, Y+5	; 0x05
    1b3a:	22 30       	cpi	r18, 0x02	; 2
    1b3c:	31 05       	cpc	r19, r1
    1b3e:	09 f4       	brne	.+2      	; 0x1b42 <GPIO_writePin+0x5a>
    1b40:	5f c0       	rjmp	.+190    	; 0x1c00 <GPIO_writePin+0x118>
    1b42:	8c 81       	ldd	r24, Y+4	; 0x04
    1b44:	9d 81       	ldd	r25, Y+5	; 0x05
    1b46:	83 30       	cpi	r24, 0x03	; 3
    1b48:	91 05       	cpc	r25, r1
    1b4a:	09 f4       	brne	.+2      	; 0x1b4e <GPIO_writePin+0x66>
    1b4c:	85 c0       	rjmp	.+266    	; 0x1c58 <GPIO_writePin+0x170>
    1b4e:	af c0       	rjmp	.+350    	; 0x1cae <GPIO_writePin+0x1c6>
		case PORTA_ID:
			if (value == TRUE) {
    1b50:	8b 81       	ldd	r24, Y+3	; 0x03
    1b52:	81 30       	cpi	r24, 0x01	; 1
    1b54:	a1 f4       	brne	.+40     	; 0x1b7e <GPIO_writePin+0x96>
				SET_BIT(PORTA, pin_num);
    1b56:	ab e3       	ldi	r26, 0x3B	; 59
    1b58:	b0 e0       	ldi	r27, 0x00	; 0
    1b5a:	eb e3       	ldi	r30, 0x3B	; 59
    1b5c:	f0 e0       	ldi	r31, 0x00	; 0
    1b5e:	80 81       	ld	r24, Z
    1b60:	48 2f       	mov	r20, r24
    1b62:	8a 81       	ldd	r24, Y+2	; 0x02
    1b64:	28 2f       	mov	r18, r24
    1b66:	30 e0       	ldi	r19, 0x00	; 0
    1b68:	81 e0       	ldi	r24, 0x01	; 1
    1b6a:	90 e0       	ldi	r25, 0x00	; 0
    1b6c:	02 2e       	mov	r0, r18
    1b6e:	02 c0       	rjmp	.+4      	; 0x1b74 <GPIO_writePin+0x8c>
    1b70:	88 0f       	add	r24, r24
    1b72:	99 1f       	adc	r25, r25
    1b74:	0a 94       	dec	r0
    1b76:	e2 f7       	brpl	.-8      	; 0x1b70 <GPIO_writePin+0x88>
    1b78:	84 2b       	or	r24, r20
    1b7a:	8c 93       	st	X, r24
    1b7c:	98 c0       	rjmp	.+304    	; 0x1cae <GPIO_writePin+0x1c6>
			} else {
				CLEAR_BIT(PORTA, pin_num);
    1b7e:	ab e3       	ldi	r26, 0x3B	; 59
    1b80:	b0 e0       	ldi	r27, 0x00	; 0
    1b82:	eb e3       	ldi	r30, 0x3B	; 59
    1b84:	f0 e0       	ldi	r31, 0x00	; 0
    1b86:	80 81       	ld	r24, Z
    1b88:	48 2f       	mov	r20, r24
    1b8a:	8a 81       	ldd	r24, Y+2	; 0x02
    1b8c:	28 2f       	mov	r18, r24
    1b8e:	30 e0       	ldi	r19, 0x00	; 0
    1b90:	81 e0       	ldi	r24, 0x01	; 1
    1b92:	90 e0       	ldi	r25, 0x00	; 0
    1b94:	02 2e       	mov	r0, r18
    1b96:	02 c0       	rjmp	.+4      	; 0x1b9c <GPIO_writePin+0xb4>
    1b98:	88 0f       	add	r24, r24
    1b9a:	99 1f       	adc	r25, r25
    1b9c:	0a 94       	dec	r0
    1b9e:	e2 f7       	brpl	.-8      	; 0x1b98 <GPIO_writePin+0xb0>
    1ba0:	80 95       	com	r24
    1ba2:	84 23       	and	r24, r20
    1ba4:	8c 93       	st	X, r24
    1ba6:	83 c0       	rjmp	.+262    	; 0x1cae <GPIO_writePin+0x1c6>
			}
			break;
		case PORTB_ID:
			if (value == TRUE) {
    1ba8:	8b 81       	ldd	r24, Y+3	; 0x03
    1baa:	81 30       	cpi	r24, 0x01	; 1
    1bac:	a1 f4       	brne	.+40     	; 0x1bd6 <GPIO_writePin+0xee>
				SET_BIT(PORTB, pin_num);
    1bae:	a8 e3       	ldi	r26, 0x38	; 56
    1bb0:	b0 e0       	ldi	r27, 0x00	; 0
    1bb2:	e8 e3       	ldi	r30, 0x38	; 56
    1bb4:	f0 e0       	ldi	r31, 0x00	; 0
    1bb6:	80 81       	ld	r24, Z
    1bb8:	48 2f       	mov	r20, r24
    1bba:	8a 81       	ldd	r24, Y+2	; 0x02
    1bbc:	28 2f       	mov	r18, r24
    1bbe:	30 e0       	ldi	r19, 0x00	; 0
    1bc0:	81 e0       	ldi	r24, 0x01	; 1
    1bc2:	90 e0       	ldi	r25, 0x00	; 0
    1bc4:	02 2e       	mov	r0, r18
    1bc6:	02 c0       	rjmp	.+4      	; 0x1bcc <GPIO_writePin+0xe4>
    1bc8:	88 0f       	add	r24, r24
    1bca:	99 1f       	adc	r25, r25
    1bcc:	0a 94       	dec	r0
    1bce:	e2 f7       	brpl	.-8      	; 0x1bc8 <GPIO_writePin+0xe0>
    1bd0:	84 2b       	or	r24, r20
    1bd2:	8c 93       	st	X, r24
    1bd4:	6c c0       	rjmp	.+216    	; 0x1cae <GPIO_writePin+0x1c6>
			} else {
				CLEAR_BIT(PORTB, pin_num);
    1bd6:	a8 e3       	ldi	r26, 0x38	; 56
    1bd8:	b0 e0       	ldi	r27, 0x00	; 0
    1bda:	e8 e3       	ldi	r30, 0x38	; 56
    1bdc:	f0 e0       	ldi	r31, 0x00	; 0
    1bde:	80 81       	ld	r24, Z
    1be0:	48 2f       	mov	r20, r24
    1be2:	8a 81       	ldd	r24, Y+2	; 0x02
    1be4:	28 2f       	mov	r18, r24
    1be6:	30 e0       	ldi	r19, 0x00	; 0
    1be8:	81 e0       	ldi	r24, 0x01	; 1
    1bea:	90 e0       	ldi	r25, 0x00	; 0
    1bec:	02 2e       	mov	r0, r18
    1bee:	02 c0       	rjmp	.+4      	; 0x1bf4 <GPIO_writePin+0x10c>
    1bf0:	88 0f       	add	r24, r24
    1bf2:	99 1f       	adc	r25, r25
    1bf4:	0a 94       	dec	r0
    1bf6:	e2 f7       	brpl	.-8      	; 0x1bf0 <GPIO_writePin+0x108>
    1bf8:	80 95       	com	r24
    1bfa:	84 23       	and	r24, r20
    1bfc:	8c 93       	st	X, r24
    1bfe:	57 c0       	rjmp	.+174    	; 0x1cae <GPIO_writePin+0x1c6>
			}
			break;
		case PORTC_ID:
			if (value == TRUE) {
    1c00:	8b 81       	ldd	r24, Y+3	; 0x03
    1c02:	81 30       	cpi	r24, 0x01	; 1
    1c04:	a1 f4       	brne	.+40     	; 0x1c2e <GPIO_writePin+0x146>
				SET_BIT(PORTC, pin_num);
    1c06:	a5 e3       	ldi	r26, 0x35	; 53
    1c08:	b0 e0       	ldi	r27, 0x00	; 0
    1c0a:	e5 e3       	ldi	r30, 0x35	; 53
    1c0c:	f0 e0       	ldi	r31, 0x00	; 0
    1c0e:	80 81       	ld	r24, Z
    1c10:	48 2f       	mov	r20, r24
    1c12:	8a 81       	ldd	r24, Y+2	; 0x02
    1c14:	28 2f       	mov	r18, r24
    1c16:	30 e0       	ldi	r19, 0x00	; 0
    1c18:	81 e0       	ldi	r24, 0x01	; 1
    1c1a:	90 e0       	ldi	r25, 0x00	; 0
    1c1c:	02 2e       	mov	r0, r18
    1c1e:	02 c0       	rjmp	.+4      	; 0x1c24 <GPIO_writePin+0x13c>
    1c20:	88 0f       	add	r24, r24
    1c22:	99 1f       	adc	r25, r25
    1c24:	0a 94       	dec	r0
    1c26:	e2 f7       	brpl	.-8      	; 0x1c20 <GPIO_writePin+0x138>
    1c28:	84 2b       	or	r24, r20
    1c2a:	8c 93       	st	X, r24
    1c2c:	40 c0       	rjmp	.+128    	; 0x1cae <GPIO_writePin+0x1c6>
			} else {
				CLEAR_BIT(PORTC, pin_num);
    1c2e:	a5 e3       	ldi	r26, 0x35	; 53
    1c30:	b0 e0       	ldi	r27, 0x00	; 0
    1c32:	e5 e3       	ldi	r30, 0x35	; 53
    1c34:	f0 e0       	ldi	r31, 0x00	; 0
    1c36:	80 81       	ld	r24, Z
    1c38:	48 2f       	mov	r20, r24
    1c3a:	8a 81       	ldd	r24, Y+2	; 0x02
    1c3c:	28 2f       	mov	r18, r24
    1c3e:	30 e0       	ldi	r19, 0x00	; 0
    1c40:	81 e0       	ldi	r24, 0x01	; 1
    1c42:	90 e0       	ldi	r25, 0x00	; 0
    1c44:	02 2e       	mov	r0, r18
    1c46:	02 c0       	rjmp	.+4      	; 0x1c4c <GPIO_writePin+0x164>
    1c48:	88 0f       	add	r24, r24
    1c4a:	99 1f       	adc	r25, r25
    1c4c:	0a 94       	dec	r0
    1c4e:	e2 f7       	brpl	.-8      	; 0x1c48 <GPIO_writePin+0x160>
    1c50:	80 95       	com	r24
    1c52:	84 23       	and	r24, r20
    1c54:	8c 93       	st	X, r24
    1c56:	2b c0       	rjmp	.+86     	; 0x1cae <GPIO_writePin+0x1c6>
			}
			break;
		case PORTD_ID:
			if (value == TRUE) {
    1c58:	8b 81       	ldd	r24, Y+3	; 0x03
    1c5a:	81 30       	cpi	r24, 0x01	; 1
    1c5c:	a1 f4       	brne	.+40     	; 0x1c86 <GPIO_writePin+0x19e>
				SET_BIT(PORTD, pin_num);
    1c5e:	a2 e3       	ldi	r26, 0x32	; 50
    1c60:	b0 e0       	ldi	r27, 0x00	; 0
    1c62:	e2 e3       	ldi	r30, 0x32	; 50
    1c64:	f0 e0       	ldi	r31, 0x00	; 0
    1c66:	80 81       	ld	r24, Z
    1c68:	48 2f       	mov	r20, r24
    1c6a:	8a 81       	ldd	r24, Y+2	; 0x02
    1c6c:	28 2f       	mov	r18, r24
    1c6e:	30 e0       	ldi	r19, 0x00	; 0
    1c70:	81 e0       	ldi	r24, 0x01	; 1
    1c72:	90 e0       	ldi	r25, 0x00	; 0
    1c74:	02 2e       	mov	r0, r18
    1c76:	02 c0       	rjmp	.+4      	; 0x1c7c <GPIO_writePin+0x194>
    1c78:	88 0f       	add	r24, r24
    1c7a:	99 1f       	adc	r25, r25
    1c7c:	0a 94       	dec	r0
    1c7e:	e2 f7       	brpl	.-8      	; 0x1c78 <GPIO_writePin+0x190>
    1c80:	84 2b       	or	r24, r20
    1c82:	8c 93       	st	X, r24
    1c84:	14 c0       	rjmp	.+40     	; 0x1cae <GPIO_writePin+0x1c6>
			} else {
				CLEAR_BIT(PORTD, pin_num);
    1c86:	a2 e3       	ldi	r26, 0x32	; 50
    1c88:	b0 e0       	ldi	r27, 0x00	; 0
    1c8a:	e2 e3       	ldi	r30, 0x32	; 50
    1c8c:	f0 e0       	ldi	r31, 0x00	; 0
    1c8e:	80 81       	ld	r24, Z
    1c90:	48 2f       	mov	r20, r24
    1c92:	8a 81       	ldd	r24, Y+2	; 0x02
    1c94:	28 2f       	mov	r18, r24
    1c96:	30 e0       	ldi	r19, 0x00	; 0
    1c98:	81 e0       	ldi	r24, 0x01	; 1
    1c9a:	90 e0       	ldi	r25, 0x00	; 0
    1c9c:	02 2e       	mov	r0, r18
    1c9e:	02 c0       	rjmp	.+4      	; 0x1ca4 <GPIO_writePin+0x1bc>
    1ca0:	88 0f       	add	r24, r24
    1ca2:	99 1f       	adc	r25, r25
    1ca4:	0a 94       	dec	r0
    1ca6:	e2 f7       	brpl	.-8      	; 0x1ca0 <GPIO_writePin+0x1b8>
    1ca8:	80 95       	com	r24
    1caa:	84 23       	and	r24, r20
    1cac:	8c 93       	st	X, r24
			}
			break;

		}
	}
}
    1cae:	0f 90       	pop	r0
    1cb0:	0f 90       	pop	r0
    1cb2:	0f 90       	pop	r0
    1cb4:	0f 90       	pop	r0
    1cb6:	0f 90       	pop	r0
    1cb8:	cf 91       	pop	r28
    1cba:	df 91       	pop	r29
    1cbc:	08 95       	ret

00001cbe <GPIO_readPin>:
/*
 * Description :
 * Read and return the value for the required pin, it should be Logic High or Logic Low.
 * If the input port number or pin number are not correct, The function will return Logic Low.
 */
uint8 GPIO_readPin(uint8 port_num, uint8 pin_num) {
    1cbe:	df 93       	push	r29
    1cc0:	cf 93       	push	r28
    1cc2:	00 d0       	rcall	.+0      	; 0x1cc4 <GPIO_readPin+0x6>
    1cc4:	00 d0       	rcall	.+0      	; 0x1cc6 <GPIO_readPin+0x8>
    1cc6:	0f 92       	push	r0
    1cc8:	cd b7       	in	r28, 0x3d	; 61
    1cca:	de b7       	in	r29, 0x3e	; 62
    1ccc:	89 83       	std	Y+1, r24	; 0x01
    1cce:	6a 83       	std	Y+2, r22	; 0x02
	if ((pin_num >= NUM_OF_PINS_PER_PORT) || (port_num >= NUM_OF_PORTS)) {
    1cd0:	8a 81       	ldd	r24, Y+2	; 0x02
    1cd2:	88 30       	cpi	r24, 0x08	; 8
    1cd4:	18 f4       	brcc	.+6      	; 0x1cdc <GPIO_readPin+0x1e>
    1cd6:	89 81       	ldd	r24, Y+1	; 0x01
    1cd8:	84 30       	cpi	r24, 0x04	; 4
    1cda:	10 f0       	brcs	.+4      	; 0x1ce0 <GPIO_readPin+0x22>
		/* Do Nothing and exits the function*/
		return LOGIC_LOW;
    1cdc:	1d 82       	std	Y+5, r1	; 0x05
    1cde:	9b c0       	rjmp	.+310    	; 0x1e16 <GPIO_readPin+0x158>
	} else {
		/*checks which port and then return the bit of the pin register*/
		switch (port_num) {
    1ce0:	89 81       	ldd	r24, Y+1	; 0x01
    1ce2:	28 2f       	mov	r18, r24
    1ce4:	30 e0       	ldi	r19, 0x00	; 0
    1ce6:	3c 83       	std	Y+4, r19	; 0x04
    1ce8:	2b 83       	std	Y+3, r18	; 0x03
    1cea:	4b 81       	ldd	r20, Y+3	; 0x03
    1cec:	5c 81       	ldd	r21, Y+4	; 0x04
    1cee:	41 30       	cpi	r20, 0x01	; 1
    1cf0:	51 05       	cpc	r21, r1
    1cf2:	b1 f1       	breq	.+108    	; 0x1d60 <GPIO_readPin+0xa2>
    1cf4:	8b 81       	ldd	r24, Y+3	; 0x03
    1cf6:	9c 81       	ldd	r25, Y+4	; 0x04
    1cf8:	82 30       	cpi	r24, 0x02	; 2
    1cfa:	91 05       	cpc	r25, r1
    1cfc:	34 f4       	brge	.+12     	; 0x1d0a <GPIO_readPin+0x4c>
    1cfe:	2b 81       	ldd	r18, Y+3	; 0x03
    1d00:	3c 81       	ldd	r19, Y+4	; 0x04
    1d02:	21 15       	cp	r18, r1
    1d04:	31 05       	cpc	r19, r1
    1d06:	71 f0       	breq	.+28     	; 0x1d24 <GPIO_readPin+0x66>
    1d08:	85 c0       	rjmp	.+266    	; 0x1e14 <GPIO_readPin+0x156>
    1d0a:	4b 81       	ldd	r20, Y+3	; 0x03
    1d0c:	5c 81       	ldd	r21, Y+4	; 0x04
    1d0e:	42 30       	cpi	r20, 0x02	; 2
    1d10:	51 05       	cpc	r21, r1
    1d12:	09 f4       	brne	.+2      	; 0x1d16 <GPIO_readPin+0x58>
    1d14:	43 c0       	rjmp	.+134    	; 0x1d9c <GPIO_readPin+0xde>
    1d16:	8b 81       	ldd	r24, Y+3	; 0x03
    1d18:	9c 81       	ldd	r25, Y+4	; 0x04
    1d1a:	83 30       	cpi	r24, 0x03	; 3
    1d1c:	91 05       	cpc	r25, r1
    1d1e:	09 f4       	brne	.+2      	; 0x1d22 <GPIO_readPin+0x64>
    1d20:	5b c0       	rjmp	.+182    	; 0x1dd8 <GPIO_readPin+0x11a>
    1d22:	78 c0       	rjmp	.+240    	; 0x1e14 <GPIO_readPin+0x156>
		case PORTA_ID:
			return GET_BIT(PINA, pin_num);
    1d24:	e9 e3       	ldi	r30, 0x39	; 57
    1d26:	f0 e0       	ldi	r31, 0x00	; 0
    1d28:	80 81       	ld	r24, Z
    1d2a:	48 2f       	mov	r20, r24
    1d2c:	50 e0       	ldi	r21, 0x00	; 0
    1d2e:	8a 81       	ldd	r24, Y+2	; 0x02
    1d30:	28 2f       	mov	r18, r24
    1d32:	30 e0       	ldi	r19, 0x00	; 0
    1d34:	81 e0       	ldi	r24, 0x01	; 1
    1d36:	90 e0       	ldi	r25, 0x00	; 0
    1d38:	02 c0       	rjmp	.+4      	; 0x1d3e <GPIO_readPin+0x80>
    1d3a:	88 0f       	add	r24, r24
    1d3c:	99 1f       	adc	r25, r25
    1d3e:	2a 95       	dec	r18
    1d40:	e2 f7       	brpl	.-8      	; 0x1d3a <GPIO_readPin+0x7c>
    1d42:	9a 01       	movw	r18, r20
    1d44:	28 23       	and	r18, r24
    1d46:	39 23       	and	r19, r25
    1d48:	8a 81       	ldd	r24, Y+2	; 0x02
    1d4a:	88 2f       	mov	r24, r24
    1d4c:	90 e0       	ldi	r25, 0x00	; 0
    1d4e:	a9 01       	movw	r20, r18
    1d50:	02 c0       	rjmp	.+4      	; 0x1d56 <GPIO_readPin+0x98>
    1d52:	55 95       	asr	r21
    1d54:	47 95       	ror	r20
    1d56:	8a 95       	dec	r24
    1d58:	e2 f7       	brpl	.-8      	; 0x1d52 <GPIO_readPin+0x94>
    1d5a:	ca 01       	movw	r24, r20
    1d5c:	8d 83       	std	Y+5, r24	; 0x05
    1d5e:	5b c0       	rjmp	.+182    	; 0x1e16 <GPIO_readPin+0x158>
			break;
		case PORTB_ID:
			return GET_BIT(PINB, pin_num);
    1d60:	e6 e3       	ldi	r30, 0x36	; 54
    1d62:	f0 e0       	ldi	r31, 0x00	; 0
    1d64:	80 81       	ld	r24, Z
    1d66:	48 2f       	mov	r20, r24
    1d68:	50 e0       	ldi	r21, 0x00	; 0
    1d6a:	8a 81       	ldd	r24, Y+2	; 0x02
    1d6c:	28 2f       	mov	r18, r24
    1d6e:	30 e0       	ldi	r19, 0x00	; 0
    1d70:	81 e0       	ldi	r24, 0x01	; 1
    1d72:	90 e0       	ldi	r25, 0x00	; 0
    1d74:	02 c0       	rjmp	.+4      	; 0x1d7a <GPIO_readPin+0xbc>
    1d76:	88 0f       	add	r24, r24
    1d78:	99 1f       	adc	r25, r25
    1d7a:	2a 95       	dec	r18
    1d7c:	e2 f7       	brpl	.-8      	; 0x1d76 <GPIO_readPin+0xb8>
    1d7e:	9a 01       	movw	r18, r20
    1d80:	28 23       	and	r18, r24
    1d82:	39 23       	and	r19, r25
    1d84:	8a 81       	ldd	r24, Y+2	; 0x02
    1d86:	88 2f       	mov	r24, r24
    1d88:	90 e0       	ldi	r25, 0x00	; 0
    1d8a:	a9 01       	movw	r20, r18
    1d8c:	02 c0       	rjmp	.+4      	; 0x1d92 <GPIO_readPin+0xd4>
    1d8e:	55 95       	asr	r21
    1d90:	47 95       	ror	r20
    1d92:	8a 95       	dec	r24
    1d94:	e2 f7       	brpl	.-8      	; 0x1d8e <GPIO_readPin+0xd0>
    1d96:	ca 01       	movw	r24, r20
    1d98:	8d 83       	std	Y+5, r24	; 0x05
    1d9a:	3d c0       	rjmp	.+122    	; 0x1e16 <GPIO_readPin+0x158>
			break;
		case PORTC_ID:
			return GET_BIT(PINC, pin_num);
    1d9c:	e3 e3       	ldi	r30, 0x33	; 51
    1d9e:	f0 e0       	ldi	r31, 0x00	; 0
    1da0:	80 81       	ld	r24, Z
    1da2:	48 2f       	mov	r20, r24
    1da4:	50 e0       	ldi	r21, 0x00	; 0
    1da6:	8a 81       	ldd	r24, Y+2	; 0x02
    1da8:	28 2f       	mov	r18, r24
    1daa:	30 e0       	ldi	r19, 0x00	; 0
    1dac:	81 e0       	ldi	r24, 0x01	; 1
    1dae:	90 e0       	ldi	r25, 0x00	; 0
    1db0:	02 c0       	rjmp	.+4      	; 0x1db6 <GPIO_readPin+0xf8>
    1db2:	88 0f       	add	r24, r24
    1db4:	99 1f       	adc	r25, r25
    1db6:	2a 95       	dec	r18
    1db8:	e2 f7       	brpl	.-8      	; 0x1db2 <GPIO_readPin+0xf4>
    1dba:	9a 01       	movw	r18, r20
    1dbc:	28 23       	and	r18, r24
    1dbe:	39 23       	and	r19, r25
    1dc0:	8a 81       	ldd	r24, Y+2	; 0x02
    1dc2:	88 2f       	mov	r24, r24
    1dc4:	90 e0       	ldi	r25, 0x00	; 0
    1dc6:	a9 01       	movw	r20, r18
    1dc8:	02 c0       	rjmp	.+4      	; 0x1dce <GPIO_readPin+0x110>
    1dca:	55 95       	asr	r21
    1dcc:	47 95       	ror	r20
    1dce:	8a 95       	dec	r24
    1dd0:	e2 f7       	brpl	.-8      	; 0x1dca <GPIO_readPin+0x10c>
    1dd2:	ca 01       	movw	r24, r20
    1dd4:	8d 83       	std	Y+5, r24	; 0x05
    1dd6:	1f c0       	rjmp	.+62     	; 0x1e16 <GPIO_readPin+0x158>
			break;
		case PORTD_ID:
			return GET_BIT(PIND, pin_num);
    1dd8:	e0 e3       	ldi	r30, 0x30	; 48
    1dda:	f0 e0       	ldi	r31, 0x00	; 0
    1ddc:	80 81       	ld	r24, Z
    1dde:	48 2f       	mov	r20, r24
    1de0:	50 e0       	ldi	r21, 0x00	; 0
    1de2:	8a 81       	ldd	r24, Y+2	; 0x02
    1de4:	28 2f       	mov	r18, r24
    1de6:	30 e0       	ldi	r19, 0x00	; 0
    1de8:	81 e0       	ldi	r24, 0x01	; 1
    1dea:	90 e0       	ldi	r25, 0x00	; 0
    1dec:	02 c0       	rjmp	.+4      	; 0x1df2 <GPIO_readPin+0x134>
    1dee:	88 0f       	add	r24, r24
    1df0:	99 1f       	adc	r25, r25
    1df2:	2a 95       	dec	r18
    1df4:	e2 f7       	brpl	.-8      	; 0x1dee <GPIO_readPin+0x130>
    1df6:	9a 01       	movw	r18, r20
    1df8:	28 23       	and	r18, r24
    1dfa:	39 23       	and	r19, r25
    1dfc:	8a 81       	ldd	r24, Y+2	; 0x02
    1dfe:	88 2f       	mov	r24, r24
    1e00:	90 e0       	ldi	r25, 0x00	; 0
    1e02:	a9 01       	movw	r20, r18
    1e04:	02 c0       	rjmp	.+4      	; 0x1e0a <GPIO_readPin+0x14c>
    1e06:	55 95       	asr	r21
    1e08:	47 95       	ror	r20
    1e0a:	8a 95       	dec	r24
    1e0c:	e2 f7       	brpl	.-8      	; 0x1e06 <GPIO_readPin+0x148>
    1e0e:	ca 01       	movw	r24, r20
    1e10:	8d 83       	std	Y+5, r24	; 0x05
    1e12:	01 c0       	rjmp	.+2      	; 0x1e16 <GPIO_readPin+0x158>
			break;
		}
		/*if any case didn't match (which it isn't impossible) it will return logical low */
		return LOGIC_LOW;
    1e14:	1d 82       	std	Y+5, r1	; 0x05
    1e16:	8d 81       	ldd	r24, Y+5	; 0x05
	}

}
    1e18:	0f 90       	pop	r0
    1e1a:	0f 90       	pop	r0
    1e1c:	0f 90       	pop	r0
    1e1e:	0f 90       	pop	r0
    1e20:	0f 90       	pop	r0
    1e22:	cf 91       	pop	r28
    1e24:	df 91       	pop	r29
    1e26:	08 95       	ret

00001e28 <GPIO_setupPortDirection>:
 * Setup the direction of the required port all pins input/output.
 * If the direction value is PORT_INPUT all pins in this port should be input pins.
 * If the direction value is PORT_OUTPUT all pins in this port should be output pins.
 * If the input port number is not correct, The function will not handle the request.
 */
void GPIO_setupPortDirection(uint8 port_num, GPIO_PortDirectionType direction) {
    1e28:	df 93       	push	r29
    1e2a:	cf 93       	push	r28
    1e2c:	00 d0       	rcall	.+0      	; 0x1e2e <GPIO_setupPortDirection+0x6>
    1e2e:	00 d0       	rcall	.+0      	; 0x1e30 <GPIO_setupPortDirection+0x8>
    1e30:	cd b7       	in	r28, 0x3d	; 61
    1e32:	de b7       	in	r29, 0x3e	; 62
    1e34:	89 83       	std	Y+1, r24	; 0x01
    1e36:	6a 83       	std	Y+2, r22	; 0x02
	/*
	 * Check if the input number is greater than NUM_OF_PORTS value.
	 * In this case the input is not valid port number
	 */
	if (port_num >= NUM_OF_PORTS) {
    1e38:	89 81       	ldd	r24, Y+1	; 0x01
    1e3a:	84 30       	cpi	r24, 0x04	; 4
    1e3c:	90 f5       	brcc	.+100    	; 0x1ea2 <GPIO_setupPortDirection+0x7a>
		/* Do Nothing */
	} else {
		/* Setup the port direction as required */
		switch (port_num) {
    1e3e:	89 81       	ldd	r24, Y+1	; 0x01
    1e40:	28 2f       	mov	r18, r24
    1e42:	30 e0       	ldi	r19, 0x00	; 0
    1e44:	3c 83       	std	Y+4, r19	; 0x04
    1e46:	2b 83       	std	Y+3, r18	; 0x03
    1e48:	8b 81       	ldd	r24, Y+3	; 0x03
    1e4a:	9c 81       	ldd	r25, Y+4	; 0x04
    1e4c:	81 30       	cpi	r24, 0x01	; 1
    1e4e:	91 05       	cpc	r25, r1
    1e50:	d1 f0       	breq	.+52     	; 0x1e86 <GPIO_setupPortDirection+0x5e>
    1e52:	2b 81       	ldd	r18, Y+3	; 0x03
    1e54:	3c 81       	ldd	r19, Y+4	; 0x04
    1e56:	22 30       	cpi	r18, 0x02	; 2
    1e58:	31 05       	cpc	r19, r1
    1e5a:	2c f4       	brge	.+10     	; 0x1e66 <GPIO_setupPortDirection+0x3e>
    1e5c:	8b 81       	ldd	r24, Y+3	; 0x03
    1e5e:	9c 81       	ldd	r25, Y+4	; 0x04
    1e60:	00 97       	sbiw	r24, 0x00	; 0
    1e62:	61 f0       	breq	.+24     	; 0x1e7c <GPIO_setupPortDirection+0x54>
    1e64:	1e c0       	rjmp	.+60     	; 0x1ea2 <GPIO_setupPortDirection+0x7a>
    1e66:	2b 81       	ldd	r18, Y+3	; 0x03
    1e68:	3c 81       	ldd	r19, Y+4	; 0x04
    1e6a:	22 30       	cpi	r18, 0x02	; 2
    1e6c:	31 05       	cpc	r19, r1
    1e6e:	81 f0       	breq	.+32     	; 0x1e90 <GPIO_setupPortDirection+0x68>
    1e70:	8b 81       	ldd	r24, Y+3	; 0x03
    1e72:	9c 81       	ldd	r25, Y+4	; 0x04
    1e74:	83 30       	cpi	r24, 0x03	; 3
    1e76:	91 05       	cpc	r25, r1
    1e78:	81 f0       	breq	.+32     	; 0x1e9a <GPIO_setupPortDirection+0x72>
    1e7a:	13 c0       	rjmp	.+38     	; 0x1ea2 <GPIO_setupPortDirection+0x7a>
		case PORTA_ID:
			DDRA = direction;
    1e7c:	ea e3       	ldi	r30, 0x3A	; 58
    1e7e:	f0 e0       	ldi	r31, 0x00	; 0
    1e80:	8a 81       	ldd	r24, Y+2	; 0x02
    1e82:	80 83       	st	Z, r24
    1e84:	0e c0       	rjmp	.+28     	; 0x1ea2 <GPIO_setupPortDirection+0x7a>
			break;
		case PORTB_ID:
			DDRB = direction;
    1e86:	e7 e3       	ldi	r30, 0x37	; 55
    1e88:	f0 e0       	ldi	r31, 0x00	; 0
    1e8a:	8a 81       	ldd	r24, Y+2	; 0x02
    1e8c:	80 83       	st	Z, r24
    1e8e:	09 c0       	rjmp	.+18     	; 0x1ea2 <GPIO_setupPortDirection+0x7a>
			break;
		case PORTC_ID:
			DDRC = direction;
    1e90:	e4 e3       	ldi	r30, 0x34	; 52
    1e92:	f0 e0       	ldi	r31, 0x00	; 0
    1e94:	8a 81       	ldd	r24, Y+2	; 0x02
    1e96:	80 83       	st	Z, r24
    1e98:	04 c0       	rjmp	.+8      	; 0x1ea2 <GPIO_setupPortDirection+0x7a>
			break;
		case PORTD_ID:
			DDRD = direction;
    1e9a:	e1 e3       	ldi	r30, 0x31	; 49
    1e9c:	f0 e0       	ldi	r31, 0x00	; 0
    1e9e:	8a 81       	ldd	r24, Y+2	; 0x02
    1ea0:	80 83       	st	Z, r24
			break;
		}
	}
}
    1ea2:	0f 90       	pop	r0
    1ea4:	0f 90       	pop	r0
    1ea6:	0f 90       	pop	r0
    1ea8:	0f 90       	pop	r0
    1eaa:	cf 91       	pop	r28
    1eac:	df 91       	pop	r29
    1eae:	08 95       	ret

00001eb0 <GPIO_writePort>:
 * Write the value on the required port.
 * If any pin in the port is output pin the value will be written.
 * If any pin in the port is input pin this will activate/deactivate the internal pull-up resistor.
 * If the input port number is not correct, The function will not handle the request.
 */
void GPIO_writePort(uint8 port_num, uint8 value) {
    1eb0:	df 93       	push	r29
    1eb2:	cf 93       	push	r28
    1eb4:	00 d0       	rcall	.+0      	; 0x1eb6 <GPIO_writePort+0x6>
    1eb6:	00 d0       	rcall	.+0      	; 0x1eb8 <GPIO_writePort+0x8>
    1eb8:	cd b7       	in	r28, 0x3d	; 61
    1eba:	de b7       	in	r29, 0x3e	; 62
    1ebc:	89 83       	std	Y+1, r24	; 0x01
    1ebe:	6a 83       	std	Y+2, r22	; 0x02
	if ((port_num >= NUM_OF_PORTS)) {
    1ec0:	89 81       	ldd	r24, Y+1	; 0x01
    1ec2:	84 30       	cpi	r24, 0x04	; 4
    1ec4:	90 f5       	brcc	.+100    	; 0x1f2a <GPIO_writePort+0x7a>
		/* Do Nothing and exits the function*/
		return;
	} else {
		/*checks which port and then return the bit of the pin register*/
		switch (port_num) {
    1ec6:	89 81       	ldd	r24, Y+1	; 0x01
    1ec8:	28 2f       	mov	r18, r24
    1eca:	30 e0       	ldi	r19, 0x00	; 0
    1ecc:	3c 83       	std	Y+4, r19	; 0x04
    1ece:	2b 83       	std	Y+3, r18	; 0x03
    1ed0:	8b 81       	ldd	r24, Y+3	; 0x03
    1ed2:	9c 81       	ldd	r25, Y+4	; 0x04
    1ed4:	81 30       	cpi	r24, 0x01	; 1
    1ed6:	91 05       	cpc	r25, r1
    1ed8:	d1 f0       	breq	.+52     	; 0x1f0e <GPIO_writePort+0x5e>
    1eda:	2b 81       	ldd	r18, Y+3	; 0x03
    1edc:	3c 81       	ldd	r19, Y+4	; 0x04
    1ede:	22 30       	cpi	r18, 0x02	; 2
    1ee0:	31 05       	cpc	r19, r1
    1ee2:	2c f4       	brge	.+10     	; 0x1eee <GPIO_writePort+0x3e>
    1ee4:	8b 81       	ldd	r24, Y+3	; 0x03
    1ee6:	9c 81       	ldd	r25, Y+4	; 0x04
    1ee8:	00 97       	sbiw	r24, 0x00	; 0
    1eea:	61 f0       	breq	.+24     	; 0x1f04 <GPIO_writePort+0x54>
    1eec:	1e c0       	rjmp	.+60     	; 0x1f2a <GPIO_writePort+0x7a>
    1eee:	2b 81       	ldd	r18, Y+3	; 0x03
    1ef0:	3c 81       	ldd	r19, Y+4	; 0x04
    1ef2:	22 30       	cpi	r18, 0x02	; 2
    1ef4:	31 05       	cpc	r19, r1
    1ef6:	81 f0       	breq	.+32     	; 0x1f18 <GPIO_writePort+0x68>
    1ef8:	8b 81       	ldd	r24, Y+3	; 0x03
    1efa:	9c 81       	ldd	r25, Y+4	; 0x04
    1efc:	83 30       	cpi	r24, 0x03	; 3
    1efe:	91 05       	cpc	r25, r1
    1f00:	81 f0       	breq	.+32     	; 0x1f22 <GPIO_writePort+0x72>
    1f02:	13 c0       	rjmp	.+38     	; 0x1f2a <GPIO_writePort+0x7a>
		case PORTA_ID:
			PORTA = value;
    1f04:	eb e3       	ldi	r30, 0x3B	; 59
    1f06:	f0 e0       	ldi	r31, 0x00	; 0
    1f08:	8a 81       	ldd	r24, Y+2	; 0x02
    1f0a:	80 83       	st	Z, r24
    1f0c:	0e c0       	rjmp	.+28     	; 0x1f2a <GPIO_writePort+0x7a>
			break;
		case PORTB_ID:
			PORTB = value;
    1f0e:	e8 e3       	ldi	r30, 0x38	; 56
    1f10:	f0 e0       	ldi	r31, 0x00	; 0
    1f12:	8a 81       	ldd	r24, Y+2	; 0x02
    1f14:	80 83       	st	Z, r24
    1f16:	09 c0       	rjmp	.+18     	; 0x1f2a <GPIO_writePort+0x7a>
			break;
		case PORTC_ID:
			PORTC = value;
    1f18:	e5 e3       	ldi	r30, 0x35	; 53
    1f1a:	f0 e0       	ldi	r31, 0x00	; 0
    1f1c:	8a 81       	ldd	r24, Y+2	; 0x02
    1f1e:	80 83       	st	Z, r24
    1f20:	04 c0       	rjmp	.+8      	; 0x1f2a <GPIO_writePort+0x7a>
			break;
		case PORTD_ID:
			PORTD = value;
    1f22:	e2 e3       	ldi	r30, 0x32	; 50
    1f24:	f0 e0       	ldi	r31, 0x00	; 0
    1f26:	8a 81       	ldd	r24, Y+2	; 0x02
    1f28:	80 83       	st	Z, r24
			break;
		}

	}
}
    1f2a:	0f 90       	pop	r0
    1f2c:	0f 90       	pop	r0
    1f2e:	0f 90       	pop	r0
    1f30:	0f 90       	pop	r0
    1f32:	cf 91       	pop	r28
    1f34:	df 91       	pop	r29
    1f36:	08 95       	ret

00001f38 <GPIO_readPort>:
/*
 * Description :
 * Read and return the value of the required port.
 * If the input port number is not correct, The function will return ZERO value.
 */
uint8 GPIO_readPort(uint8 port_num) {
    1f38:	df 93       	push	r29
    1f3a:	cf 93       	push	r28
    1f3c:	00 d0       	rcall	.+0      	; 0x1f3e <GPIO_readPort+0x6>
    1f3e:	00 d0       	rcall	.+0      	; 0x1f40 <GPIO_readPort+0x8>
    1f40:	cd b7       	in	r28, 0x3d	; 61
    1f42:	de b7       	in	r29, 0x3e	; 62
    1f44:	89 83       	std	Y+1, r24	; 0x01
	if ((port_num >= NUM_OF_PORTS)) { /* Do Nothing and exits the function*/
    1f46:	89 81       	ldd	r24, Y+1	; 0x01
    1f48:	84 30       	cpi	r24, 0x04	; 4
    1f4a:	10 f0       	brcs	.+4      	; 0x1f50 <GPIO_readPort+0x18>
		return LOGIC_LOW;
    1f4c:	1c 82       	std	Y+4, r1	; 0x04
    1f4e:	34 c0       	rjmp	.+104    	; 0x1fb8 <GPIO_readPort+0x80>
	} else {
		/*checks which port and then return the bit of the pin register*/
		switch (port_num) {
    1f50:	89 81       	ldd	r24, Y+1	; 0x01
    1f52:	28 2f       	mov	r18, r24
    1f54:	30 e0       	ldi	r19, 0x00	; 0
    1f56:	3b 83       	std	Y+3, r19	; 0x03
    1f58:	2a 83       	std	Y+2, r18	; 0x02
    1f5a:	8a 81       	ldd	r24, Y+2	; 0x02
    1f5c:	9b 81       	ldd	r25, Y+3	; 0x03
    1f5e:	81 30       	cpi	r24, 0x01	; 1
    1f60:	91 05       	cpc	r25, r1
    1f62:	d1 f0       	breq	.+52     	; 0x1f98 <GPIO_readPort+0x60>
    1f64:	2a 81       	ldd	r18, Y+2	; 0x02
    1f66:	3b 81       	ldd	r19, Y+3	; 0x03
    1f68:	22 30       	cpi	r18, 0x02	; 2
    1f6a:	31 05       	cpc	r19, r1
    1f6c:	2c f4       	brge	.+10     	; 0x1f78 <GPIO_readPort+0x40>
    1f6e:	8a 81       	ldd	r24, Y+2	; 0x02
    1f70:	9b 81       	ldd	r25, Y+3	; 0x03
    1f72:	00 97       	sbiw	r24, 0x00	; 0
    1f74:	61 f0       	breq	.+24     	; 0x1f8e <GPIO_readPort+0x56>
    1f76:	1f c0       	rjmp	.+62     	; 0x1fb6 <GPIO_readPort+0x7e>
    1f78:	2a 81       	ldd	r18, Y+2	; 0x02
    1f7a:	3b 81       	ldd	r19, Y+3	; 0x03
    1f7c:	22 30       	cpi	r18, 0x02	; 2
    1f7e:	31 05       	cpc	r19, r1
    1f80:	81 f0       	breq	.+32     	; 0x1fa2 <GPIO_readPort+0x6a>
    1f82:	8a 81       	ldd	r24, Y+2	; 0x02
    1f84:	9b 81       	ldd	r25, Y+3	; 0x03
    1f86:	83 30       	cpi	r24, 0x03	; 3
    1f88:	91 05       	cpc	r25, r1
    1f8a:	81 f0       	breq	.+32     	; 0x1fac <GPIO_readPort+0x74>
    1f8c:	14 c0       	rjmp	.+40     	; 0x1fb6 <GPIO_readPort+0x7e>
		case PORTA_ID:
			return PINA;
    1f8e:	e9 e3       	ldi	r30, 0x39	; 57
    1f90:	f0 e0       	ldi	r31, 0x00	; 0
    1f92:	90 81       	ld	r25, Z
    1f94:	9c 83       	std	Y+4, r25	; 0x04
    1f96:	10 c0       	rjmp	.+32     	; 0x1fb8 <GPIO_readPort+0x80>
			break;
		case PORTB_ID:
			return PINB;
    1f98:	e6 e3       	ldi	r30, 0x36	; 54
    1f9a:	f0 e0       	ldi	r31, 0x00	; 0
    1f9c:	20 81       	ld	r18, Z
    1f9e:	2c 83       	std	Y+4, r18	; 0x04
    1fa0:	0b c0       	rjmp	.+22     	; 0x1fb8 <GPIO_readPort+0x80>
			break;
		case PORTC_ID:
			return PORTC;
    1fa2:	e5 e3       	ldi	r30, 0x35	; 53
    1fa4:	f0 e0       	ldi	r31, 0x00	; 0
    1fa6:	30 81       	ld	r19, Z
    1fa8:	3c 83       	std	Y+4, r19	; 0x04
    1faa:	06 c0       	rjmp	.+12     	; 0x1fb8 <GPIO_readPort+0x80>
			break;
		case PORTD_ID:
			return PORTD;
    1fac:	e2 e3       	ldi	r30, 0x32	; 50
    1fae:	f0 e0       	ldi	r31, 0x00	; 0
    1fb0:	80 81       	ld	r24, Z
    1fb2:	8c 83       	std	Y+4, r24	; 0x04
    1fb4:	01 c0       	rjmp	.+2      	; 0x1fb8 <GPIO_readPort+0x80>
			break;
		}
		/*if any case didn't match (which it isn't impossible) it will return logical low */
		return LOGIC_LOW;
    1fb6:	1c 82       	std	Y+4, r1	; 0x04
    1fb8:	8c 81       	ldd	r24, Y+4	; 0x04
	}
}
    1fba:	0f 90       	pop	r0
    1fbc:	0f 90       	pop	r0
    1fbe:	0f 90       	pop	r0
    1fc0:	0f 90       	pop	r0
    1fc2:	cf 91       	pop	r28
    1fc4:	df 91       	pop	r29
    1fc6:	08 95       	ret

00001fc8 <__vector_6>:
/*******************************************************************************
 *                       Interrupt Service Routines                            *
 *******************************************************************************/

ISR(TIMER1_CAPT_vect)
{
    1fc8:	1f 92       	push	r1
    1fca:	0f 92       	push	r0
    1fcc:	0f b6       	in	r0, 0x3f	; 63
    1fce:	0f 92       	push	r0
    1fd0:	11 24       	eor	r1, r1
    1fd2:	2f 93       	push	r18
    1fd4:	3f 93       	push	r19
    1fd6:	4f 93       	push	r20
    1fd8:	5f 93       	push	r21
    1fda:	6f 93       	push	r22
    1fdc:	7f 93       	push	r23
    1fde:	8f 93       	push	r24
    1fe0:	9f 93       	push	r25
    1fe2:	af 93       	push	r26
    1fe4:	bf 93       	push	r27
    1fe6:	ef 93       	push	r30
    1fe8:	ff 93       	push	r31
    1fea:	df 93       	push	r29
    1fec:	cf 93       	push	r28
    1fee:	cd b7       	in	r28, 0x3d	; 61
    1ff0:	de b7       	in	r29, 0x3e	; 62
	if(g_callBackPtr != NULL_PTR)
    1ff2:	80 91 70 01 	lds	r24, 0x0170
    1ff6:	90 91 71 01 	lds	r25, 0x0171
    1ffa:	00 97       	sbiw	r24, 0x00	; 0
    1ffc:	29 f0       	breq	.+10     	; 0x2008 <__vector_6+0x40>
	{
		/* Call the Call Back function in the application after the edge is detected */
		(*g_callBackPtr)(); /* another method to call the function using pointer to function g_callBackPtr(); */
    1ffe:	e0 91 70 01 	lds	r30, 0x0170
    2002:	f0 91 71 01 	lds	r31, 0x0171
    2006:	09 95       	icall
	}
}
    2008:	cf 91       	pop	r28
    200a:	df 91       	pop	r29
    200c:	ff 91       	pop	r31
    200e:	ef 91       	pop	r30
    2010:	bf 91       	pop	r27
    2012:	af 91       	pop	r26
    2014:	9f 91       	pop	r25
    2016:	8f 91       	pop	r24
    2018:	7f 91       	pop	r23
    201a:	6f 91       	pop	r22
    201c:	5f 91       	pop	r21
    201e:	4f 91       	pop	r20
    2020:	3f 91       	pop	r19
    2022:	2f 91       	pop	r18
    2024:	0f 90       	pop	r0
    2026:	0f be       	out	0x3f, r0	; 63
    2028:	0f 90       	pop	r0
    202a:	1f 90       	pop	r1
    202c:	18 95       	reti

0000202e <ICU_init>:
 * 	2. Set the required edge detection.
 * 	3. Enable the Input Capture Interrupt.
 * 	4. Initialize Timer1 Registers
 */
void ICU_init(const ICU_ConfigType * Config_Ptr)
{
    202e:	df 93       	push	r29
    2030:	cf 93       	push	r28
    2032:	00 d0       	rcall	.+0      	; 0x2034 <ICU_init+0x6>
    2034:	cd b7       	in	r28, 0x3d	; 61
    2036:	de b7       	in	r29, 0x3e	; 62
    2038:	9a 83       	std	Y+2, r25	; 0x02
    203a:	89 83       	std	Y+1, r24	; 0x01
	SREG  |= (1<<7);             //Enable global interrupts in MC by setting the I-Bit.
    203c:	af e5       	ldi	r26, 0x5F	; 95
    203e:	b0 e0       	ldi	r27, 0x00	; 0
    2040:	ef e5       	ldi	r30, 0x5F	; 95
    2042:	f0 e0       	ldi	r31, 0x00	; 0
    2044:	80 81       	ld	r24, Z
    2046:	80 68       	ori	r24, 0x80	; 128
    2048:	8c 93       	st	X, r24
	/* Configure ICP1/PD6 as i/p pin */
	DDRD &= ~(1<<PD6);
    204a:	a1 e3       	ldi	r26, 0x31	; 49
    204c:	b0 e0       	ldi	r27, 0x00	; 0
    204e:	e1 e3       	ldi	r30, 0x31	; 49
    2050:	f0 e0       	ldi	r31, 0x00	; 0
    2052:	80 81       	ld	r24, Z
    2054:	8f 7b       	andi	r24, 0xBF	; 191
    2056:	8c 93       	st	X, r24

	/* Timer1 always operates in Normal Mode */
	TCCR1A = (1<<FOC1A) | (1<<FOC1B);
    2058:	ef e4       	ldi	r30, 0x4F	; 79
    205a:	f0 e0       	ldi	r31, 0x00	; 0
    205c:	8c e0       	ldi	r24, 0x0C	; 12
    205e:	80 83       	st	Z, r24

	/*
	 * insert the required clock value in the first three bits (CS10, CS11 and CS12)
	 * of TCCR1B Register
	 */
	TCCR1B = (TCCR1B & 0xF8) | (Config_Ptr->clock);
    2060:	ae e4       	ldi	r26, 0x4E	; 78
    2062:	b0 e0       	ldi	r27, 0x00	; 0
    2064:	ee e4       	ldi	r30, 0x4E	; 78
    2066:	f0 e0       	ldi	r31, 0x00	; 0
    2068:	80 81       	ld	r24, Z
    206a:	98 2f       	mov	r25, r24
    206c:	98 7f       	andi	r25, 0xF8	; 248
    206e:	e9 81       	ldd	r30, Y+1	; 0x01
    2070:	fa 81       	ldd	r31, Y+2	; 0x02
    2072:	80 81       	ld	r24, Z
    2074:	89 2b       	or	r24, r25
    2076:	8c 93       	st	X, r24
	/*
     * insert the required edge type in ICES1 bit in TCCR1B Register
	 */
	TCCR1B = (TCCR1B & 0xBF) | ((Config_Ptr->edge)<<6);
    2078:	ae e4       	ldi	r26, 0x4E	; 78
    207a:	b0 e0       	ldi	r27, 0x00	; 0
    207c:	ee e4       	ldi	r30, 0x4E	; 78
    207e:	f0 e0       	ldi	r31, 0x00	; 0
    2080:	80 81       	ld	r24, Z
    2082:	28 2f       	mov	r18, r24
    2084:	2f 7b       	andi	r18, 0xBF	; 191
    2086:	e9 81       	ldd	r30, Y+1	; 0x01
    2088:	fa 81       	ldd	r31, Y+2	; 0x02
    208a:	81 81       	ldd	r24, Z+1	; 0x01
    208c:	88 2f       	mov	r24, r24
    208e:	90 e0       	ldi	r25, 0x00	; 0
    2090:	00 24       	eor	r0, r0
    2092:	96 95       	lsr	r25
    2094:	87 95       	ror	r24
    2096:	07 94       	ror	r0
    2098:	96 95       	lsr	r25
    209a:	87 95       	ror	r24
    209c:	07 94       	ror	r0
    209e:	98 2f       	mov	r25, r24
    20a0:	80 2d       	mov	r24, r0
    20a2:	82 2b       	or	r24, r18
    20a4:	8c 93       	st	X, r24

	/* Initial Value for Timer1 */
	TCNT1 = 0;
    20a6:	ec e4       	ldi	r30, 0x4C	; 76
    20a8:	f0 e0       	ldi	r31, 0x00	; 0
    20aa:	11 82       	std	Z+1, r1	; 0x01
    20ac:	10 82       	st	Z, r1

	/* Initial Value for the input capture register */
	ICR1 = 0;
    20ae:	e6 e4       	ldi	r30, 0x46	; 70
    20b0:	f0 e0       	ldi	r31, 0x00	; 0
    20b2:	11 82       	std	Z+1, r1	; 0x01
    20b4:	10 82       	st	Z, r1

	/* Enable the Input Capture interrupt to generate an interrupt when edge is detected on ICP1/PD6 pin */
	TIMSK |= (1<<TICIE1);
    20b6:	a9 e5       	ldi	r26, 0x59	; 89
    20b8:	b0 e0       	ldi	r27, 0x00	; 0
    20ba:	e9 e5       	ldi	r30, 0x59	; 89
    20bc:	f0 e0       	ldi	r31, 0x00	; 0
    20be:	80 81       	ld	r24, Z
    20c0:	80 62       	ori	r24, 0x20	; 32
    20c2:	8c 93       	st	X, r24
}
    20c4:	0f 90       	pop	r0
    20c6:	0f 90       	pop	r0
    20c8:	cf 91       	pop	r28
    20ca:	df 91       	pop	r29
    20cc:	08 95       	ret

000020ce <ICU_setCallBack>:

/*
 * Description: Function to set the Call Back function address.
 */
void ICU_setCallBack(void(*a_ptr)(void))
{
    20ce:	df 93       	push	r29
    20d0:	cf 93       	push	r28
    20d2:	00 d0       	rcall	.+0      	; 0x20d4 <ICU_setCallBack+0x6>
    20d4:	cd b7       	in	r28, 0x3d	; 61
    20d6:	de b7       	in	r29, 0x3e	; 62
    20d8:	9a 83       	std	Y+2, r25	; 0x02
    20da:	89 83       	std	Y+1, r24	; 0x01
	/* Save the address of the Call back function in a global variable */
	g_callBackPtr = a_ptr;
    20dc:	89 81       	ldd	r24, Y+1	; 0x01
    20de:	9a 81       	ldd	r25, Y+2	; 0x02
    20e0:	90 93 71 01 	sts	0x0171, r25
    20e4:	80 93 70 01 	sts	0x0170, r24
}
    20e8:	0f 90       	pop	r0
    20ea:	0f 90       	pop	r0
    20ec:	cf 91       	pop	r28
    20ee:	df 91       	pop	r29
    20f0:	08 95       	ret

000020f2 <ICU_setEdgeDetectionType>:

/*
 * Description: Function to set the required edge detection.
 */
void ICU_setEdgeDetectionType(const ICU_EdgeType a_edgeType)
{
    20f2:	df 93       	push	r29
    20f4:	cf 93       	push	r28
    20f6:	0f 92       	push	r0
    20f8:	cd b7       	in	r28, 0x3d	; 61
    20fa:	de b7       	in	r29, 0x3e	; 62
    20fc:	89 83       	std	Y+1, r24	; 0x01
	/*
	 * insert the required edge type in ICES1 bit in TCCR1B Register
	 */
	TCCR1B = (TCCR1B & 0xBF) | (a_edgeType<<6);
    20fe:	ae e4       	ldi	r26, 0x4E	; 78
    2100:	b0 e0       	ldi	r27, 0x00	; 0
    2102:	ee e4       	ldi	r30, 0x4E	; 78
    2104:	f0 e0       	ldi	r31, 0x00	; 0
    2106:	80 81       	ld	r24, Z
    2108:	28 2f       	mov	r18, r24
    210a:	2f 7b       	andi	r18, 0xBF	; 191
    210c:	89 81       	ldd	r24, Y+1	; 0x01
    210e:	88 2f       	mov	r24, r24
    2110:	90 e0       	ldi	r25, 0x00	; 0
    2112:	00 24       	eor	r0, r0
    2114:	96 95       	lsr	r25
    2116:	87 95       	ror	r24
    2118:	07 94       	ror	r0
    211a:	96 95       	lsr	r25
    211c:	87 95       	ror	r24
    211e:	07 94       	ror	r0
    2120:	98 2f       	mov	r25, r24
    2122:	80 2d       	mov	r24, r0
    2124:	82 2b       	or	r24, r18
    2126:	8c 93       	st	X, r24
}
    2128:	0f 90       	pop	r0
    212a:	cf 91       	pop	r28
    212c:	df 91       	pop	r29
    212e:	08 95       	ret

00002130 <ICU_getInputCaptureValue>:
/*
 * Description: Function to get the Timer1 Value when the input is captured
 *              The value stored at Input Capture Register ICR1
 */
uint16 ICU_getInputCaptureValue(void)
{
    2130:	df 93       	push	r29
    2132:	cf 93       	push	r28
    2134:	cd b7       	in	r28, 0x3d	; 61
    2136:	de b7       	in	r29, 0x3e	; 62
	return ICR1;
    2138:	e6 e4       	ldi	r30, 0x46	; 70
    213a:	f0 e0       	ldi	r31, 0x00	; 0
    213c:	80 81       	ld	r24, Z
    213e:	91 81       	ldd	r25, Z+1	; 0x01
}
    2140:	cf 91       	pop	r28
    2142:	df 91       	pop	r29
    2144:	08 95       	ret

00002146 <ICU_clearTimerValue>:

/*
 * Description: Function to clear the Timer1 Value to start count from ZERO
 */
void ICU_clearTimerValue(void)
{
    2146:	df 93       	push	r29
    2148:	cf 93       	push	r28
    214a:	cd b7       	in	r28, 0x3d	; 61
    214c:	de b7       	in	r29, 0x3e	; 62
	TCNT1 = 0;
    214e:	ec e4       	ldi	r30, 0x4C	; 76
    2150:	f0 e0       	ldi	r31, 0x00	; 0
    2152:	11 82       	std	Z+1, r1	; 0x01
    2154:	10 82       	st	Z, r1
}
    2156:	cf 91       	pop	r28
    2158:	df 91       	pop	r29
    215a:	08 95       	ret

0000215c <ICU_deInit>:

/*
 * Description: Function to disable the Timer1 to stop the ICU Driver
 */
void ICU_deInit(void)
{
    215c:	df 93       	push	r29
    215e:	cf 93       	push	r28
    2160:	cd b7       	in	r28, 0x3d	; 61
    2162:	de b7       	in	r29, 0x3e	; 62
	/* Clear All Timer1/ICU Registers */
	TCCR1A = 0;
    2164:	ef e4       	ldi	r30, 0x4F	; 79
    2166:	f0 e0       	ldi	r31, 0x00	; 0
    2168:	10 82       	st	Z, r1
	TCCR1B = 0;
    216a:	ee e4       	ldi	r30, 0x4E	; 78
    216c:	f0 e0       	ldi	r31, 0x00	; 0
    216e:	10 82       	st	Z, r1
	TCNT1 = 0;
    2170:	ec e4       	ldi	r30, 0x4C	; 76
    2172:	f0 e0       	ldi	r31, 0x00	; 0
    2174:	11 82       	std	Z+1, r1	; 0x01
    2176:	10 82       	st	Z, r1
	ICR1 = 0;
    2178:	e6 e4       	ldi	r30, 0x46	; 70
    217a:	f0 e0       	ldi	r31, 0x00	; 0
    217c:	11 82       	std	Z+1, r1	; 0x01
    217e:	10 82       	st	Z, r1

	/* Disable the Input Capture interrupt */
	TIMSK &= ~(1<<TICIE1);
    2180:	a9 e5       	ldi	r26, 0x59	; 89
    2182:	b0 e0       	ldi	r27, 0x00	; 0
    2184:	e9 e5       	ldi	r30, 0x59	; 89
    2186:	f0 e0       	ldi	r31, 0x00	; 0
    2188:	80 81       	ld	r24, Z
    218a:	8f 7d       	andi	r24, 0xDF	; 223
    218c:	8c 93       	st	X, r24

	/* Reset the global pointer value */
	g_callBackPtr = NULL_PTR;
    218e:	10 92 71 01 	sts	0x0171, r1
    2192:	10 92 70 01 	sts	0x0170, r1
}
    2196:	cf 91       	pop	r28
    2198:	df 91       	pop	r29
    219a:	08 95       	ret

0000219c <PWM_Timer0_Start>:
 *Initializes Timer0 in PWM mode and sets the required duty cycle.
 *Initializes  Prescaler: F_CPU/64
 *Initializes  Non-inverting mode
 *Initializes  The function configures OC0 as the output pin.
 * */
void PWM_Timer0_Start(uint8 duty_cycle){
    219c:	df 93       	push	r29
    219e:	cf 93       	push	r28
    21a0:	0f 92       	push	r0
    21a2:	cd b7       	in	r28, 0x3d	; 61
    21a4:	de b7       	in	r29, 0x3e	; 62
    21a6:	89 83       	std	Y+1, r24	; 0x01
	/* choosing  pwm with F_CPU/64 and non inverting
	 * */
	TCCR0=(1<<WGM00)|(1<<WGM01)|(1<<COM01)|(1<<CS01)|(1<<CS00);
    21a8:	e3 e5       	ldi	r30, 0x53	; 83
    21aa:	f0 e0       	ldi	r31, 0x00	; 0
    21ac:	8b e6       	ldi	r24, 0x6B	; 107
    21ae:	80 83       	st	Z, r24
	/*setting the pin to be output pin
	 * */
			DDRB|=(1<<PB3);
    21b0:	a7 e3       	ldi	r26, 0x37	; 55
    21b2:	b0 e0       	ldi	r27, 0x00	; 0
    21b4:	e7 e3       	ldi	r30, 0x37	; 55
    21b6:	f0 e0       	ldi	r31, 0x00	; 0
    21b8:	80 81       	ld	r24, Z
    21ba:	88 60       	ori	r24, 0x08	; 8
    21bc:	8c 93       	st	X, r24
	/*calculating the compare number and initializing the counter with zero
	 * */
			OCR0=((duty_cycle*255)/100);
    21be:	ec e5       	ldi	r30, 0x5C	; 92
    21c0:	f0 e0       	ldi	r31, 0x00	; 0
    21c2:	89 81       	ldd	r24, Y+1	; 0x01
    21c4:	48 2f       	mov	r20, r24
    21c6:	50 e0       	ldi	r21, 0x00	; 0
    21c8:	ca 01       	movw	r24, r20
    21ca:	9c 01       	movw	r18, r24
    21cc:	22 0f       	add	r18, r18
    21ce:	33 1f       	adc	r19, r19
    21d0:	c9 01       	movw	r24, r18
    21d2:	96 95       	lsr	r25
    21d4:	98 2f       	mov	r25, r24
    21d6:	88 27       	eor	r24, r24
    21d8:	97 95       	ror	r25
    21da:	87 95       	ror	r24
    21dc:	82 1b       	sub	r24, r18
    21de:	93 0b       	sbc	r25, r19
    21e0:	84 0f       	add	r24, r20
    21e2:	95 1f       	adc	r25, r21
    21e4:	24 e6       	ldi	r18, 0x64	; 100
    21e6:	30 e0       	ldi	r19, 0x00	; 0
    21e8:	b9 01       	movw	r22, r18
    21ea:	0e 94 8f 14 	call	0x291e	; 0x291e <__divmodhi4>
    21ee:	cb 01       	movw	r24, r22
    21f0:	80 83       	st	Z, r24
			TCNT0=0;
    21f2:	e2 e5       	ldi	r30, 0x52	; 82
    21f4:	f0 e0       	ldi	r31, 0x00	; 0
    21f6:	10 82       	st	Z, r1
}
    21f8:	0f 90       	pop	r0
    21fa:	cf 91       	pop	r28
    21fc:	df 91       	pop	r29
    21fe:	08 95       	ret

00002200 <LM35_getTemperature>:
#include <avr/io.h>
/*
 * Description :
 * Function responsible for calculate the temperature from the ADC digital value.
 */
uint8 LM35_getTemperature(void) {
    2200:	ef 92       	push	r14
    2202:	ff 92       	push	r15
    2204:	0f 93       	push	r16
    2206:	1f 93       	push	r17
    2208:	df 93       	push	r29
    220a:	cf 93       	push	r28
    220c:	cd b7       	in	r28, 0x3d	; 61
    220e:	de b7       	in	r29, 0x3e	; 62
    2210:	27 97       	sbiw	r28, 0x07	; 7
    2212:	0f b6       	in	r0, 0x3f	; 63
    2214:	f8 94       	cli
    2216:	de bf       	out	0x3e, r29	; 62
    2218:	0f be       	out	0x3f, r0	; 63
    221a:	cd bf       	out	0x3d, r28	; 61
	/*initializing the adc
		 * */
	ADC_ConfigType ADC_configuration={INTERNAL_VREF,F_8};
    221c:	83 e0       	ldi	r24, 0x03	; 3
    221e:	8e 83       	std	Y+6, r24	; 0x06
    2220:	83 e0       	ldi	r24, 0x03	; 3
    2222:	8f 83       	std	Y+7, r24	; 0x07
	ADC_init(&ADC_configuration);
    2224:	ce 01       	movw	r24, r28
    2226:	06 96       	adiw	r24, 0x06	; 6
    2228:	0e 94 17 07 	call	0xe2e	; 0xe2e <ADC_init>

	uint16 adc_max_volt;

	if((ADC_configuration.ref_volt== ADC_AREF)||(ADC_configuration.ref_volt== AVCC)){
    222c:	8e 81       	ldd	r24, Y+6	; 0x06
    222e:	88 23       	and	r24, r24
    2230:	19 f0       	breq	.+6      	; 0x2238 <LM35_getTemperature+0x38>
    2232:	8e 81       	ldd	r24, Y+6	; 0x06
    2234:	81 30       	cpi	r24, 0x01	; 1
    2236:	29 f4       	brne	.+10     	; 0x2242 <LM35_getTemperature+0x42>
		adc_max_volt=5000;
    2238:	88 e8       	ldi	r24, 0x88	; 136
    223a:	93 e1       	ldi	r25, 0x13	; 19
    223c:	9d 83       	std	Y+5, r25	; 0x05
    223e:	8c 83       	std	Y+4, r24	; 0x04
    2240:	07 c0       	rjmp	.+14     	; 0x2250 <LM35_getTemperature+0x50>
	}
	else if (ADC_configuration.ref_volt == INTERNAL_VREF ){
    2242:	8e 81       	ldd	r24, Y+6	; 0x06
    2244:	83 30       	cpi	r24, 0x03	; 3
    2246:	21 f4       	brne	.+8      	; 0x2250 <LM35_getTemperature+0x50>
		adc_max_volt=2560;
    2248:	80 e0       	ldi	r24, 0x00	; 0
    224a:	9a e0       	ldi	r25, 0x0A	; 10
    224c:	9d 83       	std	Y+5, r25	; 0x05
    224e:	8c 83       	std	Y+4, r24	; 0x04
	}
	uint8 temp_value = 0;
    2250:	1b 82       	std	Y+3, r1	; 0x03

	uint16 adc_value = 0;
    2252:	1a 82       	std	Y+2, r1	; 0x02
    2254:	19 82       	std	Y+1, r1	; 0x01

	/* Read ADC channel where the temperature sensor is connected */
	adc_value = ADC_readChannel(LM35_CHANNEL_ID);
    2256:	80 e0       	ldi	r24, 0x00	; 0
    2258:	0e 94 3c 07 	call	0xe78	; 0xe78 <ADC_readChannel>
    225c:	9a 83       	std	Y+2, r25	; 0x02
    225e:	89 83       	std	Y+1, r24	; 0x01

	/* Calculate the temperature from the ADC value*/
	temp_value =
    2260:	89 81       	ldd	r24, Y+1	; 0x01
    2262:	9a 81       	ldd	r25, Y+2	; 0x02
    2264:	cc 01       	movw	r24, r24
    2266:	a0 e0       	ldi	r26, 0x00	; 0
    2268:	b0 e0       	ldi	r27, 0x00	; 0
    226a:	26 e9       	ldi	r18, 0x96	; 150
    226c:	30 e0       	ldi	r19, 0x00	; 0
    226e:	40 e0       	ldi	r20, 0x00	; 0
    2270:	50 e0       	ldi	r21, 0x00	; 0
    2272:	bc 01       	movw	r22, r24
    2274:	cd 01       	movw	r24, r26
    2276:	0e 94 70 14 	call	0x28e0	; 0x28e0 <__mulsi3>
    227a:	dc 01       	movw	r26, r24
    227c:	cb 01       	movw	r24, r22
    227e:	bc 01       	movw	r22, r24
    2280:	cd 01       	movw	r24, r26
    2282:	0e 94 a9 04 	call	0x952	; 0x952 <__floatunsisf>
    2286:	7b 01       	movw	r14, r22
    2288:	8c 01       	movw	r16, r24
    228a:	8c 81       	ldd	r24, Y+4	; 0x04
    228c:	9d 81       	ldd	r25, Y+5	; 0x05
    228e:	cc 01       	movw	r24, r24
    2290:	a0 e0       	ldi	r26, 0x00	; 0
    2292:	b0 e0       	ldi	r27, 0x00	; 0
    2294:	bc 01       	movw	r22, r24
    2296:	cd 01       	movw	r24, r26
    2298:	0e 94 a9 04 	call	0x952	; 0x952 <__floatunsisf>
    229c:	dc 01       	movw	r26, r24
    229e:	cb 01       	movw	r24, r22
    22a0:	bc 01       	movw	r22, r24
    22a2:	cd 01       	movw	r24, r26
    22a4:	20 e0       	ldi	r18, 0x00	; 0
    22a6:	30 e0       	ldi	r19, 0x00	; 0
    22a8:	4a e7       	ldi	r20, 0x7A	; 122
    22aa:	54 e4       	ldi	r21, 0x44	; 68
    22ac:	0e 94 19 03 	call	0x632	; 0x632 <__divsf3>
    22b0:	dc 01       	movw	r26, r24
    22b2:	cb 01       	movw	r24, r22
    22b4:	9c 01       	movw	r18, r24
    22b6:	ad 01       	movw	r20, r26
    22b8:	c8 01       	movw	r24, r16
    22ba:	b7 01       	movw	r22, r14
    22bc:	0e 94 1f 02 	call	0x43e	; 0x43e <__mulsf3>
    22c0:	dc 01       	movw	r26, r24
    22c2:	cb 01       	movw	r24, r22
    22c4:	bc 01       	movw	r22, r24
    22c6:	cd 01       	movw	r24, r26
    22c8:	20 e0       	ldi	r18, 0x00	; 0
    22ca:	30 ed       	ldi	r19, 0xD0	; 208
    22cc:	4f eb       	ldi	r20, 0xBF	; 191
    22ce:	54 e4       	ldi	r21, 0x44	; 68
    22d0:	0e 94 19 03 	call	0x632	; 0x632 <__divsf3>
    22d4:	dc 01       	movw	r26, r24
    22d6:	cb 01       	movw	r24, r22
    22d8:	bc 01       	movw	r22, r24
    22da:	cd 01       	movw	r24, r26
    22dc:	0e 94 49 00 	call	0x92	; 0x92 <__fixunssfsi>
    22e0:	dc 01       	movw	r26, r24
    22e2:	cb 01       	movw	r24, r22
    22e4:	8b 83       	std	Y+3, r24	; 0x03
			(uint8) (((uint32) adc_value * LM35_MAX_TEMP * (adc_max_volt/1000.0))
					/ (ADC_MAX_VALU * LM35_MAX_VOLT));

	return temp_value;
    22e6:	8b 81       	ldd	r24, Y+3	; 0x03

}
    22e8:	27 96       	adiw	r28, 0x07	; 7
    22ea:	0f b6       	in	r0, 0x3f	; 63
    22ec:	f8 94       	cli
    22ee:	de bf       	out	0x3e, r29	; 62
    22f0:	0f be       	out	0x3f, r0	; 63
    22f2:	cd bf       	out	0x3d, r28	; 61
    22f4:	cf 91       	pop	r28
    22f6:	df 91       	pop	r29
    22f8:	1f 91       	pop	r17
    22fa:	0f 91       	pop	r16
    22fc:	ff 90       	pop	r15
    22fe:	ef 90       	pop	r14
    2300:	08 95       	ret

00002302 <LM55_deinit>:

/*this function displays the adc by clearing the adc enable bit
 * */
void LM55_deinit(){
    2302:	df 93       	push	r29
    2304:	cf 93       	push	r28
    2306:	cd b7       	in	r28, 0x3d	; 61
    2308:	de b7       	in	r29, 0x3e	; 62
	ADC_deinit();
    230a:	0e 94 6c 07 	call	0xed8	; 0xed8 <ADC_deinit>
}
    230e:	cf 91       	pop	r28
    2310:	df 91       	pop	r29
    2312:	08 95       	ret

00002314 <TWI_init>:
#include "twi.h"
#include "common_macros.h"
#include <avr/io.h>

void TWI_init(const TWI_ConfigType* Confi_Ptr)
{
    2314:	df 93       	push	r29
    2316:	cf 93       	push	r28
    2318:	00 d0       	rcall	.+0      	; 0x231a <TWI_init+0x6>
    231a:	cd b7       	in	r28, 0x3d	; 61
    231c:	de b7       	in	r29, 0x3e	; 62
    231e:	9a 83       	std	Y+2, r25	; 0x02
    2320:	89 83       	std	Y+1, r24	; 0x01
    if(Confi_Ptr->bit_rate==BIT_RATE_400K){
    2322:	e9 81       	ldd	r30, Y+1	; 0x01
    2324:	fa 81       	ldd	r31, Y+2	; 0x02
    2326:	81 81       	ldd	r24, Z+1	; 0x01
    2328:	81 30       	cpi	r24, 0x01	; 1
    232a:	41 f4       	brne	.+16     	; 0x233c <TWI_init+0x28>
    	/* Bit Rate: 400.000 kbps using zero pre-scaler TWPS=00 and F_CPU=8Mhz */
	TWBR = 0x02;
    232c:	e0 e2       	ldi	r30, 0x20	; 32
    232e:	f0 e0       	ldi	r31, 0x00	; 0
    2330:	82 e0       	ldi	r24, 0x02	; 2
    2332:	80 83       	st	Z, r24
	TWSR = 0x00;
    2334:	e1 e2       	ldi	r30, 0x21	; 33
    2336:	f0 e0       	ldi	r31, 0x00	; 0
    2338:	10 82       	st	Z, r1
    233a:	0c c0       	rjmp	.+24     	; 0x2354 <TWI_init+0x40>
    }
    else if(Confi_Ptr->bit_rate==BIT_RATE_100K){
    233c:	e9 81       	ldd	r30, Y+1	; 0x01
    233e:	fa 81       	ldd	r31, Y+2	; 0x02
    2340:	81 81       	ldd	r24, Z+1	; 0x01
    2342:	88 23       	and	r24, r24
    2344:	39 f4       	brne	.+14     	; 0x2354 <TWI_init+0x40>
    	/* Bit Rate: 100.000 kbps using zero pre-scaler TWPS=00 and F_CPU=8Mhz */
    	TWBR = 32;
    2346:	e0 e2       	ldi	r30, 0x20	; 32
    2348:	f0 e0       	ldi	r31, 0x00	; 0
    234a:	80 e2       	ldi	r24, 0x20	; 32
    234c:	80 83       	st	Z, r24
    	TWSR = 0;
    234e:	e1 e2       	ldi	r30, 0x21	; 33
    2350:	f0 e0       	ldi	r31, 0x00	; 0
    2352:	10 82       	st	Z, r1
    	TWSR = 0;
    }

    /* Two Wire Bus address my address if any master device want to call me: 0x1 (used in case this MC is a slave device)
       General Call Recognition: Off */
    TWAR = (Confi_Ptr->address)<<1; // my address :)
    2354:	a2 e2       	ldi	r26, 0x22	; 34
    2356:	b0 e0       	ldi	r27, 0x00	; 0
    2358:	e9 81       	ldd	r30, Y+1	; 0x01
    235a:	fa 81       	ldd	r31, Y+2	; 0x02
    235c:	80 81       	ld	r24, Z
    235e:	88 0f       	add	r24, r24
    2360:	8c 93       	st	X, r24
	
    TWCR = (1<<TWEN); /* enable TWI */
    2362:	e6 e5       	ldi	r30, 0x56	; 86
    2364:	f0 e0       	ldi	r31, 0x00	; 0
    2366:	84 e0       	ldi	r24, 0x04	; 4
    2368:	80 83       	st	Z, r24
}
    236a:	0f 90       	pop	r0
    236c:	0f 90       	pop	r0
    236e:	cf 91       	pop	r28
    2370:	df 91       	pop	r29
    2372:	08 95       	ret

00002374 <TWI_start>:

void TWI_start(void)
{
    2374:	df 93       	push	r29
    2376:	cf 93       	push	r28
    2378:	cd b7       	in	r28, 0x3d	; 61
    237a:	de b7       	in	r29, 0x3e	; 62
    /* 
	 * Clear the TWINT flag before sending the start bit TWINT=1
	 * send the start bit by TWSTA=1
	 * Enable TWI Module TWEN=1 
	 */
    TWCR = (1 << TWINT) | (1 << TWSTA) | (1 << TWEN);
    237c:	e6 e5       	ldi	r30, 0x56	; 86
    237e:	f0 e0       	ldi	r31, 0x00	; 0
    2380:	84 ea       	ldi	r24, 0xA4	; 164
    2382:	80 83       	st	Z, r24
    
    /* Wait for TWINT flag set in TWCR Register (start bit is send successfully) */
    while(BIT_IS_CLEAR(TWCR,TWINT));
    2384:	e6 e5       	ldi	r30, 0x56	; 86
    2386:	f0 e0       	ldi	r31, 0x00	; 0
    2388:	80 81       	ld	r24, Z
    238a:	88 23       	and	r24, r24
    238c:	dc f7       	brge	.-10     	; 0x2384 <TWI_start+0x10>
}
    238e:	cf 91       	pop	r28
    2390:	df 91       	pop	r29
    2392:	08 95       	ret

00002394 <TWI_stop>:

void TWI_stop(void)
{
    2394:	df 93       	push	r29
    2396:	cf 93       	push	r28
    2398:	cd b7       	in	r28, 0x3d	; 61
    239a:	de b7       	in	r29, 0x3e	; 62
    /* 
	 * Clear the TWINT flag before sending the stop bit TWINT=1
	 * send the stop bit by TWSTO=1
	 * Enable TWI Module TWEN=1 
	 */
    TWCR = (1 << TWINT) | (1 << TWSTO) | (1 << TWEN);
    239c:	e6 e5       	ldi	r30, 0x56	; 86
    239e:	f0 e0       	ldi	r31, 0x00	; 0
    23a0:	84 e9       	ldi	r24, 0x94	; 148
    23a2:	80 83       	st	Z, r24
}
    23a4:	cf 91       	pop	r28
    23a6:	df 91       	pop	r29
    23a8:	08 95       	ret

000023aa <TWI_writeByte>:

void TWI_writeByte(uint8 data)
{
    23aa:	df 93       	push	r29
    23ac:	cf 93       	push	r28
    23ae:	0f 92       	push	r0
    23b0:	cd b7       	in	r28, 0x3d	; 61
    23b2:	de b7       	in	r29, 0x3e	; 62
    23b4:	89 83       	std	Y+1, r24	; 0x01
    /* Put data On TWI data Register */
    TWDR = data;
    23b6:	e3 e2       	ldi	r30, 0x23	; 35
    23b8:	f0 e0       	ldi	r31, 0x00	; 0
    23ba:	89 81       	ldd	r24, Y+1	; 0x01
    23bc:	80 83       	st	Z, r24
    /* 
	 * Clear the TWINT flag before sending the data TWINT=1
	 * Enable TWI Module TWEN=1 
	 */ 
    TWCR = (1 << TWINT) | (1 << TWEN);
    23be:	e6 e5       	ldi	r30, 0x56	; 86
    23c0:	f0 e0       	ldi	r31, 0x00	; 0
    23c2:	84 e8       	ldi	r24, 0x84	; 132
    23c4:	80 83       	st	Z, r24
    /* Wait for TWINT flag set in TWCR Register(data is send successfully) */
    while(BIT_IS_CLEAR(TWCR,TWINT));
    23c6:	e6 e5       	ldi	r30, 0x56	; 86
    23c8:	f0 e0       	ldi	r31, 0x00	; 0
    23ca:	80 81       	ld	r24, Z
    23cc:	88 23       	and	r24, r24
    23ce:	dc f7       	brge	.-10     	; 0x23c6 <TWI_writeByte+0x1c>
}
    23d0:	0f 90       	pop	r0
    23d2:	cf 91       	pop	r28
    23d4:	df 91       	pop	r29
    23d6:	08 95       	ret

000023d8 <TWI_readByteWithACK>:

uint8 TWI_readByteWithACK(void)
{
    23d8:	df 93       	push	r29
    23da:	cf 93       	push	r28
    23dc:	cd b7       	in	r28, 0x3d	; 61
    23de:	de b7       	in	r29, 0x3e	; 62
	/* 
	 * Clear the TWINT flag before reading the data TWINT=1
	 * Enable sending ACK after reading or receiving data TWEA=1
	 * Enable TWI Module TWEN=1 
	 */ 
    TWCR = (1 << TWINT) | (1 << TWEN) | (1 << TWEA);
    23e0:	e6 e5       	ldi	r30, 0x56	; 86
    23e2:	f0 e0       	ldi	r31, 0x00	; 0
    23e4:	84 ec       	ldi	r24, 0xC4	; 196
    23e6:	80 83       	st	Z, r24
    /* Wait for TWINT flag set in TWCR Register (data received successfully) */
    while(BIT_IS_CLEAR(TWCR,TWINT));
    23e8:	e6 e5       	ldi	r30, 0x56	; 86
    23ea:	f0 e0       	ldi	r31, 0x00	; 0
    23ec:	80 81       	ld	r24, Z
    23ee:	88 23       	and	r24, r24
    23f0:	dc f7       	brge	.-10     	; 0x23e8 <TWI_readByteWithACK+0x10>
    /* Read Data */
    return TWDR;
    23f2:	e3 e2       	ldi	r30, 0x23	; 35
    23f4:	f0 e0       	ldi	r31, 0x00	; 0
    23f6:	80 81       	ld	r24, Z
}
    23f8:	cf 91       	pop	r28
    23fa:	df 91       	pop	r29
    23fc:	08 95       	ret

000023fe <TWI_readByteWithNACK>:

uint8 TWI_readByteWithNACK(void)
{
    23fe:	df 93       	push	r29
    2400:	cf 93       	push	r28
    2402:	cd b7       	in	r28, 0x3d	; 61
    2404:	de b7       	in	r29, 0x3e	; 62
	/* 
	 * Clear the TWINT flag before reading the data TWINT=1
	 * Enable TWI Module TWEN=1 
	 */
    TWCR = (1 << TWINT) | (1 << TWEN);
    2406:	e6 e5       	ldi	r30, 0x56	; 86
    2408:	f0 e0       	ldi	r31, 0x00	; 0
    240a:	84 e8       	ldi	r24, 0x84	; 132
    240c:	80 83       	st	Z, r24
    /* Wait for TWINT flag set in TWCR Register (data received successfully) */
    while(BIT_IS_CLEAR(TWCR,TWINT));
    240e:	e6 e5       	ldi	r30, 0x56	; 86
    2410:	f0 e0       	ldi	r31, 0x00	; 0
    2412:	80 81       	ld	r24, Z
    2414:	88 23       	and	r24, r24
    2416:	dc f7       	brge	.-10     	; 0x240e <TWI_readByteWithNACK+0x10>
    /* Read Data */
    return TWDR;
    2418:	e3 e2       	ldi	r30, 0x23	; 35
    241a:	f0 e0       	ldi	r31, 0x00	; 0
    241c:	80 81       	ld	r24, Z
}
    241e:	cf 91       	pop	r28
    2420:	df 91       	pop	r29
    2422:	08 95       	ret

00002424 <TWI_getStatus>:

uint8 TWI_getStatus(void)
{
    2424:	df 93       	push	r29
    2426:	cf 93       	push	r28
    2428:	0f 92       	push	r0
    242a:	cd b7       	in	r28, 0x3d	; 61
    242c:	de b7       	in	r29, 0x3e	; 62
    uint8 status;
    /* masking to eliminate first 3 bits and get the last 5 bits (status bits) */
    status = TWSR & 0xF8;
    242e:	e1 e2       	ldi	r30, 0x21	; 33
    2430:	f0 e0       	ldi	r31, 0x00	; 0
    2432:	80 81       	ld	r24, Z
    2434:	88 7f       	andi	r24, 0xF8	; 248
    2436:	89 83       	std	Y+1, r24	; 0x01
    return status;
    2438:	89 81       	ldd	r24, Y+1	; 0x01
}
    243a:	0f 90       	pop	r0
    243c:	cf 91       	pop	r28
    243e:	df 91       	pop	r29
    2440:	08 95       	ret

00002442 <UART_init>:
 * 1. Setup the Frame format like number of data bits, parity bit type and number of stop bits.
 * 2. Enable the UART.
 * 3. Setup the UART baud rate.
 */
void UART_init(const UART_ConfigType* Confi_Ptr)
{
    2442:	df 93       	push	r29
    2444:	cf 93       	push	r28
    2446:	00 d0       	rcall	.+0      	; 0x2448 <UART_init+0x6>
    2448:	00 d0       	rcall	.+0      	; 0x244a <UART_init+0x8>
    244a:	cd b7       	in	r28, 0x3d	; 61
    244c:	de b7       	in	r29, 0x3e	; 62
    244e:	9c 83       	std	Y+4, r25	; 0x04
    2450:	8b 83       	std	Y+3, r24	; 0x03
	uint16 ubrr_value = 0;
    2452:	1a 82       	std	Y+2, r1	; 0x02
    2454:	19 82       	std	Y+1, r1	; 0x01

	/* U2X = 1 for double transmission speed */
	UCSRA = (1<<U2X);
    2456:	eb e2       	ldi	r30, 0x2B	; 43
    2458:	f0 e0       	ldi	r31, 0x00	; 0
    245a:	82 e0       	ldi	r24, 0x02	; 2
    245c:	80 83       	st	Z, r24
	 * RXEN  = 1 Receiver Enable
	 * RXEN  = 1 Transmitter Enable
	 * UCSZ2 = 0 For 8-bit data mode
	 * RXB8 & TXB8 not used for 8-bit data mode
	 ***********************************************************************/ 
	UCSRB = (1<<RXEN) | (1<<TXEN);
    245e:	ea e2       	ldi	r30, 0x2A	; 42
    2460:	f0 e0       	ldi	r31, 0x00	; 0
    2462:	88 e1       	ldi	r24, 0x18	; 24
    2464:	80 83       	st	Z, r24
	 * UPM1:0  =  parity bit
	 * USBS    =  One stop bit
	 * UCSZ1:0 = For data mode
	 * UCPOL   = 0 Used with the Synchronous operation only
	 ***********************************************************************/ 	
	UCSRC = (1<<URSEL) | ((Confi_Ptr->parity)<<4)| ((Confi_Ptr->stop_bit)<<3) | ((Confi_Ptr->bit_data)<<1);
    2466:	a0 e4       	ldi	r26, 0x40	; 64
    2468:	b0 e0       	ldi	r27, 0x00	; 0
    246a:	eb 81       	ldd	r30, Y+3	; 0x03
    246c:	fc 81       	ldd	r31, Y+4	; 0x04
    246e:	81 81       	ldd	r24, Z+1	; 0x01
    2470:	88 2f       	mov	r24, r24
    2472:	90 e0       	ldi	r25, 0x00	; 0
    2474:	82 95       	swap	r24
    2476:	92 95       	swap	r25
    2478:	90 7f       	andi	r25, 0xF0	; 240
    247a:	98 27       	eor	r25, r24
    247c:	80 7f       	andi	r24, 0xF0	; 240
    247e:	98 27       	eor	r25, r24
    2480:	28 2f       	mov	r18, r24
    2482:	20 68       	ori	r18, 0x80	; 128
    2484:	eb 81       	ldd	r30, Y+3	; 0x03
    2486:	fc 81       	ldd	r31, Y+4	; 0x04
    2488:	82 81       	ldd	r24, Z+2	; 0x02
    248a:	88 2f       	mov	r24, r24
    248c:	90 e0       	ldi	r25, 0x00	; 0
    248e:	88 0f       	add	r24, r24
    2490:	99 1f       	adc	r25, r25
    2492:	88 0f       	add	r24, r24
    2494:	99 1f       	adc	r25, r25
    2496:	88 0f       	add	r24, r24
    2498:	99 1f       	adc	r25, r25
    249a:	28 2b       	or	r18, r24
    249c:	eb 81       	ldd	r30, Y+3	; 0x03
    249e:	fc 81       	ldd	r31, Y+4	; 0x04
    24a0:	80 81       	ld	r24, Z
    24a2:	88 2f       	mov	r24, r24
    24a4:	90 e0       	ldi	r25, 0x00	; 0
    24a6:	88 0f       	add	r24, r24
    24a8:	99 1f       	adc	r25, r25
    24aa:	82 2b       	or	r24, r18
    24ac:	8c 93       	st	X, r24
	
	/* Calculate the UBRR register value */
	ubrr_value = (uint16)(((F_CPU / (Confi_Ptr->baud_rate * 8UL))) - 1);
    24ae:	eb 81       	ldd	r30, Y+3	; 0x03
    24b0:	fc 81       	ldd	r31, Y+4	; 0x04
    24b2:	83 81       	ldd	r24, Z+3	; 0x03
    24b4:	94 81       	ldd	r25, Z+4	; 0x04
    24b6:	cc 01       	movw	r24, r24
    24b8:	a0 e0       	ldi	r26, 0x00	; 0
    24ba:	b0 e0       	ldi	r27, 0x00	; 0
    24bc:	88 0f       	add	r24, r24
    24be:	99 1f       	adc	r25, r25
    24c0:	aa 1f       	adc	r26, r26
    24c2:	bb 1f       	adc	r27, r27
    24c4:	88 0f       	add	r24, r24
    24c6:	99 1f       	adc	r25, r25
    24c8:	aa 1f       	adc	r26, r26
    24ca:	bb 1f       	adc	r27, r27
    24cc:	88 0f       	add	r24, r24
    24ce:	99 1f       	adc	r25, r25
    24d0:	aa 1f       	adc	r26, r26
    24d2:	bb 1f       	adc	r27, r27
    24d4:	9c 01       	movw	r18, r24
    24d6:	ad 01       	movw	r20, r26
    24d8:	80 e0       	ldi	r24, 0x00	; 0
    24da:	92 e1       	ldi	r25, 0x12	; 18
    24dc:	aa e7       	ldi	r26, 0x7A	; 122
    24de:	b0 e0       	ldi	r27, 0x00	; 0
    24e0:	bc 01       	movw	r22, r24
    24e2:	cd 01       	movw	r24, r26
    24e4:	0e 94 a2 14 	call	0x2944	; 0x2944 <__udivmodsi4>
    24e8:	da 01       	movw	r26, r20
    24ea:	c9 01       	movw	r24, r18
    24ec:	01 97       	sbiw	r24, 0x01	; 1
    24ee:	9a 83       	std	Y+2, r25	; 0x02
    24f0:	89 83       	std	Y+1, r24	; 0x01

	/* First 8 bits from the BAUD_PRESCALE inside UBRRL and last 4 bits in UBRRH*/
	UBRRH = ubrr_value>>8;
    24f2:	e0 e4       	ldi	r30, 0x40	; 64
    24f4:	f0 e0       	ldi	r31, 0x00	; 0
    24f6:	89 81       	ldd	r24, Y+1	; 0x01
    24f8:	9a 81       	ldd	r25, Y+2	; 0x02
    24fa:	89 2f       	mov	r24, r25
    24fc:	99 27       	eor	r25, r25
    24fe:	80 83       	st	Z, r24
	UBRRL = ubrr_value;
    2500:	e9 e2       	ldi	r30, 0x29	; 41
    2502:	f0 e0       	ldi	r31, 0x00	; 0
    2504:	89 81       	ldd	r24, Y+1	; 0x01
    2506:	80 83       	st	Z, r24
}
    2508:	0f 90       	pop	r0
    250a:	0f 90       	pop	r0
    250c:	0f 90       	pop	r0
    250e:	0f 90       	pop	r0
    2510:	cf 91       	pop	r28
    2512:	df 91       	pop	r29
    2514:	08 95       	ret

00002516 <UART_sendByte>:
/*
 * Description :
 * Functional responsible for send byte to another UART device.
 */
void UART_sendByte(const uint8 data)
{
    2516:	df 93       	push	r29
    2518:	cf 93       	push	r28
    251a:	0f 92       	push	r0
    251c:	cd b7       	in	r28, 0x3d	; 61
    251e:	de b7       	in	r29, 0x3e	; 62
    2520:	89 83       	std	Y+1, r24	; 0x01
	/*
	 * UDRE flag is set when the Tx buffer (UDR) is empty and ready for
	 * transmitting a new byte so wait until this flag is set to one
	 */
	while(BIT_IS_CLEAR(UCSRA,UDRE)){}
    2522:	eb e2       	ldi	r30, 0x2B	; 43
    2524:	f0 e0       	ldi	r31, 0x00	; 0
    2526:	80 81       	ld	r24, Z
    2528:	88 2f       	mov	r24, r24
    252a:	90 e0       	ldi	r25, 0x00	; 0
    252c:	80 72       	andi	r24, 0x20	; 32
    252e:	90 70       	andi	r25, 0x00	; 0
    2530:	00 97       	sbiw	r24, 0x00	; 0
    2532:	b9 f3       	breq	.-18     	; 0x2522 <UART_sendByte+0xc>

	/*
	 * Put the required data in the UDR register and it also clear the UDRE flag as
	 * the UDR register is not empty now
	 */
	UDR = data;
    2534:	ec e2       	ldi	r30, 0x2C	; 44
    2536:	f0 e0       	ldi	r31, 0x00	; 0
    2538:	89 81       	ldd	r24, Y+1	; 0x01
    253a:	80 83       	st	Z, r24
	/************************* Another Method *************************
	UDR = data;
	while(BIT_IS_CLEAR(UCSRA,TXC)){} // Wait until the transmission is complete TXC = 1
	SET_BIT(UCSRA,TXC); // Clear the TXC flag
	*******************************************************************/
}
    253c:	0f 90       	pop	r0
    253e:	cf 91       	pop	r28
    2540:	df 91       	pop	r29
    2542:	08 95       	ret

00002544 <UART_recieveByte>:
/*
 * Description :
 * Functional responsible for receive byte from another UART device.
 */
uint8 UART_recieveByte(void)
{
    2544:	df 93       	push	r29
    2546:	cf 93       	push	r28
    2548:	cd b7       	in	r28, 0x3d	; 61
    254a:	de b7       	in	r29, 0x3e	; 62
	/* RXC flag is set when the UART receive data so wait until this flag is set to one */
	while(BIT_IS_CLEAR(UCSRA,RXC)){}
    254c:	eb e2       	ldi	r30, 0x2B	; 43
    254e:	f0 e0       	ldi	r31, 0x00	; 0
    2550:	80 81       	ld	r24, Z
    2552:	88 23       	and	r24, r24
    2554:	dc f7       	brge	.-10     	; 0x254c <UART_recieveByte+0x8>

	/*
	 * Read the received data from the Rx buffer (UDR)
	 * The RXC flag will be cleared after read the data
	 */
    return UDR;		
    2556:	ec e2       	ldi	r30, 0x2C	; 44
    2558:	f0 e0       	ldi	r31, 0x00	; 0
    255a:	80 81       	ld	r24, Z
}
    255c:	cf 91       	pop	r28
    255e:	df 91       	pop	r29
    2560:	08 95       	ret

00002562 <UART_sendString>:
/*
 * Description :
 * Send the required string through UART to the other UART device.
 */
void UART_sendString(const uint8 *Str)
{
    2562:	df 93       	push	r29
    2564:	cf 93       	push	r28
    2566:	00 d0       	rcall	.+0      	; 0x2568 <UART_sendString+0x6>
    2568:	0f 92       	push	r0
    256a:	cd b7       	in	r28, 0x3d	; 61
    256c:	de b7       	in	r29, 0x3e	; 62
    256e:	9b 83       	std	Y+3, r25	; 0x03
    2570:	8a 83       	std	Y+2, r24	; 0x02
	uint8 i = 0;
    2572:	19 82       	std	Y+1, r1	; 0x01
    2574:	0e c0       	rjmp	.+28     	; 0x2592 <UART_sendString+0x30>

	/* Send the whole string */
	while(Str[i] != '\0')
	{
		UART_sendByte(Str[i]);
    2576:	89 81       	ldd	r24, Y+1	; 0x01
    2578:	28 2f       	mov	r18, r24
    257a:	30 e0       	ldi	r19, 0x00	; 0
    257c:	8a 81       	ldd	r24, Y+2	; 0x02
    257e:	9b 81       	ldd	r25, Y+3	; 0x03
    2580:	fc 01       	movw	r30, r24
    2582:	e2 0f       	add	r30, r18
    2584:	f3 1f       	adc	r31, r19
    2586:	80 81       	ld	r24, Z
    2588:	0e 94 8b 12 	call	0x2516	; 0x2516 <UART_sendByte>
		i++;
    258c:	89 81       	ldd	r24, Y+1	; 0x01
    258e:	8f 5f       	subi	r24, 0xFF	; 255
    2590:	89 83       	std	Y+1, r24	; 0x01
void UART_sendString(const uint8 *Str)
{
	uint8 i = 0;

	/* Send the whole string */
	while(Str[i] != '\0')
    2592:	89 81       	ldd	r24, Y+1	; 0x01
    2594:	28 2f       	mov	r18, r24
    2596:	30 e0       	ldi	r19, 0x00	; 0
    2598:	8a 81       	ldd	r24, Y+2	; 0x02
    259a:	9b 81       	ldd	r25, Y+3	; 0x03
    259c:	fc 01       	movw	r30, r24
    259e:	e2 0f       	add	r30, r18
    25a0:	f3 1f       	adc	r31, r19
    25a2:	80 81       	ld	r24, Z
    25a4:	88 23       	and	r24, r24
    25a6:	39 f7       	brne	.-50     	; 0x2576 <UART_sendString+0x14>
	{
		UART_sendByte(*Str);
		Str++;
	}		
	*******************************************************************/
}
    25a8:	0f 90       	pop	r0
    25aa:	0f 90       	pop	r0
    25ac:	0f 90       	pop	r0
    25ae:	cf 91       	pop	r28
    25b0:	df 91       	pop	r29
    25b2:	08 95       	ret

000025b4 <UART_receiveString>:
/*
 * Description :
 * Receive the required string until the '#' symbol through UART from the other UART device.
 */
void UART_receiveString(uint8 *Str)
{
    25b4:	0f 93       	push	r16
    25b6:	1f 93       	push	r17
    25b8:	df 93       	push	r29
    25ba:	cf 93       	push	r28
    25bc:	00 d0       	rcall	.+0      	; 0x25be <UART_receiveString+0xa>
    25be:	0f 92       	push	r0
    25c0:	cd b7       	in	r28, 0x3d	; 61
    25c2:	de b7       	in	r29, 0x3e	; 62
    25c4:	9b 83       	std	Y+3, r25	; 0x03
    25c6:	8a 83       	std	Y+2, r24	; 0x02
	uint8 i = 0;
    25c8:	19 82       	std	Y+1, r1	; 0x01

	/* Receive the first byte */
	Str[i] = UART_recieveByte();
    25ca:	89 81       	ldd	r24, Y+1	; 0x01
    25cc:	28 2f       	mov	r18, r24
    25ce:	30 e0       	ldi	r19, 0x00	; 0
    25d0:	8a 81       	ldd	r24, Y+2	; 0x02
    25d2:	9b 81       	ldd	r25, Y+3	; 0x03
    25d4:	8c 01       	movw	r16, r24
    25d6:	02 0f       	add	r16, r18
    25d8:	13 1f       	adc	r17, r19
    25da:	0e 94 a2 12 	call	0x2544	; 0x2544 <UART_recieveByte>
    25de:	f8 01       	movw	r30, r16
    25e0:	80 83       	st	Z, r24
    25e2:	0f c0       	rjmp	.+30     	; 0x2602 <UART_receiveString+0x4e>

	/* Receive the whole string until the '#' */
	while(Str[i] != '#')
	{
		i++;
    25e4:	89 81       	ldd	r24, Y+1	; 0x01
    25e6:	8f 5f       	subi	r24, 0xFF	; 255
    25e8:	89 83       	std	Y+1, r24	; 0x01
		Str[i] = UART_recieveByte();
    25ea:	89 81       	ldd	r24, Y+1	; 0x01
    25ec:	28 2f       	mov	r18, r24
    25ee:	30 e0       	ldi	r19, 0x00	; 0
    25f0:	8a 81       	ldd	r24, Y+2	; 0x02
    25f2:	9b 81       	ldd	r25, Y+3	; 0x03
    25f4:	8c 01       	movw	r16, r24
    25f6:	02 0f       	add	r16, r18
    25f8:	13 1f       	adc	r17, r19
    25fa:	0e 94 a2 12 	call	0x2544	; 0x2544 <UART_recieveByte>
    25fe:	f8 01       	movw	r30, r16
    2600:	80 83       	st	Z, r24

	/* Receive the first byte */
	Str[i] = UART_recieveByte();

	/* Receive the whole string until the '#' */
	while(Str[i] != '#')
    2602:	89 81       	ldd	r24, Y+1	; 0x01
    2604:	28 2f       	mov	r18, r24
    2606:	30 e0       	ldi	r19, 0x00	; 0
    2608:	8a 81       	ldd	r24, Y+2	; 0x02
    260a:	9b 81       	ldd	r25, Y+3	; 0x03
    260c:	fc 01       	movw	r30, r24
    260e:	e2 0f       	add	r30, r18
    2610:	f3 1f       	adc	r31, r19
    2612:	80 81       	ld	r24, Z
    2614:	83 32       	cpi	r24, 0x23	; 35
    2616:	31 f7       	brne	.-52     	; 0x25e4 <UART_receiveString+0x30>
		i++;
		Str[i] = UART_recieveByte();
	}

	/* After receiving the whole string plus the '#', replace the '#' with '\0' */
	Str[i] = '\0';
    2618:	89 81       	ldd	r24, Y+1	; 0x01
    261a:	28 2f       	mov	r18, r24
    261c:	30 e0       	ldi	r19, 0x00	; 0
    261e:	8a 81       	ldd	r24, Y+2	; 0x02
    2620:	9b 81       	ldd	r25, Y+3	; 0x03
    2622:	fc 01       	movw	r30, r24
    2624:	e2 0f       	add	r30, r18
    2626:	f3 1f       	adc	r31, r19
    2628:	10 82       	st	Z, r1
}
    262a:	0f 90       	pop	r0
    262c:	0f 90       	pop	r0
    262e:	0f 90       	pop	r0
    2630:	cf 91       	pop	r28
    2632:	df 91       	pop	r29
    2634:	1f 91       	pop	r17
    2636:	0f 91       	pop	r16
    2638:	08 95       	ret

0000263a <Ultrasonic_init>:
 *  Set up the ICU callback function.
 *  Set the direction for the trigger pin as output through the GPIO driver.
 *  Inputs: None.
 *  Return: None.
 * */
void Ultrasonic_init(void) {
    263a:	df 93       	push	r29
    263c:	cf 93       	push	r28
    263e:	00 d0       	rcall	.+0      	; 0x2640 <Ultrasonic_init+0x6>
    2640:	cd b7       	in	r28, 0x3d	; 61
    2642:	de b7       	in	r29, 0x3e	; 62
	/*Initialize the ICU driver as required.
	 * */

	ICU_ConfigType ICU_Configuration = { F_CPU_8, RAISING };
    2644:	82 e0       	ldi	r24, 0x02	; 2
    2646:	89 83       	std	Y+1, r24	; 0x01
    2648:	81 e0       	ldi	r24, 0x01	; 1
    264a:	8a 83       	std	Y+2, r24	; 0x02
	ICU_init(&ICU_Configuration);
    264c:	ce 01       	movw	r24, r28
    264e:	01 96       	adiw	r24, 0x01	; 1
    2650:	0e 94 17 10 	call	0x202e	; 0x202e <ICU_init>


	/*Set up the ICU callback function.
	 * */
	ICU_setCallBack(Ultrasonic_edgeProcessing);
    2654:	82 e4       	ldi	r24, 0x42	; 66
    2656:	94 e1       	ldi	r25, 0x14	; 20
    2658:	0e 94 67 10 	call	0x20ce	; 0x20ce <ICU_setCallBack>

	/*set the direction for the trigger pin as output through the GPIO driver.
	 * */
	GPIO_setupPinDirection(ULTRASONIC_TRIGGER_PORT_ID,
    265c:	83 e0       	ldi	r24, 0x03	; 3
    265e:	67 e0       	ldi	r22, 0x07	; 7
    2660:	41 e0       	ldi	r20, 0x01	; 1
    2662:	0e 94 89 0c 	call	0x1912	; 0x1912 <GPIO_setupPinDirection>
			ULTRASONIC_TRIGGER_PIN_ID, PIN_OUTPUT);

}
    2666:	0f 90       	pop	r0
    2668:	0f 90       	pop	r0
    266a:	cf 91       	pop	r28
    266c:	df 91       	pop	r29
    266e:	08 95       	ret

00002670 <Ultrasonic_Trigger>:
/*description:
 * Send the trigger pulse to the ultrasonic sensor.
 * Send Inputs: None.
 * Send Return: None.
 * */
void Ultrasonic_Trigger(void) {
    2670:	df 93       	push	r29
    2672:	cf 93       	push	r28
    2674:	cd b7       	in	r28, 0x3d	; 61
    2676:	de b7       	in	r29, 0x3e	; 62
    2678:	68 97       	sbiw	r28, 0x18	; 24
    267a:	0f b6       	in	r0, 0x3f	; 63
    267c:	f8 94       	cli
    267e:	de bf       	out	0x3e, r29	; 62
    2680:	0f be       	out	0x3f, r0	; 63
    2682:	cd bf       	out	0x3d, r28	; 61

	GPIO_writePin(ULTRASONIC_TRIGGER_PORT_ID, ULTRASONIC_TRIGGER_PIN_ID,
    2684:	83 e0       	ldi	r24, 0x03	; 3
    2686:	67 e0       	ldi	r22, 0x07	; 7
    2688:	41 e0       	ldi	r20, 0x01	; 1
    268a:	0e 94 74 0d 	call	0x1ae8	; 0x1ae8 <GPIO_writePin>
    268e:	80 e0       	ldi	r24, 0x00	; 0
    2690:	90 e0       	ldi	r25, 0x00	; 0
    2692:	a0 e2       	ldi	r26, 0x20	; 32
    2694:	b1 e4       	ldi	r27, 0x41	; 65
    2696:	8d 8b       	std	Y+21, r24	; 0x15
    2698:	9e 8b       	std	Y+22, r25	; 0x16
    269a:	af 8b       	std	Y+23, r26	; 0x17
    269c:	b8 8f       	std	Y+24, r27	; 0x18
 */
void
_delay_us(double __us)
{
	uint8_t __ticks;
	double __tmp = ((F_CPU) / 3e6) * __us;
    269e:	6d 89       	ldd	r22, Y+21	; 0x15
    26a0:	7e 89       	ldd	r23, Y+22	; 0x16
    26a2:	8f 89       	ldd	r24, Y+23	; 0x17
    26a4:	98 8d       	ldd	r25, Y+24	; 0x18
    26a6:	2b ea       	ldi	r18, 0xAB	; 171
    26a8:	3a ea       	ldi	r19, 0xAA	; 170
    26aa:	4a e2       	ldi	r20, 0x2A	; 42
    26ac:	50 e4       	ldi	r21, 0x40	; 64
    26ae:	0e 94 1f 02 	call	0x43e	; 0x43e <__mulsf3>
    26b2:	dc 01       	movw	r26, r24
    26b4:	cb 01       	movw	r24, r22
    26b6:	89 8b       	std	Y+17, r24	; 0x11
    26b8:	9a 8b       	std	Y+18, r25	; 0x12
    26ba:	ab 8b       	std	Y+19, r26	; 0x13
    26bc:	bc 8b       	std	Y+20, r27	; 0x14
	if (__tmp < 1.0)
    26be:	69 89       	ldd	r22, Y+17	; 0x11
    26c0:	7a 89       	ldd	r23, Y+18	; 0x12
    26c2:	8b 89       	ldd	r24, Y+19	; 0x13
    26c4:	9c 89       	ldd	r25, Y+20	; 0x14
    26c6:	20 e0       	ldi	r18, 0x00	; 0
    26c8:	30 e0       	ldi	r19, 0x00	; 0
    26ca:	40 e8       	ldi	r20, 0x80	; 128
    26cc:	5f e3       	ldi	r21, 0x3F	; 63
    26ce:	0e 94 25 04 	call	0x84a	; 0x84a <__ltsf2>
    26d2:	88 23       	and	r24, r24
    26d4:	1c f4       	brge	.+6      	; 0x26dc <Ultrasonic_Trigger+0x6c>
		__ticks = 1;
    26d6:	81 e0       	ldi	r24, 0x01	; 1
    26d8:	88 8b       	std	Y+16, r24	; 0x10
    26da:	91 c0       	rjmp	.+290    	; 0x27fe <Ultrasonic_Trigger+0x18e>
	else if (__tmp > 255)
    26dc:	69 89       	ldd	r22, Y+17	; 0x11
    26de:	7a 89       	ldd	r23, Y+18	; 0x12
    26e0:	8b 89       	ldd	r24, Y+19	; 0x13
    26e2:	9c 89       	ldd	r25, Y+20	; 0x14
    26e4:	20 e0       	ldi	r18, 0x00	; 0
    26e6:	30 e0       	ldi	r19, 0x00	; 0
    26e8:	4f e7       	ldi	r20, 0x7F	; 127
    26ea:	53 e4       	ldi	r21, 0x43	; 67
    26ec:	0e 94 c5 03 	call	0x78a	; 0x78a <__gtsf2>
    26f0:	18 16       	cp	r1, r24
    26f2:	0c f0       	brlt	.+2      	; 0x26f6 <Ultrasonic_Trigger+0x86>
    26f4:	7b c0       	rjmp	.+246    	; 0x27ec <Ultrasonic_Trigger+0x17c>
	{
		_delay_ms(__us / 1000.0);
    26f6:	6d 89       	ldd	r22, Y+21	; 0x15
    26f8:	7e 89       	ldd	r23, Y+22	; 0x16
    26fa:	8f 89       	ldd	r24, Y+23	; 0x17
    26fc:	98 8d       	ldd	r25, Y+24	; 0x18
    26fe:	20 e0       	ldi	r18, 0x00	; 0
    2700:	30 e0       	ldi	r19, 0x00	; 0
    2702:	4a e7       	ldi	r20, 0x7A	; 122
    2704:	54 e4       	ldi	r21, 0x44	; 68
    2706:	0e 94 19 03 	call	0x632	; 0x632 <__divsf3>
    270a:	dc 01       	movw	r26, r24
    270c:	cb 01       	movw	r24, r22
    270e:	8c 87       	std	Y+12, r24	; 0x0c
    2710:	9d 87       	std	Y+13, r25	; 0x0d
    2712:	ae 87       	std	Y+14, r26	; 0x0e
    2714:	bf 87       	std	Y+15, r27	; 0x0f
 */
void
_delay_ms(double __ms)
{
	uint16_t __ticks;
	double __tmp = ((F_CPU) / 4e3) * __ms;
    2716:	6c 85       	ldd	r22, Y+12	; 0x0c
    2718:	7d 85       	ldd	r23, Y+13	; 0x0d
    271a:	8e 85       	ldd	r24, Y+14	; 0x0e
    271c:	9f 85       	ldd	r25, Y+15	; 0x0f
    271e:	20 e0       	ldi	r18, 0x00	; 0
    2720:	30 e0       	ldi	r19, 0x00	; 0
    2722:	4a ef       	ldi	r20, 0xFA	; 250
    2724:	54 e4       	ldi	r21, 0x44	; 68
    2726:	0e 94 1f 02 	call	0x43e	; 0x43e <__mulsf3>
    272a:	dc 01       	movw	r26, r24
    272c:	cb 01       	movw	r24, r22
    272e:	88 87       	std	Y+8, r24	; 0x08
    2730:	99 87       	std	Y+9, r25	; 0x09
    2732:	aa 87       	std	Y+10, r26	; 0x0a
    2734:	bb 87       	std	Y+11, r27	; 0x0b
	if (__tmp < 1.0)
    2736:	68 85       	ldd	r22, Y+8	; 0x08
    2738:	79 85       	ldd	r23, Y+9	; 0x09
    273a:	8a 85       	ldd	r24, Y+10	; 0x0a
    273c:	9b 85       	ldd	r25, Y+11	; 0x0b
    273e:	20 e0       	ldi	r18, 0x00	; 0
    2740:	30 e0       	ldi	r19, 0x00	; 0
    2742:	40 e8       	ldi	r20, 0x80	; 128
    2744:	5f e3       	ldi	r21, 0x3F	; 63
    2746:	0e 94 25 04 	call	0x84a	; 0x84a <__ltsf2>
    274a:	88 23       	and	r24, r24
    274c:	2c f4       	brge	.+10     	; 0x2758 <Ultrasonic_Trigger+0xe8>
		__ticks = 1;
    274e:	81 e0       	ldi	r24, 0x01	; 1
    2750:	90 e0       	ldi	r25, 0x00	; 0
    2752:	9f 83       	std	Y+7, r25	; 0x07
    2754:	8e 83       	std	Y+6, r24	; 0x06
    2756:	3f c0       	rjmp	.+126    	; 0x27d6 <Ultrasonic_Trigger+0x166>
	else if (__tmp > 65535)
    2758:	68 85       	ldd	r22, Y+8	; 0x08
    275a:	79 85       	ldd	r23, Y+9	; 0x09
    275c:	8a 85       	ldd	r24, Y+10	; 0x0a
    275e:	9b 85       	ldd	r25, Y+11	; 0x0b
    2760:	20 e0       	ldi	r18, 0x00	; 0
    2762:	3f ef       	ldi	r19, 0xFF	; 255
    2764:	4f e7       	ldi	r20, 0x7F	; 127
    2766:	57 e4       	ldi	r21, 0x47	; 71
    2768:	0e 94 c5 03 	call	0x78a	; 0x78a <__gtsf2>
    276c:	18 16       	cp	r1, r24
    276e:	4c f5       	brge	.+82     	; 0x27c2 <Ultrasonic_Trigger+0x152>
	{
		//	__ticks = requested delay in 1/10 ms
		__ticks = (uint16_t) (__ms * 10.0);
    2770:	6c 85       	ldd	r22, Y+12	; 0x0c
    2772:	7d 85       	ldd	r23, Y+13	; 0x0d
    2774:	8e 85       	ldd	r24, Y+14	; 0x0e
    2776:	9f 85       	ldd	r25, Y+15	; 0x0f
    2778:	20 e0       	ldi	r18, 0x00	; 0
    277a:	30 e0       	ldi	r19, 0x00	; 0
    277c:	40 e2       	ldi	r20, 0x20	; 32
    277e:	51 e4       	ldi	r21, 0x41	; 65
    2780:	0e 94 1f 02 	call	0x43e	; 0x43e <__mulsf3>
    2784:	dc 01       	movw	r26, r24
    2786:	cb 01       	movw	r24, r22
    2788:	bc 01       	movw	r22, r24
    278a:	cd 01       	movw	r24, r26
    278c:	0e 94 49 00 	call	0x92	; 0x92 <__fixunssfsi>
    2790:	dc 01       	movw	r26, r24
    2792:	cb 01       	movw	r24, r22
    2794:	9f 83       	std	Y+7, r25	; 0x07
    2796:	8e 83       	std	Y+6, r24	; 0x06
    2798:	0f c0       	rjmp	.+30     	; 0x27b8 <Ultrasonic_Trigger+0x148>
    279a:	88 ec       	ldi	r24, 0xC8	; 200
    279c:	90 e0       	ldi	r25, 0x00	; 0
    279e:	9d 83       	std	Y+5, r25	; 0x05
    27a0:	8c 83       	std	Y+4, r24	; 0x04
    27a2:	8c 81       	ldd	r24, Y+4	; 0x04
    27a4:	9d 81       	ldd	r25, Y+5	; 0x05
    27a6:	01 97       	sbiw	r24, 0x01	; 1
    27a8:	f1 f7       	brne	.-4      	; 0x27a6 <Ultrasonic_Trigger+0x136>
    27aa:	9d 83       	std	Y+5, r25	; 0x05
    27ac:	8c 83       	std	Y+4, r24	; 0x04
		while(__ticks)
		{
			// wait 1/10 ms
			_delay_loop_2(((F_CPU) / 4e3) / 10);
			__ticks --;
    27ae:	8e 81       	ldd	r24, Y+6	; 0x06
    27b0:	9f 81       	ldd	r25, Y+7	; 0x07
    27b2:	01 97       	sbiw	r24, 0x01	; 1
    27b4:	9f 83       	std	Y+7, r25	; 0x07
    27b6:	8e 83       	std	Y+6, r24	; 0x06
		__ticks = 1;
	else if (__tmp > 65535)
	{
		//	__ticks = requested delay in 1/10 ms
		__ticks = (uint16_t) (__ms * 10.0);
		while(__ticks)
    27b8:	8e 81       	ldd	r24, Y+6	; 0x06
    27ba:	9f 81       	ldd	r25, Y+7	; 0x07
    27bc:	00 97       	sbiw	r24, 0x00	; 0
    27be:	69 f7       	brne	.-38     	; 0x279a <Ultrasonic_Trigger+0x12a>
    27c0:	24 c0       	rjmp	.+72     	; 0x280a <Ultrasonic_Trigger+0x19a>
			__ticks --;
		}
		return;
	}
	else
		__ticks = (uint16_t)__tmp;
    27c2:	68 85       	ldd	r22, Y+8	; 0x08
    27c4:	79 85       	ldd	r23, Y+9	; 0x09
    27c6:	8a 85       	ldd	r24, Y+10	; 0x0a
    27c8:	9b 85       	ldd	r25, Y+11	; 0x0b
    27ca:	0e 94 49 00 	call	0x92	; 0x92 <__fixunssfsi>
    27ce:	dc 01       	movw	r26, r24
    27d0:	cb 01       	movw	r24, r22
    27d2:	9f 83       	std	Y+7, r25	; 0x07
    27d4:	8e 83       	std	Y+6, r24	; 0x06
    27d6:	8e 81       	ldd	r24, Y+6	; 0x06
    27d8:	9f 81       	ldd	r25, Y+7	; 0x07
    27da:	9b 83       	std	Y+3, r25	; 0x03
    27dc:	8a 83       	std	Y+2, r24	; 0x02
    27de:	8a 81       	ldd	r24, Y+2	; 0x02
    27e0:	9b 81       	ldd	r25, Y+3	; 0x03
    27e2:	01 97       	sbiw	r24, 0x01	; 1
    27e4:	f1 f7       	brne	.-4      	; 0x27e2 <Ultrasonic_Trigger+0x172>
    27e6:	9b 83       	std	Y+3, r25	; 0x03
    27e8:	8a 83       	std	Y+2, r24	; 0x02
    27ea:	0f c0       	rjmp	.+30     	; 0x280a <Ultrasonic_Trigger+0x19a>
	{
		_delay_ms(__us / 1000.0);
		return;
	}
	else
		__ticks = (uint8_t)__tmp;
    27ec:	69 89       	ldd	r22, Y+17	; 0x11
    27ee:	7a 89       	ldd	r23, Y+18	; 0x12
    27f0:	8b 89       	ldd	r24, Y+19	; 0x13
    27f2:	9c 89       	ldd	r25, Y+20	; 0x14
    27f4:	0e 94 49 00 	call	0x92	; 0x92 <__fixunssfsi>
    27f8:	dc 01       	movw	r26, r24
    27fa:	cb 01       	movw	r24, r22
    27fc:	88 8b       	std	Y+16, r24	; 0x10
    27fe:	88 89       	ldd	r24, Y+16	; 0x10
    2800:	89 83       	std	Y+1, r24	; 0x01
    can be achieved.
*/
void
_delay_loop_1(uint8_t __count)
{
	__asm__ volatile (
    2802:	89 81       	ldd	r24, Y+1	; 0x01
    2804:	8a 95       	dec	r24
    2806:	f1 f7       	brne	.-4      	; 0x2804 <Ultrasonic_Trigger+0x194>
    2808:	89 83       	std	Y+1, r24	; 0x01
			LOGIC_HIGH);
	_delay_us(10);
	GPIO_writePin(ULTRASONIC_TRIGGER_PORT_ID, ULTRASONIC_TRIGGER_PIN_ID,
    280a:	83 e0       	ldi	r24, 0x03	; 3
    280c:	67 e0       	ldi	r22, 0x07	; 7
    280e:	40 e0       	ldi	r20, 0x00	; 0
    2810:	0e 94 74 0d 	call	0x1ae8	; 0x1ae8 <GPIO_writePin>
			LOGIC_LOW);

}
    2814:	68 96       	adiw	r28, 0x18	; 24
    2816:	0f b6       	in	r0, 0x3f	; 63
    2818:	f8 94       	cli
    281a:	de bf       	out	0x3e, r29	; 62
    281c:	0f be       	out	0x3f, r0	; 63
    281e:	cd bf       	out	0x3d, r28	; 61
    2820:	cf 91       	pop	r28
    2822:	df 91       	pop	r29
    2824:	08 95       	ret

00002826 <Ultrasonic_readDistance>:
 *  Send the trigger pulse by using the Ultrasonic_Trigger function.
 *  Start the measurement process via the ICU driver.
 *  Inputs: None.
 *  Return: The measured distance in centimeters.
 * */
uint16 Ultrasonic_readDistance(void) {
    2826:	df 93       	push	r29
    2828:	cf 93       	push	r28
    282a:	00 d0       	rcall	.+0      	; 0x282c <Ultrasonic_readDistance+0x6>
    282c:	cd b7       	in	r28, 0x3d	; 61
    282e:	de b7       	in	r29, 0x3e	; 62

	Ultrasonic_Trigger();
    2830:	0e 94 38 13 	call	0x2670	; 0x2670 <Ultrasonic_Trigger>

	uint16 distance = (( g_timeHigh)*2 / 117.6);
    2834:	80 91 73 01 	lds	r24, 0x0173
    2838:	90 91 74 01 	lds	r25, 0x0174
    283c:	88 0f       	add	r24, r24
    283e:	99 1f       	adc	r25, r25
    2840:	cc 01       	movw	r24, r24
    2842:	a0 e0       	ldi	r26, 0x00	; 0
    2844:	b0 e0       	ldi	r27, 0x00	; 0
    2846:	bc 01       	movw	r22, r24
    2848:	cd 01       	movw	r24, r26
    284a:	0e 94 a9 04 	call	0x952	; 0x952 <__floatunsisf>
    284e:	dc 01       	movw	r26, r24
    2850:	cb 01       	movw	r24, r22
    2852:	bc 01       	movw	r22, r24
    2854:	cd 01       	movw	r24, r26
    2856:	23 e3       	ldi	r18, 0x33	; 51
    2858:	33 e3       	ldi	r19, 0x33	; 51
    285a:	4b ee       	ldi	r20, 0xEB	; 235
    285c:	52 e4       	ldi	r21, 0x42	; 66
    285e:	0e 94 19 03 	call	0x632	; 0x632 <__divsf3>
    2862:	dc 01       	movw	r26, r24
    2864:	cb 01       	movw	r24, r22
    2866:	bc 01       	movw	r22, r24
    2868:	cd 01       	movw	r24, r26
    286a:	0e 94 49 00 	call	0x92	; 0x92 <__fixunssfsi>
    286e:	dc 01       	movw	r26, r24
    2870:	cb 01       	movw	r24, r22
    2872:	9a 83       	std	Y+2, r25	; 0x02
    2874:	89 83       	std	Y+1, r24	; 0x01

	return distance;
    2876:	89 81       	ldd	r24, Y+1	; 0x01
    2878:	9a 81       	ldd	r25, Y+2	; 0x02
}
    287a:	0f 90       	pop	r0
    287c:	0f 90       	pop	r0
    287e:	cf 91       	pop	r28
    2880:	df 91       	pop	r29
    2882:	08 95       	ret

00002884 <Ultrasonic_edgeProcessing>:
 *  This is the callback function called by the ICU driver.
 *  It calculates the high time (pulse time) generated by the ultrasonic sensor.
 *  Inputs: None.
 *  Return: None.
 * */
void Ultrasonic_edgeProcessing(void) {
    2884:	df 93       	push	r29
    2886:	cf 93       	push	r28
    2888:	cd b7       	in	r28, 0x3d	; 61
    288a:	de b7       	in	r29, 0x3e	; 62
	/*this is the function that will happen in the isr
	 * first, it increments the counter
	 * then checks its value
	 * */
	g_edgeCount++;
    288c:	80 91 72 01 	lds	r24, 0x0172
    2890:	8f 5f       	subi	r24, 0xFF	; 255
    2892:	80 93 72 01 	sts	0x0172, r24
	if (g_edgeCount == 1) {
    2896:	80 91 72 01 	lds	r24, 0x0172
    289a:	81 30       	cpi	r24, 0x01	; 1
    289c:	31 f4       	brne	.+12     	; 0x28aa <Ultrasonic_edgeProcessing+0x26>
		/*this means that the high interval starts
		 * so, we clear the timer counter and then detect the falling edge
		 * and this will represent that the high interval ends
		 * */
		ICU_clearTimerValue();
    289e:	0e 94 a3 10 	call	0x2146	; 0x2146 <ICU_clearTimerValue>
		ICU_setEdgeDetectionType(FALLING);
    28a2:	80 e0       	ldi	r24, 0x00	; 0
    28a4:	0e 94 79 10 	call	0x20f2	; 0x20f2 <ICU_setEdgeDetectionType>
    28a8:	0f c0       	rjmp	.+30     	; 0x28c8 <Ultrasonic_edgeProcessing+0x44>
	} else if (g_edgeCount == 2) {
    28aa:	80 91 72 01 	lds	r24, 0x0172
    28ae:	82 30       	cpi	r24, 0x02	; 2
    28b0:	59 f4       	brne	.+22     	; 0x28c8 <Ultrasonic_edgeProcessing+0x44>
		/*this means that the high interval ends so we will save the value
		 * then set the icu to the raising edge as it waits the next high interval
		 * and then clear the edge counter to make it repeat its function in the next time
		 * */
		g_timeHigh = ICU_getInputCaptureValue();
    28b2:	0e 94 98 10 	call	0x2130	; 0x2130 <ICU_getInputCaptureValue>
    28b6:	90 93 74 01 	sts	0x0174, r25
    28ba:	80 93 73 01 	sts	0x0173, r24
		ICU_setEdgeDetectionType(RAISING);
    28be:	81 e0       	ldi	r24, 0x01	; 1
    28c0:	0e 94 79 10 	call	0x20f2	; 0x20f2 <ICU_setEdgeDetectionType>
		g_edgeCount = 0;
    28c4:	10 92 72 01 	sts	0x0172, r1
	}
}
    28c8:	cf 91       	pop	r28
    28ca:	df 91       	pop	r29
    28cc:	08 95       	ret

000028ce <Ultrasonic_deint>:
/*this disables the ultrasonic by disabling the icu
 * */
void Ultrasonic_deint(){
    28ce:	df 93       	push	r29
    28d0:	cf 93       	push	r28
    28d2:	cd b7       	in	r28, 0x3d	; 61
    28d4:	de b7       	in	r29, 0x3e	; 62
	ICU_deInit();
    28d6:	0e 94 ae 10 	call	0x215c	; 0x215c <ICU_deInit>
}
    28da:	cf 91       	pop	r28
    28dc:	df 91       	pop	r29
    28de:	08 95       	ret

000028e0 <__mulsi3>:
    28e0:	62 9f       	mul	r22, r18
    28e2:	d0 01       	movw	r26, r0
    28e4:	73 9f       	mul	r23, r19
    28e6:	f0 01       	movw	r30, r0
    28e8:	82 9f       	mul	r24, r18
    28ea:	e0 0d       	add	r30, r0
    28ec:	f1 1d       	adc	r31, r1
    28ee:	64 9f       	mul	r22, r20
    28f0:	e0 0d       	add	r30, r0
    28f2:	f1 1d       	adc	r31, r1
    28f4:	92 9f       	mul	r25, r18
    28f6:	f0 0d       	add	r31, r0
    28f8:	83 9f       	mul	r24, r19
    28fa:	f0 0d       	add	r31, r0
    28fc:	74 9f       	mul	r23, r20
    28fe:	f0 0d       	add	r31, r0
    2900:	65 9f       	mul	r22, r21
    2902:	f0 0d       	add	r31, r0
    2904:	99 27       	eor	r25, r25
    2906:	72 9f       	mul	r23, r18
    2908:	b0 0d       	add	r27, r0
    290a:	e1 1d       	adc	r30, r1
    290c:	f9 1f       	adc	r31, r25
    290e:	63 9f       	mul	r22, r19
    2910:	b0 0d       	add	r27, r0
    2912:	e1 1d       	adc	r30, r1
    2914:	f9 1f       	adc	r31, r25
    2916:	bd 01       	movw	r22, r26
    2918:	cf 01       	movw	r24, r30
    291a:	11 24       	eor	r1, r1
    291c:	08 95       	ret

0000291e <__divmodhi4>:
    291e:	97 fb       	bst	r25, 7
    2920:	09 2e       	mov	r0, r25
    2922:	07 26       	eor	r0, r23
    2924:	0a d0       	rcall	.+20     	; 0x293a <__divmodhi4_neg1>
    2926:	77 fd       	sbrc	r23, 7
    2928:	04 d0       	rcall	.+8      	; 0x2932 <__divmodhi4_neg2>
    292a:	2e d0       	rcall	.+92     	; 0x2988 <__udivmodhi4>
    292c:	06 d0       	rcall	.+12     	; 0x293a <__divmodhi4_neg1>
    292e:	00 20       	and	r0, r0
    2930:	1a f4       	brpl	.+6      	; 0x2938 <__divmodhi4_exit>

00002932 <__divmodhi4_neg2>:
    2932:	70 95       	com	r23
    2934:	61 95       	neg	r22
    2936:	7f 4f       	sbci	r23, 0xFF	; 255

00002938 <__divmodhi4_exit>:
    2938:	08 95       	ret

0000293a <__divmodhi4_neg1>:
    293a:	f6 f7       	brtc	.-4      	; 0x2938 <__divmodhi4_exit>
    293c:	90 95       	com	r25
    293e:	81 95       	neg	r24
    2940:	9f 4f       	sbci	r25, 0xFF	; 255
    2942:	08 95       	ret

00002944 <__udivmodsi4>:
    2944:	a1 e2       	ldi	r26, 0x21	; 33
    2946:	1a 2e       	mov	r1, r26
    2948:	aa 1b       	sub	r26, r26
    294a:	bb 1b       	sub	r27, r27
    294c:	fd 01       	movw	r30, r26
    294e:	0d c0       	rjmp	.+26     	; 0x296a <__udivmodsi4_ep>

00002950 <__udivmodsi4_loop>:
    2950:	aa 1f       	adc	r26, r26
    2952:	bb 1f       	adc	r27, r27
    2954:	ee 1f       	adc	r30, r30
    2956:	ff 1f       	adc	r31, r31
    2958:	a2 17       	cp	r26, r18
    295a:	b3 07       	cpc	r27, r19
    295c:	e4 07       	cpc	r30, r20
    295e:	f5 07       	cpc	r31, r21
    2960:	20 f0       	brcs	.+8      	; 0x296a <__udivmodsi4_ep>
    2962:	a2 1b       	sub	r26, r18
    2964:	b3 0b       	sbc	r27, r19
    2966:	e4 0b       	sbc	r30, r20
    2968:	f5 0b       	sbc	r31, r21

0000296a <__udivmodsi4_ep>:
    296a:	66 1f       	adc	r22, r22
    296c:	77 1f       	adc	r23, r23
    296e:	88 1f       	adc	r24, r24
    2970:	99 1f       	adc	r25, r25
    2972:	1a 94       	dec	r1
    2974:	69 f7       	brne	.-38     	; 0x2950 <__udivmodsi4_loop>
    2976:	60 95       	com	r22
    2978:	70 95       	com	r23
    297a:	80 95       	com	r24
    297c:	90 95       	com	r25
    297e:	9b 01       	movw	r18, r22
    2980:	ac 01       	movw	r20, r24
    2982:	bd 01       	movw	r22, r26
    2984:	cf 01       	movw	r24, r30
    2986:	08 95       	ret

00002988 <__udivmodhi4>:
    2988:	aa 1b       	sub	r26, r26
    298a:	bb 1b       	sub	r27, r27
    298c:	51 e1       	ldi	r21, 0x11	; 17
    298e:	07 c0       	rjmp	.+14     	; 0x299e <__udivmodhi4_ep>

00002990 <__udivmodhi4_loop>:
    2990:	aa 1f       	adc	r26, r26
    2992:	bb 1f       	adc	r27, r27
    2994:	a6 17       	cp	r26, r22
    2996:	b7 07       	cpc	r27, r23
    2998:	10 f0       	brcs	.+4      	; 0x299e <__udivmodhi4_ep>
    299a:	a6 1b       	sub	r26, r22
    299c:	b7 0b       	sbc	r27, r23

0000299e <__udivmodhi4_ep>:
    299e:	88 1f       	adc	r24, r24
    29a0:	99 1f       	adc	r25, r25
    29a2:	5a 95       	dec	r21
    29a4:	a9 f7       	brne	.-22     	; 0x2990 <__udivmodhi4_loop>
    29a6:	80 95       	com	r24
    29a8:	90 95       	com	r25
    29aa:	bc 01       	movw	r22, r24
    29ac:	cd 01       	movw	r24, r26
    29ae:	08 95       	ret

000029b0 <__prologue_saves__>:
    29b0:	2f 92       	push	r2
    29b2:	3f 92       	push	r3
    29b4:	4f 92       	push	r4
    29b6:	5f 92       	push	r5
    29b8:	6f 92       	push	r6
    29ba:	7f 92       	push	r7
    29bc:	8f 92       	push	r8
    29be:	9f 92       	push	r9
    29c0:	af 92       	push	r10
    29c2:	bf 92       	push	r11
    29c4:	cf 92       	push	r12
    29c6:	df 92       	push	r13
    29c8:	ef 92       	push	r14
    29ca:	ff 92       	push	r15
    29cc:	0f 93       	push	r16
    29ce:	1f 93       	push	r17
    29d0:	cf 93       	push	r28
    29d2:	df 93       	push	r29
    29d4:	cd b7       	in	r28, 0x3d	; 61
    29d6:	de b7       	in	r29, 0x3e	; 62
    29d8:	ca 1b       	sub	r28, r26
    29da:	db 0b       	sbc	r29, r27
    29dc:	0f b6       	in	r0, 0x3f	; 63
    29de:	f8 94       	cli
    29e0:	de bf       	out	0x3e, r29	; 62
    29e2:	0f be       	out	0x3f, r0	; 63
    29e4:	cd bf       	out	0x3d, r28	; 61
    29e6:	09 94       	ijmp

000029e8 <__epilogue_restores__>:
    29e8:	2a 88       	ldd	r2, Y+18	; 0x12
    29ea:	39 88       	ldd	r3, Y+17	; 0x11
    29ec:	48 88       	ldd	r4, Y+16	; 0x10
    29ee:	5f 84       	ldd	r5, Y+15	; 0x0f
    29f0:	6e 84       	ldd	r6, Y+14	; 0x0e
    29f2:	7d 84       	ldd	r7, Y+13	; 0x0d
    29f4:	8c 84       	ldd	r8, Y+12	; 0x0c
    29f6:	9b 84       	ldd	r9, Y+11	; 0x0b
    29f8:	aa 84       	ldd	r10, Y+10	; 0x0a
    29fa:	b9 84       	ldd	r11, Y+9	; 0x09
    29fc:	c8 84       	ldd	r12, Y+8	; 0x08
    29fe:	df 80       	ldd	r13, Y+7	; 0x07
    2a00:	ee 80       	ldd	r14, Y+6	; 0x06
    2a02:	fd 80       	ldd	r15, Y+5	; 0x05
    2a04:	0c 81       	ldd	r16, Y+4	; 0x04
    2a06:	1b 81       	ldd	r17, Y+3	; 0x03
    2a08:	aa 81       	ldd	r26, Y+2	; 0x02
    2a0a:	b9 81       	ldd	r27, Y+1	; 0x01
    2a0c:	ce 0f       	add	r28, r30
    2a0e:	d1 1d       	adc	r29, r1
    2a10:	0f b6       	in	r0, 0x3f	; 63
    2a12:	f8 94       	cli
    2a14:	de bf       	out	0x3e, r29	; 62
    2a16:	0f be       	out	0x3f, r0	; 63
    2a18:	cd bf       	out	0x3d, r28	; 61
    2a1a:	ed 01       	movw	r28, r26
    2a1c:	08 95       	ret

00002a1e <_exit>:
    2a1e:	f8 94       	cli

00002a20 <__stop_program>:
    2a20:	ff cf       	rjmp	.-2      	; 0x2a20 <__stop_program>
